[27/04/2019 - 13:18:38] - [Admin {ff3399}Scripter{33CCFF}] BerN: olha os eventos
[28/02/2020 - 00:33:51] - [Admin {ff3399}Scripter{33CCFF}] cloZe: dsda
[28/02/2020 - 00:33:55] - [Admin {ff3399}Scripter{33CCFF}] cloZe: alo
[28/02/2020 - 11:40:01] - [Admin {ff3399}Scripter{33CCFF}] cloZe: acho q n era do bps n 
[28/02/2020 - 11:40:12] - [Admin {ff3399}Scripter{33CCFF}] cloZe: era de outro
[28/02/2020 - 11:40:14] - [Admin {ff3399}Sub-Dono{33CCFF}] winRAR: acho q era
[28/02/2020 - 11:40:24] - [Admin {ff3399}Sub-Dono{33CCFF}] winRAR: pq qnd tu fala BPS n cai no ant d
[28/02/2020 - 11:40:26] - [Admin {ff3399}Sub-Dono{33CCFF}] winRAR: pq qnd tu fala BPS n cai no ant dv
[28/02/2020 - 11:40:31] - [Admin {ff3399}Scripter{33CCFF}] cloZe: acho q n, pq rodrigo vilhena ajudou a fazer esse gm
[28/02/2020 - 11:40:43] - [Admin {ff3399}Scripter{33CCFF}] cloZe: pq n mudei kkkkkkkkkk
[28/02/2020 - 11:40:57] - [Admin {ff3399}Scripter{33CCFF}] cloZe: tem q adicionart
[28/02/2020 - 11:40:58] - [Admin {ff3399}Scripter{33CCFF}] cloZe: tem q adicionar
[28/02/2020 - 11:41:26] - [Admin {ff3399}Dono{33CCFF}] winRAR: TA VISANO
[28/02/2020 - 11:41:39] - [Admin {ff3399}Scripter{33CCFF}] cloZe: testano
[28/02/2020 - 11:41:45] - [Admin {ff3399}Scripter{33CCFF}] cloZe: coe, procura a loja de acessorios ai
[28/02/2020 - 11:41:48] - [Admin {ff3399}Scripter{33CCFF}] cloZe: n achei n
[28/02/2020 - 11:41:59] - [Admin {ff3399}Dono{33CCFF}] winRAR: to ino
[28/02/2020 - 11:42:54] - [Admin {ff3399}Dono{33CCFF}] winRAR: payday feiao assim
[28/02/2020 - 11:43:40] - [Admin {ff3399}Dono{33CCFF}] winRAR: /editar moedas n funfa kkk
[28/02/2020 - 11:44:06] - [Admin {ff3399}Scripter{33CCFF}] cloZe: é pq esqueci de mudar
[28/02/2020 - 11:44:13] - [Admin {ff3399}Scripter{33CCFF}] cloZe: usa editar coins
[28/02/2020 - 11:44:18] - [Admin {ff3399}Scripter{33CCFF}] cloZe: ou dar coins
[28/02/2020 - 11:44:22] - [Admin {ff3399}Scripter{33CCFF}] cloZe: /darcoibns
[28/02/2020 - 11:44:26] - [Admin {ff3399}Scripter{33CCFF}] cloZe: /darmoedas ***
[28/02/2020 - 11:44:37] - [Admin {ff3399}Dono{33CCFF}] winRAR: so tuq  pode dar
[28/02/2020 - 11:44:59] - [Admin {ff3399}Scripter{33CCFF}] cloZe: /menuvip ativar
[28/02/2020 - 11:45:11] - [Admin {ff3399}Dono{33CCFF}] winRAR: to ciente
[28/02/2020 - 11:45:42] - [Admin {ff3399}Dono{33CCFF}] winRAR: RT DIRETO
[28/02/2020 - 11:45:53] - [Admin {ff3399}Dono{33CCFF}] winRAR: SV LIXO
[28/02/2020 - 11:45:56] - [Admin {ff3399}Dono{33CCFF}] winRAR: vo reloga
[28/02/2020 - 11:46:23] - [Admin {ff3399}Scripter{33CCFF}] cloZe: kkkkkkkkk
[28/02/2020 - 11:48:06] - [Admin {ff3399}Dono{33CCFF}] winRAR: alo
[28/02/2020 - 11:48:11] - [Admin {ff3399}Dono{33CCFF}] winRAR: rt direto
[28/02/2020 - 11:48:15] - [Admin {ff3399}Scripter{33CCFF}] cloZe: sv ja ta em host ja
[28/02/2020 - 11:48:19] - [Admin {ff3399}Scripter{33CCFF}] cloZe: só ai viado
[28/02/2020 - 11:48:22] - [Admin {ff3399}Scripter{33CCFF}] cloZe: aqui n da rt n 
[28/02/2020 - 11:48:24] - [Admin {ff3399}Scripter{33CCFF}] cloZe: kkkkk
[28/02/2020 - 11:48:37] - [Admin {ff3399}Scripter{33CCFF}] cloZe: coloquei numa host ja
[28/02/2020 - 11:48:42] - [Admin {ff3399}Dono{33CCFF}] winRAR: crl q gost eh esse
[28/02/2020 - 11:48:44] - [Admin {ff3399}Dono{33CCFF}] winRAR: kkkkkkk
[28/02/2020 - 11:48:51] - [Admin {ff3399}Dono{33CCFF}] winRAR: gratis?
[28/02/2020 - 11:48:54] - [Admin {ff3399}Scripter{33CCFF}] cloZe: tua net q ta zuada
[28/02/2020 - 11:48:56] - [Admin {ff3399}Scripter{33CCFF}] cloZe: n
[28/02/2020 - 11:49:00] - [Admin {ff3399}Dono{33CCFF}] winRAR: oxi
[28/02/2020 - 11:49:03] - [Admin {ff3399}Scripter{33CCFF}] cloZe: teu ping 200
[28/02/2020 - 11:49:09] - [Admin {ff3399}Dono{33CCFF}] winRAR: o teu 188
[28/02/2020 - 11:49:15] - [Admin {ff3399}Scripter{33CCFF}] cloZe: é uai
[28/02/2020 - 11:49:21] - [Admin {ff3399}Scripter{33CCFF}] cloZe: mano, ping baixo so em host brasileira
[28/02/2020 - 11:49:28] - [Admin {ff3399}Scripter{33CCFF}] cloZe: igual o bps colocou agora
[28/02/2020 - 11:49:46] - [Admin {ff3399}Scripter{33CCFF}] cloZe: mais pra frente se encher de player, coloco em host br
[28/02/2020 - 11:49:47] - [Admin {ff3399}Dono{33CCFF}] winRAR: /setaracessorio
[28/02/2020 - 11:49:49] - [Admin {ff3399}Dono{33CCFF}] winRAR: /setaracessorio n funfa
[28/02/2020 - 11:49:52] - [Admin {ff3399}Scripter{33CCFF}] cloZe: n funfa n 
[28/02/2020 - 11:49:56] - [Admin {ff3399}Scripter{33CCFF}] cloZe: tem q comprar mrm
[28/02/2020 - 11:50:06] - [Admin {ff3399}Dono{33CCFF}] winRAR: mas os acessorio pica so adm q da
[28/02/2020 - 11:50:09] - [Admin {ff3399}Dono{33CCFF}] winRAR: seta
[28/02/2020 - 11:50:13] - [Admin {ff3399}Dono{33CCFF}] winRAR: ou ganha em caixinha
[28/02/2020 - 11:50:45] - [Admin {ff3399}Dono{33CCFF}] winRAR: como q ativa caixinha platina
[28/02/2020 - 11:50:46] - [Admin {ff3399}Scripter{33CCFF}] cloZe: vou ver essa merda entao dps
[28/02/2020 - 11:50:46] - [Admin {ff3399}Dono{33CCFF}] winRAR: tu sabe
[28/02/2020 - 11:52:11] - [Admin {ff3399}Scripter{33CCFF}] cloZe: sei la
[28/02/2020 - 11:52:27] - [Admin {ff3399}Dono{33CCFF}] winRAR: /voar ta brabo kkkkkkkkkkk
[28/02/2020 - 11:53:01] - [Admin {ff3399}Scripter{33CCFF}] cloZe: kkkkk
[28/02/2020 - 11:55:03] - [Admin {ff3399}Dono{33CCFF}] winRAR: sv bonitin
[28/02/2020 - 11:55:11] - [Admin {ff3399}Dono{33CCFF}] winRAR: nem tem bug se pa
[28/02/2020 - 11:55:18] - [Admin {ff3399}Dono{33CCFF}] winRAR: so tem q aprender os cmd mrm
[28/02/2020 - 11:58:37] - [Admin {ff3399}Scripter{33CCFF}] cloZe: aqui funfa
[28/02/2020 - 11:58:39] - [Admin {ff3399}Scripter{33CCFF}] cloZe: kkkkkkkkkkk
[28/02/2020 - 12:08:19] - [Admin {ff3399}Scripter{33CCFF}] cloZe: boltei
[28/02/2020 - 12:08:26] - [Admin {ff3399}Scripter{33CCFF}] cloZe: voltei
[28/02/2020 - 12:08:31] - [Admin {ff3399}Dono{33CCFF}] winRAR: ROTA EH INTERPOL
[28/02/2020 - 12:08:34] - [Admin {ff3399}Dono{33CCFF}] winRAR: MSM COISA
[28/02/2020 - 12:08:36] - [Admin {ff3399}Scripter{33CCFF}] cloZe: ok
[28/02/2020 - 12:08:41] - [Admin {ff3399}Scripter{33CCFF}] cloZe: vou mudar o nome ainda
[28/02/2020 - 12:08:43] - [Admin {ff3399}Scripter{33CCFF}] cloZe: esqueci
[28/02/2020 - 12:09:54] - [Admin {ff3399}Dono{33CCFF}] winRAR: coe vem aki
[28/02/2020 - 12:09:59] - [Admin {ff3399}Dono{33CCFF}] winRAR: esse sv eh mt bonitin mrm
[28/02/2020 - 12:16:48] - [Admin {ff3399}Dono{33CCFF}] winRAR: ALO
[28/02/2020 - 12:17:03] - [Admin {ff3399}Dono{33CCFF}] winRAR: AAAAAAAAAAAALO
[28/02/2020 - 12:17:05] - [Admin {ff3399}Scripter{33CCFF}] cloZe: alo
[28/02/2020 - 12:17:18] - [Admin {ff3399}Dono{33CCFF}] winRAR: ta tudo bugaddo
[28/02/2020 - 12:17:23] - [Admin {ff3399}Scripter{33CCFF}] cloZe: onde
[28/02/2020 - 12:18:06] - [Admin {ff3399}Dono{33CCFF}] winRAR: vem
[28/02/2020 - 12:19:15] - [Admin {ff3399}Scripter{33CCFF}] cloZe: coe vou reiniciart
[28/02/2020 - 12:20:52] - [Admin {ff3399}Scripter{33CCFF}] cloZe: alo
[28/02/2020 - 12:20:56] - [Admin {ff3399}Scripter{33CCFF}] cloZe: voltei
[28/02/2020 - 12:23:09] - [Admin {ff3399}Dono{33CCFF}] winRAR: UUUUUUUUUUUUKE
[28/02/2020 - 12:25:34] - [Admin {ff3399}Dono{33CCFF}] winRAR: AAAAAAAAAAAAAAAAALO
[28/02/2020 - 12:25:57] - [Admin {ff3399}Scripter{33CCFF}] cloZe: ue
[28/02/2020 - 12:26:32] - [Admin {ff3399}Scripter{33CCFF}] cloZe: ve se ganhou
[28/02/2020 - 12:27:04] - [Admin {ff3399}Dono{33CCFF}] winRAR: 1 QUAD
[28/02/2020 - 12:27:08] - [Admin {ff3399}Dono{33CCFF}] winRAR: e 50 respeitos
[28/02/2020 - 12:27:09] - [Admin {ff3399}Scripter{33CCFF}] cloZe: an
[28/02/2020 - 12:27:13] - [Admin {ff3399}Scripter{33CCFF}] cloZe: mrm merda
[28/02/2020 - 12:27:23] - [Admin {ff3399}Dono{33CCFF}] winRAR: kkkkkk
[28/02/2020 - 12:27:53] - [Admin {ff3399}Scripter{33CCFF}] cloZe: vou ter q tentar criar um comando pra caixinha platina
[28/02/2020 - 12:28:07] - [Admin {ff3399}Dono{33CCFF}] winRAR: caixiia platinas q vem acessorio brabo
[28/02/2020 - 12:29:00] - [Admin {ff3399}Dono{33CCFF}] winRAR: horariod e verao
[28/02/2020 - 12:29:02] - [Admin {ff3399}Dono{33CCFF}] winRAR: flw
[28/02/2020 - 12:31:07] - [Admin {ff3399}Dono{33CCFF}] winRAR: krl
[28/02/2020 - 12:31:10] - [Admin {ff3399}Dono{33CCFF}] winRAR: n da pra mandar /an
[28/02/2020 - 12:33:36] - [Admin {ff3399}Scripter{33CCFF}] cloZe: ang n ?
[28/02/2020 - 12:33:39] - [Admin {ff3399}Scripter{33CCFF}] cloZe: que tu quer?
[28/02/2020 - 12:33:52] - [Admin {ff3399}Dono{33CCFF}] winRAR: /an pra qualquer um adnunciar
[28/02/2020 - 12:34:01] - [Admin {ff3399}Dono{33CCFF}] winRAR: CIVIL, SOCIO, VIP
[28/02/2020 - 12:34:54] - [Admin {ff3399}Scripter{33CCFF}] cloZe: pera ae
[28/02/2020 - 12:34:55] - [Admin {ff3399}Dono{33CCFF}] winRAR: ALO
[28/02/2020 - 12:34:57] - [Admin {ff3399}Dono{33CCFF}] winRAR: VO ALMOA
[28/02/2020 - 12:34:59] - [Admin {ff3399}Dono{33CCFF}] winRAR: VO ALMOÇA
[28/02/2020 - 12:35:03] - [Admin {ff3399}Dono{33CCFF}] winRAR: TO COM DOR DE CABEÇAS
[28/02/2020 - 12:35:14] - [Admin {ff3399}Scripter{33CCFF}] cloZe: é anp
[28/02/2020 - 12:35:22] - [Admin {ff3399}Scripter{33CCFF}] cloZe: /anp /anl
[28/02/2020 - 12:35:38] - [Admin {ff3399}Scripter{33CCFF}] cloZe: coe viado
[28/02/2020 - 12:35:42] - [Admin {ff3399}Scripter{33CCFF}] cloZe: q merda é essa kkkkkkkkkk
[28/02/2020 - 12:50:08] - [Admin {ff3399}Dono{33CCFF}] winRAR: voltei comido
[28/02/2020 - 12:54:20] - [Admin {ff3399}Dono{33CCFF}] winRAR: porra
[28/02/2020 - 12:54:32] - [Admin {ff3399}Dono{33CCFF}] winRAR: porra
[28/02/2020 - 12:54:48] - [Admin {ff3399}Dono{33CCFF}] winRAR: pede nem licença
[28/02/2020 - 12:55:05] - [Admin {ff3399}Scripter{33CCFF}] cloZe: /caixinhaplatina
[28/02/2020 - 12:55:27] - [Admin {ff3399}Dono{33CCFF}] winRAR: pegar logo 3
[28/02/2020 - 12:55:52] - [Admin {ff3399}Dono{33CCFF}] winRAR: ganhei jetpack permanente
[28/02/2020 - 12:55:59] - [Admin {ff3399}Scripter{33CCFF}] cloZe: top
[28/02/2020 - 12:56:22] - [Admin {ff3399}Dono{33CCFF}] winRAR: tu ganho oq
[28/02/2020 - 12:56:24] - [Admin {ff3399}Dono{33CCFF}] winRAR: so ganhei isso
[28/02/2020 - 12:56:26] - [Admin {ff3399}Scripter{33CCFF}] cloZe: merda nenhuma
[28/02/2020 - 12:56:27] - [Admin {ff3399}Dono{33CCFF}] winRAR: lixo
[28/02/2020 - 12:56:31] - [Admin {ff3399}Scripter{33CCFF}] cloZe: um monte de caixa ouro
[28/02/2020 - 12:56:33] - [Admin {ff3399}Scripter{33CCFF}] cloZe: kkkkkkkkkk
[28/02/2020 - 12:56:41] - [Admin {ff3399}Dono{33CCFF}] winRAR: kkkkkkk
[28/02/2020 - 12:56:48] - [Admin {ff3399}Dono{33CCFF}] winRAR: voltar a jogar bps ja ja
[28/02/2020 - 12:56:53] - [Admin {ff3399}Dono{33CCFF}] winRAR: mt coisa pra desbugar nesse sv
[28/02/2020 - 12:57:01] - [Admin {ff3399}Dono{33CCFF}] winRAR: tem q arrumar item pra dropar
[28/02/2020 - 12:57:09] - [Admin {ff3399}Dono{33CCFF}] winRAR: tem q arrumar os item brabo
[28/02/2020 - 12:57:15] - [Admin {ff3399}Dono{33CCFF}] winRAR: pra botar de roupa
[28/02/2020 - 12:57:36] - [Admin {ff3399}Dono{33CCFF}] winRAR: ne n
[28/02/2020 - 12:57:53] - [Admin {ff3399}Dono{33CCFF}] winRAR: CRL
[28/02/2020 - 12:57:58] - [Admin {ff3399}Dono{33CCFF}] winRAR: KITMEDICO 100K
[28/02/2020 - 12:58:06] - [Admin {ff3399}Dono{33CCFF}] winRAR: mizera cara
[28/02/2020 - 12:58:45] - [Admin {ff3399}Dono{33CCFF}] winRAR: so ganho 10 respeitos agr
[28/02/2020 - 12:58:50] - [Admin {ff3399}Scripter{33CCFF}] cloZe: titulo personalizado
[28/02/2020 - 12:58:57] - [Admin {ff3399}Dono{33CCFF}] winRAR: so ganho 10 respeitos agr
[28/02/2020 - 12:59:31] - [Admin {ff3399}Scripter{33CCFF}] cloZe: troca de nick
[28/02/2020 - 12:59:43] - [Admin {ff3399}Scripter{33CCFF}] cloZe: troca de nick
[28/02/2020 - 12:59:57] - [Admin {ff3399}Scripter{33CCFF}] cloZe: moeda
[28/02/2020 - 13:00:11] - [Admin {ff3399}Scripter{33CCFF}] cloZe: troca de nick
[28/02/2020 - 13:00:13] - [Admin {ff3399}Scripter{33CCFF}] cloZe: oxi
[28/02/2020 - 13:00:25] - [Admin {ff3399}Dono{33CCFF}] winRAR: GANHEI
[28/02/2020 - 13:00:28] - [Admin {ff3399}Dono{33CCFF}] winRAR: UMA MOCHILAS
[28/02/2020 - 13:01:39] - [Admin {ff3399}Scripter{33CCFF}] cloZe: coe
[28/02/2020 - 13:01:47] - [Admin {ff3399}Scripter{33CCFF}] cloZe: pra ganhar acessorio
[28/02/2020 - 13:01:53] - [Admin {ff3399}Scripter{33CCFF}] cloZe: mas é dificil viu kkkkkkkkkk
[28/02/2020 - 13:03:34] - [Admin {ff3399}Dono{33CCFF}] winRAR: SO GANHO JETPACK PERMANENTE
[28/02/2020 - 13:03:37] - [Admin {ff3399}Dono{33CCFF}] winRAR: TO COM 3 JA KKK
[28/02/2020 - 13:03:44] - [Admin {ff3399}Dono{33CCFF}] winRAR: ganhei moeda tb
[28/02/2020 - 13:04:08] - [Admin {ff3399}Dono{33CCFF}] winRAR: me puxa
[28/02/2020 - 13:04:12] - [Admin {ff3399}Dono{33CCFF}] winRAR: n da pra te seguir
[28/02/2020 - 13:04:14] - [Admin {ff3399}Dono{33CCFF}] winRAR: lixo
[28/02/2020 - 13:05:39] - [Admin {ff3399}Dono{33CCFF}] winRAR: ALO
[28/02/2020 - 13:05:42] - [Admin {ff3399}Dono{33CCFF}] winRAR: VO NO BANCOS
[28/02/2020 - 13:07:40] - [Admin {ff3399}Scripter{33CCFF}] cloZe: gmx
[28/02/2020 - 13:29:51] - [Admin {ff3399}Dono{33CCFF}] winRAR: alo
[28/02/2020 - 13:30:19] - [Admin {ff3399}Dono{33CCFF}] winRAR: OOOOOOOH
[28/02/2020 - 13:31:34] - [Admin {ff3399}Scripter{33CCFF}] cloZe: coe
[28/02/2020 - 13:32:39] - [Admin {ff3399}Scripter{33CCFF}] cloZe: coe
[28/02/2020 - 13:32:46] - [Admin {ff3399}Scripter{33CCFF}] cloZe: te tirar ed adm
[28/02/2020 - 13:32:49] - [Admin {ff3399}Scripter{33CCFF}] cloZe: te tirar de adm
[28/02/2020 - 13:32:54] - [Admin {ff3399}Scripter{33CCFF}] cloZe: pra ver se tu conseguie usar
[28/02/2020 - 13:32:59] - [Admin {ff3399}Scripter{33CCFF}] cloZe: o comando
[19/06/2021 - 20:29:02] - [CHAT ADMIN {ff3399}Scripter{33CCFF}] Vgzinn: kk
[21/06/2021 - 03:59:49] - [CHAT ADMIN {ff3399}Fundador{33CCFF}] Vgzinn: k
[21/06/2021 - 03:59:53] - [CHAT ADMIN {ff3399}Dono{33CCFF}] Nike_exe: d
[21/06/2021 - 23:58:55] - [CHAT ADMIN {ff3399}Fundador{33CCFF}] Vgzinn: mdsss
[21/06/2021 - 23:59:05] - [CHAT ADMIN {ff3399}Fundador{33CCFF}] Vgzinn: para de iniciar loteriaa
[21/06/2021 - 23:59:10] - [CHAT ADMIN {ff3399}Fundador{33CCFF}] Vgzinn: PORRRRRRRRRRRRRRRRAAAAAAAAAAAAAAAAAAAAAAAAAAA
[24/06/2021 - 19:41:24] - [CHAT ADMIN {ff3399}Fundador{33CCFF}] Vgzinn_Zs: O
[24/06/2021 - 19:41:30] - [CHAT ADMIN {ff3399}Fundador{33CCFF}] Vgzinn_Zs: DEU CARRO DE INV PRA QM??
[24/06/2021 - 19:42:11] - [CHAT ADMIN {ff3399}Dono{33CCFF}] Riquelme_Emanuel: um carro pra ele por parceria pq pediu e qria 3 mas dei so 1
[24/06/2021 - 19:46:40] - [CHAT ADMIN {ff3399}Dono{33CCFF}] Riquelme_Emanuel: oq
[24/06/2021 - 19:46:46] - [CHAT ADMIN {ff3399}Fundador{33CCFF}] Vgzinn_Zs: ele ta bugado
[24/06/2021 - 19:46:52] - [CHAT ADMIN {ff3399}Dono{33CCFF}] Riquelme_Emanuel: qm?
[24/06/2021 - 19:46:58] - [CHAT ADMIN {ff3399}Fundador{33CCFF}] Vgzinn_Zs: quando vc ban em alguem o sv renicia
[24/06/2021 - 19:47:18] - [CHAT ADMIN {ff3399}Dono{33CCFF}] Riquelme_Emanuel: onde e a favepa
[24/06/2021 - 19:47:21] - [CHAT ADMIN {ff3399}Dono{33CCFF}] Riquelme_Emanuel: onde e a favela
[24/06/2021 - 19:47:28] - [CHAT ADMIN {ff3399}Fundador{33CCFF}] Vgzinn_Zs: qual
[24/06/2021 - 19:49:36] - [CHAT ADMIN {ff3399}Dono{33CCFF}] Riquelme_Emanuel: ih oia o auto
[24/06/2021 - 19:49:48] - [CHAT ADMIN {ff3399}Fundador{33CCFF}] Vgzinn_Zs: n faz evento valendo nd
[24/06/2021 - 19:50:02] - [CHAT ADMIN {ff3399}Dono{33CCFF}] Riquelme_Emanuel: bora competicao qm chegar na binco ganha 100k
[24/06/2021 - 21:31:55] - [CHAT ADMIN {ff3399}Técnico{33CCFF}] Jaozin_Silva: interessante kkkkk
[24/06/2021 - 21:32:04] - [CHAT ADMIN {ff3399}Fundador{33CCFF}] Vgzinn_Zs: kkkkkkk
[24/06/2021 - 21:32:20] - [CHAT ADMIN {ff3399}Técnico{33CCFF}] Jaozin_Silva: nao posso ir ate vc kkkkkkkkkk
[24/06/2021 - 21:32:26] - [CHAT ADMIN {ff3399}Fundador{33CCFF}] Vgzinn_Zs: KKKKKKKKKKKKKKKKKKKKKKK
[24/06/2021 - 21:32:31] - [CHAT ADMIN {ff3399}Técnico{33CCFF}] Jaozin_Silva: puxa
[24/06/2021 - 21:32:34] - [CHAT ADMIN {ff3399}Fundador{33CCFF}] Vgzinn_Zs: TO TE TELANDO RLX KSKSKSKSKSK
[24/06/2021 - 21:41:31] - [CHAT ADMIN {ff3399}Técnico{33CCFF}] Jaozin_Silva: vem k kkkkkkkkkkk
[24/06/2021 - 21:41:32] - [CHAT ADMIN {ff3399}Fundador{33CCFF}] Vgzinn_Zs: viado vou te dar vip
[24/06/2021 - 21:41:41] - [CHAT ADMIN {ff3399}Fundador{33CCFF}] Vgzinn_Zs: ai tu entra nas org
[24/06/2021 - 21:41:47] - [CHAT ADMIN {ff3399}Fundador{33CCFF}] Vgzinn_Zs: to fazendo prova
[24/06/2021 - 21:41:51] - [CHAT ADMIN {ff3399}Técnico{33CCFF}] Jaozin_Silva: ok
[24/06/2021 - 21:41:55] - [CHAT ADMIN {ff3399}Fundador{33CCFF}] Vgzinn_Zs: to acabando ja
[24/06/2021 - 21:45:19] - [CHAT ADMIN {ff3399}Fundador{33CCFF}] Vgzinn_Zs: vai ai vou sair aq
[24/06/2021 - 21:45:27] - [CHAT ADMIN {ff3399}Técnico{33CCFF}] Jaozin_Silva: ok
[24/06/2021 - 21:47:53] - [CHAT ADMIN {ff3399}Técnico{33CCFF}] Jaozin_Silva: como do tp pelo mapa
[25/06/2021 - 01:54:05] - [CHAT ADMIN {ff3399}Fundador{33CCFF}] Vgzinn_Zs: KOOEEEEEEEE FIIIIIIIIIIIIIIIIIII
[25/06/2021 - 01:54:11] - [CHAT ADMIN {ff3399}Fundador{33CCFF}] Vgzinn_Zs: N É ASSIMM NNN
[25/06/2021 - 01:54:14] - [CHAT ADMIN {ff3399}Dono{33CCFF}] Riquelme_Emanuel: se falo q 10 on tinha evento
[25/06/2021 - 01:54:22] - [CHAT ADMIN {ff3399}Fundador{33CCFF}] Vgzinn_Zs: N UM INFERNUS FDP
[25/06/2021 - 01:54:27] - [CHAT ADMIN {ff3399}Fundador{33CCFF}] Vgzinn_Zs: PORRRRRA
[25/06/2021 - 01:54:38] - [CHAT ADMIN {ff3399}Fundador{33CCFF}] Vgzinn_Zs: MDSSS RIQUELME
[25/06/2021 - 01:54:55] - [CHAT ADMIN {ff3399}Fundador{33CCFF}] Vgzinn_Zs: TEMOS Q TER UM LUCRO PRA INVESTIR TMB FDO
[25/06/2021 - 01:55:08] - [CHAT ADMIN {ff3399}Técnico{33CCFF}] Jaozin_Silva: oq houve
[25/06/2021 - 01:55:08] - [CHAT ADMIN {ff3399}Fundador{33CCFF}] Vgzinn_Zs: MDS PIORO kkkkkkkkkkkkkkkkkkkkkkkkkkkkkkkkkkkkk
[25/06/2021 - 01:55:09] - [CHAT ADMIN {ff3399}Dono{33CCFF}] Riquelme_Emanuel: MAN DA IDEIA DE EVENTOOO RAPIDOOO
[25/06/2021 - 01:55:10] - [CHAT ADMIN {ff3399}Dono{33CCFF}] Riquelme_Emanuel: MAN DA IDEIA DE EVENTOOO RAPIDOOO
[25/06/2021 - 01:55:11] - [CHAT ADMIN {ff3399}Dono{33CCFF}] Riquelme_Emanuel: MAN DA IDEIA DE EVENTOOO RAPIDOOO
[25/06/2021 - 01:55:11] - [CHAT ADMIN {ff3399}Dono{33CCFF}] Riquelme_Emanuel: MAN DA IDEIA DE EVENTOOO RAPIDOOO
[25/06/2021 - 01:55:12] - [CHAT ADMIN {ff3399}Dono{33CCFF}] Riquelme_Emanuel: MAN DA IDEIA DE EVENTOOO RAPIDOOO
[25/06/2021 - 01:55:21] - [CHAT ADMIN {ff3399}Fundador{33CCFF}] Vgzinn_Zs: da /evento
[25/06/2021 - 01:55:30] - [CHAT ADMIN {ff3399}Dono{33CCFF}] Riquelme_Emanuel: N DA
[25/06/2021 - 01:55:39] - [CHAT ADMIN {ff3399}Fundador{33CCFF}] Vgzinn_Zs: uai
[25/06/2021 - 01:55:52] - [CHAT ADMIN {ff3399}Fundador{33CCFF}] Vgzinn_Zs: MENUADM
[25/06/2021 - 01:55:57] - [CHAT ADMIN {ff3399}Fundador{33CCFF}] Vgzinn_Zs: /MENUADM
[25/06/2021 - 01:56:09] - [CHAT ADMIN {ff3399}Fundador{33CCFF}] Vgzinn_Zs: JOao to pegando aq
[25/06/2021 - 01:56:25] - [CHAT ADMIN {ff3399}Fundador{33CCFF}] Vgzinn_Zs: tira print
[25/06/2021 - 01:56:32] - [CHAT ADMIN {ff3399}Dono{33CCFF}] Riquelme_Emanuel: VOU DAR LICENCA A TODOS PRA VIR
[25/06/2021 - 01:57:54] - [CHAT ADMIN {ff3399}Fundador{33CCFF}] Vgzinn_Zs: tira print
[25/06/2021 - 02:01:08] - [CHAT ADMIN {ff3399}Fundador{33CCFF}] Vgzinn_Zs: so uma moto fdp
[25/06/2021 - 02:01:14] - [CHAT ADMIN {ff3399}Fundador{33CCFF}] Vgzinn_Zs: n da mais nd de inventario
[25/06/2021 - 02:01:20] - [CHAT ADMIN {ff3399}Fundador{33CCFF}] Vgzinn_Zs: so grana pfvr riquelme
[25/06/2021 - 02:01:23] - [CHAT ADMIN {ff3399}Dono{33CCFF}] Riquelme_Emanuel: qm ganho?
[25/06/2021 - 02:01:26] - [CHAT ADMIN {ff3399}Dono{33CCFF}] Riquelme_Emanuel: ok
[25/06/2021 - 02:01:27] - [CHAT ADMIN {ff3399}Técnico{33CCFF}] Jaozin_Silva: da /menuadm que ta os eventos
[25/06/2021 - 02:01:27] - [CHAT ADMIN {ff3399}Fundador{33CCFF}] Vgzinn_Zs: ue sla
[25/06/2021 - 02:09:33] - [CHAT ADMIN {ff3399}Fundador{33CCFF}] Vgzinn_Zs: faz o ultimo 
[25/06/2021 - 02:18:46] - [CHAT ADMIN {ff3399}Fundador{33CCFF}] Vgzinn_Zs: acaba agr
[25/06/2021 - 16:18:25] - [CHAT ADMIN {ff3399}Dono{33CCFF}] Riquelme_Emanuel: SE NOS BATE 15 ON BORA FAZER EVENTO 7 DE SETEMBRO?
[25/06/2021 - 16:29:53] - [CHAT ADMIN {ff3399}Dono{33CCFF}] Riquelme_Emanuel: man
[25/06/2021 - 16:37:52] - [CHAT ADMIN {ff3399}Dono{33CCFF}] Riquelme_Emanuel: ven aki vg
[25/06/2021 - 16:58:54] - [CHAT ADMIN {ff3399}Dono{33CCFF}] Riquelme_Emanuel: ME DA UM VIP VGZ
[25/06/2021 - 16:59:01] - [CHAT ADMIN {ff3399}Dono{33CCFF}] Riquelme_Emanuel: ME DA UM VIP VG
[25/06/2021 - 16:59:52] - [CHAT ADMIN {ff3399}Fundador{33CCFF}] Vgzinn_Zs: da /ajuda e vai em vip
[25/06/2021 - 17:00:26] - [CHAT ADMIN {ff3399}Dono{33CCFF}] Riquelme_Emanuel: n aparece nada
[25/06/2021 - 17:00:35] - [CHAT ADMIN {ff3399}Fundador{33CCFF}] Vgzinn_Zs: escreve algo na frente
[25/06/2021 - 17:00:45] - [CHAT ADMIN {ff3399}Dono{33CCFF}] Riquelme_Emanuel: cm assim?
[25/06/2021 - 17:00:54] - [CHAT ADMIN {ff3399}Fundador{33CCFF}] Vgzinn_Zs: /v escreve algo
[25/06/2021 - 17:01:06] - [CHAT ADMIN {ff3399}Dono{33CCFF}] Riquelme_Emanuel: nada
[25/06/2021 - 17:01:34] - [CHAT ADMIN {ff3399}Fundador{33CCFF}] Vgzinn_Zs: tenta dnv
[25/06/2021 - 17:01:47] - [CHAT ADMIN {ff3399}Dono{33CCFF}] Riquelme_Emanuel: nd
[25/06/2021 - 17:01:58] - [CHAT ADMIN {ff3399}Dono{33CCFF}] Riquelme_Emanuel: me da 1000 moedas 
[25/06/2021 - 17:02:05] - [CHAT ADMIN {ff3399}Fundador{33CCFF}] Vgzinn_Zs: n
[25/06/2021 - 17:02:14] - [CHAT ADMIN {ff3399}Dono{33CCFF}] Riquelme_Emanuel: 50 ent
[25/06/2021 - 17:02:23] - [CHAT ADMIN {ff3399}Fundador{33CCFF}] Vgzinn_Zs: 20
[25/06/2021 - 17:04:09] - [CHAT ADMIN {ff3399}Dono{33CCFF}] Riquelme_Emanuel: COMO,BOTO NEON E MUDO ELE? o veiculo do vip
[25/06/2021 - 17:04:19] - [CHAT ADMIN {ff3399}Fundador{33CCFF}] Vgzinn_Zs: /AJUDA E VAI EM VEICULO
[25/06/2021 - 22:13:26] - [CHAT ADMIN {ff3399}Dono{33CCFF}] Riquelme_Emanuel: DEI BAN NO FDP DE SOBEIT
[25/06/2021 - 23:00:37] - [CHAT ADMIN {ff3399}Dono{33CCFF}] Riquelme_Emanuel: brota aki vg
[25/06/2021 - 23:00:49] - [CHAT ADMIN {ff3399}Dono{33CCFF}] Riquelme_Emanuel: youtoba no serve porra
[26/06/2021 - 17:08:09] - [CHAT ADMIN {ff3399}Dono{33CCFF}] Riquelme_Emanuel: VGZNLIN JA DEI 2 CADEIA NO CARA POR NRA
[26/06/2021 - 17:08:33] - [CHAT ADMIN {ff3399}Fundador{33CCFF}] Vgzinn: pdp oia a tabelas de punições la
[26/06/2021 - 17:08:42] - [CHAT ADMIN {ff3399}Dono{33CCFF}] Riquelme_Emanuel: OK
[26/06/2021 - 17:38:13] - [CHAT ADMIN {ff3399}Dono{33CCFF}] Riquelme_Emanuel: FDP
[26/06/2021 - 17:38:39] - [CHAT ADMIN {ff3399}Fundador{33CCFF}] Vgzinn: KKKKKKKKKKKKKKKKKKKK
[26/06/2021 - 17:38:44] - [CHAT ADMIN {ff3399}Dono{33CCFF}] Riquelme_Emanuel: FDPPP
[26/06/2021 - 17:38:52] - [CHAT ADMIN {ff3399}Dono{33CCFF}] Riquelme_Emanuel: AHHHHH
[26/06/2021 - 17:47:39] - [CHAT ADMIN {ff3399}Dono{33CCFF}] Riquelme_Emanuel: QUAL ID DO AVIAO?
[26/06/2021 - 17:47:54] - [CHAT ADMIN {ff3399}Dono{33CCFF}] Riquelme_Emanuel: QUAL ID DO AVIAO?
[26/06/2021 - 18:50:14] - [CHAT ADMIN {ff3399}Dono{33CCFF}] Riquelme_Emanuel: SO APAGAR VG MDSSSS
[26/06/2021 - 18:50:29] - [CHAT ADMIN {ff3399}Fundador{33CCFF}] Vgzinn: jaja reseto se eu ficar sabendo.
[27/06/2021 - 03:22:14] - [CHAT ADMIN {ff3399}Dono{33CCFF}] Riquelme_Emanuel: MENOR QM E YAN?
[27/06/2021 - 03:22:18] - [CHAT ADMIN {ff3399}Dono{33CCFF}] Riquelme_Emanuel: MENOR QM E YAN?
[27/06/2021 - 03:22:19] - [CHAT ADMIN {ff3399}Dono{33CCFF}] Riquelme_Emanuel: MENOR QM E YAN?
[27/06/2021 - 16:22:42] - [CHAT ADMIN {ff3399}Fundador{33CCFF}] Vgzinn: setei o vh ja
[27/06/2021 - 16:31:58] - [CHAT ADMIN {ff3399}Fundador{33CCFF}] Vgzinn: da /trabalhar
[27/06/2021 - 16:32:04] - [CHAT ADMIN {ff3399}Aprendiz{33CCFF}] Natan_Insane: DEU
[27/06/2021 - 18:05:59] - [CHAT ADMIN {ff3399}Fundador{33CCFF}] Vgzinn: ta telando alguem?
[27/06/2021 - 18:06:14] - [CHAT ADMIN {ff3399}Fundador{33CCFF}] Vgzinn: ata
[27/06/2021 - 23:13:34] - [CHAT ADMIN {ff3399}Fundador{33CCFF}] Vgzinn: mostra a favela riq 
[27/06/2021 - 23:13:40] - [CHAT ADMIN {ff3399}Fundador{33CCFF}] Vgzinn: do morro
[27/06/2021 - 23:13:54] - [CHAT ADMIN {ff3399}Dono{33CCFF}] Riquelme_Emanuel: TO LAGADAO VEM ME TELANDO SE EU CAIR TU MOTRA PRA ELE
[27/06/2021 - 23:23:07] - [CHAT ADMIN {ff3399}Dono{33CCFF}] Riquelme_Emanuel: KKKKKKK
[27/06/2021 - 23:27:48] - [CHAT ADMIN {ff3399}Dono{33CCFF}] Riquelme_Emanuel: O GOLPE TA AI CAI QUEM QUER
[27/06/2021 - 23:31:47] - [CHAT ADMIN {ff3399}Dono{33CCFF}] Riquelme_Emanuel: VELOCIMETRO FEITO DO 0 MOSTRA
[28/06/2021 - 02:18:50] - [CHAT ADMIN {ff3399}Aprendiz{33CCFF}] Natan_Insane: .
[28/06/2021 - 17:11:03] - [CHAT ADMIN {ff3399}Aprendiz{33CCFF}] Natan_Insane: VG
[28/06/2021 - 17:11:23] - [CHAT ADMIN {ff3399}Aprendiz{33CCFF}] Natan_Insane: NAO CONSIGU IR GUERRA PQ TOU PRESO TEM COMO ME SOLTAR
[28/06/2021 - 17:11:44] - [CHAT ADMIN {ff3399}Aprendiz{33CCFF}] Natan_Insane: NAO CONSIGU IR GUERRA PQ TOU PRESO TEM COMO ME SOLTAR
[28/06/2021 - 17:12:22] - [CHAT ADMIN {ff3399}Aprendiz{33CCFF}] Natan_Insane: NAO CONSIGU IR GUERRA PQ TOU PRESO TEM COMO ME SOLTAR
[28/06/2021 - 17:12:52] - [CHAT ADMIN {ff3399}Aprendiz{33CCFF}] Natan_Insane: NAO CONSIGU IR GUERRA PQ TOU PRESO TEM COMO ME SOLTAR
[28/06/2021 - 17:14:31] - [CHAT ADMIN {ff3399}Aprendiz{33CCFF}] Natan_Insane: NAO CONSIGU IR GUERRA PQ TOU PRESO TEM COMO ME SOLTAR
[28/06/2021 - 17:15:46] - [CHAT ADMIN {ff3399}Aprendiz{33CCFF}] Natan_Insane: VG TA AI
[29/06/2021 - 00:28:36] - [CHAT ADMIN {ff3399}Fundador{33CCFF}] Vgzinn: porra kkkk me fudi oiando o dc
[29/06/2021 - 00:41:21] - [CHAT ADMIN {ff3399}Dono{33CCFF}] Riquelme_Emanuel: VINICIUS SE E PRESIDENTE
[29/06/2021 - 01:14:04] - [CHAT ADMIN {ff3399}Fundador{33CCFF}] Vgzinn: amanha dou a grana
[29/06/2021 - 13:37:17] - [CHAT ADMIN {ff3399}Aprendiz{33CCFF}] Natan_Insane: MENO
[29/06/2021 - 13:37:22] - [CHAT ADMIN {ff3399}Aprendiz{33CCFF}] Natan_Insane: MENOR
[29/06/2021 - 13:37:34] - [CHAT ADMIN {ff3399}Aprendiz{33CCFF}] Natan_Insane: MENOR
[29/06/2021 - 13:37:44] - [CHAT ADMIN {ff3399}Aprendiz{33CCFF}] Natan_Insane: PODE DAR TP AQUI EM MIM
[29/06/2021 - 13:37:51] - [CHAT ADMIN {ff3399}Aprendiz{33CCFF}] Natan_Insane: ID 4
[29/06/2021 - 14:48:13] - [CHAT ADMIN {ff3399}Fundador{33CCFF}] Vgzinn: ele ta preso garay
[29/06/2021 - 15:03:32] - [CHAT ADMIN {ff3399}Fundador{33CCFF}] Vgzinn: fala
[29/06/2021 - 15:04:22] - [CHAT ADMIN {ff3399}Fundador{33CCFF}] Vgzinn: para da tapa fdp
[29/06/2021 - 15:04:32] - [CHAT ADMIN {ff3399}Fundador{33CCFF}] Vgzinn: mdssssssssssssssssssss
[29/06/2021 - 15:04:38] - [CHAT ADMIN {ff3399}Fundador{33CCFF}] Vgzinn: q porra
[29/06/2021 - 15:04:40] - [CHAT ADMIN {ff3399}Aprendiz{33CCFF}] Natan_Insane: DESCULPA KKKK
[29/06/2021 - 15:04:42] - [CHAT ADMIN {ff3399}Dono{33CCFF}] Riquelme_Emanuel: KKKKKKKKKKKKKKKKK
[29/06/2021 - 15:04:57] - [CHAT ADMIN {ff3399}Aprendiz{33CCFF}] Natan_Insane: SO UM TAPA NA GOSTOSA
[29/06/2021 - 16:26:11] - [CHAT ADMIN {ff3399}Fundador{33CCFF}] Vgzinn: para porra
[29/06/2021 - 16:26:17] - [CHAT ADMIN {ff3399}Dono{33CCFF}] Riquelme_Emanuel: KKKK
[29/06/2021 - 16:26:24] - [CHAT ADMIN {ff3399}Fundador{33CCFF}] Vgzinn: os carea ta enhendo meu saco aq
[29/06/2021 - 16:26:30] - [CHAT ADMIN {ff3399}Dono{33CCFF}] Riquelme_Emanuel: PQ?
[29/06/2021 - 16:31:13] - [CHAT ADMIN {ff3399}Dono{33CCFF}] Riquelme_Emanuel: NATAN COMO FAZ ISSO?
[29/06/2021 - 16:31:20] - [CHAT ADMIN {ff3399}Aprendiz{33CCFF}] Natan_Insane: OQ
[29/06/2021 - 16:31:25] - [CHAT ADMIN {ff3399}Dono{33CCFF}] Riquelme_Emanuel: esse aviso
[29/06/2021 - 16:31:33] - [CHAT ADMIN {ff3399}Aprendiz{33CCFF}] Natan_Insane: DA /CNN
[29/06/2021 - 16:32:15] - [CHAT ADMIN {ff3399}Aprendiz{33CCFF}] Natan_Insane: NAO CONSIGU DAR RC PQ NAO TENHO CARGO :(
[29/06/2021 - 16:32:56] - [CHAT ADMIN {ff3399}Aprendiz{33CCFF}] Natan_Insane: RIQUELME FAZ UNS EVENTINHOS PFV
[29/06/2021 - 16:34:38] - [CHAT ADMIN {ff3399}Aprendiz{33CCFF}] Natan_Insane: RIQUELME FAZ UNS EVENTINHOS PFV
[29/06/2021 - 16:39:02] - [CHAT ADMIN {ff3399}Aprendiz{33CCFF}] Natan_Insane: FAZ MAIS UM MAUS NAO ATRAPALHA
[29/06/2021 - 16:40:52] - [CHAT ADMIN {ff3399}Fundador{33CCFF}] Vgzinn: n puxa se n ele n ganha
[29/06/2021 - 16:54:20] - [CHAT ADMIN {ff3399}Aprendiz{33CCFF}] Natan_Insane: DA O DIN RIQUELME
[29/06/2021 - 17:13:03] - [CHAT ADMIN {ff3399}Dono{33CCFF}] Riquelme_Emanuel: mds natan
[29/06/2021 - 17:13:06] - [CHAT ADMIN {ff3399}Dono{33CCFF}] Riquelme_Emanuel: azia nn
[29/06/2021 - 17:13:13] - [CHAT ADMIN {ff3399}Aprendiz{33CCFF}] Natan_Insane: DESCULPA E BRINKS
[29/06/2021 - 17:13:25] - [CHAT ADMIN {ff3399}Aprendiz{33CCFF}] Natan_Insane: NAO MATEI NIGUEM
[29/06/2021 - 17:13:37] - [CHAT ADMIN {ff3399}Aprendiz{33CCFF}] Natan_Insane: NAO MATEI NIGUEM
[29/06/2021 - 17:38:16] - [CHAT ADMIN {ff3399}Aprendiz{33CCFF}] Natan_Insane: RIQUELNE
[29/06/2021 - 17:38:18] - [CHAT ADMIN {ff3399}Aprendiz{33CCFF}] Natan_Insane: RIQUELME
[29/06/2021 - 18:55:01] - [CHAT ADMIN {ff3399}Fundador{33CCFF}] Vgzinn: mds eles ta na mt garay
[29/06/2021 - 22:27:13] - [CHAT ADMIN {ff3399}Aprendiz{33CCFF}] Fumassa: EI
[29/06/2021 - 22:40:20] - [CHAT ADMIN {ff3399}Aprendiz{33CCFF}] Natan_Insane: VISAO FUMASSA
[29/06/2021 - 22:42:56] - [CHAT ADMIN {ff3399}Aprendiz{33CCFF}] Fumassa: ei
[29/06/2021 - 22:43:00] - [CHAT ADMIN {ff3399}Aprendiz{33CCFF}] Natan_Insane: FALA
[29/06/2021 - 22:43:02] - [CHAT ADMIN {ff3399}Aprendiz{33CCFF}] Fumassa: como pego,moto de adm?
[29/06/2021 - 22:43:12] - [CHAT ADMIN {ff3399}Aprendiz{33CCFF}] Natan_Insane: DA /HQADM
[29/06/2021 - 22:43:13] - [CHAT ADMIN {ff3399}Aprendiz{33CCFF}] Fumassa: sem precsa ir na hq
[29/06/2021 - 22:43:31] - [CHAT ADMIN {ff3399}Aprendiz{33CCFF}] Natan_Insane: DA /HQADM E MONTA NA MOTO E DA /LS
[29/06/2021 - 22:47:31] - [CHAT ADMIN {ff3399}Aprendiz{33CCFF}] Fumassa: SEM FLOD
[29/06/2021 - 23:10:39] - [CHAT ADMIN {ff3399}Aprendiz{33CCFF}] Fumassa: CARA FAZENDO ORGxORG PQP
[29/06/2021 - 23:10:51] - [CHAT ADMIN {ff3399}Aprendiz{33CCFF}] Fumassa: SE MATANDO NA HQ QUE NEM DOIDO
[29/06/2021 - 23:11:03] - [CHAT ADMIN {ff3399}Aprendiz{33CCFF}] Fumassa: MATANDO O CARA DA ORG DELE
[29/06/2021 - 23:11:18] - [CHAT ADMIN {ff3399}Aprendiz{33CCFF}] Natan_Insane: QUEM
[29/06/2021 - 23:11:40] - [CHAT ADMIN {ff3399}Aprendiz{33CCFF}] Fumassa: DA HIT
[29/06/2021 - 23:11:44] - [CHAT ADMIN {ff3399}Aprendiz{33CCFF}] Fumassa: MAIS AVISEI JA
[29/06/2021 - 23:11:50] - [CHAT ADMIN {ff3399}Aprendiz{33CCFF}] Fumassa: AI PARARO
[29/06/2021 - 23:17:07] - [CHAT ADMIN {ff3399}Aprendiz{33CCFF}] Natan_Insane: FUMASSA
[29/06/2021 - 23:17:11] - [CHAT ADMIN {ff3399}Aprendiz{33CCFF}] Fumassa: OI
[29/06/2021 - 23:17:26] - [CHAT ADMIN {ff3399}Aprendiz{33CCFF}] Natan_Insane: TU SO PODE DAR KICK DE AFK SE ELE TIVER 2 MINUTOS PRA CIMA TA
[29/06/2021 - 23:17:29] - [CHAT ADMIN {ff3399}Aprendiz{33CCFF}] Fumassa: DEI KICK PQ TAVA 10 MINUTOS AFK
[29/06/2021 - 23:17:35] - [CHAT ADMIN {ff3399}Aprendiz{33CCFF}] Natan_Insane: ATA KKKK
[29/06/2021 - 23:17:39] - [CHAT ADMIN {ff3399}Aprendiz{33CCFF}] Fumassa: EU SEI POW 
[29/06/2021 - 23:17:52] - [CHAT ADMIN {ff3399}Aprendiz{33CCFF}] Natan_Insane: VOU LA NO DC JA VOLTO
[29/06/2021 - 23:17:58] - [CHAT ADMIN {ff3399}Aprendiz{33CCFF}] Fumassa: OK
[29/06/2021 - 23:22:17] - [CHAT ADMIN {ff3399}Aprendiz{33CCFF}] Fumassa: RAPAZIADA
[29/06/2021 - 23:22:31] - [CHAT ADMIN {ff3399}Aprendiz{33CCFF}] Fumassa: BORA SAIR MODO TRABAI FAZER RP KKK
[29/06/2021 - 23:23:13] - [CHAT ADMIN {ff3399}Aprendiz{33CCFF}] Fumassa: TMB
[29/06/2021 - 23:23:42] - [CHAT ADMIN {ff3399}Aprendiz{33CCFF}] Fumassa: UE
[29/06/2021 - 23:24:05] - [CHAT ADMIN {ff3399}Aprendiz{33CCFF}] Fumassa: ID 1 TEM 100k E TA COM ROUPA DE PRESO
[29/06/2021 - 23:24:14] - [CHAT ADMIN {ff3399}Aprendiz{33CCFF}] Fumassa: E E VIVIL
[29/06/2021 - 23:25:11] - [CHAT ADMIN {ff3399}Aprendiz{33CCFF}] Fumassa: eu sei
[29/06/2021 - 23:29:54] - [CHAT ADMIN {ff3399}Aprendiz{33CCFF}] Fumassa: DEXA O CAA TRABAIA POW
[29/06/2021 - 23:31:01] - [CHAT ADMIN {ff3399}Aprendiz{33CCFF}] Fumassa: NET DE PADARIA VCS
[29/06/2021 - 23:50:11] - [CHAT ADMIN {ff3399}Aprendiz{33CCFF}] Fumassa: SO TEM NET DE PADARIA KK
[29/06/2021 - 23:54:07] - [CHAT ADMIN {ff3399}Aprendiz{33CCFF}] Fumassa: TVON 1 AI a tropinha das motinha
[29/06/2021 - 23:54:13] - [CHAT ADMIN {ff3399}Aprendiz{33CCFF}] Fumassa: kkkk
[30/06/2021 - 01:06:11] - [CHAT ADMIN {ff3399}Aprendiz{33CCFF}] Natan_Insane: VG
[30/06/2021 - 01:06:19] - [CHAT ADMIN {ff3399}Fundador{33CCFF}] Vgzinn: oi
[30/06/2021 - 01:06:29] - [CHAT ADMIN {ff3399}Aprendiz{33CCFF}] Natan_Insane: CD MEU VIP QUE VC IA ME DAR
[30/06/2021 - 01:06:41] - [CHAT ADMIN {ff3399}Fundador{33CCFF}] Vgzinn: oxi
[30/06/2021 - 01:06:50] - [CHAT ADMIN {ff3399}Aprendiz{33CCFF}] Natan_Insane: TU FALOU
[30/06/2021 - 01:06:56] - [CHAT ADMIN {ff3399}Fundador{33CCFF}] Vgzinn: falei nd n
[30/06/2021 - 01:07:07] - [CHAT ADMIN {ff3399}Aprendiz{33CCFF}] Natan_Insane: BRINKS KKKK
[30/06/2021 - 01:07:13] - [CHAT ADMIN {ff3399}Fundador{33CCFF}] Vgzinn: ksks
[30/06/2021 - 01:07:56] - [CHAT ADMIN {ff3399}Aprendiz{33CCFF}] Natan_Insane: TA FAZENDO OQ VG!
[30/06/2021 - 01:08:01] - [CHAT ADMIN {ff3399}Fundador{33CCFF}] Vgzinn: nd
[30/06/2021 - 01:08:08] - [CHAT ADMIN {ff3399}Aprendiz{33CCFF}] Natan_Insane: ATA
[30/06/2021 - 01:13:00] - [CHAT ADMIN {ff3399}Aprendiz{33CCFF}] Fumassa: MUDA CLIMA AI
[30/06/2021 - 01:13:11] - [CHAT ADMIN {ff3399}Aprendiz{33CCFF}] Fumassa: DPS VO TROCAR ESSA DATA BUGADA
[30/06/2021 - 01:14:30] - [CHAT ADMIN {ff3399}Fundador{33CCFF}] Vgzinn: seta ele
[30/06/2021 - 01:14:39] - [CHAT ADMIN {ff3399}Aprendiz{33CCFF}] Fumassa: N TENHO CARHO
[30/06/2021 - 01:15:01] - [CHAT ADMIN {ff3399}Fundador{33CCFF}] Vgzinn: é msm sksksk
[30/06/2021 - 01:15:06] - [CHAT ADMIN {ff3399}Aprendiz{33CCFF}] Fumassa: N TENHO CARGO E N SEJ COMANDO
[30/06/2021 - 01:15:25] - [CHAT ADMIN {ff3399}Aprendiz{33CCFF}] Fumassa: MUDA CLIMA AI VG
[30/06/2021 - 01:16:05] - [CHAT ADMIN {ff3399}Aprendiz{33CCFF}] Fumassa: VGZIN
[30/06/2021 - 01:16:47] - [CHAT ADMIN {ff3399}Aprendiz{33CCFF}] Fumassa: VGZIN TEM UM CARA COM TELA BRANCA
[30/06/2021 - 01:19:17] - [CHAT ADMIN {ff3399}Aprendiz{33CCFF}] Fumassa: LIDER,PM FEZ GHOST NA FRENTE
[30/06/2021 - 01:27:49] - [CHAT ADMIN {ff3399}Fundador{33CCFF}] Vgzinn: responde o mlk ae
[30/06/2021 - 01:27:59] - [CHAT ADMIN {ff3399}Aprendiz{33CCFF}] Natan_Insane: QUE
[30/06/2021 - 01:28:08] - [CHAT ADMIN {ff3399}Aprendiz{33CCFF}] Kauan_Santos: blz
[30/06/2021 - 01:50:45] - [CHAT ADMIN {ff3399}Aprendiz{33CCFF}] Kauan_Santos: vou entrar em att amanha
[30/06/2021 - 01:52:16] - [CHAT ADMIN {ff3399}Aprendiz{33CCFF}] Kauan_Santos: vou bater cartao so amanha a minha net ta ruim
[30/06/2021 - 01:53:52] - [CHAT ADMIN {ff3399}Aprendiz{33CCFF}] Kauan_Santos: OU O TEXUGO ACABO DE FAZER PG AQ TO TELANDO POSSO DAR KICK?
[30/06/2021 - 01:53:59] - [CHAT ADMIN {ff3399}Aprendiz{33CCFF}] Fumassa: n
[30/06/2021 - 01:54:03] - [CHAT ADMIN {ff3399}Aprendiz{33CCFF}] Kauan_Santos: ata
[30/06/2021 - 01:56:38] - [CHAT ADMIN {ff3399}Aprendiz{33CCFF}] Terrorista_Mobile: ou vou dar kick no id 7 afk a 3 minutos pode?
[30/06/2021 - 01:56:47] - [CHAT ADMIN {ff3399}Aprendiz{33CCFF}] Natan_Insane: DA
[30/06/2021 - 01:56:47] - [CHAT ADMIN {ff3399}Aprendiz{33CCFF}] Fumassa: sim
[30/06/2021 - 01:56:50] - [CHAT ADMIN {ff3399}Aprendiz{33CCFF}] Natan_Insane: PODE DAE
[30/06/2021 - 02:15:15] - [CHAT ADMIN {ff3399}Aprendiz{33CCFF}] Fumassa: PARA MANO
[30/06/2021 - 02:15:27] - [CHAT ADMIN {ff3399}Aprendiz{33CCFF}] Terrorista_Mobile: ?
[30/06/2021 - 02:15:34] - [CHAT ADMIN {ff3399}Aprendiz{33CCFF}] Fumassa: SO PODE SE FOR AGK 3 MINUTOS PRA CIMA POW
[30/06/2021 - 02:15:41] - [CHAT ADMIN {ff3399}Aprendiz{33CCFF}] Terrorista_Mobile: os dois tava quase 3 minutos
[30/06/2021 - 02:15:50] - [CHAT ADMIN {ff3399}Aprendiz{33CCFF}] Terrorista_Mobile: mais ok
[30/06/2021 - 02:16:49] - [CHAT ADMIN {ff3399}Aprendiz{33CCFF}] Terrorista_Mobile: cara deu fuga bonito kkkk
[30/06/2021 - 02:17:50] - [CHAT ADMIN {ff3399}Aprendiz{33CCFF}] Terrorista_Mobile: o /eu nao e pra acao?
[30/06/2021 - 02:18:11] - [CHAT ADMIN {ff3399}Aprendiz{33CCFF}] Fumassa: SIM
[30/06/2021 - 02:18:18] - [CHAT ADMIN {ff3399}Aprendiz{33CCFF}] Fumassa: PRA DAR VOZ E ETC
[30/06/2021 - 02:18:26] - [CHAT ADMIN {ff3399}Aprendiz{33CCFF}] Terrorista_Mobile: ok
[30/06/2021 - 02:19:27] - [CHAT ADMIN {ff3399}Aprendiz{33CCFF}] Fumassa: TELA AI
[30/06/2021 - 02:19:39] - [CHAT ADMIN {ff3399}Aprendiz{33CCFF}] Terrorista_Mobile: ok
[30/06/2021 - 02:19:50] - [CHAT ADMIN {ff3399}Aprendiz{33CCFF}] Terrorista_Mobile: to telando
[30/06/2021 - 02:19:56] - [CHAT ADMIN {ff3399}Aprendiz{33CCFF}] Fumassa: ANT DELE AI
[30/06/2021 - 02:23:57] - [CHAT ADMIN {ff3399}Aprendiz{33CCFF}] Terrorista_Mobile: como pega kit adm?
[30/06/2021 - 02:24:05] - [CHAT ADMIN {ff3399}Aprendiz{33CCFF}] Fumassa: /KITADM
[30/06/2021 - 02:24:35] - [CHAT ADMIN {ff3399}Aprendiz{33CCFF}] Terrorista_Mobile: blindar carro?
[30/06/2021 - 02:24:43] - [CHAT ADMIN {ff3399}Aprendiz{33CCFF}] Fumassa: /BCARRO
[30/06/2021 - 02:25:07] - [CHAT ADMIN {ff3399}Aprendiz{33CCFF}] Fumassa: TA TELAND E?
[30/06/2021 - 02:25:18] - [CHAT ADMIN {ff3399}Aprendiz{33CCFF}] Terrorista_Mobile: tava telando outro aq
[30/06/2021 - 02:25:24] - [CHAT ADMIN {ff3399}Aprendiz{33CCFF}] Fumassa: ata
[30/06/2021 - 02:29:50] - [CHAT ADMIN {ff3399}Aprendiz{33CCFF}] Fumassa: MDSSSSSS
[30/06/2021 - 02:29:58] - [CHAT ADMIN {ff3399}Aprendiz{33CCFF}] Terrorista_Mobile: ?
[30/06/2021 - 02:30:01] - [CHAT ADMIN {ff3399}Aprendiz{33CCFF}] Fumassa: /AV INDEVIDO KAUAN PQP
[30/06/2021 - 02:30:03] - [CHAT ADMIN {ff3399}Aprendiz{33CCFF}] Terrorista_Mobile: mds
[30/06/2021 - 02:30:05] - [CHAT ADMIN {ff3399}Aprendiz{33CCFF}] Kauan_Santos: TO PERGUNTANDO PRA DA RC ;_;
[30/06/2021 - 02:30:17] - [CHAT ADMIN {ff3399}Aprendiz{33CCFF}] Natan_Insane: VC NAO TEM CARGO
[30/06/2021 - 02:30:24] - [CHAT ADMIN {ff3399}Aprendiz{33CCFF}] Natan_Insane: PARA DAR RC
[30/06/2021 - 02:30:35] - [CHAT ADMIN {ff3399}Aprendiz{33CCFF}] Fumassa: MDSSS
[30/06/2021 - 02:30:51] - [CHAT ADMIN {ff3399}Aprendiz{33CCFF}] Fumassa: E,OUTRA DA PROXIMA /BP
[30/06/2021 - 02:39:20] - [CHAT ADMIN {ff3399}Aprendiz{33CCFF}] Kauan_Santos: oi desculpa ai pelo /av nao sabia
[30/06/2021 - 02:39:32] - [CHAT ADMIN {ff3399}Aprendiz{33CCFF}] Natan_Insane: DBOA
[30/06/2021 - 02:39:32] - [CHAT ADMIN {ff3399}Aprendiz{33CCFF}] Kauan_Santos: to vendo os comando ainda
[30/06/2021 - 02:42:37] - [CHAT ADMIN {ff3399}Aprendiz{33CCFF}] Kauan_Santos: to telando ele qualquer coisa aviso pa vcs ;-; 
[30/06/2021 - 02:42:41] - [CHAT ADMIN {ff3399}Aprendiz{33CCFF}] Terrorista_Mobile: ok
[30/06/2021 - 02:44:03] - [CHAT ADMIN {ff3399}Aprendiz{33CCFF}] Kauan_Santos: kkkk caramba 
[30/06/2021 - 02:44:12] - [CHAT ADMIN {ff3399}Aprendiz{33CCFF}] Natan_Insane: NAO OLHA KKK
[30/06/2021 - 02:44:18] - [CHAT ADMIN {ff3399}Aprendiz{33CCFF}] Natan_Insane: MDS CARA UMA KKKK
[30/06/2021 - 02:44:55] - [CHAT ADMIN {ff3399}Aprendiz{33CCFF}] Terrorista_Mobile: qual comando mermo pra pedir atendimento?
[30/06/2021 - 02:45:05] - [CHAT ADMIN {ff3399}Aprendiz{33CCFF}] Natan_Insane: COMO ASSIM
[30/06/2021 - 02:45:14] - [CHAT ADMIN {ff3399}Aprendiz{33CCFF}] Terrorista_Mobile: tipo /senha ou /atendimento
[30/06/2021 - 02:46:36] - [CHAT ADMIN {ff3399}Aprendiz{33CCFF}] Kauan_Santos: kkk o bot ta doido vai exprodir
[30/06/2021 - 02:46:37] - [CHAT ADMIN {ff3399}Aprendiz{33CCFF}] Terrorista_Mobile: ta de sobeito ctz
[30/06/2021 - 02:46:48] - [CHAT ADMIN {ff3399}Aprendiz{33CCFF}] Kauan_Santos: kkk o bot ta doido vai exprodir
[30/06/2021 - 02:47:25] - [CHAT ADMIN {ff3399}Aprendiz{33CCFF}] Terrorista_Mobile: queria da ban oh
[30/06/2021 - 02:47:26] - [CHAT ADMIN {ff3399}Aprendiz{33CCFF}] Kauan_Santos: kkkk o bot tava quase explodimdo aqui
[30/06/2021 - 02:47:30] - [CHAT ADMIN {ff3399}Aprendiz{33CCFF}] Terrorista_Mobile: pena q nao dar
[30/06/2021 - 02:47:32] - [CHAT ADMIN {ff3399}Aprendiz{33CCFF}] Natan_Insane: QUANDO FOR ASSIM DA UM KICK OK
[30/06/2021 - 02:47:38] - [CHAT ADMIN {ff3399}Aprendiz{33CCFF}] Kauan_Santos: ok
[30/06/2021 - 02:48:14] - [CHAT ADMIN {ff3399}Aprendiz{33CCFF}] Kauan_Santos: vou entrar em att so amanha pq minha net ta meio ruim
[30/06/2021 - 02:49:48] - [CHAT ADMIN {ff3399}Aprendiz{33CCFF}] Kauan_Santos: tropa do danone kkkk
[30/06/2021 - 02:49:56] - [CHAT ADMIN {ff3399}Aprendiz{33CCFF}] Terrorista_Mobile: ;-;
[30/06/2021 - 02:49:58] - [CHAT ADMIN {ff3399}Aprendiz{33CCFF}] Kauan_Santos: to pensando em fazer rp de crianca 
[30/06/2021 - 02:50:09] - [CHAT ADMIN {ff3399}Aprendiz{33CCFF}] Natan_Insane: VCS TAO COM A MOTO DANONINHO
[30/06/2021 - 02:50:11] - [CHAT ADMIN {ff3399}Aprendiz{33CCFF}] Kauan_Santos: ou de cachorro
[30/06/2021 - 02:50:21] - [CHAT ADMIN {ff3399}Aprendiz{33CCFF}] Kauan_Santos: sim
[30/06/2021 - 02:50:38] - [CHAT ADMIN {ff3399}Aprendiz{33CCFF}] Terrorista_Mobile: quando pegar respeito sobe de nivel automatico?
[30/06/2021 - 02:50:54] - [CHAT ADMIN {ff3399}Aprendiz{33CCFF}] Kauan_Santos: vc tem duas maneiras de subir
[30/06/2021 - 02:51:07] - [CHAT ADMIN {ff3399}Aprendiz{33CCFF}] Kauan_Santos: uma pelo payday
[30/06/2021 - 02:51:15] - [CHAT ADMIN {ff3399}Aprendiz{33CCFF}] Kauan_Santos: e a outra comprando rp
[30/06/2021 - 02:52:27] - [CHAT ADMIN {ff3399}Aprendiz{33CCFF}] Kauan_Santos: como puxo carro? kkkk
[30/06/2021 - 02:52:45] - [CHAT ADMIN {ff3399}Aprendiz{33CCFF}] Terrorista_Mobile: aprendiz tem como n eu acho
[30/06/2021 - 02:52:53] - [CHAT ADMIN {ff3399}Aprendiz{33CCFF}] Kauan_Santos: ata
[30/06/2021 - 02:52:53] - [CHAT ADMIN {ff3399}Aprendiz{33CCFF}] Terrorista_Mobile: so ser for pegar na hq dos adm
[30/06/2021 - 02:53:24] - [CHAT ADMIN {ff3399}Aprendiz{33CCFF}] Kauan_Santos: fui na hq adm
[30/06/2021 - 02:53:54] - [CHAT ADMIN {ff3399}Aprendiz{33CCFF}] Terrorista_Mobile: apareceu du nada ;-;
[30/06/2021 - 02:54:01] - [CHAT ADMIN {ff3399}Aprendiz{33CCFF}] Fumassa: quem?
[30/06/2021 - 02:54:21] - [CHAT ADMIN {ff3399}Aprendiz{33CCFF}] Terrorista_Mobile: to falando com kauan 
[30/06/2021 - 02:54:32] - [CHAT ADMIN {ff3399}Aprendiz{33CCFF}] Kauan_Santos: kkkk
[30/06/2021 - 02:54:36] - [CHAT ADMIN {ff3399}Aprendiz{33CCFF}] Terrorista_Mobile: ver ser esse haridade e o hack
[30/06/2021 - 02:55:43] - [CHAT ADMIN {ff3399}Aprendiz{33CCFF}] Terrorista_Mobile: ue
[30/06/2021 - 02:56:00] - [CHAT ADMIN {ff3399}Aprendiz{33CCFF}] Terrorista_Mobile: /atendimento e pra ver os atendimento
[30/06/2021 - 02:57:11] - [CHAT ADMIN {ff3399}Aprendiz{33CCFF}] Kauan_Santos: voltei
[30/06/2021 - 02:57:17] - [CHAT ADMIN {ff3399}Aprendiz{33CCFF}] Terrorista_Mobile: tem q falar com vg 
[30/06/2021 - 02:57:26] - [CHAT ADMIN {ff3399}Aprendiz{33CCFF}] Kauan_Santos: oq?
[30/06/2021 - 02:57:30] - [CHAT ADMIN {ff3399}Aprendiz{33CCFF}] Terrorista_Mobile: sobre bagulho do /atendimento ou /senha
[30/06/2021 - 02:57:39] - [CHAT ADMIN {ff3399}Aprendiz{33CCFF}] Terrorista_Mobile: pra pedir  atendimento
[30/06/2021 - 02:57:49] - [CHAT ADMIN {ff3399}Aprendiz{33CCFF}] Kauan_Santos: ata
[30/06/2021 - 03:03:00] - [CHAT ADMIN {ff3399}Aprendiz{33CCFF}] Fumassa: paro 
[30/06/2021 - 03:07:11] - [CHAT ADMIN {ff3399}Aprendiz{33CCFF}] Kauan_Santos: BATEMOS 500 MEMBROS DISCORD AEEE
[30/06/2021 - 03:14:00] - [CHAT ADMIN {ff3399}Aprendiz{33CCFF}] Terrorista_Mobile: boa fez eu crasha
[30/06/2021 - 03:14:06] - [CHAT ADMIN {ff3399}Aprendiz{33CCFF}] Fumassa: ue kk
[30/06/2021 - 03:21:37] - [CHAT ADMIN {ff3399}Aprendiz{33CCFF}] Terrorista_Mobile: mo paz
[30/06/2021 - 03:21:41] - [CHAT ADMIN {ff3399}Aprendiz{33CCFF}] Kauan_Santos: kkkk
[30/06/2021 - 03:24:15] - [CHAT ADMIN {ff3399}Aprendiz{33CCFF}] Kauan_Santos: carai deu uma ft bonita essa deu aq no fogo
[30/06/2021 - 03:25:44] - [CHAT ADMIN {ff3399}Aprendiz{33CCFF}] Fumassa: parei kkk
[30/06/2021 - 03:26:29] - [CHAT ADMIN {ff3399}Aprendiz{33CCFF}] Fumassa: TERROR
[30/06/2021 - 03:26:33] - [CHAT ADMIN {ff3399}Aprendiz{33CCFF}] Terrorista_Mobile: ?
[30/06/2021 - 03:26:39] - [CHAT ADMIN {ff3399}Aprendiz{33CCFF}] Fumassa: FEZ GHOST
[30/06/2021 - 03:26:56] - [CHAT ADMIN {ff3399}Aprendiz{33CCFF}] Fumassa: MDS
[30/06/2021 - 03:27:00] - [CHAT ADMIN {ff3399}Aprendiz{33CCFF}] Fumassa: N PODE
[30/06/2021 - 03:27:06] - [CHAT ADMIN {ff3399}Aprendiz{33CCFF}] Fumassa: TEM QUE FAZER REC
[30/06/2021 - 03:27:26] - [CHAT ADMIN {ff3399}Aprendiz{33CCFF}] Terrorista_Mobile: rlx
[30/06/2021 - 03:29:51] - [CHAT ADMIN {ff3399}Aprendiz{33CCFF}] Fumassa: ACABOU
[30/06/2021 - 03:30:03] - [CHAT ADMIN {ff3399}Aprendiz{33CCFF}] Fumassa: VAO DIZER QUE NOIS TAVA FAZENDO MERDA
[30/06/2021 - 03:30:10] - [CHAT ADMIN {ff3399}Aprendiz{33CCFF}] Kauan_Santos: s
[30/06/2021 - 03:30:16] - [CHAT ADMIN {ff3399}Aprendiz{33CCFF}] Terrorista_Mobile: oque voces fez?
[30/06/2021 - 03:30:30] - [CHAT ADMIN {ff3399}Aprendiz{33CCFF}] Kauan_Santos: os cara batemdo em noix
[30/06/2021 - 03:30:46] - [CHAT ADMIN {ff3399}Aprendiz{33CCFF}] Terrorista_Mobile: como assim?
[30/06/2021 - 03:31:24] - [CHAT ADMIN {ff3399}Aprendiz{33CCFF}] Fumassa: DEI KICK ELE N PARA
[30/06/2021 - 03:31:56] - [CHAT ADMIN {ff3399}Aprendiz{33CCFF}] Fumassa: FLW
[30/06/2021 - 03:32:02] - [CHAT ADMIN {ff3399}Aprendiz{33CCFF}] Fumassa: BOA NOITE AI
[30/06/2021 - 03:32:02] - [CHAT ADMIN {ff3399}Aprendiz{33CCFF}] Terrorista_Mobile: flw
[30/06/2021 - 03:32:10] - [CHAT ADMIN {ff3399}Aprendiz{33CCFF}] Kauan_Santos: boa noite
[30/06/2021 - 03:32:23] - [CHAT ADMIN {ff3399}Aprendiz{33CCFF}] Terrorista_Mobile: daqui a pouco vou dormir tbm
[30/06/2021 - 03:32:40] - [CHAT ADMIN {ff3399}Aprendiz{33CCFF}] Kauan_Santos: ;-;
[30/06/2021 - 03:33:53] - [CHAT ADMIN {ff3399}Aprendiz{33CCFF}] Fumassa: k
[30/06/2021 - 03:33:57] - [CHAT ADMIN {ff3399}Aprendiz{33CCFF}] Terrorista_Mobile: kkkkkk
[30/06/2021 - 03:38:45] - [CHAT ADMIN {ff3399}Aprendiz{33CCFF}] Kauan_Santos: ;-;
[30/06/2021 - 03:38:54] - [CHAT ADMIN {ff3399}Aprendiz{33CCFF}] Kauan_Santos: ta tentando divulgar? kkkk
[30/06/2021 - 03:39:56] - [CHAT ADMIN {ff3399}Aprendiz{33CCFF}] Terrorista_Mobile: uai
[30/06/2021 - 03:40:02] - [CHAT ADMIN {ff3399}Aprendiz{33CCFF}] Terrorista_Mobile: como faz isso?
[30/06/2021 - 03:46:54] - [CHAT ADMIN {ff3399}Aprendiz{33CCFF}] Terrorista_Mobile: hoa
[30/06/2021 - 03:46:59] - [CHAT ADMIN {ff3399}Aprendiz{33CCFF}] Kauan_Santos: to bugdo
[30/06/2021 - 03:47:03] - [CHAT ADMIN {ff3399}Aprendiz{33CCFF}] Kauan_Santos: ajuda aq
[30/06/2021 - 03:47:11] - [CHAT ADMIN {ff3399}Aprendiz{33CCFF}] Kauan_Santos: to preso na parede
[30/06/2021 - 03:47:22] - [CHAT ADMIN {ff3399}Aprendiz{33CCFF}] Kauan_Santos: nao sai 
[30/06/2021 - 03:47:26] - [CHAT ADMIN {ff3399}Aprendiz{33CCFF}] Kauan_Santos: pera 
[30/06/2021 - 03:47:34] - [CHAT ADMIN {ff3399}Aprendiz{33CCFF}] Kauan_Santos: ai
[30/06/2021 - 03:47:45] - [CHAT ADMIN {ff3399}Aprendiz{33CCFF}] Kauan_Santos: obrigado
[30/06/2021 - 03:47:57] - [CHAT ADMIN {ff3399}Aprendiz{33CCFF}] Terrorista_Mobile: Ta
[30/06/2021 - 03:47:59] - [CHAT ADMIN {ff3399}Aprendiz{33CCFF}] Kauan_Santos: como faz isso
[30/06/2021 - 03:48:03] - [CHAT ADMIN {ff3399}Aprendiz{33CCFF}] Terrorista_Mobile: /afk
[30/06/2021 - 03:48:06] - [CHAT ADMIN {ff3399}Aprendiz{33CCFF}] Terrorista_Mobile: flw ae
[30/06/2021 - 03:48:08] - [CHAT ADMIN {ff3399}Aprendiz{33CCFF}] Natan_Insane: /AFK
[30/06/2021 - 03:48:11] - [CHAT ADMIN {ff3399}Aprendiz{33CCFF}] Kauan_Santos: ata
[30/06/2021 - 03:54:03] - [CHAT ADMIN {ff3399}Aprendiz{33CCFF}] Natan_Insane: KUAN PQ VC BOTOU O PAREDAO
[30/06/2021 - 03:54:24] - [CHAT ADMIN {ff3399}Aprendiz{33CCFF}] Kauan_Santos: so pra ve se o /rparedao tava funcionando
[30/06/2021 - 03:54:39] - [CHAT ADMIN {ff3399}Aprendiz{33CCFF}] Kauan_Santos: pra caso eu colocar sem querer eu saber como tirar
[30/06/2021 - 03:54:59] - [CHAT ADMIN {ff3399}Aprendiz{33CCFF}] Natan_Insane: SO ADM MASTER PARA TIRAR AGR
[30/06/2021 - 05:18:08] - [CHAT ADMIN {ff3399}Aprendiz{33CCFF}] Vinicius_Russef: como assim
[30/06/2021 - 12:48:22] - [CHAT ADMIN {ff3399}Aprendiz{33CCFF}] Fumassa: TO GRAVANDO COM UM CARA K
[30/06/2021 - 12:48:30] - [CHAT ADMIN {ff3399}Aprendiz{33CCFF}] Natan_Insane: ATA
[30/06/2021 - 12:49:25] - [CHAT ADMIN {ff3399}Aprendiz{33CCFF}] Fumassa: TO GRAVANDO MENOR VL
[30/06/2021 - 12:51:16] - [CHAT ADMIN {ff3399}Aprendiz{33CCFF}] Natan_Insane: FUMASSA
[30/06/2021 - 12:52:39] - [CHAT ADMIN {ff3399}Aprendiz{33CCFF}] Fumassa: oi
[30/06/2021 - 12:55:56] - [CHAT ADMIN {ff3399}Aprendiz{33CCFF}] Fumassa: GRAVAMOS JA
[30/06/2021 - 12:56:08] - [CHAT ADMIN {ff3399}Aprendiz{33CCFF}] Natan_Insane: BOA
[30/06/2021 - 13:05:54] - [CHAT ADMIN {ff3399}Aprendiz{33CCFF}] Natan_Insane: NAO PODE FUMASSA
[30/06/2021 - 13:05:59] - [CHAT ADMIN {ff3399}Aprendiz{33CCFF}] Fumassa: oque?
[30/06/2021 - 13:06:09] - [CHAT ADMIN {ff3399}Aprendiz{33CCFF}] Natan_Insane: SO OS SUPERIORES QUE FAZ EVENTOS
[30/06/2021 - 13:06:16] - [CHAT ADMIN {ff3399}Aprendiz{33CCFF}] Fumassa: SO ADMINS PQP 
[30/06/2021 - 13:08:44] - [CHAT ADMIN {ff3399}Aprendiz{33CCFF}] Fumassa: BR X1?
[30/06/2021 - 13:08:50] - [CHAT ADMIN {ff3399}Aprendiz{33CCFF}] Natan_Insane: BORA
[30/06/2021 - 13:09:43] - [CHAT ADMIN {ff3399}Aprendiz{33CCFF}] Fumassa: MDS
[30/06/2021 - 13:10:31] - [CHAT ADMIN {ff3399}Aprendiz{33CCFF}] Fumassa: LOCK ON PQP
[30/06/2021 - 13:10:40] - [CHAT ADMIN {ff3399}Aprendiz{33CCFF}] Natan_Insane: NAO USO PAIZAO
[30/06/2021 - 13:10:49] - [CHAT ADMIN {ff3399}Aprendiz{33CCFF}] Fumassa: TU E MOBILE
[30/06/2021 - 13:10:53] - [CHAT ADMIN {ff3399}Aprendiz{33CCFF}] Natan_Insane: SS
[30/06/2021 - 13:11:26] - [CHAT ADMIN {ff3399}Aprendiz{33CCFF}] Fumassa: TROCA NEM DE LOCK POW
[30/06/2021 - 13:11:42] - [CHAT ADMIN {ff3399}Aprendiz{33CCFF}] Fumassa: QUEM TA EM TURNO?
[30/06/2021 - 13:11:43] - [CHAT ADMIN {ff3399}Aprendiz{33CCFF}] Natan_Insane: VAI TOMAR NO CU NAO TOU DE LOCK 
[30/06/2021 - 13:12:24] - [CHAT ADMIN {ff3399}Aprendiz{33CCFF}] Kauan_Santos: ESTOU EM ATENDIMENTO USE /N OU /RELATORIO
[30/06/2021 - 13:12:39] - [CHAT ADMIN {ff3399}Aprendiz{33CCFF}] Natan_Insane: USANDO /KITADM PARA PEGAR VIDA NE
[30/06/2021 - 13:13:04] - [CHAT ADMIN {ff3399}Aprendiz{33CCFF}] Fumassa: TU E MOBILE
[30/06/2021 - 13:13:08] - [CHAT ADMIN {ff3399}Aprendiz{33CCFF}] Natan_Insane: SOU CARAI
[30/06/2021 - 13:13:42] - [CHAT ADMIN {ff3399}Aprendiz{33CCFF}] Fumassa: LOCK ON 
[30/06/2021 - 13:13:55] - [CHAT ADMIN {ff3399}Aprendiz{33CCFF}] Natan_Insane: PODE CHAMAR DE LOCK SEI QUE NAO SOU
[30/06/2021 - 13:14:14] - [CHAT ADMIN {ff3399}Aprendiz{33CCFF}] Natan_Insane: VIU
[30/06/2021 - 13:14:18] - [CHAT ADMIN {ff3399}Aprendiz{33CCFF}] Fumassa: HM
[30/06/2021 - 13:15:07] - [CHAT ADMIN {ff3399}Aprendiz{33CCFF}] Fumassa: ACHO QUE VO FAZER MEU TURNO
[30/06/2021 - 13:15:13] - [CHAT ADMIN {ff3399}Aprendiz{33CCFF}] Kauan_Santos: minha net tava um cu ontem kkkkk
[30/06/2021 - 13:15:38] - [CHAT ADMIN {ff3399}Aprendiz{33CCFF}] Natan_Insane: CHORA DEMAIS EM FUMASSA
[30/06/2021 - 13:15:50] - [CHAT ADMIN {ff3399}Aprendiz{33CCFF}] Fumassa: ESTOU EM ATENDIMENTO QUALQUER DUVIDA /RELATORIO OU /N
[30/06/2021 - 13:17:35] - [CHAT ADMIN {ff3399}Aprendiz{33CCFF}] Natan_Insane: NOIS NAO CONSEGUI LIMPAR O CHAT OK
[30/06/2021 - 13:19:21] - [CHAT ADMIN {ff3399}Aprendiz{33CCFF}] Kauan_Santos: como tu deu rc? 
[30/06/2021 - 13:19:27] - [CHAT ADMIN {ff3399}Aprendiz{33CCFF}] Kauan_Santos: ontem natan?
[30/06/2021 - 13:24:24] - [CHAT ADMIN {ff3399}Aprendiz{33CCFF}] Kauan_Santos: modo voar e todo bugado no mobile
[30/06/2021 - 13:27:34] - [CHAT ADMIN {ff3399}Aprendiz{33CCFF}] Kauan_Santos: fumassa possso ir ai?
[30/06/2021 - 13:27:38] - [CHAT ADMIN {ff3399}Aprendiz{33CCFF}] Fumassa: N
[30/06/2021 - 13:28:43] - [CHAT ADMIN {ff3399}Aprendiz{33CCFF}] Kauan_Santos: eae terrorista
[30/06/2021 - 13:28:51] - [CHAT ADMIN {ff3399}Aprendiz{33CCFF}] Terrorista_Mobile: ae
[30/06/2021 - 13:40:15] - [CHAT ADMIN {ff3399}Aprendiz{33CCFF}] Fumassa: AI TEM CONDICAO N
[30/06/2021 - 13:40:22] - [CHAT ADMIN {ff3399}Aprendiz{33CCFF}] Kauan_Santos: OQ
[30/06/2021 - 13:40:23] - [CHAT ADMIN {ff3399}Aprendiz{33CCFF}] Natan_Insane: QUE?
[30/06/2021 - 13:40:40] - [CHAT ADMIN {ff3399}Aprendiz{33CCFF}] Fumassa: OS CARA DA HIT VAI ACABAR COM A ECONOMIA DO SV
[30/06/2021 - 13:40:47] - [CHAT ADMIN {ff3399}Aprendiz{33CCFF}] Kauan_Santos: PQ
[30/06/2021 - 13:40:49] - [CHAT ADMIN {ff3399}Aprendiz{33CCFF}] Fumassa: TODOS COM 3kk MAIS
[30/06/2021 - 13:40:50] - [CHAT ADMIN {ff3399}Aprendiz{33CCFF}] Natan_Insane: PQ
[30/06/2021 - 13:40:55] - [CHAT ADMIN {ff3399}Aprendiz{33CCFF}] Kauan_Santos: EITA PORRA
[30/06/2021 - 13:41:03] - [CHAT ADMIN {ff3399}Aprendiz{33CCFF}] Kauan_Santos: COMO? ELES CONSEGUIRAO?
[30/06/2021 - 13:41:08] - [CHAT ADMIN {ff3399}Aprendiz{33CCFF}] Fumassa: ENTAO NE
[30/06/2021 - 13:41:11] - [CHAT ADMIN {ff3399}Aprendiz{33CCFF}] Natan_Insane: EITA E QUE TODOS COFRE DA ORG VEM 90kk
[30/06/2021 - 13:41:18] - [CHAT ADMIN {ff3399}Aprendiz{33CCFF}] Fumassa: TINHA UM DELES QUE TINHA 30kk
[30/06/2021 - 13:41:30] - [CHAT ADMIN {ff3399}Aprendiz{33CCFF}] Kauan_Santos: EITA KKKK
[30/06/2021 - 13:41:33] - [CHAT ADMIN {ff3399}Aprendiz{33CCFF}] Fumassa: E N
[30/06/2021 - 13:41:44] - [CHAT ADMIN {ff3399}Aprendiz{33CCFF}] Kauan_Santos: PERGUNTA PRO VG SE ELE DEU?
[30/06/2021 - 13:41:45] - [CHAT ADMIN {ff3399}Aprendiz{33CCFF}] Fumassa: VEM 8kk NO MAX
[30/06/2021 - 13:41:50] - [CHAT ADMIN {ff3399}Aprendiz{33CCFF}] Fumassa: JA FALEI
[30/06/2021 - 13:42:11] - [CHAT ADMIN {ff3399}Aprendiz{33CCFF}] Fumassa: N FOI
[30/06/2021 - 13:42:22] - [CHAT ADMIN {ff3399}Aprendiz{33CCFF}] Natan_Insane: TODA AS ORG VEM 90KK NO COFRE
[30/06/2021 - 13:42:30] - [CHAT ADMIN {ff3399}Aprendiz{33CCFF}] Fumassa: N VEM N PQP
[30/06/2021 - 13:42:39] - [CHAT ADMIN {ff3399}Aprendiz{33CCFF}] Natan_Insane: A NOSSA TBM TEM FUMASSA
[30/06/2021 - 13:45:58] - [CHAT ADMIN {ff3399}Aprendiz{33CCFF}] Fumassa: QUEM N TA TURNO FICA JOGANDO
[30/06/2021 - 13:46:44] - [CHAT ADMIN {ff3399}Aprendiz{33CCFF}] Fumassa: SO ADM ON AQUI PQP
[30/06/2021 - 13:47:29] - [CHAT ADMIN {ff3399}Aprendiz{33CCFF}] Fumassa: PQP BR FAZER RP
[30/06/2021 - 13:48:40] - [CHAT ADMIN {ff3399}Aprendiz{33CCFF}] Fumassa: TO
[30/06/2021 - 13:51:41] - [CHAT ADMIN {ff3399}Aprendiz{33CCFF}] Fumassa: SO QUEM TA TURNO EO KAUAN
[30/06/2021 - 13:52:02] - [CHAT ADMIN {ff3399}Aprendiz{33CCFF}] Fumassa: TEM QUE BATE CARTAO POE
[30/06/2021 - 13:52:04] - [CHAT ADMIN {ff3399}Aprendiz{33CCFF}] Terrorista_Mobile: fiquei modo em trabalho pra puxar o cara q tava crashando na hq
[30/06/2021 - 13:52:32] - [CHAT ADMIN {ff3399}Aprendiz{33CCFF}] Fumassa: UE
[30/06/2021 - 13:54:35] - [CHAT ADMIN {ff3399}Aprendiz{33CCFF}] Kauan_Santos: /bcarro
[30/06/2021 - 13:54:53] - [CHAT ADMIN {ff3399}Aprendiz{33CCFF}] Fumassa: /A PQP
[30/06/2021 - 13:56:39] - [CHAT ADMIN {ff3399}Aprendiz{33CCFF}] Fumassa: VDM?
[30/06/2021 - 13:56:48] - [CHAT ADMIN {ff3399}Aprendiz{33CCFF}] Kauan_Santos: ta atropelando
[30/06/2021 - 13:56:52] - [CHAT ADMIN {ff3399}Aprendiz{33CCFF}] Fumassa: ISSO SE CHAMA LAG POW
[30/06/2021 - 13:57:01] - [CHAT ADMIN {ff3399}Aprendiz{33CCFF}] Fumassa: N TO ATROPELAND N
[30/06/2021 - 13:57:21] - [CHAT ADMIN {ff3399}Aprendiz{33CCFF}] Fumassa: BATER E DIFERENTE  : )
[30/06/2021 - 14:01:19] - [CHAT ADMIN {ff3399}Aprendiz{33CCFF}] Fumassa: TO DE MAROLA E MDS
[30/06/2021 - 14:03:25] - [CHAT ADMIN {ff3399}Aprendiz{33CCFF}] Terrorista_Mobile: /atendimento e pra ver os atendimentos
[30/06/2021 - 14:03:33] - [CHAT ADMIN {ff3399}Aprendiz{33CCFF}] Kauan_Santos: N
[30/06/2021 - 14:03:55] - [CHAT ADMIN {ff3399}Aprendiz{33CCFF}] Terrorista_Mobile: usar o /atendimento pa tu ver
[30/06/2021 - 14:04:37] - [CHAT ADMIN {ff3399}Aprendiz{33CCFF}] Fumassa: ME CAPOTARO ;-;
[30/06/2021 - 14:05:01] - [CHAT ADMIN {ff3399}Aprendiz{33CCFF}] Fumassa: PGZAO EM
[30/06/2021 - 14:05:09] - [CHAT ADMIN {ff3399}Aprendiz{33CCFF}] Kauan_Santos: tu ne 
[30/06/2021 - 14:05:23] - [CHAT ADMIN {ff3399}Aprendiz{33CCFF}] Fumassa: TU TA CHATAO EM
[30/06/2021 - 14:05:41] - [CHAT ADMIN {ff3399}Aprendiz{33CCFF}] Kauan_Santos: TU FICA BATENDO E ATROPELANDO NOIS
[30/06/2021 - 14:05:54] - [CHAT ADMIN {ff3399}Aprendiz{33CCFF}] Fumassa: UE TENHO CULPA SE TU E LAGADO N POW
[30/06/2021 - 14:06:20] - [CHAT ADMIN {ff3399}Aprendiz{33CCFF}] Kauan_Santos: PARA DE FICAR SEHUINDO MAN
[30/06/2021 - 14:06:31] - [CHAT ADMIN {ff3399}Aprendiz{33CCFF}] Fumassa: PQP VEY
[30/06/2021 - 14:14:07] - [CHAT ADMIN {ff3399}Aprendiz{33CCFF}] Kauan_Santos: ;-;
[30/06/2021 - 14:23:52] - [CHAT ADMIN {ff3399}Aprendiz{33CCFF}] Terrorista_Mobile: dar kick no id 7 invadindo hq
[30/06/2021 - 14:25:36] - [CHAT ADMIN {ff3399}Aprendiz{33CCFF}] Kauan_Santos: o cara batemdo safe vey
[30/06/2021 - 14:28:35] - [CHAT ADMIN {ff3399}Aprendiz{33CCFF}] Kauan_Santos: ou o Polar Fazendo dm safe e xingando adm posso dar kick 2/3?
[30/06/2021 - 14:28:46] - [CHAT ADMIN {ff3399}Aprendiz{33CCFF}] Terrorista_Mobile: pede pra dar cadeia
[30/06/2021 - 14:31:33] - [CHAT ADMIN {ff3399}Aprendiz{33CCFF}] Kauan_Santos: JA FOI 2/3
[30/06/2021 - 14:31:39] - [CHAT ADMIN {ff3399}Aprendiz{33CCFF}] Kauan_Santos: MAIS 1  E CADEIA
[30/06/2021 - 14:32:52] - [CHAT ADMIN {ff3399}Aprendiz{33CCFF}] Terrorista_Mobile: trocou de nome esse polar eu acho
[30/06/2021 - 14:33:28] - [CHAT ADMIN {ff3399}Aprendiz{33CCFF}] Terrorista_Mobile: olha o spawn aqui rapidao kkkkk
[30/06/2021 - 14:40:16] - [CHAT ADMIN {ff3399}Aprendiz{33CCFF}] Kauan_Santos: terror
[30/06/2021 - 14:43:51] - [CHAT ADMIN {ff3399}Aprendiz{33CCFF}] Kauan_Santos: vou da ban xingou dnv
[30/06/2021 - 14:49:28] - [CHAT ADMIN {ff3399}Aprendiz{33CCFF}] Fumassa: ID 1
[30/06/2021 - 14:49:34] - [CHAT ADMIN {ff3399}Aprendiz{33CCFF}] Fumassa: ID 1
[30/06/2021 - 14:49:37] - [CHAT ADMIN {ff3399}Aprendiz{33CCFF}] Fumassa: ID 3
[30/06/2021 - 14:49:39] - [CHAT ADMIN {ff3399}Aprendiz{33CCFF}] Kauan_Santos: ID 3
[30/06/2021 - 14:49:41] - [CHAT ADMIN {ff3399}Aprendiz{33CCFF}] Kauan_Santos: ID 3
[30/06/2021 - 14:49:41] - [CHAT ADMIN {ff3399}Aprendiz{33CCFF}] Fumassa: ID 3
[30/06/2021 - 14:49:50] - [CHAT ADMIN {ff3399}Aprendiz{33CCFF}] Kauan_Santos: ID 3 O ID DO CARA RIQU
[30/06/2021 - 14:49:52] - [CHAT ADMIN {ff3399}Aprendiz{33CCFF}] Kauan_Santos: ID 3 O ID DO CARA RIQUE
[30/06/2021 - 14:52:03] - [CHAT ADMIN {ff3399}Aprendiz{33CCFF}] Fumassa: ELE VOLTOU
[30/06/2021 - 14:52:13] - [CHAT ADMIN {ff3399}Aprendiz{33CCFF}] Fumassa: DA /IP 0
[30/06/2021 - 14:52:24] - [CHAT ADMIN {ff3399}Aprendiz{33CCFF}] Fumassa: N ADIANTA
[30/06/2021 - 14:52:32] - [CHAT ADMIN {ff3399}Aprendiz{33CCFF}] Fumassa: ELE VAI VOLTAR
[30/06/2021 - 14:52:33] - [CHAT ADMIN {ff3399}Aprendiz{33CCFF}] Kauan_Santos: DA /BANIP
[30/06/2021 - 14:53:48] - [CHAT ADMIN {ff3399}Aprendiz{33CCFF}] Fumassa: RIQUELME
[30/06/2021 - 14:53:52] - [CHAT ADMIN {ff3399}Dono{33CCFF}] Riquelme_Emanuel: oi
[30/06/2021 - 14:54:38] - [CHAT ADMIN {ff3399}Aprendiz{33CCFF}] Fumassa: EI PQ SE N DAR CARGO 2 PRA NOIS
[30/06/2021 - 14:54:45] - [CHAT ADMIN {ff3399}Dono{33CCFF}] Riquelme_Emanuel: VG
[30/06/2021 - 14:54:49] - [CHAT ADMIN {ff3399}Aprendiz{33CCFF}] Fumassa: PRA PODER DAR CADEIA
[30/06/2021 - 14:56:13] - [CHAT ADMIN {ff3399}Aprendiz{33CCFF}] Fumassa: agora so tem adm on kkkkk
[30/06/2021 - 14:56:47] - [CHAT ADMIN {ff3399}Aprendiz{33CCFF}] Fumassa: VUCTOR
[30/06/2021 - 14:57:02] - [CHAT ADMIN {ff3399}Aprendiz{33CCFF}] Fumassa: SO PODE DAR /KICK PIR AFK SE FOR 2 MINUTOS PRA CIMA POW
[30/06/2021 - 14:57:30] - [CHAT ADMIN {ff3399}Aprendiz{33CCFF}] Kauan_Santos: fumassa tava fazendo PG ;-; 
[30/06/2021 - 14:57:50] - [CHAT ADMIN {ff3399}Aprendiz{33CCFF}] Kauan_Santos: Victor ta de prova kkkkkkkkkk
[30/06/2021 - 14:57:51] - [CHAT ADMIN {ff3399}Aprendiz{33CCFF}] Fumassa: GARAY RIQUELME 70kk no banco 22kk na mao socio vish e ele ns
[30/06/2021 - 14:58:07] - [CHAT ADMIN {ff3399}Aprendiz{33CCFF}] Fumassa: PG?
[30/06/2021 - 14:58:11] - [CHAT ADMIN {ff3399}Aprendiz{33CCFF}] Kauan_Santos: como manda o cara pro spawn?
[30/06/2021 - 14:58:19] - [CHAT ADMIN {ff3399}Aprendiz{33CCFF}] Fumassa: /SETTIME ID
[30/06/2021 - 15:02:44] - [CHAT ADMIN {ff3399}Aprendiz{33CCFF}] Fumassa: ACABA E EU QUE FACO PG NE ;-;
[30/06/2021 - 15:02:50] - [CHAT ADMIN {ff3399}Aprendiz{33CCFF}] Kauan_Santos: ;-;
[30/06/2021 - 15:03:03] - [CHAT ADMIN {ff3399}Aprendiz{33CCFF}] Fumassa: NEM PULEI DE MOTANHA POW
[30/06/2021 - 15:03:19] - [CHAT ADMIN {ff3399}Aprendiz{33CCFF}] Fumassa: MAIS TLGD QUE SE PRECISAR
[30/06/2021 - 15:03:29] - [CHAT ADMIN {ff3399}Aprendiz{33CCFF}] Fumassa: NOS VIRA VELOZEZ E FURIOSOS
[30/06/2021 - 15:03:32] - [CHAT ADMIN {ff3399}Aprendiz{33CCFF}] Kauan_Santos: kkk
[30/06/2021 - 15:03:47] - [CHAT ADMIN {ff3399}Aprendiz{33CCFF}] Fumassa: TO FALANO MANO ATE MORRO NOIS PULA O STEVE
[30/06/2021 - 15:04:12] - [CHAT ADMIN {ff3399}Aprendiz{33CCFF}] Fumassa: ;-;
[30/06/2021 - 15:05:36] - [CHAT ADMIN {ff3399}Aprendiz{33CCFF}] Fumassa: PARA DE FLOD
[30/06/2021 - 15:05:41] - [CHAT ADMIN {ff3399}Aprendiz{33CCFF}] Fumassa: KKKKKKKKKKKK
[30/06/2021 - 15:05:50] - [CHAT ADMIN {ff3399}Aprendiz{33CCFF}] Kauan_Santos: kkkk eunao to caindo nao kkkk
[30/06/2021 - 15:06:08] - [CHAT ADMIN {ff3399}Aprendiz{33CCFF}] Fumassa: POW ID 1 FAZENDO RP CERTIN
[30/06/2021 - 15:06:14] - [CHAT ADMIN {ff3399}Aprendiz{33CCFF}] Kauan_Santos: kkkk
[30/06/2021 - 15:06:16] - [CHAT ADMIN {ff3399}Aprendiz{33CCFF}] Fumassa: TRABALHANDO DE LIXEIRO 
[30/06/2021 - 15:06:19] - [CHAT ADMIN {ff3399}Aprendiz{33CCFF}] Fumassa: ;-;
[30/06/2021 - 15:06:52] - [CHAT ADMIN {ff3399}Aprendiz{33CCFF}] Kauan_Santos: caramba vey e mermo
[30/06/2021 - 15:07:17] - [CHAT ADMIN {ff3399}Aprendiz{33CCFF}] Kauan_Santos: kkkk vou da uma ajuda pa ele vou da 100k  da minha conta do banco
[30/06/2021 - 15:07:23] - [CHAT ADMIN {ff3399}Aprendiz{33CCFF}] Fumassa: N PODE
[30/06/2021 - 15:07:27] - [CHAT ADMIN {ff3399}Aprendiz{33CCFF}] Fumassa: N PODE POW
[30/06/2021 - 15:07:30] - [CHAT ADMIN {ff3399}Aprendiz{33CCFF}] Kauan_Santos: ata
[30/06/2021 - 15:07:45] - [CHAT ADMIN {ff3399}Aprendiz{33CCFF}] Kauan_Santos: mas e da minha conta bamcaria
[30/06/2021 - 15:08:00] - [CHAT ADMIN {ff3399}Aprendiz{33CCFF}] Fumassa: E PQ O RIQUELME FALO QUE NP PDE
[30/06/2021 - 15:08:08] - [CHAT ADMIN {ff3399}Aprendiz{33CCFF}] Fumassa: SE N ACABA A ECONOMIA DO SV
[30/06/2021 - 15:08:10] - [CHAT ADMIN {ff3399}Aprendiz{33CCFF}] Kauan_Santos: ata
[30/06/2021 - 15:08:15] - [CHAT ADMIN {ff3399}Aprendiz{33CCFF}] Fumassa: TODO MUNDO VAI TAR RICO
[30/06/2021 - 15:08:28] - [CHAT ADMIN {ff3399}Aprendiz{33CCFF}] Kauan_Santos: ;-;
[30/06/2021 - 15:08:57] - [CHAT ADMIN {ff3399}Aprendiz{33CCFF}] Fumassa: TU TA TV NELE ;-;
[30/06/2021 - 15:09:02] - [CHAT ADMIN {ff3399}Aprendiz{33CCFF}] Kauan_Santos: s
[30/06/2021 - 15:11:35] - [CHAT ADMIN {ff3399}Aprendiz{33CCFF}] Fumassa: EI
[30/06/2021 - 15:11:38] - [CHAT ADMIN {ff3399}Aprendiz{33CCFF}] Fumassa: E SE
[30/06/2021 - 15:11:40] - [CHAT ADMIN {ff3399}Aprendiz{33CCFF}] Kauan_Santos: oi
[30/06/2021 - 15:11:51] - [CHAT ADMIN {ff3399}Aprendiz{33CCFF}] Fumassa: NOIS IR PRA LS E DA /TRAZER NELE?
[30/06/2021 - 15:11:59] - [CHAT ADMIN {ff3399}Aprendiz{33CCFF}] Fumassa: K
[30/06/2021 - 15:14:25] - [CHAT ADMIN {ff3399}Aprendiz{33CCFF}] Kauan_Santos: ;-;
[30/06/2021 - 15:24:45] - [CHAT ADMIN {ff3399}Aprendiz{33CCFF}] Fumassa: SEJS TAO TV EM QUEM?
[30/06/2021 - 15:24:59] - [CHAT ADMIN {ff3399}Aprendiz{33CCFF}] Fumassa: FICA TV EM PESSOA DIFERENTE
[30/06/2021 - 15:30:04] - [CHAT ADMIN {ff3399}Aprendiz{33CCFF}] Fumassa: TO EM TURNO E VCS?
[30/06/2021 - 15:53:44] - [CHAT ADMIN {ff3399}Aprendiz{33CCFF}] Kauan_Santos: eae
[30/06/2021 - 15:53:58] - [CHAT ADMIN {ff3399}Fundador{33CCFF}] Vgzinn: opa
[30/06/2021 - 16:00:39] - [CHAT ADMIN {ff3399}Aprendiz{33CCFF}] Kauan_Santos: vg vem aq o texugo quer falar contigo
[30/06/2021 - 16:01:11] - [CHAT ADMIN {ff3399}Fundador{33CCFF}] Vgzinn: ocupado
[30/06/2021 - 16:01:32] - [CHAT ADMIN {ff3399}Aprendiz{33CCFF}] Kauan_Santos: o texugo disse que o MANDRAKA XINGOU ELE ;-;
[30/06/2021 - 16:22:21] - [CHAT ADMIN {ff3399}Aprendiz{33CCFF}] Fumassa: vgzin
[30/06/2021 - 16:22:38] - [CHAT ADMIN {ff3399}Aprendiz{33CCFF}] Fumassa: Esqueci de fala um bglh
[30/06/2021 - 16:22:52] - [CHAT ADMIN {ff3399}Aprendiz{33CCFF}] Fumassa: Tem um cara com 30kk n sei como
[30/06/2021 - 16:31:49] - [CHAT ADMIN {ff3399}Aprendiz{33CCFF}] Kauan_Santos: ;-;
[30/06/2021 - 16:33:31] - [CHAT ADMIN {ff3399}Aprendiz{33CCFF}] Kauan_Santos: TU GANHO UM VIP POR CAUSA DO SORTEIO
[30/06/2021 - 16:33:37] - [CHAT ADMIN {ff3399}Aprendiz{33CCFF}] Fumassa: ?
[30/06/2021 - 16:34:18] - [CHAT ADMIN {ff3399}Aprendiz{33CCFF}] Fumassa: ENTAO PQ VO GANHA DNV NO PROXIMO MES QUANDO VENCER?
[30/06/2021 - 16:34:43] - [CHAT ADMIN {ff3399}Aprendiz{33CCFF}] Kauan_Santos: TODOS OS ADM TEM DIREITO A UM VIP?
[30/06/2021 - 16:34:52] - [CHAT ADMIN {ff3399}Aprendiz{33CCFF}] Fumassa: UE
[30/06/2021 - 16:54:24] - [CHAT ADMIN {ff3399}Aprendiz{33CCFF}] Kauan_Santos: como tira procurado
[30/06/2021 - 16:56:26] - [CHAT ADMIN {ff3399}Aprendiz{33CCFF}] Fumassa: ei vg
[30/06/2021 - 16:56:35] - [CHAT ADMIN {ff3399}Aprendiz{33CCFF}] Kauan_Santos: QUE MERDA FOI ESSA
[30/06/2021 - 16:56:44] - [CHAT ADMIN {ff3399}Aprendiz{33CCFF}] Kauan_Santos: O BIXO ESPLODIU 
[30/06/2021 - 16:56:45] - [CHAT ADMIN {ff3399}Aprendiz{33CCFF}] Fumassa: FOI O VG
[30/06/2021 - 16:56:50] - [CHAT ADMIN {ff3399}Aprendiz{33CCFF}] Kauan_Santos: ATA KKKK
[30/06/2021 - 16:57:39] - [CHAT ADMIN {ff3399}Aprendiz{33CCFF}] Kauan_Santos: como tira prcurado do cara
[30/06/2021 - 16:58:11] - [CHAT ADMIN {ff3399}Aprendiz{33CCFF}] Fumassa: VO GRVAR COM O CARA N ATRPALHA
[30/06/2021 - 16:58:19] - [CHAT ADMIN {ff3399}Aprendiz{33CCFF}] Kauan_Santos: to aq de boa
[30/06/2021 - 16:58:29] - [CHAT ADMIN {ff3399}Aprendiz{33CCFF}] Kauan_Santos: so nao fica dando pt
[30/06/2021 - 16:59:04] - [CHAT ADMIN {ff3399}Aprendiz{33CCFF}] Fumassa: vg
[30/06/2021 - 16:59:28] - [CHAT ADMIN {ff3399}Aprendiz{33CCFF}] Fumassa: vgzin
[30/06/2021 - 16:59:59] - [CHAT ADMIN {ff3399}Fundador{33CCFF}] Vgzinn: q
[30/06/2021 - 17:00:40] - [CHAT ADMIN {ff3399}Aprendiz{33CCFF}] Fumassa: LIMPA CHAT
[30/06/2021 - 17:01:22] - [CHAT ADMIN {ff3399}Aprendiz{33CCFF}] Fumassa: VGZIN
[30/06/2021 - 17:01:27] - [CHAT ADMIN {ff3399}Fundador{33CCFF}] Vgzinn: q
[30/06/2021 - 17:01:34] - [CHAT ADMIN {ff3399}Aprendiz{33CCFF}] Fumassa: PUXA UM INFERNUS
[30/06/2021 - 17:01:41] - [CHAT ADMIN {ff3399}Aprendiz{33CCFF}] Fumassa: O CARA QUE FAZER INTRO
[30/06/2021 - 17:03:59] - [CHAT ADMIN {ff3399}Aprendiz{33CCFF}] Natan_Insane: QUASE TODOS DO JOGO E ADM KKKK
[30/06/2021 - 17:06:21] - [CHAT ADMIN {ff3399}Aprendiz{33CCFF}] Fumassa: ESSE CARA EXIGE EM
[30/06/2021 - 17:06:28] - [CHAT ADMIN {ff3399}Aprendiz{33CCFF}] Kauan_Santos: qm?
[30/06/2021 - 17:06:31] - [CHAT ADMIN {ff3399}Aprendiz{33CCFF}] Fumassa: KKKKKKK
[30/06/2021 - 17:06:33] - [CHAT ADMIN {ff3399}Aprendiz{33CCFF}] Natan_Insane: QUE[
[30/06/2021 - 17:06:55] - [CHAT ADMIN {ff3399}Fundador{33CCFF}] Vgzinn: puxa nn
[30/06/2021 - 17:07:07] - [CHAT ADMIN {ff3399}Aprendiz{33CCFF}] Fumassa: ;-;
[30/06/2021 - 17:07:08] - [CHAT ADMIN {ff3399}Fundador{33CCFF}] Vgzinn: pensei q o carro suminh
[30/06/2021 - 17:07:19] - [CHAT ADMIN {ff3399}Aprendiz{33CCFF}] Natan_Insane: KKK
[30/06/2021 - 17:08:32] - [CHAT ADMIN {ff3399}Aprendiz{33CCFF}] Fumassa: o infernus vg
[30/06/2021 - 17:08:44] - [CHAT ADMIN {ff3399}Aprendiz{33CCFF}] Kauan_Santos: ?
[30/06/2021 - 17:09:41] - [CHAT ADMIN {ff3399}Aprendiz{33CCFF}] Fumassa: kkkkkk
[30/06/2021 - 17:09:44] - [CHAT ADMIN {ff3399}Aprendiz{33CCFF}] Natan_Insane: KKKK
[30/06/2021 - 17:09:56] - [CHAT ADMIN {ff3399}Aprendiz{33CCFF}] Fumassa: BEM RP NE VG KKKKKK 
[30/06/2021 - 17:09:59] - [CHAT ADMIN {ff3399}Fundador{33CCFF}] Vgzinn: para de repawnnnnn
[30/06/2021 - 17:10:19] - [CHAT ADMIN {ff3399}Aprendiz{33CCFF}] Natan_Insane: VG ADM NAO TEM RP JE
[30/06/2021 - 17:11:13] - [CHAT ADMIN {ff3399}Aprendiz{33CCFF}] Fumassa: VGZIN
[30/06/2021 - 17:11:16] - [CHAT ADMIN {ff3399}Fundador{33CCFF}] Vgzinn: opa
[30/06/2021 - 17:11:21] - [CHAT ADMIN {ff3399}Aprendiz{33CCFF}] Natan_Insane: VG ADM NAO TEM RP NE
[30/06/2021 - 17:11:24] - [CHAT ADMIN {ff3399}Aprendiz{33CCFF}] Fumassa: COMO ARRUMA UMA ARARA DESSAS AI KKK
[30/06/2021 - 17:11:38] - [CHAT ADMIN {ff3399}Fundador{33CCFF}] Vgzinn: se tiver trabahando n
[30/06/2021 - 17:11:38] - [CHAT ADMIN {ff3399}Aprendiz{33CCFF}] Natan_Insane: E ACC
[30/06/2021 - 17:11:50] - [CHAT ADMIN {ff3399}Aprendiz{33CCFF}] Natan_Insane: ARARA E ACC NE VG
[30/06/2021 - 17:11:59] - [CHAT ADMIN {ff3399}Fundador{33CCFF}] Vgzinn: ?
[30/06/2021 - 17:12:01] - [CHAT ADMIN {ff3399}Aprendiz{33CCFF}] Natan_Insane: ACHO QUE SO PC CONSEGUE
[30/06/2021 - 17:12:22] - [CHAT ADMIN {ff3399}Aprendiz{33CCFF}] Natan_Insane: A ARARA E ACESORIO
[30/06/2021 - 17:12:23] - [CHAT ADMIN {ff3399}Aprendiz{33CCFF}] Fumassa: EU CONSIGO BOTAR ACC ;-;
[30/06/2021 - 17:12:46] - [CHAT ADMIN {ff3399}Aprendiz{33CCFF}] Fumassa: sumio
[30/06/2021 - 17:12:50] - [CHAT ADMIN {ff3399}Aprendiz{33CCFF}] Fumassa: sumio vg
[30/06/2021 - 17:12:59] - [CHAT ADMIN {ff3399}Aprendiz{33CCFF}] Fumassa: SETA NO MEU INV POW DPS CE TIRA
[30/06/2021 - 17:13:54] - [CHAT ADMIN {ff3399}Fundador{33CCFF}] Vgzinn: setei pra tu fumassa
[30/06/2021 - 17:13:59] - [CHAT ADMIN {ff3399}Fundador{33CCFF}] Vgzinn: depois devolve
[30/06/2021 - 17:15:00] - [CHAT ADMIN {ff3399}Aprendiz{33CCFF}] Fumassa: O VGZIN
[30/06/2021 - 17:15:11] - [CHAT ADMIN {ff3399}Aprendiz{33CCFF}] Fumassa: SETA INFERNUS OU SLA NRG 
[30/06/2021 - 17:15:59] - [CHAT ADMIN {ff3399}Fundador{33CCFF}] Vgzinn: setei jaaa
[30/06/2021 - 17:21:41] - [CHAT ADMIN {ff3399}Aprendiz{33CCFF}] Fumassa: JA SAIO O VIDEO 
[30/06/2021 - 17:21:50] - [CHAT ADMIN {ff3399}Aprendiz{33CCFF}] Fumassa: OQUE GRAVEI HJ COM O ROMA
[30/06/2021 - 17:22:01] - [CHAT ADMIN {ff3399}Aprendiz{33CCFF}] Fumassa: SAIO LA VAO LA VER
[30/06/2021 - 17:24:23] - [CHAT ADMIN {ff3399}Aprendiz{33CCFF}] Fumassa: VGZIN
[30/06/2021 - 17:24:36] - [CHAT ADMIN {ff3399}Aprendiz{33CCFF}] Fumassa: QUANDO VAI CRIAR O CANAL DO BVL ?
[30/06/2021 - 17:25:32] - [CHAT ADMIN {ff3399}Aprendiz{33CCFF}] Kauan_Santos: como sobe cargo de membro org?
[30/06/2021 - 17:25:44] - [CHAT ADMIN {ff3399}Aprendiz{33CCFF}] Fumassa: /PROMOVER ID CARGO
[30/06/2021 - 17:25:45] - [CHAT ADMIN {ff3399}Fundador{33CCFF}] Vgzinn: /promover
[30/06/2021 - 17:42:53] - [CHAT ADMIN {ff3399}Fundador{33CCFF}] Vgzinn: foi?
[30/06/2021 - 18:15:09] - [CHAT ADMIN {ff3399}Aprendiz{33CCFF}] Kauan_Santos: tava bugado no chao
[30/06/2021 - 18:16:44] - [CHAT ADMIN {ff3399}Aprendiz{33CCFF}] Fumassa: OU VGZIN DA RC
[30/06/2021 - 18:18:02] - [CHAT ADMIN {ff3399}Aprendiz{33CCFF}] Fumassa: VGZIN
[30/06/2021 - 18:18:07] - [CHAT ADMIN {ff3399}Aprendiz{33CCFF}] Natan_Insane: RC
[30/06/2021 - 18:40:15] - [CHAT ADMIN {ff3399}Aprendiz{33CCFF}] Fumassa: O VGZIN
[30/06/2021 - 18:40:34] - [CHAT ADMIN {ff3399}Fundador{33CCFF}] Vgzinn: hm
[30/06/2021 - 18:40:42] - [CHAT ADMIN {ff3399}Aprendiz{33CCFF}] Fumassa: O CARA FAZER CONTRATO
[30/06/2021 - 18:40:49] - [CHAT ADMIN {ff3399}Aprendiz{33CCFF}] Fumassa: NOIS TANDK EM MAIS
[30/06/2021 - 18:40:52] - [CHAT ADMIN {ff3399}Aprendiz{33CCFF}] Fumassa: E NS NE
[30/06/2021 - 18:41:04] - [CHAT ADMIN {ff3399}Aprendiz{33CCFF}] Fumassa: ELE CHEGOU SOZIN PRA NOS MATAR
[30/06/2021 - 18:41:08] - [CHAT ADMIN {ff3399}Fundador{33CCFF}] Vgzinn: fala portuga se n n da pra entender
[30/06/2021 - 18:41:15] - [CHAT ADMIN {ff3399}Aprendiz{33CCFF}] Fumassa: ELE CHEGOU SOZIN PRA NOS MATAR
[30/06/2021 - 18:41:23] - [CHAT ADMIN {ff3399}Aprendiz{33CCFF}] Fumassa: E NS NE?
[30/06/2021 - 18:41:29] - [CHAT ADMIN {ff3399}Fundador{33CCFF}] Vgzinn: seis tava em quantos?
[30/06/2021 - 18:41:33] - [CHAT ADMIN {ff3399}Aprendiz{33CCFF}] Fumassa: 3
[30/06/2021 - 18:41:36] - [CHAT ADMIN {ff3399}Aprendiz{33CCFF}] leandro_lara: TODO MUNDO VEM NO PIER PRA FASER UMA COMEMORACAO DO SERVIDOR
[30/06/2021 - 18:41:51] - [CHAT ADMIN {ff3399}Fundador{33CCFF}] Vgzinn: ele tava em 1 ne?
[30/06/2021 - 18:41:57] - [CHAT ADMIN {ff3399}Aprendiz{33CCFF}] Fumassa: SIM
[30/06/2021 - 18:42:00] - [CHAT ADMIN {ff3399}Fundador{33CCFF}] Vgzinn: ent é
[30/06/2021 - 18:42:00] - [CHAT ADMIN {ff3399}Aprendiz{33CCFF}] Fumassa: E APE
[30/06/2021 - 18:42:18] - [CHAT ADMIN {ff3399}Aprendiz{33CCFF}] Fumassa: DEI KICK NELE E TIREI PRINT
[30/06/2021 - 18:42:23] - [CHAT ADMIN {ff3399}Fundador{33CCFF}] Vgzinn: ok
[30/06/2021 - 18:42:28] - [CHAT ADMIN {ff3399}Aprendiz{33CCFF}] Natan_Insane: TBM TIREI
[30/06/2021 - 18:42:30] - [CHAT ADMIN {ff3399}Aprendiz{33CCFF}] Fumassa: EI
[30/06/2021 - 18:42:38] - [CHAT ADMIN {ff3399}Aprendiz{33CCFF}] Fumassa: ME ARRUMA UMA ARARA KKK
[30/06/2021 - 18:42:42] - [CHAT ADMIN {ff3399}Fundador{33CCFF}] Vgzinn: no
[30/06/2021 - 18:42:46] - [CHAT ADMIN {ff3399}Aprendiz{33CCFF}] Natan_Insane: KKKK
[30/06/2021 - 18:42:49] - [CHAT ADMIN {ff3399}Aprendiz{33CCFF}] Fumassa: DA RC ENTAO KKK
[30/06/2021 - 18:43:37] - [CHAT ADMIN {ff3399}Aprendiz{33CCFF}] Natan_Insane: DA RC AI
[30/06/2021 - 18:44:46] - [CHAT ADMIN {ff3399}Aprendiz{33CCFF}] Natan_Insane: DA RC AI
[30/06/2021 - 18:50:59] - [CHAT ADMIN {ff3399}Aprendiz{33CCFF}] Natan_Insane: POSSO N
[30/06/2021 - 18:54:34] - [CHAT ADMIN {ff3399}Aprendiz{33CCFF}] Fumassa: VGZIJ
[30/06/2021 - 18:54:45] - [CHAT ADMIN {ff3399}Aprendiz{33CCFF}] Fumassa: SE TIGER ARMA NA CARA PODE REAGIR N NE?,
[30/06/2021 - 18:55:09] - [CHAT ADMIN {ff3399}Aprendiz{33CCFF}] Fumassa: O KIRA TAVA ARMA NA CARA E ME MATO ERA E O MAIS OTO ASSALTANDO ELE
[30/06/2021 - 18:59:41] - [CHAT ADMIN {ff3399}Aprendiz{33CCFF}] Fumassa: VGZIN
[30/06/2021 - 20:05:55] - [CHAT ADMIN {ff3399}Fundador{33CCFF}] Vgzinn: ta tento auxilio
[30/06/2021 - 20:05:59] - [CHAT ADMIN {ff3399}Fundador{33CCFF}] Vgzinn: n faz agr
[30/06/2021 - 20:10:37] - [CHAT ADMIN {ff3399}Aprendiz{33CCFF}] leandro_lara: cuida ai man
[30/06/2021 - 20:10:44] - [CHAT ADMIN {ff3399}Fundador{33CCFF}] Vgzinn: rlx KKKKK
[30/06/2021 - 20:10:47] - [CHAT ADMIN {ff3399}Aprendiz{33CCFF}] leandro_lara: TA ROLANDO TIRO KSSSSKS
[30/06/2021 - 20:13:10] - [CHAT ADMIN {ff3399}Fundador{33CCFF}] Vgzinn: KKKKKKKKKKKKKKK
[30/06/2021 - 20:13:12] - [CHAT ADMIN {ff3399}Dono{33CCFF}] Riquelme_Emanuel: sfd,porra
[30/06/2021 - 20:13:15] - [CHAT ADMIN {ff3399}Aprendiz{33CCFF}] Fumassa: KKKK
[30/06/2021 - 20:13:23] - [CHAT ADMIN {ff3399}Aprendiz{33CCFF}] Fumassa: O VGZIN
[30/06/2021 - 20:13:24] - [CHAT ADMIN {ff3399}Fundador{33CCFF}] Vgzinn: KKKKKKKKKKKKKKK
[30/06/2021 - 20:13:41] - [CHAT ADMIN {ff3399}Aprendiz{33CCFF}] Fumassa: PODE DAR,AQUELE BGLH DE RESPAW KRG
[30/06/2021 - 20:13:46] - [CHAT ADMIN {ff3399}Aprendiz{33CCFF}] Fumassa: PODE DAR,AQUELE BGLH DE RESPAW ORG
[30/06/2021 - 20:13:49] - [CHAT ADMIN {ff3399}Aprendiz{33CCFF}] Fumassa: PODE DAR,AQUELE BGLH DE RESPAW ORG?
[30/06/2021 - 20:13:57] - [CHAT ADMIN {ff3399}Fundador{33CCFF}] Vgzinn: se floda vou te uma martelada
[30/06/2021 - 20:14:03] - [CHAT ADMIN {ff3399}Fundador{33CCFF}] Vgzinn: qual org
[30/06/2021 - 20:14:27] - [CHAT ADMIN {ff3399}Dono{33CCFF}] Riquelme_Emanuel: mdssss
[30/06/2021 - 20:14:32] - [CHAT ADMIN {ff3399}Fundador{33CCFF}] Vgzinn: KKKKKKKKKKKKKKKKKKKKKKK
[30/06/2021 - 20:14:41] - [CHAT ADMIN {ff3399}Aprendiz{33CCFF}] Fumassa: O DA LOJA,VIP
[30/06/2021 - 20:14:41] - [CHAT ADMIN {ff3399}Fundador{33CCFF}] Vgzinn: se n consegue
[30/06/2021 - 20:14:44] - [CHAT ADMIN {ff3399}Dono{33CCFF}] Riquelme_Emanuel: nossa hahahaha humor
[30/06/2021 - 20:14:48] - [CHAT ADMIN {ff3399}Fundador{33CCFF}] Vgzinn: mito
[30/06/2021 - 20:14:55] - [CHAT ADMIN {ff3399}Fundador{33CCFF}] Vgzinn: acho q consegue
[30/06/2021 - 20:14:55] - [CHAT ADMIN {ff3399}Aprendiz{33CCFF}] Fumassa: N CONSIGO DA RC VGZIN
[30/06/2021 - 20:15:00] - [CHAT ADMIN {ff3399}Fundador{33CCFF}] Vgzinn: da /rc
[30/06/2021 - 20:15:04] - [CHAT ADMIN {ff3399}Aprendiz{33CCFF}] Fumassa: N VAI
[30/06/2021 - 20:15:10] - [CHAT ADMIN {ff3399}Fundador{33CCFF}] Vgzinn: ent se n consegue
[30/06/2021 - 20:15:12] - [CHAT ADMIN {ff3399}Aprendiz{33CCFF}] Fumassa: N TENHO PERMISSAO
[30/06/2021 - 20:15:18] - [CHAT ADMIN {ff3399}Fundador{33CCFF}] Vgzinn: ent se n consegue
[30/06/2021 - 20:15:19] - [CHAT ADMIN {ff3399}Fundador{33CCFF}] Vgzinn: ent se n consegue
[30/06/2021 - 20:15:20] - [CHAT ADMIN {ff3399}Fundador{33CCFF}] Vgzinn: ent se n consegue
[30/06/2021 - 20:15:20] - [CHAT ADMIN {ff3399}Fundador{33CCFF}] Vgzinn: ent se n consegue
[30/06/2021 - 20:15:32] - [CHAT ADMIN {ff3399}Aprendiz{33CCFF}] Fumassa: SE FOSSE CARGO 2 ACHO QUE DAVA
[30/06/2021 - 20:16:14] - [CHAT ADMIN {ff3399}Aprendiz{33CCFF}] Fumassa: UE
[30/06/2021 - 21:03:28] - [CHAT ADMIN {ff3399}Aprendiz{33CCFF}] Terrorista_Mobile: vacilou em fumassa kkkk
[30/06/2021 - 21:03:34] - [CHAT ADMIN {ff3399}Aprendiz{33CCFF}] Fumassa: oque?
[30/06/2021 - 21:03:46] - [CHAT ADMIN {ff3399}Aprendiz{33CCFF}] Terrorista_Mobile: ser tu tivesse jogando ia ser fuga
[30/06/2021 - 21:04:08] - [CHAT ADMIN {ff3399}Aprendiz{33CCFF}] Fumassa: NA VDD NEM VI O NOME
[30/06/2021 - 21:04:13] - [CHAT ADMIN {ff3399}Aprendiz{33CCFF}] Fumassa: IA DAR KICK
[30/06/2021 - 21:04:21] - [CHAT ADMIN {ff3399}Aprendiz{33CCFF}] Fumassa: POR PTR SOLO DE VTR ;-;
[30/06/2021 - 21:04:28] - [CHAT ADMIN {ff3399}Aprendiz{33CCFF}] Terrorista_Mobile: eles tava em dois ;-;
[30/06/2021 - 21:04:43] - [CHAT ADMIN {ff3399}Aprendiz{33CCFF}] Terrorista_Mobile: to telando eles
[30/06/2021 - 21:04:49] - [CHAT ADMIN {ff3399}Aprendiz{33CCFF}] Fumassa: ata
[30/06/2021 - 21:08:21] - [CHAT ADMIN {ff3399}Aprendiz{33CCFF}] Terrorista_Mobile: esse id 5 ptr solo
[30/06/2021 - 21:13:56] - [CHAT ADMIN {ff3399}Aprendiz{33CCFF}] Terrorista_Mobile: ant cheat ta bugado?
[30/06/2021 - 21:13:59] - [CHAT ADMIN {ff3399}Aprendiz{33CCFF}] Fumassa: N
[30/06/2021 - 21:14:04] - [CHAT ADMIN {ff3399}Fundador{33CCFF}] Vgzinn: pq ele n tem porte
[30/06/2021 - 21:14:11] - [CHAT ADMIN {ff3399}Aprendiz{33CCFF}] Fumassa: MDS
[30/06/2021 - 21:14:22] - [CHAT ADMIN {ff3399}Fundador{33CCFF}] Vgzinn: e normal
[30/06/2021 - 21:14:30] - [CHAT ADMIN {ff3399}Aprendiz{33CCFF}] Fumassa: ANT CHEAT N AFIRMA QUE ELE TA N POW
[30/06/2021 - 21:14:41] - [CHAT ADMIN {ff3399}Aprendiz{33CCFF}] Fumassa: NE NAO VY
[30/06/2021 - 21:14:52] - [CHAT ADMIN {ff3399}Fundador{33CCFF}] Vgzinn: quer saber mais q eu?
[30/06/2021 - 21:14:55] - [CHAT ADMIN {ff3399}Fundador{33CCFF}] Vgzinn: tmnc
[30/06/2021 - 21:15:05] - [CHAT ADMIN {ff3399}Fundador{33CCFF}] Vgzinn: leva ele la
[30/06/2021 - 21:15:05] - [CHAT ADMIN {ff3399}Aprendiz{33CCFF}] Fumassa: K
[30/06/2021 - 21:15:16] - [CHAT ADMIN {ff3399}Fundador{33CCFF}] Vgzinn: e faala pra ele puxa a arma dps q tem o porte
[30/06/2021 - 21:16:02] - [CHAT ADMIN {ff3399}Aprendiz{33CCFF}] Fumassa: ELE N TEM NENHUMA LICENCA ;-;
[30/06/2021 - 21:20:58] - [CHAT ADMIN {ff3399}Aprendiz{33CCFF}] Fumassa: O VGZIN
[30/06/2021 - 21:30:18] - [CHAT ADMIN {ff3399}Fundador{33CCFF}] Vgzinn: N FALA ND
[30/06/2021 - 21:30:23] - [CHAT ADMIN {ff3399}Fundador{33CCFF}] Vgzinn: SO TELA
[30/06/2021 - 21:30:27] - [CHAT ADMIN {ff3399}Aprendiz{33CCFF}] Fumassa: OK
[30/06/2021 - 21:30:38] - [CHAT ADMIN {ff3399}Aprendiz{33CCFF}] Fumassa: EI
[30/06/2021 - 21:31:44] - [CHAT ADMIN {ff3399}Fundador{33CCFF}] Vgzinn: ops
[30/06/2021 - 21:31:50] - [CHAT ADMIN {ff3399}Aprendiz{33CCFF}] Fumassa: ;-
[30/06/2021 - 21:31:51] - [CHAT ADMIN {ff3399}Aprendiz{33CCFF}] Terrorista_Mobile: kkkkkkkk
[30/06/2021 - 21:32:43] - [CHAT ADMIN {ff3399}Aprendiz{33CCFF}] Fumassa: VGZIN SO TEM 682 DE DIN EN MAOS K
[30/06/2021 - 21:32:51] - [CHAT ADMIN {ff3399}Aprendiz{33CCFF}] Fumassa: E 2kk no banco
[30/06/2021 - 21:33:01] - [CHAT ADMIN {ff3399}Fundador{33CCFF}] Vgzinn: KKKKK
[30/06/2021 - 21:34:15] - [CHAT ADMIN {ff3399}Fundador{33CCFF}] Vgzinn: n fala mdsss
[30/06/2021 - 21:34:22] - [CHAT ADMIN {ff3399}Aprendiz{33CCFF}] Terrorista_Mobile: foi mal
[30/06/2021 - 21:34:27] - [CHAT ADMIN {ff3399}Aprendiz{33CCFF}] Fumassa: PQP KKKK
[30/06/2021 - 21:34:59] - [CHAT ADMIN {ff3399}Aprendiz{33CCFF}] Fumassa: UE
[30/06/2021 - 21:35:40] - [CHAT ADMIN {ff3399}Aprendiz{33CCFF}] Fumassa: VAO MATA ELE ;-;
[30/06/2021 - 21:35:46] - [CHAT ADMIN {ff3399}Fundador{33CCFF}] Vgzinn: contrato
[30/06/2021 - 21:42:16] - [CHAT ADMIN {ff3399}Aprendiz{33CCFF}] Terrorista_Mobile: 1  coxinha vs 2 hitmans
[30/06/2021 - 22:02:10] - [CHAT ADMIN {ff3399}Aprendiz{33CCFF}] Kauan_Santos: ;-;
[30/06/2021 - 22:08:08] - [CHAT ADMIN {ff3399}Dono{33CCFF}] Riquelme_Emanuel: q eles fizeram?
[30/06/2021 - 22:08:12] - [CHAT ADMIN {ff3399}Aprendiz{33CCFF}] Fumassa: ATP
[30/06/2021 - 22:08:17] - [CHAT ADMIN {ff3399}Dono{33CCFF}] Riquelme_Emanuel: onde
[30/06/2021 - 22:08:31] - [CHAT ADMIN {ff3399}Aprendiz{33CCFF}] Fumassa: SE METENDO EM ACAO
[30/06/2021 - 22:08:49] - [CHAT ADMIN {ff3399}Aprendiz{33CCFF}] Fumassa: OS PM JA TINHA MATADO OS CARA QUE ROUBARO O CAIXA
[30/06/2021 - 22:09:02] - [CHAT ADMIN {ff3399}Aprendiz{33CCFF}] Fumassa: AI ELES CHEGA E SE METE SENDO QUE N PODE
[30/06/2021 - 22:10:53] - [CHAT ADMIN {ff3399}Aprendiz{33CCFF}] Fumassa: SE TAVA TV RIQUELME
[30/06/2021 - 22:10:57] - [CHAT ADMIN {ff3399}Dono{33CCFF}] Riquelme_Emanuel: sim
[30/06/2021 - 22:10:58] - [CHAT ADMIN {ff3399}Aprendiz{33CCFF}] Fumassa: SE VIU
[30/06/2021 - 22:11:05] - [CHAT ADMIN {ff3399}Aprendiz{33CCFF}] Fumassa: DONADO POW
[30/06/2021 - 22:11:06] - [CHAT ADMIN {ff3399}Dono{33CCFF}] Riquelme_Emanuel: ia dar cadeia mas se deu kick antes
[30/06/2021 - 22:18:18] - [CHAT ADMIN {ff3399}Aprendiz{33CCFF}] Fumassa: VGZIJNN
[30/06/2021 - 22:18:25] - [CHAT ADMIN {ff3399}Aprendiz{33CCFF}] Fumassa: SE DEXO?
[30/06/2021 - 22:18:55] - [CHAT ADMIN {ff3399}Fundador{33CCFF}] Vgzinn: oq
[30/06/2021 - 22:19:02] - [CHAT ADMIN {ff3399}Aprendiz{33CCFF}] Fumassa: SE PERMITIO?
[30/06/2021 - 22:19:16] - [CHAT ADMIN {ff3399}Aprendiz{33CCFF}] Fumassa: TA NAS REGRA MANO N PODE POW
[30/06/2021 - 22:19:30] - [CHAT ADMIN {ff3399}Aprendiz{33CCFF}] Fumassa: VGZIN
[30/06/2021 - 22:19:35] - [CHAT ADMIN {ff3399}Fundador{33CCFF}] Vgzinn: permite oq porra
[30/06/2021 - 22:19:46] - [CHAT ADMIN {ff3399}Aprendiz{33CCFF}] Fumassa: OS DA HIT INVADIR A CV
[30/06/2021 - 22:20:00] - [CHAT ADMIN {ff3399}Aprendiz{33CCFF}] Fumassa: SEM AVISAR
[30/06/2021 - 22:20:02] - [CHAT ADMIN {ff3399}Fundador{33CCFF}] Vgzinn: se eles marca pode
[30/06/2021 - 22:20:08] - [CHAT ADMIN {ff3399}Fundador{33CCFF}] Vgzinn: nnnn
[30/06/2021 - 22:21:47] - [CHAT ADMIN {ff3399}Aprendiz{33CCFF}] Fumassa: VGZIN
[30/06/2021 - 22:22:17] - [CHAT ADMIN {ff3399}Aprendiz{33CCFF}] Fumassa: VGZIN OS BALLAS JA AGENDARO 
[30/06/2021 - 22:22:26] - [CHAT ADMIN {ff3399}Aprendiz{33CCFF}] Fumassa: E DAQUI 10 mn
[30/06/2021 - 22:22:29] - [CHAT ADMIN {ff3399}Fundador{33CCFF}] Vgzinn: que hrs?
[30/06/2021 - 22:22:32] - [CHAT ADMIN {ff3399}Aprendiz{33CCFF}] Fumassa: JAJA
[30/06/2021 - 22:22:40] - [CHAT ADMIN {ff3399}Aprendiz{33CCFF}] Fumassa: E O DELES TMB E AJAJ
[30/06/2021 - 22:22:40] - [CHAT ADMIN {ff3399}Fundador{33CCFF}] Vgzinn: a hit foi q hrs?
[30/06/2021 - 22:22:56] - [CHAT ADMIN {ff3399}Aprendiz{33CCFF}] Fumassa: E JAJA
[30/06/2021 - 22:23:06] - [CHAT ADMIN {ff3399}Aprendiz{33CCFF}] Fumassa: DAQUI 10 mn
[30/06/2021 - 22:23:17] - [CHAT ADMIN {ff3399}Aprendiz{33CCFF}] Fumassa: O DO BALA TMB
[30/06/2021 - 22:23:25] - [CHAT ADMIN {ff3399}Aprendiz{33CCFF}] Fumassa: O VGZIN
[30/06/2021 - 22:23:33] - [CHAT ADMIN {ff3399}Fundador{33CCFF}] Vgzinn: da hitmans vai ser 22
[30/06/2021 - 22:23:37] - [CHAT ADMIN {ff3399}Aprendiz{33CCFF}] Fumassa: O KATCHAU FAZENDO OFENSA ADM
[30/06/2021 - 22:25:36] - [CHAT ADMIN {ff3399}Fundador{33CCFF}] Vgzinn: kd a ofensa?
[30/06/2021 - 22:25:42] - [CHAT ADMIN {ff3399}Aprendiz{33CCFF}] Fumassa: TENHO PRINT
[30/06/2021 - 22:25:50] - [CHAT ADMIN {ff3399}Aprendiz{33CCFF}] Fumassa: ELES SO PARA QUANDO TE VE
[30/06/2021 - 22:25:59] - [CHAT ADMIN {ff3399}Fundador{33CCFF}] Vgzinn: manda
[30/06/2021 - 22:26:08] - [CHAT ADMIN {ff3399}Aprendiz{33CCFF}] Fumassa: FICA SO FALANDO QUE SOU MERDINHA MANDANDO TMNC
[30/06/2021 - 22:29:55] - [CHAT ADMIN {ff3399}Aprendiz{33CCFF}] Fumassa: TA VEND VGZIN
[30/06/2021 - 22:30:05] - [CHAT ADMIN {ff3399}Aprendiz{33CCFF}] Fumassa: ELES TEM RESPEIYO N
[30/06/2021 - 22:30:14] - [CHAT ADMIN {ff3399}Dono{33CCFF}] Riquelme_Emanuel: fizeram oq?
[30/06/2021 - 22:30:16] - [CHAT ADMIN {ff3399}Aprendiz{33CCFF}] Fumassa: XINGANDO NO /BP
[30/06/2021 - 22:30:48] - [CHAT ADMIN {ff3399}Dono{33CCFF}] Riquelme_Emanuel: e foda assim em denuncia la 
[30/06/2021 - 22:35:45] - [CHAT ADMIN {ff3399}Aprendiz{33CCFF}] Fumassa: VG SE VIO O VIDEO LA
[30/06/2021 - 23:01:27] - [CHAT ADMIN {ff3399}Aprendiz{33CCFF}] Kauan_Santos: OU O KIRA E O JOAO QUER IR LA
[30/06/2021 - 23:01:35] - [CHAT ADMIN {ff3399}Aprendiz{33CCFF}] Kauan_Santos: FALEI Q EU NAO OA
[30/06/2021 - 23:01:38] - [CHAT ADMIN {ff3399}Aprendiz{33CCFF}] Kauan_Santos: FALEI Q EU NAO IA
[30/06/2021 - 23:01:48] - [CHAT ADMIN {ff3399}Fundador{33CCFF}] Vgzinn: tem q ter 4 pra defender
[30/06/2021 - 23:09:31] - [CHAT ADMIN {ff3399}Aprendiz{33CCFF}] Kauan_Santos: vg tem nem como os pm trocar com os cara
[30/06/2021 - 23:09:39] - [CHAT ADMIN {ff3399}Aprendiz{33CCFF}] Kauan_Santos: so o q tem e hit
[30/06/2021 - 23:16:35] - [CHAT ADMIN {ff3399}Aprendiz{33CCFF}] Fumassa: VGZIN
[30/06/2021 - 23:16:41] - [CHAT ADMIN {ff3399}Fundador{33CCFF}] Vgzinn: opa
[30/06/2021 - 23:16:49] - [CHAT ADMIN {ff3399}Aprendiz{33CCFF}] Fumassa: da /ver 0
[30/06/2021 - 23:16:56] - [CHAT ADMIN {ff3399}Aprendiz{33CCFF}] Fumassa: O CARA COM 16kk
[30/06/2021 - 23:17:15] - [CHAT ADMIN {ff3399}Fundador{33CCFF}] Vgzinn: rlx ja avisei foi na loterica
[30/06/2021 - 23:17:29] - [CHAT ADMIN {ff3399}Fundador{33CCFF}] Vgzinn: quando eu att vou tirar um pouco
[30/06/2021 - 23:27:38] - [CHAT ADMIN {ff3399}Aprendiz{33CCFF}] Fumassa: PODE ASSATAR COM ALIANCA?
[30/06/2021 - 23:27:46] - [CHAT ADMIN {ff3399}Fundador{33CCFF}] Vgzinn: pode
[30/06/2021 - 23:27:50] - [CHAT ADMIN {ff3399}Aprendiz{33CCFF}] Fumassa: ok
[30/06/2021 - 23:32:55] - [CHAT ADMIN {ff3399}Aprendiz{33CCFF}] Terrorista_Mobile: pode afk na cadeia?
[30/06/2021 - 23:33:02] - [CHAT ADMIN {ff3399}Aprendiz{33CCFF}] Fumassa: n
[30/06/2021 - 23:33:10] - [CHAT ADMIN {ff3399}Aprendiz{33CCFF}] Fumassa: DA KICK 1/3
[30/06/2021 - 23:33:19] - [CHAT ADMIN {ff3399}Aprendiz{33CCFF}] Terrorista_Mobile: ele saiu do afk
[30/06/2021 - 23:33:41] - [CHAT ADMIN {ff3399}Aprendiz{33CCFF}] Terrorista_Mobile: pqp
[30/06/2021 - 23:34:01] - [CHAT ADMIN {ff3399}Aprendiz{33CCFF}] Terrorista_Mobile: escrevi rapidao q ate nao vi direito
[30/06/2021 - 23:34:15] - [CHAT ADMIN {ff3399}Aprendiz{33CCFF}] Terrorista_Mobile: e quantos minutos pra dar kick na cadeia?
[30/06/2021 - 23:49:50] - [CHAT ADMIN {ff3399}Aprendiz{33CCFF}] Terrorista_Mobile: como responde duvida?
[01/07/2021 - 00:22:53] - [CHAT ADMIN {ff3399}Aprendiz{33CCFF}] Terrorista_Mobile: esse jc04 e pc?
[01/07/2021 - 00:29:37] - [CHAT ADMIN {ff3399}Aprendiz{33CCFF}] Terrorista_Mobile: vai participar da acao?
[01/07/2021 - 00:34:41] - [CHAT ADMIN {ff3399}Aprendiz{33CCFF}] Terrorista_Mobile: kaua
[01/07/2021 - 00:34:48] - [CHAT ADMIN {ff3399}Aprendiz{33CCFF}] Terrorista_Mobile: kaua
[01/07/2021 - 00:40:16] - [CHAT ADMIN {ff3399}Aprendiz{33CCFF}] Kauan_Santos: aee
[01/07/2021 - 00:46:22] - [CHAT ADMIN {ff3399}Aprendiz{33CCFF}] Kauan_Santos: serve lagado
[01/07/2021 - 00:46:32] - [CHAT ADMIN {ff3399}Fundador{33CCFF}] Vgzinn: ta normal
[01/07/2021 - 00:46:33] - [CHAT ADMIN {ff3399}Aprendiz{33CCFF}] Terrorista_Mobile: pensei q e minha net
[01/07/2021 - 00:46:55] - [CHAT ADMIN {ff3399}Fundador{33CCFF}] Vgzinn: a host ta com o site bugado mais e norma
[01/07/2021 - 00:48:55] - [CHAT ADMIN {ff3399}Aprendiz{33CCFF}] Terrorista_Mobile: ja vai ter a invasao?
[01/07/2021 - 00:49:34] - [CHAT ADMIN {ff3399}Aprendiz{33CCFF}] Terrorista_Mobile: olha nome do id 19 kkkkkk
[01/07/2021 - 00:51:47] - [CHAT ADMIN {ff3399}Aprendiz{33CCFF}] Terrorista_Mobile: cara achando q eu sou sagaz ;-;
[01/07/2021 - 00:52:21] - [CHAT ADMIN {ff3399}Aprendiz{33CCFF}] Kauan_Santos: nao consigo pegar
[01/07/2021 - 00:52:23] - [CHAT ADMIN {ff3399}Aprendiz{33CCFF}] Kauan_Santos: caixa
[01/07/2021 - 00:58:57] - [CHAT ADMIN {ff3399}Dono{33CCFF}] Riquelme_Emanuel: TA LAGADO DMS
[01/07/2021 - 00:59:20] - [CHAT ADMIN {ff3399}Fundador{33CCFF}] Vgzinn: eu tlgd 
[01/07/2021 - 01:05:52] - [CHAT ADMIN {ff3399}Fundador{33CCFF}] Vgzinn: e burro
[01/07/2021 - 01:05:57] - [CHAT ADMIN {ff3399}Aprendiz{33CCFF}] Terrorista_Mobile: ?
[01/07/2021 - 01:05:58] - [CHAT ADMIN {ff3399}Fundador{33CCFF}] Vgzinn: n epossivel
[01/07/2021 - 01:06:05] - [CHAT ADMIN {ff3399}Fundador{33CCFF}] Vgzinn: nem aviso o baiola da
[01/07/2021 - 01:06:14] - [CHAT ADMIN {ff3399}Fundador{33CCFF}] Vgzinn: pqp em riquilme
[01/07/2021 - 01:08:19] - [CHAT ADMIN {ff3399}Aprendiz{33CCFF}] Terrorista_Mobile: cara reagiu 2x1 pode?
[01/07/2021 - 01:08:26] - [CHAT ADMIN {ff3399}Dono{33CCFF}] Riquelme_Emanuel: NN
[01/07/2021 - 01:08:31] - [CHAT ADMIN {ff3399}Fundador{33CCFF}] Vgzinn: se n tiver rendido sim
[01/07/2021 - 01:11:08] - [CHAT ADMIN {ff3399}Aprendiz{33CCFF}] Terrorista_Mobile: dar cadeia no red
[01/07/2021 - 01:11:13] - [CHAT ADMIN {ff3399}Fundador{33CCFF}] Vgzinn: calma
[01/07/2021 - 01:11:14] - [CHAT ADMIN {ff3399}Fundador{33CCFF}] Vgzinn: calma
[01/07/2021 - 01:11:15] - [CHAT ADMIN {ff3399}Fundador{33CCFF}] Vgzinn: calma
[01/07/2021 - 01:11:16] - [CHAT ADMIN {ff3399}Fundador{33CCFF}] Vgzinn: calma
[01/07/2021 - 01:11:17] - [CHAT ADMIN {ff3399}Fundador{33CCFF}] Vgzinn: calma
[01/07/2021 - 01:12:07] - [CHAT ADMIN {ff3399}Fundador{33CCFF}] Vgzinn: da n eksksksk ele morreu msm
[01/07/2021 - 01:12:18] - [CHAT ADMIN {ff3399}Dono{33CCFF}] Riquelme_Emanuel: E VOLTO KKKK
[01/07/2021 - 01:12:22] - [CHAT ADMIN {ff3399}Aprendiz{33CCFF}] Terrorista_Mobile: NA VDD CRASHOU
[01/07/2021 - 01:12:32] - [CHAT ADMIN {ff3399}Aprendiz{33CCFF}] Terrorista_Mobile: PLMDS
[01/07/2021 - 01:12:37] - [CHAT ADMIN {ff3399}Dono{33CCFF}] Riquelme_Emanuel: CRASHOU E,PRATICAMENTE AVC
[01/07/2021 - 01:12:43] - [CHAT ADMIN {ff3399}Aprendiz{33CCFF}] Terrorista_Mobile: CARA NAO ACEITOU A ABORDAGEM ESSE RED
[01/07/2021 - 01:15:18] - [CHAT ADMIN {ff3399}Aprendiz{33CCFF}] Terrorista_Mobile: quantos minutos de cadeia?
[01/07/2021 - 01:15:35] - [CHAT ADMIN {ff3399}Aprendiz{33CCFF}] Terrorista_Mobile: ele voltou acao nao aceitou abordagem  tbm
[01/07/2021 - 01:16:34] - [CHAT ADMIN {ff3399}Aprendiz{33CCFF}] Fumassa: Riquelme
[01/07/2021 - 01:16:37] - [CHAT ADMIN {ff3399}Dono{33CCFF}] Riquelme_Emanuel: oi
[01/07/2021 - 01:16:45] - [CHAT ADMIN {ff3399}Aprendiz{33CCFF}] Fumassa: ARRUMEI UM YT DE 2K SUBS
[01/07/2021 - 01:16:50] - [CHAT ADMIN {ff3399}Dono{33CCFF}] Riquelme_Emanuel: boa
[01/07/2021 - 01:17:02] - [CHAT ADMIN {ff3399}Dono{33CCFF}] Riquelme_Emanuel: qntos views?
[01/07/2021 - 01:25:46] - [CHAT ADMIN {ff3399}Dono{33CCFF}] Riquelme_Emanuel: fala mizwravi
[01/07/2021 - 01:26:39] - [CHAT ADMIN {ff3399}Dono{33CCFF}] Riquelme_Emanuel: FUMASSA VEM,PV DS
[01/07/2021 - 01:26:44] - [CHAT ADMIN {ff3399}Aprendiz{33CCFF}] Fumassa: OI
[01/07/2021 - 01:28:46] - [CHAT ADMIN {ff3399}Aprendiz{33CCFF}] Terrorista_Mobile: balas kkkkkkkk
[01/07/2021 - 01:46:57] - [CHAT ADMIN {ff3399}Aprendiz{33CCFF}] Kauan_Santos: O VIXOTE FEZ DM 
[01/07/2021 - 01:47:05] - [CHAT ADMIN {ff3399}Aprendiz{33CCFF}] Kauan_Santos: AI MANDEI PARAR
[01/07/2021 - 01:47:10] - [CHAT ADMIN {ff3399}Aprendiz{33CCFF}] Kauan_Santos: NAO PARARAM
[01/07/2021 - 01:47:24] - [CHAT ADMIN {ff3399}Aprendiz{33CCFF}] Kauan_Santos: AI FALEI VCS PARA OU VOU DAR /TAPA
[01/07/2021 - 01:47:52] - [CHAT ADMIN {ff3399}Fundador{33CCFF}] Vgzinn: avisei ja
[01/07/2021 - 01:48:17] - [CHAT ADMIN {ff3399}Aprendiz{33CCFF}] Kauan_Santos: ID 7 DM
[01/07/2021 - 01:49:05] - [CHAT ADMIN {ff3399}Aprendiz{33CCFF}] Terrorista_Mobile: mandei esse id 7 parar de fica atirando ainda fica tentando matar
[01/07/2021 - 01:49:11] - [CHAT ADMIN {ff3399}Aprendiz{33CCFF}] Kauan_Santos: OU  TELA AQ VG
[01/07/2021 - 01:49:14] - [CHAT ADMIN {ff3399}Aprendiz{33CCFF}] Terrorista_Mobile: ainda vai invadir hq
[01/07/2021 - 01:49:15] - [CHAT ADMIN {ff3399}Aprendiz{33CCFF}] Kauan_Santos: ID 7
[01/07/2021 - 01:58:30] - [CHAT ADMIN {ff3399}Aprendiz{33CCFF}] Terrorista_Mobile: cara ficou no vacuo kkkkkkkkkk
[01/07/2021 - 02:04:04] - [CHAT ADMIN {ff3399}Aprendiz{33CCFF}] Kauan_Santos: o Yt ta crashamdo
[01/07/2021 - 02:06:14] - [CHAT ADMIN {ff3399}Aprendiz{33CCFF}] Terrorista_Mobile: desde da aquela hora ta so nos dois de admin?
[01/07/2021 - 02:06:23] - [CHAT ADMIN {ff3399}Aprendiz{33CCFF}] Terrorista_Mobile: tirando o vg
[01/07/2021 - 02:06:28] - [CHAT ADMIN {ff3399}Aprendiz{33CCFF}] Kauan_Santos: ata
[01/07/2021 - 02:06:40] - [CHAT ADMIN {ff3399}Aprendiz{33CCFF}] Terrorista_Mobile: e uma pergunta
[01/07/2021 - 02:06:52] - [CHAT ADMIN {ff3399}Aprendiz{33CCFF}] Kauan_Santos: ;-;
[01/07/2021 - 02:06:58] - [CHAT ADMIN {ff3399}Aprendiz{33CCFF}] Terrorista_Mobile: ;-;
[01/07/2021 - 02:07:15] - [CHAT ADMIN {ff3399}Aprendiz{33CCFF}] Terrorista_Mobile: to doido de ter permissao de dar cadeia
[01/07/2021 - 02:07:26] - [CHAT ADMIN {ff3399}Aprendiz{33CCFF}] Terrorista_Mobile: pq cara faz monte de bagulho e so tomar kick
[01/07/2021 - 02:09:02] - [CHAT ADMIN {ff3399}Aprendiz{33CCFF}] Terrorista_Mobile: qual nome do canal dele?
[01/07/2021 - 02:09:07] - [CHAT ADMIN {ff3399}Aprendiz{33CCFF}] Kauan_Santos: sei la
[01/07/2021 - 02:09:12] - [CHAT ADMIN {ff3399}Aprendiz{33CCFF}] Kauan_Santos: ele ta crashando direto
[01/07/2021 - 02:10:58] - [CHAT ADMIN {ff3399}Aprendiz{33CCFF}] Kauan_Santos: ou nmrl
[01/07/2021 - 02:11:07] - [CHAT ADMIN {ff3399}Aprendiz{33CCFF}] Terrorista_Mobile: ?
[01/07/2021 - 02:11:09] - [CHAT ADMIN {ff3399}Aprendiz{33CCFF}] Kauan_Santos: ta crashamdo direto
[01/07/2021 - 02:11:11] - [CHAT ADMIN {ff3399}Aprendiz{33CCFF}] Kauan_Santos: ele
[01/07/2021 - 02:11:46] - [CHAT ADMIN {ff3399}Aprendiz{33CCFF}] Kauan_Santos: aaaaaaaa crasho dnv vey kkkkkkk
[01/07/2021 - 02:11:57] - [CHAT ADMIN {ff3399}Aprendiz{33CCFF}] Terrorista_Mobile: kkkkk
[01/07/2021 - 02:12:08] - [CHAT ADMIN {ff3399}Aprendiz{33CCFF}] Kauan_Santos: quer gravar com ele?
[01/07/2021 - 02:13:48] - [CHAT ADMIN {ff3399}Aprendiz{33CCFF}] Kauan_Santos: A CHEGA
[01/07/2021 - 02:15:23] - [CHAT ADMIN {ff3399}Aprendiz{33CCFF}] Terrorista_Mobile: agora lascou
[01/07/2021 - 02:16:54] - [CHAT ADMIN {ff3399}Aprendiz{33CCFF}] Terrorista_Mobile: ELE CORREU PRA PRACA
[01/07/2021 - 02:20:48] - [CHAT ADMIN {ff3399}Aprendiz{33CCFF}] Terrorista_Mobile: dps pergunta nome do canal
[01/07/2021 - 02:20:52] - [CHAT ADMIN {ff3399}Aprendiz{33CCFF}] Kauan_Santos: ou faz o video com ele aq
[01/07/2021 - 02:21:04] - [CHAT ADMIN {ff3399}Aprendiz{33CCFF}] Terrorista_Mobile: ou victor
[01/07/2021 - 02:21:22] - [CHAT ADMIN {ff3399}Aprendiz{33CCFF}] Kauan_Santos: ou faz o video com ele aq
[01/07/2021 - 02:21:24] - [CHAT ADMIN {ff3399}Aprendiz{33CCFF}] Terrorista_Mobile: falar com kauan ae
[01/07/2021 - 02:21:56] - [CHAT ADMIN {ff3399}Aprendiz{33CCFF}] Terrorista_Mobile: PODE ASSALTAR PM?
[01/07/2021 - 02:28:45] - [CHAT ADMIN {ff3399}Aprendiz{33CCFF}] Terrorista_Mobile: kauan
[01/07/2021 - 02:28:48] - [CHAT ADMIN {ff3399}Aprendiz{33CCFF}] Kauan_Santos: oi
[01/07/2021 - 02:28:59] - [CHAT ADMIN {ff3399}Aprendiz{33CCFF}] Terrorista_Mobile: tu parou aonde com daniel?
[01/07/2021 - 02:29:05] - [CHAT ADMIN {ff3399}Aprendiz{33CCFF}] Terrorista_Mobile: antes do victor for
[01/07/2021 - 02:29:31] - [CHAT ADMIN {ff3399}Aprendiz{33CCFF}] Terrorista_Mobile: ele ta mostrando sendo q tu ja mostrou
[01/07/2021 - 02:30:43] - [CHAT ADMIN {ff3399}Aprendiz{33CCFF}] Terrorista_Mobile: CAIXINHA SEM,PM ON?
[01/07/2021 - 02:42:51] - [CHAT ADMIN {ff3399}Aprendiz{33CCFF}] Terrorista_Mobile: FUMASSA MN
[01/07/2021 - 02:43:03] - [CHAT ADMIN {ff3399}Aprendiz{33CCFF}] Terrorista_Mobile: DA TP AQUI
[01/07/2021 - 02:43:40] - [CHAT ADMIN {ff3399}Aprendiz{33CCFF}] Fumassa: TEM CONTRA DENUNCIA?VICTOR
[01/07/2021 - 02:44:30] - [CHAT ADMIN {ff3399}Aprendiz{33CCFF}] Fumassa: SE N TIVER E 1/3
[01/07/2021 - 02:44:36] - [CHAT ADMIN {ff3399}Aprendiz{33CCFF}] Fumassa: NA ORG
[01/07/2021 - 02:44:39] - [CHAT ADMIN {ff3399}Aprendiz{33CCFF}] Terrorista_Mobile: tava telando mn
[01/07/2021 - 02:44:48] - [CHAT ADMIN {ff3399}Aprendiz{33CCFF}] Terrorista_Mobile: ele tinha corrido pra safe
[01/07/2021 - 02:44:50] - [CHAT ADMIN {ff3399}Aprendiz{33CCFF}] Fumassa: TEM QUE TE PROVA POW
[01/07/2021 - 02:44:58] - [CHAT ADMIN {ff3399}Aprendiz{33CCFF}] Terrorista_Mobile: pior q nem printei
[01/07/2021 - 02:45:12] - [CHAT ADMIN {ff3399}Aprendiz{33CCFF}] Fumassa: AI E FODA
[01/07/2021 - 02:45:32] - [CHAT ADMIN {ff3399}Aprendiz{33CCFF}] Fumassa: O BICTOR
[01/07/2021 - 02:45:49] - [CHAT ADMIN {ff3399}Aprendiz{33CCFF}] Fumassa: QUEM DISSE PRA SE GRAVAR COM O CARA AI?
[01/07/2021 - 02:45:57] - [CHAT ADMIN {ff3399}Aprendiz{33CCFF}] Terrorista_Mobile: victor
[01/07/2021 - 02:46:05] - [CHAT ADMIN {ff3399}Aprendiz{33CCFF}] Terrorista_Mobile: sl
[01/07/2021 - 02:46:07] - [CHAT ADMIN {ff3399}Aprendiz{33CCFF}] Terrorista_Mobile: sla
[01/07/2021 - 02:46:21] - [CHAT ADMIN {ff3399}Aprendiz{33CCFF}] Terrorista_Mobile: era so victor mostra bagulho pra ele
[01/07/2021 - 02:46:27] - [CHAT ADMIN {ff3399}Aprendiz{33CCFF}] Terrorista_Mobile: mais ele so crasha
[01/07/2021 - 02:46:58] - [CHAT ADMIN {ff3399}Aprendiz{33CCFF}] Terrorista_Mobile: tem dois caixas estourados
[01/07/2021 - 02:47:06] - [CHAT ADMIN {ff3399}Aprendiz{33CCFF}] Terrorista_Mobile: cara fez caixinha sem,pm on
[01/07/2021 - 02:47:17] - [CHAT ADMIN {ff3399}Aprendiz{33CCFF}] Fumassa: ?
[01/07/2021 - 02:47:29] - [CHAT ADMIN {ff3399}Aprendiz{33CCFF}] Terrorista_Mobile: esse caras da assassins
[01/07/2021 - 02:48:43] - [CHAT ADMIN {ff3399}Aprendiz{33CCFF}] Terrorista_Mobile: monte de cara fazendo merda
[01/07/2021 - 02:52:03] - [CHAT ADMIN {ff3399}Aprendiz{33CCFF}] Fumassa: kk
[01/07/2021 - 02:52:06] - [CHAT ADMIN {ff3399}Aprendiz{33CCFF}] Terrorista_Mobile: ?
[01/07/2021 - 02:56:57] - [CHAT ADMIN {ff3399}Aprendiz{33CCFF}] Fumassa: terror
[01/07/2021 - 02:57:02] - [CHAT ADMIN {ff3399}Aprendiz{33CCFF}] Terrorista_Mobile: ?
[01/07/2021 - 02:57:04] - [CHAT ADMIN {ff3399}Aprendiz{33CCFF}] Fumassa: DA 1/3
[01/07/2021 - 02:57:11] - [CHAT ADMIN {ff3399}Aprendiz{33CCFF}] Terrorista_Mobile: e msm caras
[01/07/2021 - 02:57:24] - [CHAT ADMIN {ff3399}Aprendiz{33CCFF}] Terrorista_Mobile: so tao criando varias contas
[01/07/2021 - 02:57:27] - [CHAT ADMIN {ff3399}Aprendiz{33CCFF}] Fumassa: OFENSA SV 1/3
[01/07/2021 - 02:57:31] - [CHAT ADMIN {ff3399}Aprendiz{33CCFF}] Terrorista_Mobile: blz
[01/07/2021 - 12:05:24] - [CHAT ADMIN {ff3399}Aprendiz{33CCFF}] Fumassa: EAI
[01/07/2021 - 12:05:43] - [CHAT ADMIN {ff3399}Aprendiz{33CCFF}] Fumassa: EAI
[01/07/2021 - 12:17:11] - [CHAT ADMIN {ff3399}Aprendiz{33CCFF}] Fumassa: UE
[01/07/2021 - 12:17:16] - [CHAT ADMIN {ff3399}Aprendiz{33CCFF}] Fumassa: SERIO?
[01/07/2021 - 12:17:23] - [CHAT ADMIN {ff3399}Fundador{33CCFF}] Vgzinn: claro q n mds
[01/07/2021 - 12:17:27] - [CHAT ADMIN {ff3399}Fundador{33CCFF}] Vgzinn: KKKKKKKKKKKK
[01/07/2021 - 12:17:32] - [CHAT ADMIN {ff3399}Aprendiz{33CCFF}] Fumassa: ;-:
[01/07/2021 - 12:19:06] - [CHAT ADMIN {ff3399}Aprendiz{33CCFF}] Fumassa: PARA DE VOLTA ACAO
[01/07/2021 - 12:19:24] - [CHAT ADMIN {ff3399}Fundador{33CCFF}] Vgzinn: ngm voilto n fdp
[01/07/2021 - 12:19:29] - [CHAT ADMIN {ff3399}Fundador{33CCFF}] Vgzinn: briza n
[01/07/2021 - 12:19:36] - [CHAT ADMIN {ff3399}Aprendiz{33CCFF}] Fumassa: E SERIO POW
[01/07/2021 - 12:19:44] - [CHAT ADMIN {ff3399}Fundador{33CCFF}] Vgzinn: ele n morreu fdp
[01/07/2021 - 12:19:49] - [CHAT ADMIN {ff3399}Fundador{33CCFF}] Vgzinn: foi o re
[01/07/2021 - 12:19:51] - [CHAT ADMIN {ff3399}Fundador{33CCFF}] Vgzinn: foi o red
[01/07/2021 - 12:19:55] - [CHAT ADMIN {ff3399}Fundador{33CCFF}] Vgzinn: n o ruan
[01/07/2021 - 12:20:09] - [CHAT ADMIN {ff3399}Aprendiz{33CCFF}] Fumassa: VGZIN
[01/07/2021 - 12:20:21] - [CHAT ADMIN {ff3399}Aprendiz{33CCFF}] Fumassa: PODE SE METER NUMA ACAO DPS DE INICIADA?
[01/07/2021 - 12:20:34] - [CHAT ADMIN {ff3399}Fundador{33CCFF}] Vgzinn: so se for aliada e querer ajuda
[01/07/2021 - 12:20:41] - [CHAT ADMIN {ff3399}Aprendiz{33CCFF}] Fumassa: ENTAO POW
[01/07/2021 - 12:20:52] - [CHAT ADMIN {ff3399}Fundador{33CCFF}] Vgzinn: ?
[01/07/2021 - 12:20:58] - [CHAT ADMIN {ff3399}Aprendiz{33CCFF}] Fumassa: O RUANO CHEGO DA HQ AI COMECO PEGA DIN
[01/07/2021 - 12:21:05] - [CHAT ADMIN {ff3399}Aprendiz{33CCFF}] Fumassa: DO CHAO
[01/07/2021 - 12:21:14] - [CHAT ADMIN {ff3399}Fundador{33CCFF}] Vgzinn: ent porra
[01/07/2021 - 12:21:21] - [CHAT ADMIN {ff3399}Fundador{33CCFF}] Vgzinn: ele é da org
[01/07/2021 - 12:21:23] - [CHAT ADMIN {ff3399}Aprendiz{33CCFF}] Fumassa: ENT PODE?
[01/07/2021 - 12:21:33] - [CHAT ADMIN {ff3399}Fundador{33CCFF}] Vgzinn: se ele n morreu
[01/07/2021 - 12:21:36] - [CHAT ADMIN {ff3399}Fundador{33CCFF}] Vgzinn: sim
[01/07/2021 - 12:21:38] - [CHAT ADMIN {ff3399}Aprendiz{33CCFF}] Fumassa: ISSO N SAI DA LOGICA
[01/07/2021 - 12:21:44] - [CHAT ADMIN {ff3399}Fundador{33CCFF}] Vgzinn: msm coisa de camperar KKKKKKKK
[01/07/2021 - 12:21:49] - [CHAT ADMIN {ff3399}Aprendiz{33CCFF}] Fumassa: K
[01/07/2021 - 12:22:09] - [CHAT ADMIN {ff3399}Aprendiz{33CCFF}] Fumassa: MAN QUAL SENTIDI DE SE VER UM LUGAR SENDO ROUBADO E IR LA?
[01/07/2021 - 12:22:14] - [CHAT ADMIN {ff3399}Aprendiz{33CCFF}] Fumassa: ;-;
[01/07/2021 - 12:24:51] - [CHAT ADMIN {ff3399}Aprendiz{33CCFF}] Fumassa: O VG
[01/07/2021 - 12:24:57] - [CHAT ADMIN {ff3399}Fundador{33CCFF}] Vgzinn: OI
[01/07/2021 - 12:25:01] - [CHAT ADMIN {ff3399}Aprendiz{33CCFF}] Fumassa: ME ARRUMA A ARARINHA AI
[01/07/2021 - 12:25:07] - [CHAT ADMIN {ff3399}Fundador{33CCFF}] Vgzinn: CONSIGU N
[01/07/2021 - 12:25:20] - [CHAT ADMIN {ff3399}Aprendiz{33CCFF}] Fumassa: SO DAR 5 COIN POW
[01/07/2021 - 12:25:37] - [CHAT ADMIN {ff3399}Aprendiz{33CCFF}] Fumassa: AI SE JA N FICA MAIS ME DEVENDO O VIP LA KSKKS
[01/07/2021 - 12:30:25] - [CHAT ADMIN {ff3399}Aprendiz{33CCFF}] Fumassa: VG
[01/07/2021 - 12:30:35] - [CHAT ADMIN {ff3399}Aprendiz{33CCFF}] Fumassa: TEM QUE RESETAR AS FAZENDAS
[01/07/2021 - 12:30:56] - [CHAT ADMIN {ff3399}Aprendiz{33CCFF}] Fumassa: TEM UM MONTE COMPRADO POR WINRAR
[01/07/2021 - 12:31:05] - [CHAT ADMIN {ff3399}Fundador{33CCFF}] Vgzinn: e o sistema
[01/07/2021 - 12:31:10] - [CHAT ADMIN {ff3399}Dono{33CCFF}] Riquelme_Emanuel: OPA
[01/07/2021 - 12:31:13] - [CHAT ADMIN {ff3399}Aprendiz{33CCFF}] Fumassa: OBA
[01/07/2021 - 12:31:46] - [CHAT ADMIN {ff3399}Aprendiz{33CCFF}] Fumassa: N FOI
[01/07/2021 - 12:31:54] - [CHAT ADMIN {ff3399}Dono{33CCFF}] Riquelme_Emanuel: /CU
[01/07/2021 - 12:32:07] - [CHAT ADMIN {ff3399}Aprendiz{33CCFF}] Fumassa: TO DANDO CU
[01/07/2021 - 12:32:15] - [CHAT ADMIN {ff3399}Aprendiz{33CCFF}] Fumassa: MAIS N VAI
[01/07/2021 - 12:32:49] - [CHAT ADMIN {ff3399}Aprendiz{33CCFF}] Fumassa: N VAI TMB
[01/07/2021 - 12:32:55] - [CHAT ADMIN {ff3399}Aprendiz{33CCFF}] Fumassa: DEI BCT 
[01/07/2021 - 12:32:59] - [CHAT ADMIN {ff3399}Aprendiz{33CCFF}] Fumassa: N FOI
[01/07/2021 - 12:33:25] - [CHAT ADMIN {ff3399}Dono{33CCFF}] Riquelme_Emanuel: BURROS DMS KKKK
[01/07/2021 - 12:36:25] - [CHAT ADMIN {ff3399}Aprendiz{33CCFF}] Fumassa: CERTEI ;-;
[01/07/2021 - 12:36:30] - [CHAT ADMIN {ff3399}Dono{33CCFF}] Riquelme_Emanuel: AH.
[01/07/2021 - 12:37:11] - [CHAT ADMIN {ff3399}Aprendiz{33CCFF}] Fumassa: VAI BATER 600 JA POW
[01/07/2021 - 12:37:16] - [CHAT ADMIN {ff3399}Aprendiz{33CCFF}] Fumassa: MEMBROS
[01/07/2021 - 12:37:30] - [CHAT ADMIN {ff3399}Dono{33CCFF}] Riquelme_Emanuel: simm
[01/07/2021 - 12:38:32] - [CHAT ADMIN {ff3399}Dono{33CCFF}] Riquelme_Emanuel: KKKKK
[01/07/2021 - 12:39:24] - [CHAT ADMIN {ff3399}Dono{33CCFF}] Riquelme_Emanuel: KKKKKKKK
[01/07/2021 - 12:39:26] - [CHAT ADMIN {ff3399}Aprendiz{33CCFF}] Fumassa: OUXA
[01/07/2021 - 12:41:00] - [CHAT ADMIN {ff3399}Aprendiz{33CCFF}] Fumassa: ;-:
[01/07/2021 - 14:24:31] - [CHAT ADMIN {ff3399}Aprendiz{33CCFF}] Terrorista_Mobile: q isso victor?
[01/07/2021 - 14:51:40] - [CHAT ADMIN {ff3399}Aprendiz{33CCFF}] Terrorista_Mobile: esse texugo so fica afk
[01/07/2021 - 14:52:08] - [CHAT ADMIN {ff3399}Aprendiz{33CCFF}] Fumassa: SO DA KICK
[01/07/2021 - 15:54:42] - [CHAT ADMIN {ff3399}Aprendiz{33CCFF}] Fumassa: Menor
[01/07/2021 - 15:54:58] - [CHAT ADMIN {ff3399}Fundador{33CCFF}] Menor_vl: opa
[01/07/2021 - 15:55:13] - [CHAT ADMIN {ff3399}Aprendiz{33CCFF}] Fumassa: SABE O BGLH DA LOTERIA
[01/07/2021 - 15:55:20] - [CHAT ADMIN {ff3399}Aprendiz{33CCFF}] Fumassa: COMPREI A LOTERIA
[01/07/2021 - 15:55:34] - [CHAT ADMIN {ff3399}Aprendiz{33CCFF}] Fumassa: AI FECHEI ELA
[01/07/2021 - 15:55:38] - [CHAT ADMIN {ff3399}Aprendiz{33CCFF}] Fumassa: STONKS?
[01/07/2021 - 15:55:57] - [CHAT ADMIN {ff3399}Fundador{33CCFF}] Menor_vl: cuzao ai kkkkkkkkkkkk
[01/07/2021 - 15:56:06] - [CHAT ADMIN {ff3399}Aprendiz{33CCFF}] Fumassa: E SERIO POW
[01/07/2021 - 15:56:22] - [CHAT ADMIN {ff3399}Fundador{33CCFF}] Menor_vl: o vg vai baixar o preco
[01/07/2021 - 15:56:28] - [CHAT ADMIN {ff3399}Aprendiz{33CCFF}] Fumassa: VEM EM MIM
[01/07/2021 - 15:57:08] - [CHAT ADMIN {ff3399}Aprendiz{33CCFF}] Fumassa: DA TP AI KKK
[01/07/2021 - 15:58:49] - [CHAT ADMIN {ff3399}Aprendiz{33CCFF}] Fumassa: POSSO TROLAR?
[01/07/2021 - 16:04:13] - [CHAT ADMIN {ff3399}Fundador{33CCFF}] Menor_vl: so telar 
[01/07/2021 - 16:04:17] - [CHAT ADMIN {ff3399}Fundador{33CCFF}] Menor_vl: tela ele
[01/07/2021 - 16:04:21] - [CHAT ADMIN {ff3399}Fundador{33CCFF}] Menor_vl: tv on
[01/07/2021 - 16:04:28] - [CHAT ADMIN {ff3399}Aprendiz{33CCFF}] Fumassa: DA BAN
[01/07/2021 - 16:04:34] - [CHAT ADMIN {ff3399}Aprendiz{33CCFF}] Fumassa: TA DE MINIGAN
[01/07/2021 - 16:04:39] - [CHAT ADMIN {ff3399}Aprendiz{33CCFF}] Fumassa: PUXO MINIGAN
[01/07/2021 - 16:04:42] - [CHAT ADMIN {ff3399}Aprendiz{33CCFF}] Fumassa: ID 14
[01/07/2021 - 16:04:48] - [CHAT ADMIN {ff3399}Aprendiz{33CCFF}] Fumassa: E SOBEIT
[01/07/2021 - 16:04:56] - [CHAT ADMIN {ff3399}Aprendiz{33CCFF}] Fumassa: PUXO MINIGAN
[01/07/2021 - 16:05:03] - [CHAT ADMIN {ff3399}Aprendiz{33CCFF}] Fumassa: ID 14
[01/07/2021 - 16:05:30] - [CHAT ADMIN {ff3399}Aprendiz{33CCFF}] Fumassa: ai
[01/07/2021 - 16:05:39] - [CHAT ADMIN {ff3399}Aprendiz{33CCFF}] Fumassa: SE VIU
[01/07/2021 - 16:05:43] - [CHAT ADMIN {ff3399}Aprendiz{33CCFF}] Fumassa: DA BAN
[01/07/2021 - 16:06:11] - [CHAT ADMIN {ff3399}Aprendiz{33CCFF}] Fumassa: BANI
[01/07/2021 - 16:06:16] - [CHAT ADMIN {ff3399}Aprendiz{33CCFF}] Fumassa: /IP 14
[01/07/2021 - 16:08:03] - [CHAT ADMIN {ff3399}Aprendiz{33CCFF}] Fumassa: EU MENO
[01/07/2021 - 16:08:23] - [CHAT ADMIN {ff3399}Aprendiz{33CCFF}] Fumassa: DA CARGO 2 PA MIM OKKKKKKK
[01/07/2021 - 16:26:43] - [CHAT ADMIN {ff3399}Aprendiz{33CCFF}] Kauan_Santos: ID 18 MORREU E LEMBROU QUEM MATO ELE
[01/07/2021 - 16:36:57] - [CHAT ADMIN {ff3399}Aprendiz{33CCFF}] Fumassa: TEM DESSA DE SKIN DE ORG N PQP
[01/07/2021 - 16:39:12] - [CHAT ADMIN {ff3399}Aprendiz{33CCFF}] Fumassa: PQP KAUAN
[01/07/2021 - 16:39:19] - [CHAT ADMIN {ff3399}Aprendiz{33CCFF}] Kauan_Santos: ;-;
[01/07/2021 - 16:39:22] - [CHAT ADMIN {ff3399}Aprendiz{33CCFF}] Fumassa: ANALISA AS COISA DIREITO POW
[01/07/2021 - 16:39:42] - [CHAT ADMIN {ff3399}Aprendiz{33CCFF}] Kauan_Santos: DESCULPA TO FAZENDO MT COISA 
[01/07/2021 - 16:39:47] - [CHAT ADMIN {ff3399}Aprendiz{33CCFF}] Fumassa: TMB
[01/07/2021 - 16:40:13] - [CHAT ADMIN {ff3399}Aprendiz{33CCFF}] Fumassa: PAGUEI U YT PRA GRAVAR NO SERVER E ARRUMEI MAIS 1
[01/07/2021 - 17:59:04] - [CHAT ADMIN {ff3399}Aprendiz{33CCFF}] Kauan_Santos: OU OS CARA TAVA SE BATENDO NO EVENTO
[01/07/2021 - 18:20:04] - [CHAT ADMIN {ff3399}Aprendiz{33CCFF}] Kauan_Santos: VOU KICK
[01/07/2021 - 18:20:07] - [CHAT ADMIN {ff3399}Aprendiz{33CCFF}] Fumassa: N
[01/07/2021 - 18:20:20] - [CHAT ADMIN {ff3399}Aprendiz{33CCFF}] Fumassa: N DA KICK
[01/07/2021 - 18:20:23] - [CHAT ADMIN {ff3399}Aprendiz{33CCFF}] Kauan_Santos: blz ent ;-;
[01/07/2021 - 18:20:33] - [CHAT ADMIN {ff3399}Aprendiz{33CCFF}] Fumassa: SO SE TIVER PROVAS
[01/07/2021 - 18:20:42] - [CHAT ADMIN {ff3399}Aprendiz{33CCFF}] Fumassa: QUE O VG DISSE
[01/07/2021 - 18:21:21] - [CHAT ADMIN {ff3399}Aprendiz{33CCFF}] Kauan_Santos: o cara ai po o bot avisando ;-;
[01/07/2021 - 18:21:29] - [CHAT ADMIN {ff3399}Aprendiz{33CCFF}] Fumassa: PERA POW
[01/07/2021 - 20:58:12] - [CHAT ADMIN {ff3399}Aprendiz{33CCFF}] Fumassa: SETA TURQUIA VGZIN
[01/07/2021 - 20:58:19] - [CHAT ADMIN {ff3399}Aprendiz{33CCFF}] Fumassa: TENHO OS INVITES JA
[01/07/2021 - 20:58:41] - [CHAT ADMIN {ff3399}Aprendiz{33CCFF}] Kauan_Santos: JA TEM DONO
[01/07/2021 - 20:58:54] - [CHAT ADMIN {ff3399}Aprendiz{33CCFF}] Kauan_Santos: E UM CARA AI
[01/07/2021 - 20:58:54] - [CHAT ADMIN {ff3399}Fundador{33CCFF}] Vgzinn: NN
[01/07/2021 - 20:59:01] - [CHAT ADMIN {ff3399}Aprendiz{33CCFF}] Fumassa: UE
[01/07/2021 - 20:59:02] - [CHAT ADMIN {ff3399}Aprendiz{33CCFF}] Kauan_Santos: TEM S
[01/07/2021 - 20:59:09] - [CHAT ADMIN {ff3399}Aprendiz{33CCFF}] Kauan_Santos: O CARA COMPROU
[01/07/2021 - 20:59:26] - [CHAT ADMIN {ff3399}Aprendiz{33CCFF}] Fumassa: SETA AI VGZIN
[01/07/2021 - 20:59:28] - [CHAT ADMIN {ff3399}Aprendiz{33CCFF}] Kauan_Santos: IA SER DO JOAO SO QUE O CARA PEGO
[01/07/2021 - 20:59:30] - [CHAT ADMIN {ff3399}Fundador{33CCFF}] Vgzinn: NAO.
[01/07/2021 - 20:59:36] - [CHAT ADMIN {ff3399}Fundador{33CCFF}] Vgzinn: ELA FOI PAGA MDS
[01/07/2021 - 20:59:44] - [CHAT ADMIN {ff3399}Aprendiz{33CCFF}] Kauan_Santos: JA AVISEI PRA ELE
[01/07/2021 - 20:59:50] - [CHAT ADMIN {ff3399}Aprendiz{33CCFF}] Fumassa: ELE QUEM?
[01/07/2021 - 21:00:18] - [CHAT ADMIN {ff3399}Aprendiz{33CCFF}] Fumassa: AI E PIZZA
[01/07/2021 - 21:00:20] - [CHAT ADMIN {ff3399}Aprendiz{33CCFF}] Kauan_Santos: sei la
[01/07/2021 - 21:01:46] - [CHAT ADMIN {ff3399}Aprendiz{33CCFF}] Fumassa: SETA EU DE MEMBRO I VG KK
[01/07/2021 - 21:45:06] - [CHAT ADMIN {ff3399}Fundador{33CCFF}] Menor_vl: da aviso mdss
[01/07/2021 - 21:45:13] - [CHAT ADMIN {ff3399}Fundador{33CCFF}] Menor_vl: gayyy
[01/07/2021 - 21:46:36] - [CHAT ADMIN {ff3399}Aprendiz{33CCFF}] Fumassa: ELES AVISARAO?
[01/07/2021 - 21:46:56] - [CHAT ADMIN {ff3399}Aprendiz{33CCFF}] Fumassa: MESMO SE TIVER AVISADO
[01/07/2021 - 21:47:03] - [CHAT ADMIN {ff3399}Aprendiz{33CCFF}] Fumassa: ELES SO TAVA EM 3 
[01/07/2021 - 21:49:22] - [CHAT ADMIN {ff3399}Aprendiz{33CCFF}] Fumassa: O RED N DEXA EU ENTRA NA ORG ;-; 
[01/07/2021 - 21:49:30] - [CHAT ADMIN {ff3399}Aprendiz{33CCFF}] Fumassa: N DEIXA EU FAZER REC
[01/07/2021 - 21:49:44] - [CHAT ADMIN {ff3399}Aprendiz{33CCFF}] Fumassa: SO PQ O KATCHAU TEM RAIVA DE MIM ;-;
[01/07/2021 - 22:21:08] - [CHAT ADMIN {ff3399}Aprendiz{33CCFF}] Fumassa: CADEIA 11
[01/07/2021 - 22:21:17] - [CHAT ADMIN {ff3399}Aprendiz{33CCFF}] Fumassa: CAIXA SOLO E SEM PM PTR
[01/07/2021 - 22:22:21] - [CHAT ADMIN {ff3399}Aprendiz{33CCFF}] Fumassa: PARECE
[01/07/2021 - 22:23:45] - [CHAT ADMIN {ff3399}Fundador{33CCFF}] Menor_vl: como coloca lixo no chao?
[01/07/2021 - 22:23:51] - [CHAT ADMIN {ff3399}Aprendiz{33CCFF}] Fumassa: /BQGG
[01/07/2021 - 22:23:57] - [CHAT ADMIN {ff3399}Fundador{33CCFF}] Menor_vl: valeu
[01/07/2021 - 22:27:23] - [CHAT ADMIN {ff3399}Aprendiz{33CCFF}] Fumassa: /SETTIME DPS DE DESBUGAR MENOR
[01/07/2021 - 22:27:40] - [CHAT ADMIN {ff3399}Fundador{33CCFF}] Menor_vl: blz
[01/07/2021 - 22:37:18] - [CHAT ADMIN {ff3399}Aprendiz{33CCFF}] Fumassa: VGZIN
[01/07/2021 - 22:37:23] - [CHAT ADMIN {ff3399}Fundador{33CCFF}] Vgzinn: NAO
[01/07/2021 - 22:37:24] - [CHAT ADMIN {ff3399}Aprendiz{33CCFF}] Fumassa: VEM EM MIM
[01/07/2021 - 22:37:27] - [CHAT ADMIN {ff3399}Fundador{33CCFF}] Vgzinn: ID
[01/07/2021 - 22:37:35] - [CHAT ADMIN {ff3399}Aprendiz{33CCFF}] Fumassa: A ENHUICA TA BUGADA
[02/07/2021 - 01:43:45] - [CHAT ADMIN {ff3399}Aprendiz{33CCFF}] Kauan_Santos: a tag da tdt ta verde ;-; kkkkk
[02/07/2021 - 01:52:00] - [CHAT ADMIN {ff3399}Aprendiz{33CCFF}] Natan_Insane: VG
[02/07/2021 - 02:01:47] - [CHAT ADMIN {ff3399}Aprendiz{33CCFF}] Kauan_Santos: mal chego ja tomo kick kkkk
[02/07/2021 - 02:01:53] - [CHAT ADMIN {ff3399}Aprendiz{33CCFF}] Natan_Insane: E ISSO
[02/07/2021 - 02:02:17] - [CHAT ADMIN {ff3399}Aprendiz{33CCFF}] Natan_Insane: ANG NAO E PRA BRINCAR
[02/07/2021 - 03:05:12] - [CHAT ADMIN {ff3399}Aprendiz{33CCFF}] Natan_Insane: KAUAN
[02/07/2021 - 03:05:17] - [CHAT ADMIN {ff3399}Aprendiz{33CCFF}] Kauan_Santos: oi
[02/07/2021 - 03:05:22] - [CHAT ADMIN {ff3399}Aprendiz{33CCFF}] Kauan_Santos: to de rt 
[02/07/2021 - 03:05:26] - [CHAT ADMIN {ff3399}Aprendiz{33CCFF}] Kauan_Santos: vou relogar
[02/07/2021 - 03:05:32] - [CHAT ADMIN {ff3399}Aprendiz{33CCFF}] Natan_Insane: TEM PESSOAS RECLAMANDO DE TU
[02/07/2021 - 03:11:02] - [CHAT ADMIN {ff3399}Aprendiz{33CCFF}] Kauan_Santos: BR X1?
[02/07/2021 - 03:11:06] - [CHAT ADMIN {ff3399}Aprendiz{33CCFF}] Kauan_Santos: kkkk
[02/07/2021 - 03:11:06] - [CHAT ADMIN {ff3399}Aprendiz{33CCFF}] Natan_Insane: EU[
[02/07/2021 - 03:11:11] - [CHAT ADMIN {ff3399}Aprendiz{33CCFF}] Kauan_Santos: s
[02/07/2021 - 03:11:17] - [CHAT ADMIN {ff3399}Aprendiz{33CCFF}] Natan_Insane: BORA
[02/07/2021 - 03:59:11] - [CHAT ADMIN {ff3399}Aprendiz{33CCFF}] Natan_Insane: PARO DE TAPA 
[02/07/2021 - 03:59:13] - [CHAT ADMIN {ff3399}Aprendiz{33CCFF}] Natan_Insane: MDS
[02/07/2021 - 03:59:21] - [CHAT ADMIN {ff3399}Aprendiz{33CCFF}] Vinicius_Russef: kkkkkkkkkkkk
[02/07/2021 - 03:59:25] - [CHAT ADMIN {ff3399}Aprendiz{33CCFF}] Vinicius_Russef: rlx
[02/07/2021 - 03:59:29] - [CHAT ADMIN {ff3399}Aprendiz{33CCFF}] Natan_Insane: PARA TA POLUINDO O CHAT CARAIO
[02/07/2021 - 04:03:07] - [CHAT ADMIN {ff3399}Aprendiz{33CCFF}] Kauan_Santos: AAAHAHAUAHAUAH SE FODEO KKKKK
[02/07/2021 - 04:25:37] - [CHAT ADMIN {ff3399}Aprendiz{33CCFF}] Natan_Insane: NAO VI O FUMASSA HJ
[02/07/2021 - 04:26:53] - [CHAT ADMIN {ff3399}Aprendiz{33CCFF}] Kauan_Santos: eae
[02/07/2021 - 04:26:59] - [CHAT ADMIN {ff3399}Aprendiz{33CCFF}] Natan_Insane: NAO VI O FUMASSA HJ
[02/07/2021 - 04:27:12] - [CHAT ADMIN {ff3399}Aprendiz{33CCFF}] Kauan_Santos: ele tava on hj
[02/07/2021 - 04:27:21] - [CHAT ADMIN {ff3399}Aprendiz{33CCFF}] Natan_Insane: ATT
[02/07/2021 - 14:24:57] - [CHAT ADMIN {ff3399}Aprendiz{33CCFF}] Victor_Insanity: qual e o comando pra levar pro spawn mesmo ?
[02/07/2021 - 16:30:38] - [CHAT ADMIN {ff3399}Aprendiz{33CCFF}] Kauan_Santos: ID 20 TAVA ASSALTANDO SOLO
[02/07/2021 - 16:30:46] - [CHAT ADMIN {ff3399}Aprendiz{33CCFF}] Kauan_Santos: FAZENDO CAXA
[02/07/2021 - 16:42:52] - [CHAT ADMIN {ff3399}Aprendiz{33CCFF}] Fumassa: PQP MANO
[02/07/2021 - 16:43:16] - [CHAT ADMIN {ff3399}Aprendiz{33CCFF}] Kauan_Santos: os pm pulo do predio kkkkk pra matar noix
[02/07/2021 - 16:43:29] - [CHAT ADMIN {ff3399}Aprendiz{33CCFF}] Fumassa: UE
[02/07/2021 - 16:43:35] - [CHAT ADMIN {ff3399}Aprendiz{33CCFF}] Kauan_Santos: kkk
[02/07/2021 - 16:43:36] - [CHAT ADMIN {ff3399}Aprendiz{33CCFF}] Fumassa: POSSO FAZE NADA UE 
[02/07/2021 - 16:43:43] - [CHAT ADMIN {ff3399}Aprendiz{33CCFF}] Kauan_Santos: ;-; eu sei
[02/07/2021 - 16:43:59] - [CHAT ADMIN {ff3399}Aprendiz{33CCFF}] Fumassa: VAI QUE ELES TAVA COM A VIDA RUIM E SE JOGO DO PREDIO UE
[02/07/2021 - 16:44:09] - [CHAT ADMIN {ff3399}Aprendiz{33CCFF}] Fumassa: QUEM NUNCA FEZ ISSO NA VIDA REAL POW KKKK
[02/07/2021 - 16:44:19] - [CHAT ADMIN {ff3399}Aprendiz{33CCFF}] Kauan_Santos: ;-;
[02/07/2021 - 16:44:23] - [CHAT ADMIN {ff3399}Aprendiz{33CCFF}] Kauan_Santos: kkk
[02/07/2021 - 16:45:27] - [CHAT ADMIN {ff3399}Aprendiz{33CCFF}] Fumassa: VGZIN
[02/07/2021 - 17:01:26] - [CHAT ADMIN {ff3399}Aprendiz{33CCFF}] Fumassa: MENOR
[02/07/2021 - 17:02:41] - [CHAT ADMIN {ff3399}Aprendiz{33CCFF}] Kauan_Santos: NAO E PRA PUXAR OS CARA N SO PODE PUXAR SO SE CRASHAR ACAO
[02/07/2021 - 17:02:51] - [CHAT ADMIN {ff3399}Aprendiz{33CCFF}] Fumassa: PODE SIM
[02/07/2021 - 17:03:16] - [CHAT ADMIN {ff3399}Aprendiz{33CCFF}] Fumassa: E SE CRASHA ACAO
[02/07/2021 - 17:03:27] - [CHAT ADMIN {ff3399}Aprendiz{33CCFF}] Fumassa: JA FOI DITO QUE E PRA CANCELAR
[02/07/2021 - 17:03:28] - [CHAT ADMIN {ff3399}Aprendiz{33CCFF}] Kauan_Santos: PODE PUXAR
[02/07/2021 - 17:03:32] - [CHAT ADMIN {ff3399}Aprendiz{33CCFF}] Kauan_Santos: ATA
[02/07/2021 - 17:03:44] - [CHAT ADMIN {ff3399}Aprendiz{33CCFF}] Kauan_Santos: MAS SE CRASHAR ANTES DE COMECAR
[02/07/2021 - 17:03:54] - [CHAT ADMIN {ff3399}Aprendiz{33CCFF}] Fumassa: ELES VOLTA PEGA UM CARRO UE
[02/07/2021 - 17:04:03] - [CHAT ADMIN {ff3399}Aprendiz{33CCFF}] Fumassa: SE N COMECOU 
[02/07/2021 - 17:04:11] - [CHAT ADMIN {ff3399}Aprendiz{33CCFF}] Fumassa: ELES PODE VOLTAR
[02/07/2021 - 17:04:16] - [CHAT ADMIN {ff3399}Aprendiz{33CCFF}] Kauan_Santos: BLZ
[02/07/2021 - 17:04:18] - [CHAT ADMIN {ff3399}Aprendiz{33CCFF}] Fumassa: E TMB TER IRPOSICAO POW
[02/07/2021 - 17:04:42] - [CHAT ADMIN {ff3399}Aprendiz{33CCFF}] Kauan_Santos: MAS NAO FICA PUXANDO OS CARA PA LS N PQ OS CARA VAO FICAR ENCHENDO O SACO PRA PUXAR
[02/07/2021 - 17:05:05] - [CHAT ADMIN {ff3399}Aprendiz{33CCFF}] Fumassa: MANO
[02/07/2021 - 17:05:07] - [CHAT ADMIN {ff3399}Aprendiz{33CCFF}] Kauan_Santos: KKKK
[02/07/2021 - 17:05:15] - [CHAT ADMIN {ff3399}Aprendiz{33CCFF}] Kauan_Santos: CHAT ERRADO
[02/07/2021 - 17:05:15] - [CHAT ADMIN {ff3399}Aprendiz{33CCFF}] Fumassa: PQP VEY SO PUXA QUEM TA BUGADO MANO
[02/07/2021 - 17:05:20] - [CHAT ADMIN {ff3399}Aprendiz{33CCFF}] Kauan_Santos: blz
[02/07/2021 - 17:12:53] - [CHAT ADMIN {ff3399}Aprendiz{33CCFF}] Fumassa: PODE TROLAR MENOR?
[02/07/2021 - 17:13:07] - [CHAT ADMIN {ff3399}Aprendiz{33CCFF}] Fumassa: SO DE BRODAREGEM KKKK
[02/07/2021 - 17:13:08] - [CHAT ADMIN {ff3399}Fundador{33CCFF}] Menor_vl: oque
[02/07/2021 - 17:13:14] - [CHAT ADMIN {ff3399}Aprendiz{33CCFF}] Fumassa: O EVENTO
[02/07/2021 - 17:19:24] - [CHAT ADMIN {ff3399}Aprendiz{33CCFF}] Fumassa: MDS KAUNA
[02/07/2021 - 17:19:27] - [CHAT ADMIN {ff3399}Aprendiz{33CCFF}] Fumassa: PARA 
[02/07/2021 - 17:19:31] - [CHAT ADMIN {ff3399}Aprendiz{33CCFF}] Kauan_Santos: oq kkk
[02/07/2021 - 17:19:37] - [CHAT ADMIN {ff3399}Aprendiz{33CCFF}] Fumassa: TO MODO JOGO MDS ATRAPALHANDO RP
[02/07/2021 - 17:20:25] - [CHAT ADMIN {ff3399}Aprendiz{33CCFF}] Fumassa: E ESSAS GRANADA DA MT LAG NO SV
[02/07/2021 - 17:20:41] - [CHAT ADMIN {ff3399}Aprendiz{33CCFF}] Kauan_Santos: ATA
[02/07/2021 - 17:32:28] - [CHAT ADMIN {ff3399}Aprendiz{33CCFF}] Kauan_Santos: vg vem aq
[02/07/2021 - 17:53:29] - [CHAT ADMIN {ff3399}Aprendiz{33CCFF}] Fumassa: ID 1 PODE DAR BAN
[02/07/2021 - 17:53:34] - [CHAT ADMIN {ff3399}Aprendiz{33CCFF}] Fumassa: E HACK
[02/07/2021 - 17:53:41] - [CHAT ADMIN {ff3399}Fundador{33CCFF}] Menor_vl: nao
[02/07/2021 - 17:53:54] - [CHAT ADMIN {ff3399}Aprendiz{33CCFF}] Fumassa: TA PUXANDO MINIGAN 
[02/07/2021 - 17:53:59] - [CHAT ADMIN {ff3399}Aprendiz{33CCFF}] Fumassa: DANDO TP
[02/07/2021 - 17:54:07] - [CHAT ADMIN {ff3399}Fundador{33CCFF}] Vgzinn: rlx
[02/07/2021 - 17:54:21] - [CHAT ADMIN {ff3399}Fundador{33CCFF}] Vgzinn: KKKKKKKKKKK bugo
[02/07/2021 - 17:54:25] - [CHAT ADMIN {ff3399}Fundador{33CCFF}] Vgzinn: burrap
[02/07/2021 - 17:54:28] - [CHAT ADMIN {ff3399}Fundador{33CCFF}] Vgzinn: burrao
[02/07/2021 - 17:54:32] - [CHAT ADMIN {ff3399}Aprendiz{33CCFF}] Fumassa: HACK AINDA E RUIM 
[02/07/2021 - 17:54:41] - [CHAT ADMIN {ff3399}Aprendiz{33CCFF}] Fumassa: TA DEBAIXO DA TERA
[02/07/2021 - 17:54:50] - [CHAT ADMIN {ff3399}Fundador{33CCFF}] Vgzinn: deixa ele volta
[02/07/2021 - 17:55:46] - [CHAT ADMIN {ff3399}Aprendiz{33CCFF}] Fumassa: E HACK ID 1
[02/07/2021 - 17:55:55] - [CHAT ADMIN {ff3399}Fundador{33CCFF}] Vgzinn: DEIXA ELE VOLTA
[02/07/2021 - 17:55:55] - [CHAT ADMIN {ff3399}Aprendiz{33CCFF}] Fumassa: T FALANDO POW
[02/07/2021 - 17:55:59] - [CHAT ADMIN {ff3399}Aprendiz{33CCFF}] Fumassa: OK
[02/07/2021 - 17:56:00] - [CHAT ADMIN {ff3399}Fundador{33CCFF}] Vgzinn: EU SEI
[02/07/2021 - 17:56:04] - [CHAT ADMIN {ff3399}Fundador{33CCFF}] Vgzinn: DEIXA ELE VOLTA
[02/07/2021 - 17:56:18] - [CHAT ADMIN {ff3399}Aprendiz{33CCFF}] Fumassa: OS CARA NEM HACK SABE USAR KKK
[02/07/2021 - 17:56:41] - [CHAT ADMIN {ff3399}Fundador{33CCFF}] Vgzinn: NE KKKKKKKKKK
[02/07/2021 - 17:57:07] - [CHAT ADMIN {ff3399}Aprendiz{33CCFF}] Fumassa: UMA VEZ DERRUBEI UM SV
[02/07/2021 - 17:57:19] - [CHAT ADMIN {ff3399}Aprendiz{33CCFF}] Fumassa: TINHAO ME BANIDO 
[02/07/2021 - 17:57:37] - [CHAT ADMIN {ff3399}Aprendiz{33CCFF}] Fumassa: POR TER XINGADO O DONO
[02/07/2021 - 17:57:40] - [CHAT ADMIN {ff3399}Aprendiz{33CCFF}] Fumassa: ;-;
[02/07/2021 - 17:58:03] - [CHAT ADMIN {ff3399}Aprendiz{33CCFF}] Fumassa: AI DERRUBEI MERMO
[02/07/2021 - 17:58:21] - [CHAT ADMIN {ff3399}Aprendiz{33CCFF}] Fumassa: ATE HJ NINGUEM SABE ONDE SE ENCONTRA ESTE SERVR KKKKK
[02/07/2021 - 17:59:37] - [CHAT ADMIN {ff3399}Fundador{33CCFF}] Vgzinn: AOS LOCK ON APTANTO KKKKKKKK
[02/07/2021 - 17:59:45] - [CHAT ADMIN {ff3399}Aprendiz{33CCFF}] Fumassa: KKKKKKKKKKKKKKKKK
[02/07/2021 - 18:00:41] - [CHAT ADMIN {ff3399}Aprendiz{33CCFF}] Fumassa: CORRE MENOR KKKKK
[02/07/2021 - 18:01:40] - [CHAT ADMIN {ff3399}Fundador{33CCFF}] Vgzinn: é bug rlx
[02/07/2021 - 18:01:58] - [CHAT ADMIN {ff3399}Aprendiz{33CCFF}] Fumassa: VG RESOLVE O BUG DA ENGUICA
[02/07/2021 - 18:02:08] - [CHAT ADMIN {ff3399}Aprendiz{33CCFF}] Fumassa: TEM QUE BOTAR O /GA TMB
[02/07/2021 - 18:02:26] - [CHAT ADMIN {ff3399}Aprendiz{33CCFF}] Fumassa: ADD ELA NO ENTRAR ORG DE SOCIO
[02/07/2021 - 18:26:14] - [CHAT ADMIN {ff3399}Aprendiz{33CCFF}] Natan_Insane: VG
[02/07/2021 - 18:27:16] - [CHAT ADMIN {ff3399}Aprendiz{33CCFF}] Natan_Insane: MENOR
[02/07/2021 - 18:27:29] - [CHAT ADMIN {ff3399}Aprendiz{33CCFF}] Natan_Insane: MENOR
[02/07/2021 - 18:27:49] - [CHAT ADMIN {ff3399}Aprendiz{33CCFF}] Natan_Insane: MENOR
[02/07/2021 - 18:29:36] - [CHAT ADMIN {ff3399}Fundador{33CCFF}] Vgzinn: mds
[02/07/2021 - 18:29:37] - [CHAT ADMIN {ff3399}Fundador{33CCFF}] Vgzinn: mds
[02/07/2021 - 18:29:38] - [CHAT ADMIN {ff3399}Fundador{33CCFF}] Vgzinn: mds
[02/07/2021 - 18:29:38] - [CHAT ADMIN {ff3399}Fundador{33CCFF}] Vgzinn: mds
[02/07/2021 - 18:29:39] - [CHAT ADMIN {ff3399}Fundador{33CCFF}] Vgzinn: mds
[02/07/2021 - 18:29:39] - [CHAT ADMIN {ff3399}Fundador{33CCFF}] Vgzinn: mds
[02/07/2021 - 18:29:40] - [CHAT ADMIN {ff3399}Fundador{33CCFF}] Vgzinn: mds
[02/07/2021 - 18:29:40] - [CHAT ADMIN {ff3399}Fundador{33CCFF}] Vgzinn: mds
[02/07/2021 - 18:29:41] - [CHAT ADMIN {ff3399}Fundador{33CCFF}] Vgzinn: mds
[02/07/2021 - 18:29:41] - [CHAT ADMIN {ff3399}Fundador{33CCFF}] Vgzinn: mds
[02/07/2021 - 18:29:42] - [CHAT ADMIN {ff3399}Fundador{33CCFF}] Vgzinn: mds
[02/07/2021 - 18:29:42] - [CHAT ADMIN {ff3399}Fundador{33CCFF}] Vgzinn: mds
[02/07/2021 - 18:29:43] - [CHAT ADMIN {ff3399}Fundador{33CCFF}] Vgzinn: mds
[02/07/2021 - 18:29:43] - [CHAT ADMIN {ff3399}Fundador{33CCFF}] Vgzinn: mds
[02/07/2021 - 18:29:46] - [CHAT ADMIN {ff3399}Aprendiz{33CCFF}] Natan_Insane: vg kickei ele
[02/07/2021 - 18:30:00] - [CHAT ADMIN {ff3399}Fundador{33CCFF}] Vgzinn: n precisavaaa
[02/07/2021 - 18:30:04] - [CHAT ADMIN {ff3399}Fundador{33CCFF}] Vgzinn: pqp
[02/07/2021 - 18:30:09] - [CHAT ADMIN {ff3399}Aprendiz{33CCFF}] Natan_Insane: meu cll tava travando demais
[02/07/2021 - 18:30:22] - [CHAT ADMIN {ff3399}Aprendiz{33CCFF}] Natan_Insane: toda org aquela mensagem
[02/07/2021 - 18:30:32] - [CHAT ADMIN {ff3399}Aprendiz{33CCFF}] Natan_Insane: dnv mds
[02/07/2021 - 19:07:18] - [CHAT ADMIN {ff3399}Aprendiz{33CCFF}] Kauan_Santos: VG ME DA UM SOCIO BB
[02/07/2021 - 19:07:18] - [CHAT ADMIN {ff3399}Aprendiz{33CCFF}] Kauan_Santos: VG ME DA UM SOCIO
[02/07/2021 - 19:07:31] - [CHAT ADMIN {ff3399}Fundador{33CCFF}] Vgzinn: se fica pedindo vip e cargo vou rebaixar
[02/07/2021 - 19:07:49] - [CHAT ADMIN {ff3399}Aprendiz{33CCFF}] Kauan_Santos: ;-; desculpa
[02/07/2021 - 19:15:35] - [CHAT ADMIN {ff3399}Aprendiz{33CCFF}] Vinicius_Russef: como faz pra dar cadeia
[02/07/2021 - 19:15:48] - [CHAT ADMIN {ff3399}Aprendiz{33CCFF}] Kauan_Santos: nao da
[02/07/2021 - 19:15:53] - [CHAT ADMIN {ff3399}Aprendiz{33CCFF}] Kauan_Santos: tem qhe ter cargo
[02/07/2021 - 19:16:01] - [CHAT ADMIN {ff3399}Aprendiz{33CCFF}] Vinicius_Russef: vc n conseguiu?
[02/07/2021 - 19:16:28] - [CHAT ADMIN {ff3399}Aprendiz{33CCFF}] Kauan_Santos: NAO DA ;-;
[02/07/2021 - 19:29:07] - [CHAT ADMIN {ff3399}Aprendiz{33CCFF}] Kauan_Santos: FUMASSSA
[02/07/2021 - 19:29:13] - [CHAT ADMIN {ff3399}Aprendiz{33CCFF}] Kauan_Santos: VEM CALL DE SUPORT 1
[02/07/2021 - 19:29:15] - [CHAT ADMIN {ff3399}Aprendiz{33CCFF}] Fumassa: N
[02/07/2021 - 19:30:47] - [CHAT ADMIN {ff3399}Aprendiz{33CCFF}] Fumassa: PQ?
[02/07/2021 - 19:31:17] - [CHAT ADMIN {ff3399}Aprendiz{33CCFF}] Kauan_Santos: TAO PERGUNTANDO QUANTAS HORAS ANTES PRECISA MARCAR PRA INVADIR BASE?
[02/07/2021 - 19:31:26] - [CHAT ADMIN {ff3399}Aprendiz{33CCFF}] Fumassa: 5 HORAS ANTES
[02/07/2021 - 19:31:41] - [CHAT ADMIN {ff3399}Aprendiz{33CCFF}] Fumassa: AVISAR NO DS
[02/07/2021 - 19:42:23] - [CHAT ADMIN {ff3399}Aprendiz{33CCFF}] Kauan_Santos: n
[02/07/2021 - 19:42:27] - [CHAT ADMIN {ff3399}Aprendiz{33CCFF}] Natan_Insane: N
[02/07/2021 - 19:42:39] - [CHAT ADMIN {ff3399}Aprendiz{33CCFF}] Natan_Insane: N
[02/07/2021 - 19:43:21] - [CHAT ADMIN {ff3399}Aprendiz{33CCFF}] Kauan_Santos: os cara da tdt me chamaro ai pediro pra eu puxar os membro nao vou mais n
[02/07/2021 - 19:43:22] - [CHAT ADMIN {ff3399}Aprendiz{33CCFF}] Kauan_Santos: cara tudo folgado
[02/07/2021 - 19:56:08] - [CHAT ADMIN {ff3399}Aprendiz{33CCFF}] Kauan_Santos: NATAN VAMO X1?
[02/07/2021 - 19:59:01] - [CHAT ADMIN {ff3399}Aprendiz{33CCFF}] Kauan_Santos: pode da kick por /ang indevido?
[02/07/2021 - 20:00:17] - [CHAT ADMIN {ff3399}Dono{33CCFF}] Riquelme_Emanuel: como eu saio do carro no pc kkkkkkkkkkkkkkkkkkkkkkkkkkkkkkkkkkkkk
[03/07/2021 - 00:07:22] - [CHAT ADMIN {ff3399}Aprendiz{33CCFF}] Fumassa: GARAY
[03/07/2021 - 00:07:31] - [CHAT ADMIN {ff3399}Aprendiz{33CCFF}] Fumassa: 25 JA MANO
[03/07/2021 - 00:07:45] - [CHAT ADMIN {ff3399}Aprendiz{33CCFF}] Fumassa: QUEM DIRIA NE NAO VGZIN
[03/07/2021 - 00:08:11] - [CHAT ADMIN {ff3399}Aprendiz{33CCFF}] Fumassa: PARA NATAN
[03/07/2021 - 00:08:16] - [CHAT ADMIN {ff3399}Aprendiz{33CCFF}] Fumassa: SEM FLODD DE CNN POW
[03/07/2021 - 00:08:55] - [CHAT ADMIN {ff3399}Aprendiz{33CCFF}] Fumassa: 31 BV NO TOPO
[03/07/2021 - 00:09:03] - [CHAT ADMIN {ff3399}Aprendiz{33CCFF}] Fumassa: 34
[03/07/2021 - 00:12:42] - [CHAT ADMIN {ff3399}Fundador{33CCFF}] Vgzinn: PARA FILHA DA´PUTA
[03/07/2021 - 00:12:45] - [CHAT ADMIN {ff3399}Dono{33CCFF}] Riquelme_Emanuel: tem cara de sobeit
[03/07/2021 - 00:12:49] - [CHAT ADMIN {ff3399}Fundador{33CCFF}] Vgzinn: MDS
[03/07/2021 - 00:12:57] - [CHAT ADMIN {ff3399}Fundador{33CCFF}] Vgzinn: VOU TER Q DESENHA
[03/07/2021 - 00:13:03] - [CHAT ADMIN {ff3399}Fundador{33CCFF}] Vgzinn: PRA EXPLICAR
[03/07/2021 - 00:13:08] - [CHAT ADMIN {ff3399}Fundador{33CCFF}] Vgzinn: TMNC
[03/07/2021 - 00:13:10] - [CHAT ADMIN {ff3399}Aprendiz{33CCFF}] Fumassa: E BUG AS VEZEZ RIQUELME
[03/07/2021 - 00:13:12] - [CHAT ADMIN {ff3399}Fundador{33CCFF}] Vgzinn: SE ELE PEGA ARMA
[03/07/2021 - 00:13:13] - [CHAT ADMIN {ff3399}Aprendiz{33CCFF}] Fumassa: PQP
[03/07/2021 - 00:13:23] - [CHAT ADMIN {ff3399}Fundador{33CCFF}] Vgzinn: SEM PORTE
[03/07/2021 - 00:13:27] - [CHAT ADMIN {ff3399}Fundador{33CCFF}] Vgzinn: DA ISSSO
[03/07/2021 - 00:13:32] - [CHAT ADMIN {ff3399}Fundador{33CCFF}] Vgzinn: QUANDO E HACK
[03/07/2021 - 00:13:38] - [CHAT ADMIN {ff3399}Dono{33CCFF}] Riquelme_Emanuel: bug top em puxar um cacetete da pm dunada
[03/07/2021 - 00:13:47] - [CHAT ADMIN {ff3399}Fundador{33CCFF}] Vgzinn: TEM Q ESPERAR UM POUCO
[03/07/2021 - 00:13:51] - [CHAT ADMIN {ff3399}Aprendiz{33CCFF}] Fumassa: HACK PRA MIM E PEGAR MINIGAN
[03/07/2021 - 00:14:00] - [CHAT ADMIN {ff3399}Aprendiz{33CCFF}] Natan_Insane: VDD
[03/07/2021 - 00:14:29] - [CHAT ADMIN {ff3399}Aprendiz{33CCFF}] Fumassa: SO AS OUTRA ARMA FRAQUINHA QUE QUALQUER UM PODD TER 
[03/07/2021 - 00:14:43] - [CHAT ADMIN {ff3399}Fundador{33CCFF}] Vgzinn: SS AINDA MAIS Q DROPA QUANDO MORRE
[03/07/2021 - 00:14:44] - [CHAT ADMIN {ff3399}Aprendiz{33CCFF}] Fumassa: PA MIM SO DAE 1KICK 1/2
[03/07/2021 - 00:14:51] - [CHAT ADMIN {ff3399}Aprendiz{33CCFF}] Fumassa: ENTAO
[03/07/2021 - 00:15:02] - [CHAT ADMIN {ff3399}Dono{33CCFF}] Riquelme_Emanuel: qual id do bonezin? n sei ver o tab no pc kkkkkk
[03/07/2021 - 00:15:40] - [CHAT ADMIN {ff3399}Dono{33CCFF}] Riquelme_Emanuel: cm vejo o tab no pc vgzin??????????????????????
[03/07/2021 - 00:15:41] - [CHAT ADMIN {ff3399}Aprendiz{33CCFF}] Fumassa: BATEU 36 VGZIN
[03/07/2021 - 00:15:51] - [CHAT ADMIN {ff3399}Aprendiz{33CCFF}] Fumassa: EU SEJ A TECLA
[03/07/2021 - 00:16:05] - [CHAT ADMIN {ff3399}Dono{33CCFF}] Riquelme_Emanuel: qual?
[03/07/2021 - 00:16:17] - [CHAT ADMIN {ff3399}Aprendiz{33CCFF}] Fumassa: E UMA DOLADO ESQUERDO
[03/07/2021 - 00:16:34] - [CHAT ADMIN {ff3399}Dono{33CCFF}] Riquelme_Emanuel: q lado esquerdo?
[03/07/2021 - 00:17:51] - [CHAT ADMIN {ff3399}Aprendiz{33CCFF}] Fumassa: 37
[03/07/2021 - 00:17:57] - [CHAT ADMIN {ff3399}Aprendiz{33CCFF}] Natan_Insane: 38
[03/07/2021 - 00:18:01] - [CHAT ADMIN {ff3399}Aprendiz{33CCFF}] Fumassa: 39
[03/07/2021 - 00:18:21] - [CHAT ADMIN {ff3399}Aprendiz{33CCFF}] Fumassa: KKKKKK
[03/07/2021 - 00:18:45] - [CHAT ADMIN {ff3399}Aprendiz{33CCFF}] Fumassa: O RIQUELME
[03/07/2021 - 00:18:57] - [CHAT ADMIN {ff3399}Aprendiz{33CCFF}] Fumassa: NO MEU TECLADO TEM TAB ;-;
[03/07/2021 - 00:20:01] - [CHAT ADMIN {ff3399}Aprendiz{33CCFF}] Fumassa: 41
[03/07/2021 - 00:22:42] - [CHAT ADMIN {ff3399}Aprendiz{33CCFF}] Fumassa: 44
[03/07/2021 - 00:25:37] - [CHAT ADMIN {ff3399}Aprendiz{33CCFF}] Fumassa: VO DA KICK FDS LOCK ON
[03/07/2021 - 00:25:45] - [CHAT ADMIN {ff3399}Aprendiz{33CCFF}] Fumassa: PODE
[03/07/2021 - 00:25:47] - [CHAT ADMIN {ff3399}Aprendiz{33CCFF}] Fumassa: PODE?
[03/07/2021 - 00:25:58] - [CHAT ADMIN {ff3399}Aprendiz{33CCFF}] Natan_Insane: ESSE DO CV TA MESMO A BALA ME SEGUI
[03/07/2021 - 00:26:04] - [CHAT ADMIN {ff3399}Fundador{33CCFF}] Menor_vl: lock e permitido
[03/07/2021 - 00:26:11] - [CHAT ADMIN {ff3399}Aprendiz{33CCFF}] Fumassa: PERA AI
[03/07/2021 - 00:26:19] - [CHAT ADMIN {ff3399}Aprendiz{33CCFF}] Fumassa: VO LOGA NO ANDROID AQUI
[03/07/2021 - 00:29:41] - [CHAT ADMIN {ff3399}Aprendiz{33CCFF}] Fumassa: EB MORRO 
[03/07/2021 - 00:29:44] - [CHAT ADMIN {ff3399}Aprendiz{33CCFF}] Fumassa: N PODE
[03/07/2021 - 00:29:48] - [CHAT ADMIN {ff3399}Aprendiz{33CCFF}] Kauan_Santos: N
[03/07/2021 - 00:30:59] - [CHAT ADMIN {ff3399}Aprendiz{33CCFF}] Fumassa: LOTOU E AGE EM KKK
[03/07/2021 - 00:31:18] - [CHAT ADMIN {ff3399}Aprendiz{33CCFF}] Fumassa: LOYOU KKK
[03/07/2021 - 00:31:19] - [CHAT ADMIN {ff3399}Aprendiz{33CCFF}] Fumassa: LOTO
[03/07/2021 - 00:31:32] - [CHAT ADMIN {ff3399}Aprendiz{33CCFF}] Natan_Insane: EB MORRO MDS
[03/07/2021 - 00:31:38] - [CHAT ADMIN {ff3399}Aprendiz{33CCFF}] Fumassa: ENTAO
[03/07/2021 - 00:31:48] - [CHAT ADMIN {ff3399}Aprendiz{33CCFF}] Natan_Insane: MATEI ELE
[03/07/2021 - 00:31:59] - [CHAT ADMIN {ff3399}Aprendiz{33CCFF}] Fumassa: JA AVISEI
[03/07/2021 - 00:32:05] - [CHAT ADMIN {ff3399}Aprendiz{33CCFF}] Fumassa: SE CONTINUAR E KICK
[03/07/2021 - 00:34:16] - [CHAT ADMIN {ff3399}Fundador{33CCFF}] Vgzinn: n reseta agr
[03/07/2021 - 00:34:20] - [CHAT ADMIN {ff3399}Aprendiz{33CCFF}] Fumassa: O NATAN
[03/07/2021 - 00:36:32] - [CHAT ADMIN {ff3399}Aprendiz{33CCFF}] Kauan_Santos: kkk
[03/07/2021 - 00:36:58] - [CHAT ADMIN {ff3399}Dono{33CCFF}] Riquelme_Emanuel: ihhhhhh vg compra host de 200 agr em kkkkkkkkkkkkkk
[03/07/2021 - 00:40:07] - [CHAT ADMIN {ff3399}Aprendiz{33CCFF}] Fumassa: CASARAO
[03/07/2021 - 00:43:30] - [CHAT ADMIN {ff3399}Aprendiz{33CCFF}] Fumassa: DA RC AI
[03/07/2021 - 00:44:17] - [CHAT ADMIN {ff3399}Aprendiz{33CCFF}] Fumassa: JA FOI DADO RC
[03/07/2021 - 00:44:46] - [CHAT ADMIN {ff3399}Aprendiz{33CCFF}] Fumassa: VEM HQ HITMAS
[03/07/2021 - 00:46:37] - [CHAT ADMIN {ff3399}Aprendiz{33CCFF}] Terrorista_Mobile: kkkk
[03/07/2021 - 00:46:53] - [CHAT ADMIN {ff3399}Aprendiz{33CCFF}] Natan_Insane: ADM NAO PODE ROUBAR :(
[03/07/2021 - 00:46:58] - [CHAT ADMIN {ff3399}Aprendiz{33CCFF}] Fumassa: CAIXA
[03/07/2021 - 00:49:23] - [CHAT ADMIN {ff3399}Aprendiz{33CCFF}] Fumassa: EI
[03/07/2021 - 00:49:33] - [CHAT ADMIN {ff3399}Aprendiz{33CCFF}] Fumassa: PODE SE METER NA ACAO?
[03/07/2021 - 00:49:41] - [CHAT ADMIN {ff3399}Fundador{33CCFF}] Vgzinn: so aliancaaaaaaaaaaaaaaaaaaaaaaaaa
[03/07/2021 - 00:49:42] - [CHAT ADMIN {ff3399}Aprendiz{33CCFF}] Kauan_Santos: n
[03/07/2021 - 00:49:42] - [CHAT ADMIN {ff3399}Aprendiz{33CCFF}] Natan_Insane: NAO
[03/07/2021 - 00:49:46] - [CHAT ADMIN {ff3399}Aprendiz{33CCFF}] Fumassa: UE
[03/07/2021 - 00:49:48] - [CHAT ADMIN {ff3399}Dono{33CCFF}] Riquelme_Emanuel: TO GRAVANDO
[03/07/2021 - 00:49:51] - [CHAT ADMIN {ff3399}Aprendiz{33CCFF}] Natan_Insane: SO ALIADO MESMO
[03/07/2021 - 00:50:05] - [CHAT ADMIN {ff3399}Aprendiz{33CCFF}] Vinicius_Russef: rlx
[03/07/2021 - 00:50:10] - [CHAT ADMIN {ff3399}Aprendiz{33CCFF}] Fumassa: ENTAO PQ QUE QUANDO A ENGUICA SE METEO SEIS FALO QUE PODIA KKKK
[03/07/2021 - 00:53:31] - [CHAT ADMIN {ff3399}Aprendiz{33CCFF}] Kauan_Santos: ou esse titulo da tdt pensei que era cv
[03/07/2021 - 00:53:40] - [CHAT ADMIN {ff3399}Aprendiz{33CCFF}] Kauan_Santos: ta confuso dms
[03/07/2021 - 00:55:21] - [CHAT ADMIN {ff3399}Aprendiz{33CCFF}] Fumassa: ID 15 CADEIA
[03/07/2021 - 00:55:26] - [CHAT ADMIN {ff3399}Aprendiz{33CCFF}] Fumassa: ID 15 CADEIA NS 
[03/07/2021 - 00:55:34] - [CHAT ADMIN {ff3399}Aprendiz{33CCFF}] Fumassa: CAIO DA MOTO
[03/07/2021 - 00:56:05] - [CHAT ADMIN {ff3399}Aprendiz{33CCFF}] Natan_Insane: CAIO DA MOTO E NAO SE ENTREGOU E PEGOU A MOTO E VAZOU COM 2 ARMA NA CARA
[03/07/2021 - 01:00:28] - [CHAT ADMIN {ff3399}Aprendiz{33CCFF}] Fumassa: CLIMA AI
[03/07/2021 - 01:01:03] - [CHAT ADMIN {ff3399}Aprendiz{33CCFF}] Fumassa: MUD CLIMA
[03/07/2021 - 01:06:55] - [CHAT ADMIN {ff3399}Aprendiz{33CCFF}] Terrorista_Mobile: deu um rt brabo aqui
[03/07/2021 - 01:11:19] - [CHAT ADMIN {ff3399}Aprendiz{33CCFF}] Terrorista_Mobile: id 15 tomou cadeia n?
[03/07/2021 - 01:11:38] - [CHAT ADMIN {ff3399}Aprendiz{33CCFF}] Fumassa: N
[03/07/2021 - 01:14:55] - [CHAT ADMIN {ff3399}Aprendiz{33CCFF}] Fumassa: K
[03/07/2021 - 01:19:05] - [CHAT ADMIN {ff3399}Aprendiz{33CCFF}] Natan_Insane: QUANDO O COMANDO DE RESPAWN A PESSOA
[03/07/2021 - 01:19:11] - [CHAT ADMIN {ff3399}Aprendiz{33CCFF}] Terrorista_Mobile: /settime
[03/07/2021 - 01:19:13] - [CHAT ADMIN {ff3399}Aprendiz{33CCFF}] Fumassa: JA RESPANEI
[03/07/2021 - 01:19:14] - [CHAT ADMIN {ff3399}Aprendiz{33CCFF}] Kauan_Santos: /settime
[03/07/2021 - 01:19:23] - [CHAT ADMIN {ff3399}Aprendiz{33CCFF}] Terrorista_Mobile: tinha setado ele na hq
[03/07/2021 - 01:20:28] - [CHAT ADMIN {ff3399}Aprendiz{33CCFF}] Terrorista_Mobile: ser morrer na invasao pode volta n ne?
[03/07/2021 - 01:20:32] - [CHAT ADMIN {ff3399}Aprendiz{33CCFF}] Fumassa: N
[03/07/2021 - 01:23:53] - [CHAT ADMIN {ff3399}Aprendiz{33CCFF}] Kauan_Santos: ;-;
[03/07/2021 - 01:23:59] - [CHAT ADMIN {ff3399}Aprendiz{33CCFF}] Fumassa: OS CARA DA BOPE
[03/07/2021 - 01:24:04] - [CHAT ADMIN {ff3399}Aprendiz{33CCFF}] Fumassa: FAZENDO GHOST
[03/07/2021 - 01:24:05] - [CHAT ADMIN {ff3399}Aprendiz{33CCFF}] Kauan_Santos: ?
[03/07/2021 - 01:28:58] - [CHAT ADMIN {ff3399}Aprendiz{33CCFF}] Terrorista_Mobile: dar cadeia de 0 minutos no id 18
[03/07/2021 - 01:29:11] - [CHAT ADMIN {ff3399}Aprendiz{33CCFF}] Terrorista_Mobile: nem com /desbugar e /settime da indo
[03/07/2021 - 01:45:16] - [CHAT ADMIN {ff3399}Aprendiz{33CCFF}] Natan_Insane: VG OQ VAI ACONTECER AS 23:00
[03/07/2021 - 01:45:30] - [CHAT ADMIN {ff3399}Aprendiz{33CCFF}] Natan_Insane: VG OQ VAI ACONTECER AS 23:00
[03/07/2021 - 01:45:31] - [CHAT ADMIN {ff3399}Fundador{33CCFF}] Vgzinn: AUMENTAR OS SLOTS
[03/07/2021 - 01:45:45] - [CHAT ADMIN {ff3399}Aprendiz{33CCFF}] Natan_Insane: E VAI PRECISAR DESLIGAR O SERVE
[03/07/2021 - 01:46:03] - [CHAT ADMIN {ff3399}Aprendiz{33CCFF}] Natan_Insane: E VAI PRECISAR DESLIGAR O SERVE
[03/07/2021 - 01:47:51] - [CHAT ADMIN {ff3399}Aprendiz{33CCFF}] Natan_Insane: E VAI PRECISAR DESLIGAR O SERVE?
[03/07/2021 - 01:47:55] - [CHAT ADMIN {ff3399}Aprendiz{33CCFF}] Kauan_Santos: s
[03/07/2021 - 01:48:09] - [CHAT ADMIN {ff3399}Aprendiz{33CCFF}] Natan_Insane: SERA QUE VAI DEMORARZ.
[03/07/2021 - 01:48:12] - [CHAT ADMIN {ff3399}Aprendiz{33CCFF}] Natan_Insane: SERA QUE VAI DEMORAR?
[03/07/2021 - 02:01:15] - [CHAT ADMIN {ff3399}Aprendiz{33CCFF}] Fumassa: SERVER LOTADO PQP KK
[03/07/2021 - 02:02:07] - [CHAT ADMIN {ff3399}Aprendiz{33CCFF}] Fumassa: TROPA VO BANHA
[03/07/2021 - 02:02:17] - [CHAT ADMIN {ff3399}Aprendiz{33CCFF}] Fumassa: JA VORYO
[03/07/2021 - 02:02:44] - [CHAT ADMIN {ff3399}Aprendiz{33CCFF}] Kauan_Santos: OU O HELPERZ CHURRITOS TA AQ ELE NAO TA SETADO IN GAME
[03/07/2021 - 02:12:41] - [CHAT ADMIN {ff3399}Aprendiz{33CCFF}] Kauan_Santos: VG VEM AQ SETAR O HELPER LA 
[03/07/2021 - 02:12:51] - [CHAT ADMIN {ff3399}Aprendiz{33CCFF}] Kauan_Santos: O CHURRITOS
[03/07/2021 - 02:13:04] - [CHAT ADMIN {ff3399}Aprendiz{33CCFF}] Kauan_Santos: id 38 
[03/07/2021 - 02:18:08] - [CHAT ADMIN {ff3399}Fundador{33CCFF}] Vgzinn: foi
[03/07/2021 - 02:18:17] - [CHAT ADMIN {ff3399}Aprendiz{33CCFF}] Kauan_Churritos: valeu
[03/07/2021 - 02:29:36] - [CHAT ADMIN {ff3399}Aprendiz{33CCFF}] Kauan_Churritos: como abro esse portao da staff
[03/07/2021 - 02:29:49] - [CHAT ADMIN {ff3399}Aprendiz{33CCFF}] Fumassa: SO BUZINAR POW
[03/07/2021 - 02:34:58] - [CHAT ADMIN {ff3399}Aprendiz{33CCFF}] Fumassa: MDSSS
[03/07/2021 - 02:35:03] - [CHAT ADMIN {ff3399}Aprendiz{33CCFF}] Fumassa: E NRA CARA
[03/07/2021 - 02:35:09] - [CHAT ADMIN {ff3399}Aprendiz{33CCFF}] Kauan_Santos: ATA KKKK
[03/07/2021 - 02:35:16] - [CHAT ADMIN {ff3399}Aprendiz{33CCFF}] Fumassa: N PUXANDO ARMA NA PRACA
[03/07/2021 - 02:37:52] - [CHAT ADMIN {ff3399}Aprendiz{33CCFF}] Fumassa: JA PODE DAR CADEA NO JACK
[03/07/2021 - 02:37:57] - [CHAT ADMIN {ff3399}Aprendiz{33CCFF}] Kauan_Santos: S
[03/07/2021 - 02:37:59] - [CHAT ADMIN {ff3399}Aprendiz{33CCFF}] Fumassa: TENHO PROVAS
[03/07/2021 - 02:38:04] - [CHAT ADMIN {ff3399}Aprendiz{33CCFF}] Fumassa: TO GRAVANDO
[03/07/2021 - 02:38:09] - [CHAT ADMIN {ff3399}Dono{33CCFF}] Riquelme_Emanuel: pq?
[03/07/2021 - 02:38:11] - [CHAT ADMIN {ff3399}Aprendiz{33CCFF}] Fumassa: NS
[03/07/2021 - 02:47:26] - [CHAT ADMIN {ff3399}Aprendiz{33CCFF}] Kauan_Churritos: posso dar kick em afk?
[03/07/2021 - 02:47:32] - [CHAT ADMIN {ff3399}Aprendiz{33CCFF}] Kauan_Santos: PD
[03/07/2021 - 03:06:32] - [CHAT ADMIN {ff3399}Aprendiz{33CCFF}] Kauan_Santos: DA KICK
[03/07/2021 - 03:07:41] - [CHAT ADMIN {ff3399}Aprendiz{33CCFF}] Fumassa: MDSSSSSSS
[03/07/2021 - 03:07:46] - [CHAT ADMIN {ff3399}Aprendiz{33CCFF}] Kauan_Santos: CARA CHATO VEY
[03/07/2021 - 03:07:49] - [CHAT ADMIN {ff3399}Aprendiz{33CCFF}] Fumassa: KICK INDEVIDO MANK PORRA
[03/07/2021 - 03:07:57] - [CHAT ADMIN {ff3399}Aprendiz{33CCFF}] Fumassa: MDSSSSS
[03/07/2021 - 03:08:10] - [CHAT ADMIN {ff3399}Aprendiz{33CCFF}] Kauan_Santos: O CARA TA TENTANDO GANHAR HYPE EM CIMA DE NOIS MDS
[03/07/2021 - 03:08:20] - [CHAT ADMIN {ff3399}Aprendiz{33CCFF}] Fumassa: MANO
[03/07/2021 - 03:08:26] - [CHAT ADMIN {ff3399}Aprendiz{33CCFF}] Fumassa: DX ELE FALAR
[03/07/2021 - 03:08:54] - [CHAT ADMIN {ff3399}Aprendiz{33CCFF}] Fumassa: QUEM CRESCEU O SERVER
[03/07/2021 - 03:09:09] - [CHAT ADMIN {ff3399}Aprendiz{33CCFF}] Fumassa: FOI OS ADMINS ANTIGOS
[03/07/2021 - 03:09:10] - [CHAT ADMIN {ff3399}Aprendiz{33CCFF}] Kauan_Santos: SEI LA
[03/07/2021 - 03:09:18] - [CHAT ADMIN {ff3399}Aprendiz{33CCFF}] Fumassa: SAGAZ,VGZIN,MENOR
[03/07/2021 - 03:09:20] - [CHAT ADMIN {ff3399}Aprendiz{33CCFF}] Fumassa: SO
[03/07/2021 - 03:09:21] - [CHAT ADMIN {ff3399}Aprendiz{33CCFF}] Kauan_Santos: hum ;9;
[03/07/2021 - 03:09:29] - [CHAT ADMIN {ff3399}Aprendiz{33CCFF}] Kauan_Santos: kkk
[03/07/2021 - 03:09:29] - [CHAT ADMIN {ff3399}Aprendiz{33CCFF}] Fumassa: E EU  :)
[03/07/2021 - 03:09:39] - [CHAT ADMIN {ff3399}Aprendiz{33CCFF}] Kauan_Santos: hum
[03/07/2021 - 03:09:43] - [CHAT ADMIN {ff3399}Aprendiz{33CCFF}] Fumassa: KKKKKK
[03/07/2021 - 03:09:48] - [CHAT ADMIN {ff3399}Aprendiz{33CCFF}] Fumassa: BRINKS
[03/07/2021 - 03:10:03] - [CHAT ADMIN {ff3399}Aprendiz{33CCFF}] Kauan_Santos: QUANDO DO KICK EU TO LOKO?
[03/07/2021 - 03:10:09] - [CHAT ADMIN {ff3399}Aprendiz{33CCFF}] Fumassa: SIM
[03/07/2021 - 03:10:12] - [CHAT ADMIN {ff3399}Aprendiz{33CCFF}] Kauan_Santos: EU NAO TO LOKO 
[03/07/2021 - 03:10:16] - [CHAT ADMIN {ff3399}Aprendiz{33CCFF}] Kauan_Santos: EU NAO TO LOKO  KKKK
[03/07/2021 - 03:10:27] - [CHAT ADMIN {ff3399}Aprendiz{33CCFF}] Kauan_Santos: NUNCA VIU MEME N?
[03/07/2021 - 03:10:57] - [CHAT ADMIN {ff3399}Aprendiz{33CCFF}] Fumassa: MDS KAUAN CHURRITOS
[03/07/2021 - 03:11:07] - [CHAT ADMIN {ff3399}Aprendiz{33CCFF}] Kauan_Churritos: os cara fazendo kos
[03/07/2021 - 03:11:08] - [CHAT ADMIN {ff3399}Aprendiz{33CCFF}] Kauan_Santos: kkk
[03/07/2021 - 03:11:09] - [CHAT ADMIN {ff3399}Aprendiz{33CCFF}] Fumassa: FICA DANDO AV INDEVIDO 
[03/07/2021 - 03:11:17] - [CHAT ADMIN {ff3399}Aprendiz{33CCFF}] Fumassa: CARA BURR
[03/07/2021 - 03:11:29] - [CHAT ADMIN {ff3399}Aprendiz{33CCFF}] Fumassa: DANDO UM AV DESSE PQP
[03/07/2021 - 03:11:30] - [CHAT ADMIN {ff3399}Aprendiz{33CCFF}] Kauan_Churritos: pensei que era av em alvuem
[03/07/2021 - 03:11:36] - [CHAT ADMIN {ff3399}Aprendiz{33CCFF}] Kauan_Santos: TU QUER MANDAR NOS CARA E TAMBEM CHURRITOS AVISA NO /A
[03/07/2021 - 03:11:44] - [CHAT ADMIN {ff3399}Aprendiz{33CCFF}] Fumassa: AI E FODA
[03/07/2021 - 03:11:44] - [CHAT ADMIN {ff3399}Aprendiz{33CCFF}] Kauan_Churritos: ei kauan
[03/07/2021 - 03:11:49] - [CHAT ADMIN {ff3399}Aprendiz{33CCFF}] Kauan_Santos: oi
[03/07/2021 - 03:11:59] - [CHAT ADMIN {ff3399}Aprendiz{33CCFF}] Fumassa: HELPER NEM AV N PODE DAR MT
[03/07/2021 - 03:12:11] - [CHAT ADMIN {ff3399}Aprendiz{33CCFF}] Fumassa: SO TIPO ESSE AQUI O
[03/07/2021 - 03:12:36] - [CHAT ADMIN {ff3399}Aprendiz{33CCFF}] Fumassa: SO ASSIM
[03/07/2021 - 03:21:58] - [CHAT ADMIN {ff3399}Aprendiz{33CCFF}] Kauan_Santos: admins tela ele ai
[03/07/2021 - 03:22:03] - [CHAT ADMIN {ff3399}Aprendiz{33CCFF}] Kauan_Churritos: ele saiu
[03/07/2021 - 03:22:19] - [CHAT ADMIN {ff3399}Dono{33CCFF}] Riquelme_Emanuel: nn ta dando 
[03/07/2021 - 03:22:20] - [CHAT ADMIN {ff3399}Aprendiz{33CCFF}] Kauan_Churritos: acho que ele kitou porqu viu que tinha adm do lado
[03/07/2021 - 03:22:26] - [CHAT ADMIN {ff3399}Aprendiz{33CCFF}] Kauan_Santos: s
[03/07/2021 - 03:22:37] - [CHAT ADMIN {ff3399}Aprendiz{33CCFF}] Kauan_Churritos: dei /tvon nele na hora
[03/07/2021 - 03:26:44] - [CHAT ADMIN {ff3399}Aprendiz{33CCFF}] Kauan_Churritos: pode kos do nada man?
[03/07/2021 - 03:27:21] - [CHAT ADMIN {ff3399}Aprendiz{33CCFF}] Fumassa: SEM KICK INDEVIDO PQP MANO
[03/07/2021 - 03:35:43] - [CHAT ADMIN {ff3399}Aprendiz{33CCFF}] Kauan_Churritos: mais e chato ein ksksss
[03/07/2021 - 03:52:17] - [CHAT ADMIN {ff3399}Aprendiz{33CCFF}] Kauan_Santos: vou rajar
[03/07/2021 - 03:53:20] - [CHAT ADMIN {ff3399}Aprendiz{33CCFF}] Kauan_Santos: br ver fuha
[03/07/2021 - 04:02:25] - [CHAT ADMIN {ff3399}Aprendiz{33CCFF}] Kauan_Santos: br caixa?
[03/07/2021 - 04:18:39] - [CHAT ADMIN {ff3399}Aprendiz{33CCFF}] Kauan_Santos: TO FICANDO PT COM ESSES CARA DO INGUICA
[03/07/2021 - 04:18:46] - [CHAT ADMIN {ff3399}Aprendiz{33CCFF}] Kauan_Churritos: eutbm
[03/07/2021 - 05:08:26] - [CHAT ADMIN {ff3399}Aprendiz{33CCFF}] Kauan_Churritos: ele quer falar com tu avg
[03/07/2021 - 12:17:09] - [CHAT ADMIN {ff3399}Aprendiz{33CCFF}] Natan_Insane: SAGAZ
[03/07/2021 - 12:17:35] - [CHAT ADMIN {ff3399}Aprendiz{33CCFF}] Natan_Insane: SAGAZ
[03/07/2021 - 12:24:48] - [CHAT ADMIN {ff3399}Aprendiz{33CCFF}] Natan_Insane: RIQUELME
[03/07/2021 - 12:25:11] - [CHAT ADMIN {ff3399}Aprendiz{33CCFF}] Natan_Insane: RIQUELME
[03/07/2021 - 12:43:23] - [CHAT ADMIN {ff3399}Aprendiz{33CCFF}] Fumassa: MANO
[03/07/2021 - 12:43:29] - [CHAT ADMIN {ff3399}Aprendiz{33CCFF}] Fumassa: O MEU TA BUGADO
[03/07/2021 - 12:43:34] - [CHAT ADMIN {ff3399}Aprendiz{33CCFF}] Fumassa: PRA VCS TMB?
[03/07/2021 - 13:31:54] - [CHAT ADMIN {ff3399}Aprendiz{33CCFF}] Fumassa: MDS
[03/07/2021 - 15:01:58] - [CHAT ADMIN {ff3399}Aprendiz{33CCFF}] Fumassa: RIquelme
[03/07/2021 - 15:02:07] - [CHAT ADMIN {ff3399}Aprendiz{33CCFF}] Fumassa: VEM CA TESTAR APK 
[03/07/2021 - 15:55:09] - [CHAT ADMIN {ff3399}Aprendiz{33CCFF}] Fumassa: sem lock ta?
[03/07/2021 - 15:59:23] - [CHAT ADMIN {ff3399}Aprendiz{33CCFF}] Fumassa: MDS
[03/07/2021 - 15:59:32] - [CHAT ADMIN {ff3399}Fundador{33CCFF}] Menor_vl: mdssss
[03/07/2021 - 15:59:49] - [CHAT ADMIN {ff3399}Aprendiz{33CCFF}] Fumassa: ELE FICA DANDO DIN PROS CARA AI E FODA
[03/07/2021 - 16:00:15] - [CHAT ADMIN {ff3399}Fundador{33CCFF}] Menor_vl: poha ai e foda em sagaz
[03/07/2021 - 16:00:15] - [CHAT ADMIN {ff3399}Dono{33CCFF}] Riquelme_Emanuel: e do sorteio burrao
[03/07/2021 - 16:00:26] - [CHAT ADMIN {ff3399}Fundador{33CCFF}] Menor_vl: blz
[03/07/2021 - 16:00:37] - [CHAT ADMIN {ff3399}Dono{33CCFF}] Riquelme_Emanuel: e do sorteio burro smoke ganhou 500k
[03/07/2021 - 16:00:45] - [CHAT ADMIN {ff3399}Aprendiz{33CCFF}] Fumassa: KRL 5kk o sortei kkk
[03/07/2021 - 16:00:49] - [CHAT ADMIN {ff3399}Fundador{33CCFF}] Menor_vl: mais avisa depois no dc que o premio foi entregado
[03/07/2021 - 16:00:56] - [CHAT ADMIN {ff3399}Aprendiz{33CCFF}] Fumassa: E
[03/07/2021 - 16:01:07] - [CHAT ADMIN {ff3399}Dono{33CCFF}] Riquelme_Emanuel: nem printei mas eu falo la
[03/07/2021 - 16:01:13] - [CHAT ADMIN {ff3399}Aprendiz{33CCFF}] Fumassa: EU PRITEI
[03/07/2021 - 16:01:22] - [CHAT ADMIN {ff3399}Aprendiz{33CCFF}] Fumassa: N VDD TO GRAVANDO ;-;
[03/07/2021 - 16:01:24] - [CHAT ADMIN {ff3399}Dono{33CCFF}] Riquelme_Emanuel: manda ds
[03/07/2021 - 16:02:01] - [CHAT ADMIN {ff3399}Aprendiz{33CCFF}] Fumassa: BAN ID 23
[03/07/2021 - 16:02:05] - [CHAT ADMIN {ff3399}Aprendiz{33CCFF}] Fumassa: E XITER
[03/07/2021 - 16:02:12] - [CHAT ADMIN {ff3399}Aprendiz{33CCFF}] Fumassa: BAN ID 23
[03/07/2021 - 16:02:26] - [CHAT ADMIN {ff3399}Aprendiz{33CCFF}] Fumassa: BAN ID 23
[03/07/2021 - 16:02:31] - [CHAT ADMIN {ff3399}Aprendiz{33CCFF}] Fumassa: DA TV
[03/07/2021 - 16:02:45] - [CHAT ADMIN {ff3399}Aprendiz{33CCFF}] Fumassa: ID 23
[03/07/2021 - 16:05:30] - [CHAT ADMIN {ff3399}Aprendiz{33CCFF}] Fumassa: AI E FODA
[03/07/2021 - 16:05:34] - [CHAT ADMIN {ff3399}Aprendiz{33CCFF}] Fumassa: LOCK ON 
[03/07/2021 - 16:05:57] - [CHAT ADMIN {ff3399}Aprendiz{33CCFF}] Fumassa: MENOR VL E ANDROID FALIDO DE LOCK
[03/07/2021 - 16:06:13] - [CHAT ADMIN {ff3399}Fundador{33CCFF}] Menor_vl: pega
[03/07/2021 - 16:08:07] - [CHAT ADMIN {ff3399}Aprendiz{33CCFF}] Fumassa: dnv
[03/07/2021 - 16:08:10] - [CHAT ADMIN {ff3399}Aprendiz{33CCFF}] Fumassa: id 8
[03/07/2021 - 16:16:42] - [CHAT ADMIN {ff3399}Aprendiz{33CCFF}] Natan_Insane: MINHA TELA DE LOGIN BUGOU
[03/07/2021 - 16:16:47] - [CHAT ADMIN {ff3399}Aprendiz{33CCFF}] Natan_Insane: E AGR
[03/07/2021 - 16:16:52] - [CHAT ADMIN {ff3399}Aprendiz{33CCFF}] Fumassa: rlg
[03/07/2021 - 16:17:11] - [CHAT ADMIN {ff3399}Aprendiz{33CCFF}] Natan_Insane: NAO ADIANTA JA RLG UMAS 4 VEZES
[03/07/2021 - 16:17:43] - [CHAT ADMIN {ff3399}Aprendiz{33CCFF}] Natan_Insane: NAO ADIANTA JA RLG UMAS 4 VEZES
[03/07/2021 - 16:19:05] - [CHAT ADMIN {ff3399}Dono{33CCFF}] Riquelme_Emanuel: cara kitou dei caranga sem qrer ççççççççççç
[03/07/2021 - 16:28:42] - [CHAT ADMIN {ff3399}Aprendiz{33CCFF}] Fumassa: ID 25 ABORDANDO PRACA
[03/07/2021 - 16:29:41] - [CHAT ADMIN {ff3399}Aprendiz{33CCFF}] Fumassa: TVON ID 28!
[03/07/2021 - 16:29:48] - [CHAT ADMIN {ff3399}Aprendiz{33CCFF}] Fumassa: PING ALTO DEMAIS
[03/07/2021 - 16:31:34] - [CHAT ADMIN {ff3399}Aprendiz{33CCFF}] Fumassa: ID 28 
[03/07/2021 - 16:31:37] - [CHAT ADMIN {ff3399}Aprendiz{33CCFF}] Fumassa: ID 28  HACK
[03/07/2021 - 16:31:43] - [CHAT ADMIN {ff3399}Aprendiz{33CCFF}] Fumassa: PUXOU RPG
[03/07/2021 - 16:31:47] - [CHAT ADMIN {ff3399}Aprendiz{33CCFF}] Fumassa: PUXOU RPG
[03/07/2021 - 16:31:52] - [CHAT ADMIN {ff3399}Aprendiz{33CCFF}] Fumassa: PUXOU RPG
[03/07/2021 - 16:31:57] - [CHAT ADMIN {ff3399}Aprendiz{33CCFF}] Fumassa: ID 28
[03/07/2021 - 16:32:04] - [CHAT ADMIN {ff3399}Aprendiz{33CCFF}] Fumassa: SPEDD HACK
[03/07/2021 - 16:32:07] - [CHAT ADMIN {ff3399}Aprendiz{33CCFF}] Fumassa: MDS
[03/07/2021 - 16:33:38] - [CHAT ADMIN {ff3399}Aprendiz{33CCFF}] Fumassa: DA BAN ID 1
[03/07/2021 - 16:33:45] - [CHAT ADMIN {ff3399}Aprendiz{33CCFF}] Fumassa: E HACK MDS
[03/07/2021 - 16:34:21] - [CHAT ADMIN {ff3399}Aprendiz{33CCFF}] Fumassa: DA BAN ID 1
[03/07/2021 - 16:34:36] - [CHAT ADMIN {ff3399}Aprendiz{33CCFF}] Fumassa: DA BAN ID 1
[03/07/2021 - 16:34:39] - [CHAT ADMIN {ff3399}Aprendiz{33CCFF}] Fumassa: HACK
[03/07/2021 - 16:34:55] - [CHAT ADMIN {ff3399}Aprendiz{33CCFF}] Fumassa: HACK ID 1
[03/07/2021 - 16:35:03] - [CHAT ADMIN {ff3399}Aprendiz{33CCFF}] Fumassa: HACK ID 1
[03/07/2021 - 16:35:06] - [CHAT ADMIN {ff3399}Aprendiz{33CCFF}] Fumassa: mds
[03/07/2021 - 16:35:24] - [CHAT ADMIN {ff3399}Aprendiz{33CCFF}] Fumassa: desisto
[03/07/2021 - 16:35:42] - [CHAT ADMIN {ff3399}Aprendiz{33CCFF}] Fumassa: id 1 e hack
[03/07/2021 - 16:35:53] - [CHAT ADMIN {ff3399}Aprendiz{33CCFF}] Fumassa: SPEDD VOAR E TUDO
[03/07/2021 - 16:36:02] - [CHAT ADMIN {ff3399}Fundador{33CCFF}] Vgzinn: qm?
[03/07/2021 - 16:36:06] - [CHAT ADMIN {ff3399}Aprendiz{33CCFF}] Fumassa: ID 1
[03/07/2021 - 16:36:19] - [CHAT ADMIN {ff3399}Aprendiz{33CCFF}] Fumassa: E HACK E CRTZ
[03/07/2021 - 16:36:26] - [CHAT ADMIN {ff3399}Aprendiz{33CCFF}] Fumassa: PUXO RPG
[03/07/2021 - 16:36:53] - [CHAT ADMIN {ff3399}Aprendiz{33CCFF}] Fumassa: A SE EU TIVESSE CARGO
[03/07/2021 - 17:11:22] - [CHAT ADMIN {ff3399}Aprendiz{33CCFF}] Fumassa: O 
[03/07/2021 - 17:11:31] - [CHAT ADMIN {ff3399}Aprendiz{33CCFF}] Fumassa: O  VGZIN
[03/07/2021 - 17:12:35] - [CHAT ADMIN {ff3399}Aprendiz{33CCFF}] Fumassa: VGZIN MENOR
[03/07/2021 - 17:12:44] - [CHAT ADMIN {ff3399}Aprendiz{33CCFF}] Fumassa: OFENSA STAFF TA DEMAIS JA
[03/07/2021 - 17:15:58] - [CHAT ADMIN {ff3399}Fundador{33CCFF}] Vgzinn: telando ja
[03/07/2021 - 17:16:10] - [CHAT ADMIN {ff3399}Aprendiz{33CCFF}] Fumassa: NEM ADINATA EU TELAR
[03/07/2021 - 17:16:18] - [CHAT ADMIN {ff3399}Aprendiz{33CCFF}] Fumassa: POSSO FAZER ND
[03/07/2021 - 17:45:46] - [CHAT ADMIN {ff3399}Aprendiz{33CCFF}] Kauan_Santos: vou da kick
[03/07/2021 - 17:46:02] - [CHAT ADMIN {ff3399}Aprendiz{33CCFF}] Kauan_Santos: vou da kick posso?
[03/07/2021 - 17:46:10] - [CHAT ADMIN {ff3399}Aprendiz{33CCFF}] Fumassa: EM QUEM?
[03/07/2021 - 17:46:24] - [CHAT ADMIN {ff3399}Aprendiz{33CCFF}] Kauan_Santos: NO KPZIN
[03/07/2021 - 17:46:30] - [CHAT ADMIN {ff3399}Aprendiz{33CCFF}] Fumassa: DA
[03/07/2021 - 17:46:32] - [CHAT ADMIN {ff3399}Aprendiz{33CCFF}] Victor_Insanity: PODE SE ELE TIVER FEITO ALGO ERRADO
[03/07/2021 - 17:46:33] - [CHAT ADMIN {ff3399}Aprendiz{33CCFF}] Kauan_Santos: INVADINDO BASE SEM AVISO
[03/07/2021 - 17:46:45] - [CHAT ADMIN {ff3399}Aprendiz{33CCFF}] Victor_Insanity: DA CADEIA
[03/07/2021 - 17:47:02] - [CHAT ADMIN {ff3399}Aprendiz{33CCFF}] Fumassa: DA KICK 1/3
[03/07/2021 - 17:47:08] - [CHAT ADMIN {ff3399}Aprendiz{33CCFF}] Kauan_Santos: ;-;
[03/07/2021 - 18:08:34] - [CHAT ADMIN {ff3399}Fundador{33CCFF}] Menor_vl: o vg
[03/07/2021 - 18:08:39] - [CHAT ADMIN {ff3399}Fundador{33CCFF}] Vgzinn: opa
[03/07/2021 - 18:08:47] - [CHAT ADMIN {ff3399}Fundador{33CCFF}] Menor_vl: tira a arma del
[03/07/2021 - 18:08:54] - [CHAT ADMIN {ff3399}Fundador{33CCFF}] Menor_vl: coko tira
[03/07/2021 - 18:09:10] - [CHAT ADMIN {ff3399}Fundador{33CCFF}] Menor_vl: callllllllllllllllllllllllllllllll
[03/07/2021 - 18:09:14] - [CHAT ADMIN {ff3399}Fundador{33CCFF}] Vgzinn: go
[03/07/2021 - 18:47:46] - [CHAT ADMIN {ff3399}Aprendiz{33CCFF}] Kauan_Santos: ou o cara puxou um jetpack que merda e essa
[03/07/2021 - 20:30:20] - [CHAT ADMIN {ff3399}Aprendiz{33CCFF}] Kauan_Santos: RIQUE TINHA UM CARA DIVULGANDO SERVE MAN AI OS CARA PEDINDO PRA DAR BAN
[03/07/2021 - 20:30:30] - [CHAT ADMIN {ff3399}Aprendiz{33CCFF}] Kauan_Santos: SO Q NAO TENHO PERMISSAO
[03/07/2021 - 20:30:34] - [CHAT ADMIN {ff3399}Aprendiz{33CCFF}] Kauan_Santos: AI DEI KICK
[03/07/2021 - 21:09:19] - [CHAT ADMIN {ff3399}Aprendiz{33CCFF}] Kauan_Santos: ou tdt fazendo bagui feiao menor
[03/07/2021 - 21:09:24] - [CHAT ADMIN {ff3399}Aprendiz{33CCFF}] Kauan_Santos: resolve ai
[03/07/2021 - 22:03:52] - [CHAT ADMIN {ff3399}Aprendiz{33CCFF}] Natan_Insane: VD
[03/07/2021 - 22:03:54] - [CHAT ADMIN {ff3399}Aprendiz{33CCFF}] Natan_Insane: VDD
[03/07/2021 - 22:36:09] - [CHAT ADMIN {ff3399}Aprendiz{33CCFF}] Fumassa: Menor
[03/07/2021 - 22:41:36] - [CHAT ADMIN {ff3399}Aprendiz{33CCFF}] Fumassa: PARA DE KICK INDEVIDO AI
[03/07/2021 - 22:41:46] - [CHAT ADMIN {ff3399}Aprendiz{33CCFF}] Terrorista_Mobile: kick indevido?
[03/07/2021 - 22:41:53] - [CHAT ADMIN {ff3399}Aprendiz{33CCFF}] Fumassa: SIM
[03/07/2021 - 22:41:58] - [CHAT ADMIN {ff3399}Aprendiz{33CCFF}] Terrorista_Mobile: vem fazer meu trabalho ent
[03/07/2021 - 22:42:02] - [CHAT ADMIN {ff3399}Aprendiz{33CCFF}] Terrorista_Mobile: ser ta achando ruim
[03/07/2021 - 22:42:14] - [CHAT ADMIN {ff3399}Aprendiz{33CCFF}] Terrorista_Mobile: na vdd no meu lugar
[03/07/2021 - 22:42:25] - [CHAT ADMIN {ff3399}Aprendiz{33CCFF}] Fumassa: EU N JA FACO 5 HORAS TODO DIA
[03/07/2021 - 22:42:39] - [CHAT ADMIN {ff3399}Aprendiz{33CCFF}] Fumassa: SIM POW
[03/07/2021 - 22:42:54] - [CHAT ADMIN {ff3399}Aprendiz{33CCFF}] Fumassa: MAIS FICA DANDO KICK DIRETO
[03/07/2021 - 22:42:56] - [CHAT ADMIN {ff3399}Aprendiz{33CCFF}] Terrorista_Mobile: pode,olha amigo
[03/07/2021 - 22:42:58] - [CHAT ADMIN {ff3399}Aprendiz{33CCFF}] Natan_Insane: DEIXA O CARA FAZER O TRABALHO DELE FUMASSA
[03/07/2021 - 22:43:00] - [CHAT ADMIN {ff3399}Aprendiz{33CCFF}] Terrorista_Mobile: monte de afk na city
[03/07/2021 - 22:43:16] - [CHAT ADMIN {ff3399}Aprendiz{33CCFF}] Terrorista_Mobile: vou so fica olhando,msm
[03/07/2021 - 22:43:23] - [CHAT ADMIN {ff3399}Aprendiz{33CCFF}] Natan_Insane: VDD
[03/07/2021 - 22:43:30] - [CHAT ADMIN {ff3399}Aprendiz{33CCFF}] Fumassa: DO SCARFACE
[03/07/2021 - 22:43:57] - [CHAT ADMIN {ff3399}Aprendiz{33CCFF}] Terrorista_Mobile: os dois tava ser matando
[03/07/2021 - 22:44:13] - [CHAT ADMIN {ff3399}Aprendiz{33CCFF}] Fumassa: DAVA NOS DOIS
[03/07/2021 - 22:47:42] - [CHAT ADMIN {ff3399}Aprendiz{33CCFF}] Fumassa: /LS FI
[03/07/2021 - 22:47:45] - [CHAT ADMIN {ff3399}Aprendiz{33CCFF}] Fumassa: KKAIA
[03/07/2021 - 22:48:06] - [CHAT ADMIN {ff3399}Aprendiz{33CCFF}] Kauan_Churritos: parem com isso
[03/07/2021 - 22:48:10] - [CHAT ADMIN {ff3399}Aprendiz{33CCFF}] Terrorista_Mobile: voar mlk
[03/07/2021 - 22:48:17] - [CHAT ADMIN {ff3399}Aprendiz{33CCFF}] Fumassa: MDS
[03/07/2021 - 22:48:26] - [CHAT ADMIN {ff3399}Aprendiz{33CCFF}] Fumassa: TERRORISTA DOENTE
[03/07/2021 - 22:48:36] - [CHAT ADMIN {ff3399}Aprendiz{33CCFF}] Terrorista_Mobile: Ta
[03/07/2021 - 22:49:20] - [CHAT ADMIN {ff3399}Aprendiz{33CCFF}] Kauan_Churritos: como fico ausente
[03/07/2021 - 22:49:25] - [CHAT ADMIN {ff3399}Aprendiz{33CCFF}] Terrorista_Mobile: /afk
[03/07/2021 - 22:50:48] - [CHAT ADMIN {ff3399}Aprendiz{33CCFF}] Fumassa: PARO
[03/07/2021 - 22:50:51] - [CHAT ADMIN {ff3399}Aprendiz{33CCFF}] Fumassa: SERIO
[03/07/2021 - 22:52:20] - [CHAT ADMIN {ff3399}Aprendiz{33CCFF}] Fumassa: N KAUAN
[03/07/2021 - 22:52:25] - [CHAT ADMIN {ff3399}Aprendiz{33CCFF}] Terrorista_Mobile: e pra telar kauan
[03/07/2021 - 22:52:31] - [CHAT ADMIN {ff3399}Aprendiz{33CCFF}] Fumassa: E PQ TA SEM LICENCA MDS
[03/07/2021 - 22:52:44] - [CHAT ADMIN {ff3399}Aprendiz{33CCFF}] Kauan_Churritos: tendi =(
[03/07/2021 - 22:52:57] - [CHAT ADMIN {ff3399}Aprendiz{33CCFF}] Terrorista_Mobile: cara ser jogou na agua mds
[03/07/2021 - 22:53:07] - [CHAT ADMIN {ff3399}Aprendiz{33CCFF}] Fumassa: CRASHO ;-;
[03/07/2021 - 23:26:41] - [CHAT ADMIN {ff3399}Aprendiz{33CCFF}] Natan_Insane: KICK EM ERRADO
[03/07/2021 - 23:26:44] - [CHAT ADMIN {ff3399}Aprendiz{33CCFF}] Natan_Insane: KKKK
[03/07/2021 - 23:26:45] - [CHAT ADMIN {ff3399}Aprendiz{33CCFF}] Terrorista_Mobile: kkkkkkkkk
[03/07/2021 - 23:27:02] - [CHAT ADMIN {ff3399}Aprendiz{33CCFF}] Natan_Insane: EU IA DAR KICK NESSE AI VC DEU E ERREI KKK
[03/07/2021 - 23:41:09] - [CHAT ADMIN {ff3399}Aprendiz{33CCFF}] Kauan_Churritos: algum adm pra telar a invasao?
[04/07/2021 - 01:05:29] - [CHAT ADMIN {ff3399}Aprendiz{33CCFF}] Natan_Insane: KAUAN VEM CA
[04/07/2021 - 01:06:29] - [CHAT ADMIN {ff3399}Dono{33CCFF}] Riquelme_Emanuel: conce oq?
[04/07/2021 - 01:06:33] - [CHAT ADMIN {ff3399}Fundador{33CCFF}] Vgzinn: conce
[04/07/2021 - 01:06:41] - [CHAT ADMIN {ff3399}Dono{33CCFF}] Riquelme_Emanuel: q tem
[04/07/2021 - 01:32:58] - [CHAT ADMIN {ff3399}Aprendiz{33CCFF}] Kauan_Santos: ESSE ANGELO TAVA XINGANDO SV 
[04/07/2021 - 01:34:17] - [CHAT ADMIN {ff3399}Aprendiz{33CCFF}] Kauan_Santos: n ;-;
[04/07/2021 - 01:34:24] - [CHAT ADMIN {ff3399}Aprendiz{33CCFF}] Kauan_Santos: ta 30 pa mim
[04/07/2021 - 01:42:43] - [CHAT ADMIN {ff3399}Fundador{33CCFF}] Vgzinn: KKKKKKKKKKKKKKKKKKK
[04/07/2021 - 01:43:00] - [CHAT ADMIN {ff3399}Aprendiz{33CCFF}] Natan_Insane: PRINTEI VG
[04/07/2021 - 01:43:07] - [CHAT ADMIN {ff3399}Fundador{33CCFF}] Vgzinn: rlx pow
[04/07/2021 - 01:43:18] - [CHAT ADMIN {ff3399}Aprendiz{33CCFF}] Natan_Insane: E PARA DENUNCIAR?
[04/07/2021 - 02:37:24] - [CHAT ADMIN {ff3399}Aprendiz{33CCFF}] Kauan_Santos: AI OU VG
[04/07/2021 - 02:41:41] - [CHAT ADMIN {ff3399}Aprendiz{33CCFF}] Kauan_Santos: ADD AGR
[04/07/2021 - 04:12:37] - [CHAT ADMIN {ff3399}Aprendiz{33CCFF}] Vinicius_Russef: kauan vc eh q lvl?
[04/07/2021 - 04:12:46] - [CHAT ADMIN {ff3399}Aprendiz{33CCFF}] Vinicius_Russef: lvl d adm
[04/07/2021 - 05:26:33] - [CHAT ADMIN {ff3399}Aprendiz{33CCFF}] Vinicius_Russef: kauan seu adm eh q nivel?
[04/07/2021 - 05:26:37] - [CHAT ADMIN {ff3399}Aprendiz{33CCFF}] Kauan_Santos: 1
[04/07/2021 - 05:26:42] - [CHAT ADMIN {ff3399}Aprendiz{33CCFF}] Kauan_Santos: kkkk
[04/07/2021 - 05:26:58] - [CHAT ADMIN {ff3399}Aprendiz{33CCFF}] Vinicius_Russef: vc eh q lvl de adm????
[04/07/2021 - 05:26:59] - [CHAT ADMIN {ff3399}Aprendiz{33CCFF}] Vinicius_Russef: vc eh q lvl de adm????
[04/07/2021 - 05:32:24] - [CHAT ADMIN {ff3399}Aprendiz{33CCFF}] Kauan_Churritos: NAO E 4 pm on pra caixinha?
[04/07/2021 - 05:32:33] - [CHAT ADMIN {ff3399}Aprendiz{33CCFF}] Vinicius_Russef: 2
[04/07/2021 - 05:45:54] - [CHAT ADMIN {ff3399}Aprendiz{33CCFF}] Kauan_Churritos: DA TP COM A MOTO
[04/07/2021 - 12:55:47] - [CHAT ADMIN {ff3399}Aprendiz{33CCFF}] Natan_Insane: FUMASSA
[04/07/2021 - 12:55:55] - [CHAT ADMIN {ff3399}Aprendiz{33CCFF}] Fumassa: Hm
[04/07/2021 - 12:55:56] - [CHAT ADMIN {ff3399}Aprendiz{33CCFF}] Natan_Insane: ABRE A LOTERICA PFV
[04/07/2021 - 12:56:01] - [CHAT ADMIN {ff3399}Aprendiz{33CCFF}] Fumassa: KKKKKKK
[04/07/2021 - 12:56:14] - [CHAT ADMIN {ff3399}Aprendiz{33CCFF}] Natan_Insane: OS CARA TAVAO QUERENDO ENTRAR
[04/07/2021 - 12:56:14] - [CHAT ADMIN {ff3399}Aprendiz{33CCFF}] Fumassa: E MINHA POW 
[04/07/2021 - 12:56:31] - [CHAT ADMIN {ff3399}Aprendiz{33CCFF}] Fumassa: EU COMPREI ABRO SE QUISER KSKKKS
[04/07/2021 - 12:56:38] - [CHAT ADMIN {ff3399}Aprendiz{33CCFF}] Natan_Insane: MDS
[04/07/2021 - 12:56:45] - [CHAT ADMIN {ff3399}Aprendiz{33CCFF}] Fumassa: INDO AI
[04/07/2021 - 12:56:51] - [CHAT ADMIN {ff3399}Aprendiz{33CCFF}] Fumassa: E PQ TEM UM BUG
[04/07/2021 - 12:56:55] - [CHAT ADMIN {ff3399}Aprendiz{33CCFF}] Fumassa: NA LOTERICA
[04/07/2021 - 12:57:02] - [CHAT ADMIN {ff3399}Aprendiz{33CCFF}] Fumassa: QUE TAO GANHANDO 30kk
[04/07/2021 - 12:57:19] - [CHAT ADMIN {ff3399}Aprendiz{33CCFF}] Natan_Insane: ISSO TOU QUERENDO GANHAR
[04/07/2021 - 12:57:43] - [CHAT ADMIN {ff3399}Aprendiz{33CCFF}] Fumassa: abri
[04/07/2021 - 12:57:45] - [CHAT ADMIN {ff3399}Aprendiz{33CCFF}] Natan_Insane: E PQ SE ACOMULAR E NINGUEM ACERTAR ELE VAI AUMENTAR
[04/07/2021 - 12:58:22] - [CHAT ADMIN {ff3399}Aprendiz{33CCFF}] Fumassa: BAO QUE GANHA MT
[04/07/2021 - 12:58:28] - [CHAT ADMIN {ff3399}Aprendiz{33CCFF}] Natan_Insane: VDD
[04/07/2021 - 12:58:34] - [CHAT ADMIN {ff3399}Aprendiz{33CCFF}] Fumassa: QUER VER MEU RG?
[04/07/2021 - 13:14:33] - [CHAT ADMIN {ff3399}Aprendiz{33CCFF}] Fumassa: KKKK
[04/07/2021 - 13:14:42] - [CHAT ADMIN {ff3399}Aprendiz{33CCFF}] Natan_Insane: VAGABUNDO KK
[04/07/2021 - 17:44:42] - [CHAT ADMIN {ff3399}Aprendiz{33CCFF}] Fumassa: N 
[04/07/2021 - 17:44:55] - [CHAT ADMIN {ff3399}Aprendiz{33CCFF}] Fumassa: TO DANDO TAPA EM MIM
[04/07/2021 - 18:12:11] - [CHAT ADMIN {ff3399}Aprendiz{33CCFF}] Fumassa: MANO SO VER AS REGRA CABO
[04/07/2021 - 18:43:32] - [CHAT ADMIN {ff3399}Aprendiz{33CCFF}] Kauan_Santos: ATA KKKK
[04/07/2021 - 18:46:39] - [CHAT ADMIN {ff3399}Aprendiz{33CCFF}] Kauan_Santos: A INVASAO E SO 17hrs
[04/07/2021 - 18:48:01] - [CHAT ADMIN {ff3399}Aprendiz{33CCFF}] Kauan_Santos: OU PCC VAI TOMAR RESET PQ?
[04/07/2021 - 21:02:30] - [CHAT ADMIN {ff3399}Aprendiz{33CCFF}] Fumassa: UUU
[04/07/2021 - 21:02:37] - [CHAT ADMIN {ff3399}Aprendiz{33CCFF}] Fumassa: 10,on ja krl
[04/07/2021 - 21:12:01] - [CHAT ADMIN {ff3399}Aprendiz{33CCFF}] Fumassa: VGZIN
[04/07/2021 - 21:12:14] - [CHAT ADMIN {ff3399}Aprendiz{33CCFF}] Fumassa: N DA PRA ESTACIONAR
[04/07/2021 - 21:12:21] - [CHAT ADMIN {ff3399}Fundador{33CCFF}] Vgzinn: DA SIM
[04/07/2021 - 21:12:25] - [CHAT ADMIN {ff3399}Aprendiz{33CCFF}] Fumassa: COMO
[04/07/2021 - 21:12:29] - [CHAT ADMIN {ff3399}Fundador{33CCFF}] Vgzinn: MENUCAR
[04/07/2021 - 21:12:44] - [CHAT ADMIN {ff3399}Aprendiz{33CCFF}] Fumassa: ATA
[04/07/2021 - 21:12:48] - [CHAT ADMIN {ff3399}Aprendiz{33CCFF}] Kauan_Santos: como compta
[04/07/2021 - 21:12:55] - [CHAT ADMIN {ff3399}Aprendiz{33CCFF}] Fumassa: NA CONCE
[04/07/2021 - 21:12:57] - [CHAT ADMIN {ff3399}Fundador{33CCFF}] Vgzinn: MDSSSSSSSSSSSSSSSSSSSSSSSSS
[04/07/2021 - 21:13:01] - [CHAT ADMIN {ff3399}Aprendiz{33CCFF}] Fumassa: AI AI SPAWNAR
[04/07/2021 - 21:13:06] - [CHAT ADMIN {ff3399}Aprendiz{33CCFF}] Kauan_Santos: tem tres
[04/07/2021 - 21:13:32] - [CHAT ADMIN {ff3399}Aprendiz{33CCFF}] Fumassa: VO COMPRAR VARIOS CARRO UAI
[04/07/2021 - 21:14:01] - [CHAT ADMIN {ff3399}Aprendiz{33CCFF}] Kauan_Santos: qual comando?
[04/07/2021 - 21:14:07] - [CHAT ADMIN {ff3399}Aprendiz{33CCFF}] Fumassa: PRA QUE?
[04/07/2021 - 21:14:47] - [CHAT ADMIN {ff3399}Aprendiz{33CCFF}] Fumassa: MDS
[04/07/2021 - 21:16:00] - [CHAT ADMIN {ff3399}Aprendiz{33CCFF}] Kauan_Santos: TIPO TEM SO UM BIXO PLANANDO
[04/07/2021 - 21:16:06] - [CHAT ADMIN {ff3399}Aprendiz{33CCFF}] Kauan_Santos: AI TO APERTANDO F E N VAI
[04/07/2021 - 21:17:30] - [CHAT ADMIN {ff3399}Aprendiz{33CCFF}] Kauan_Santos: ONDE E A COMCE FUMASSA?
[04/07/2021 - 21:17:55] - [CHAT ADMIN {ff3399}Aprendiz{33CCFF}] Kauan_Santos: ONDE E A COMCE FUMASSA? kkkk
[04/07/2021 - 21:18:06] - [CHAT ADMIN {ff3399}Dono{33CCFF}] Riquelme_Emanuel: da /gps locais inportante e conce
[04/07/2021 - 21:18:35] - [CHAT ADMIN {ff3399}Aprendiz{33CCFF}] Kauan_Santos: n tem locais importates ;];
[04/07/2021 - 21:18:42] - [CHAT ADMIN {ff3399}Aprendiz{33CCFF}] Fumassa: GERAL LS
[04/07/2021 - 21:18:58] - [CHAT ADMIN {ff3399}Dono{33CCFF}] Riquelme_Emanuel: simm
[04/07/2021 - 21:19:14] - [CHAT ADMIN {ff3399}Aprendiz{33CCFF}] Kauan_Santos: achei 
[04/07/2021 - 21:20:34] - [CHAT ADMIN {ff3399}Aprendiz{33CCFF}] Fumassa: VO LOTA MINHA MANSAO DE CARRO
[04/07/2021 - 21:21:00] - [CHAT ADMIN {ff3399}Aprendiz{33CCFF}] Fumassa: E ME DAR TAG E UM EMPRESARIO E
[04/07/2021 - 21:29:02] - [CHAT ADMIN {ff3399}Aprendiz{33CCFF}] Fumassa: BAN 35
[04/07/2021 - 21:29:04] - [CHAT ADMIN {ff3399}Aprendiz{33CCFF}] Fumassa: BAN 35
[04/07/2021 - 21:29:15] - [CHAT ADMIN {ff3399}Aprendiz{33CCFF}] Kauan_Santos: BAN 35
[04/07/2021 - 21:29:17] - [CHAT ADMIN {ff3399}Aprendiz{33CCFF}] Kauan_Santos: BAN 35
[04/07/2021 - 21:29:24] - [CHAT ADMIN {ff3399}Aprendiz{33CCFF}] Fumassa: ;-;
[04/07/2021 - 21:29:31] - [CHAT ADMIN {ff3399}Aprendiz{33CCFF}] Fumassa: SABE NEM USAR
[04/07/2021 - 21:32:02] - [CHAT ADMIN {ff3399}Aprendiz{33CCFF}] Fumassa: BAN 32
[04/07/2021 - 21:32:06] - [CHAT ADMIN {ff3399}Aprendiz{33CCFF}] Fumassa: BAN 31
[04/07/2021 - 21:32:27] - [CHAT ADMIN {ff3399}Aprendiz{33CCFF}] Fumassa: DA BAN
[04/07/2021 - 21:33:12] - [CHAT ADMIN {ff3399}Aprendiz{33CCFF}] Fumassa: ICARO
[04/07/2021 - 21:33:15] - [CHAT ADMIN {ff3399}Aprendiz{33CCFF}] Fumassa: VEM EM MIM
[04/07/2021 - 21:33:50] - [CHAT ADMIN {ff3399}Aprendiz{33CCFF}] Fumassa: ICARO
[04/07/2021 - 21:33:52] - [CHAT ADMIN {ff3399}Aprendiz{33CCFF}] Fumassa: ICARO?
[04/07/2021 - 21:38:32] - [CHAT ADMIN {ff3399}Fundador{33CCFF}] Vgzinn: porrrrrrrrrrrrrrrrrrrraaaaaaaaaaaaaaaaaaaaa
[04/07/2021 - 21:38:36] - [CHAT ADMIN {ff3399}Aprendiz{33CCFF}] Fumassa: CARA USANDO HELI NA PISTA PRA BATER AI E FODA
[04/07/2021 - 21:38:40] - [CHAT ADMIN {ff3399}Fundador{33CCFF}] Vgzinn: ja disse ontem
[04/07/2021 - 21:38:46] - [CHAT ADMIN {ff3399}Fundador{33CCFF}] Vgzinn: para de kickarrrr
[04/07/2021 - 21:38:47] - [CHAT ADMIN {ff3399}Aprendiz{33CCFF}] Fumassa: MANO
[04/07/2021 - 21:38:51] - [CHAT ADMIN {ff3399}Fundador{33CCFF}] Vgzinn: chega no cara
[04/07/2021 - 21:38:54] - [CHAT ADMIN {ff3399}Fundador{33CCFF}] Vgzinn: tmnc
[04/07/2021 - 21:39:02] - [CHAT ADMIN {ff3399}Aprendiz{33CCFF}] Fumassa: AI N VO KICKAR O CARA TANDO ERRADO
[04/07/2021 - 21:39:06] - [CHAT ADMIN {ff3399}Aprendiz{33CCFF}] Fumassa: BLZ
[04/07/2021 - 21:39:12] - [CHAT ADMIN {ff3399}Fundador{33CCFF}] Vgzinn: vc tem cargo de helper n e?
[04/07/2021 - 21:39:19] - [CHAT ADMIN {ff3399}Aprendiz{33CCFF}] Fumassa: SLA
[04/07/2021 - 21:39:22] - [CHAT ADMIN {ff3399}Fundador{33CCFF}] Vgzinn: helper=AJUDA
[04/07/2021 - 21:39:27] - [CHAT ADMIN {ff3399}Fundador{33CCFF}] Vgzinn: N FODE MDS
[04/07/2021 - 21:39:28] - [CHAT ADMIN {ff3399}Aprendiz{33CCFF}] Fumassa: NEM SEI SE E HELPER MSM
[04/07/2021 - 21:40:10] - [CHAT ADMIN {ff3399}Fundador{33CCFF}] Vgzinn: vo lhe mete a madeira visse?
[04/07/2021 - 21:40:16] - [CHAT ADMIN {ff3399}Fundador{33CCFF}] Vgzinn: sou nordestinu agr
[04/07/2021 - 21:40:18] - [CHAT ADMIN {ff3399}Aprendiz{33CCFF}] Fumassa: METE 
[04/07/2021 - 21:40:24] - [CHAT ADMIN {ff3399}Fundador{33CCFF}] Vgzinn: icaru me encinou
[04/07/2021 - 21:40:24] - [CHAT ADMIN {ff3399}Aprendiz{33CCFF}] Fumassa: MAIS METE GOSTOSINHO
[04/07/2021 - 21:40:28] - [CHAT ADMIN {ff3399}Fundador{33CCFF}] Vgzinn: KKKKKKKKKKKKKKKKKKKKKKKK
[04/07/2021 - 21:40:36] - [CHAT ADMIN {ff3399}Aprendiz{33CCFF}] Fumassa: AIIIII AIIIIII
[04/07/2021 - 21:40:48] - [CHAT ADMIN {ff3399}Aprendiz{33CCFF}] Fumassa: ICARO GAY
[04/07/2021 - 21:40:54] - [CHAT ADMIN {ff3399}Aprendiz{33CCFF}] Fumassa: KKKKKK
[04/07/2021 - 21:43:54] - [CHAT ADMIN {ff3399}Aprendiz{33CCFF}] Fumassa: ICARO
[04/07/2021 - 21:44:03] - [CHAT ADMIN {ff3399}Aprendiz{33CCFF}] Fumassa: ICARO
[04/07/2021 - 21:44:14] - [CHAT ADMIN {ff3399}Aprendiz{33CCFF}] Fumassa: ICARO VEM EM MIM AI
[04/07/2021 - 21:45:25] - [CHAT ADMIN {ff3399}Aprendiz{33CCFF}] Fumassa: AI N VGZIN
[04/07/2021 - 21:45:40] - [CHAT ADMIN {ff3399}Aprendiz{33CCFF}] Fumassa: AI TEM ALGO ERRADO
[04/07/2021 - 21:57:00] - [CHAT ADMIN {ff3399}Dono{33CCFF}] Riquelme_Emanuel: me tela vg
[04/07/2021 - 21:57:06] - [CHAT ADMIN {ff3399}Dono{33CCFF}] Riquelme_Emanuel: me tela vg
[04/07/2021 - 21:57:07] - [CHAT ADMIN {ff3399}Dono{33CCFF}] Riquelme_Emanuel: me tela vg
[04/07/2021 - 21:59:38] - [CHAT ADMIN {ff3399}Fundador{33CCFF}] Vgzinn: como responde relatorio?
[04/07/2021 - 21:59:44] - [CHAT ADMIN {ff3399}Dono{33CCFF}] Riquelme_Emanuel: sla
[04/07/2021 - 21:59:45] - [CHAT ADMIN {ff3399}Aprendiz{33CCFF}] Kauan_Santos: /FILA
[04/07/2021 - 22:34:44] - [CHAT ADMIN {ff3399}Aprendiz{33CCFF}] Kauan_Santos: COMO PEGA CARRO?
[05/07/2021 - 00:02:27] - [CHAT ADMIN {ff3399}Dono{33CCFF}] Riquelme_Emanuel: tira procurado do id 19 menor
[05/07/2021 - 00:02:36] - [CHAT ADMIN {ff3399}Dono{33CCFF}] Riquelme_Emanuel: ou me fala comando
[05/07/2021 - 00:05:28] - [CHAT ADMIN {ff3399}Aprendiz{33CCFF}] Fumassa: Chama
[05/07/2021 - 01:26:21] - [CHAT ADMIN {ff3399}Aprendiz{33CCFF}] Kauan_Santos: vg como pego meu carro?
[05/07/2021 - 01:26:32] - [CHAT ADMIN {ff3399}Fundador{33CCFF}] Vgzinn: menucar
[05/07/2021 - 01:26:52] - [CHAT ADMIN {ff3399}Aprendiz{33CCFF}] Kauan_Santos: ja dei n vai
[05/07/2021 - 01:26:57] - [CHAT ADMIN {ff3399}Aprendiz{33CCFF}] Kauan_Santos: ele n vem
[05/07/2021 - 01:27:50] - [CHAT ADMIN {ff3399}Aprendiz{33CCFF}] Kauan_Santos: como localizo ele?
[05/07/2021 - 03:40:51] - [CHAT ADMIN {ff3399}Aprendiz{33CCFF}] Kauan_Santos: vg 
[05/07/2021 - 05:19:35] - [CHAT ADMIN {ff3399}Aprendiz{33CCFF}] Kauan_Churritos: natan o maumau pulou uma rampa de terra com um cheetah mds
[05/07/2021 - 05:19:47] - [CHAT ADMIN {ff3399}Aprendiz{33CCFF}] Natan_Insane: MDS
[05/07/2021 - 05:19:52] - [CHAT ADMIN {ff3399}Aprendiz{33CCFF}] Natan_Insane: TEM PRINT
[05/07/2021 - 05:20:06] - [CHAT ADMIN {ff3399}Aprendiz{33CCFF}] Kauan_Churritos: nao mas se eu encontrar eu mato ele
[05/07/2021 - 05:20:21] - [CHAT ADMIN {ff3399}Aprendiz{33CCFF}] Natan_Insane: SO DA UM KICK POR RAMPAR
[05/07/2021 - 05:20:31] - [CHAT ADMIN {ff3399}Aprendiz{33CCFF}] Kauan_Churritos: amanha ksksks
[05/07/2021 - 05:20:39] - [CHAT ADMIN {ff3399}Aprendiz{33CCFF}] Natan_Insane: KKKK
[05/07/2021 - 13:52:12] - [CHAT ADMIN {ff3399}Aprendiz{33CCFF}] Fumassa: RIWUELME
[05/07/2021 - 13:52:13] - [CHAT ADMIN {ff3399}Aprendiz{33CCFF}] Fumassa: E
[05/07/2021 - 13:52:32] - [CHAT ADMIN {ff3399}Aprendiz{33CCFF}] Fumassa: EI MANDEI UM CARA DA BALLAS VAZAR
[05/07/2021 - 13:52:51] - [CHAT ADMIN {ff3399}Aprendiz{33CCFF}] Fumassa: AI ELE FICO XINGANDO
[05/07/2021 - 13:52:56] - [CHAT ADMIN {ff3399}Aprendiz{33CCFF}] Fumassa: AJ MATEI ELE
[05/07/2021 - 13:53:01] - [CHAT ADMIN {ff3399}Aprendiz{33CCFF}] Fumassa: ELE DISSE PRINTO
[05/07/2021 - 14:23:49] - [CHAT ADMIN {ff3399}Aprendiz{33CCFF}] Fumassa: Riquelme
[05/07/2021 - 14:23:53] - [CHAT ADMIN {ff3399}Dono{33CCFF}] Riquelme_Emanuel: hm
[05/07/2021 - 14:23:54] - [CHAT ADMIN {ff3399}Aprendiz{33CCFF}] Fumassa: Chma pra org
[05/07/2021 - 14:23:58] - [CHAT ADMIN {ff3399}Aprendiz{33CCFF}] Fumassa: Bugou
[05/07/2021 - 14:24:18] - [CHAT ADMIN {ff3399}Aprendiz{33CCFF}] Fumassa: Chama ai
[05/07/2021 - 14:24:22] - [CHAT ADMIN {ff3399}Dono{33CCFF}] Riquelme_Emanuel: procurado
[05/07/2021 - 14:24:26] - [CHAT ADMIN {ff3399}Dono{33CCFF}] Riquelme_Emanuel: pq saiu?
[05/07/2021 - 14:24:31] - [CHAT ADMIN {ff3399}Aprendiz{33CCFF}] Fumassa: Limpa ue
[05/07/2021 - 14:24:36] - [CHAT ADMIN {ff3399}Aprendiz{33CCFF}] Fumassa: N sai
[05/07/2021 - 14:24:39] - [CHAT ADMIN {ff3399}Dono{33CCFF}] Riquelme_Emanuel: sei,xomando nn
[05/07/2021 - 14:24:40] - [CHAT ADMIN {ff3399}Aprendiz{33CCFF}] Fumassa: Me tiraro
[05/07/2021 - 14:24:47] - [CHAT ADMIN {ff3399}Aprendiz{33CCFF}] Fumassa: /AA 
[05/07/2021 - 14:24:56] - [CHAT ADMIN {ff3399}Dono{33CCFF}] ICARO_Walker: SOU LINDO D+
[05/07/2021 - 14:24:58] - [CHAT ADMIN {ff3399}Dono{33CCFF}] Riquelme_Emanuel: n tem dizendo o comando no /aa
[05/07/2021 - 14:25:14] - [CHAT ADMIN {ff3399}Aprendiz{33CCFF}] Fumassa: /LIMPARFICHA
[05/07/2021 - 14:25:34] - [CHAT ADMIN {ff3399}Aprendiz{33CCFF}] Fumassa: AI
[05/07/2021 - 14:25:50] - [CHAT ADMIN {ff3399}Dono{33CCFF}] Riquelme_Emanuel: tu tem qntas estrelas?
[05/07/2021 - 14:25:54] - [CHAT ADMIN {ff3399}Aprendiz{33CCFF}] Fumassa: NEUKA
[05/07/2021 - 14:26:02] - [CHAT ADMIN {ff3399}Dono{33CCFF}] Riquelme_Emanuel: tu tem qntas estrelas?
[05/07/2021 - 14:26:07] - [CHAT ADMIN {ff3399}Aprendiz{33CCFF}] Fumassa: NEUMA
[05/07/2021 - 14:26:14] - [CHAT ADMIN {ff3399}Dono{33CCFF}] Riquelme_Emanuel: qual teu id
[05/07/2021 - 14:26:21] - [CHAT ADMIN {ff3399}Aprendiz{33CCFF}] Fumassa: 32
[05/07/2021 - 14:26:30] - [CHAT ADMIN {ff3399}Dono{33CCFF}] Riquelme_Emanuel: plcurado ainda
[05/07/2021 - 14:26:36] - [CHAT ADMIN {ff3399}Aprendiz{33CCFF}] Fumassa: UE
[05/07/2021 - 14:26:44] - [CHAT ADMIN {ff3399}Aprendiz{33CCFF}] Fumassa: DA TP AI
[05/07/2021 - 14:40:11] - [CHAT ADMIN {ff3399}Aprendiz{33CCFF}] Fumassa: KKKKKKKKKKK
[05/07/2021 - 14:40:16] - [CHAT ADMIN {ff3399}Dono{33CCFF}] Riquelme_Emanuel: 1/2 e o krl fumassa ja falamos pra nao dar kick proxima vez 2/3 em vc
[05/07/2021 - 14:40:25] - [CHAT ADMIN {ff3399}Aprendiz{33CCFF}] Fumassa: UE
[05/07/2021 - 14:40:30] - [CHAT ADMIN {ff3399}Dono{33CCFF}] Riquelme_Emanuel: ja ta com 1/3
[05/07/2021 - 14:40:32] - [CHAT ADMIN {ff3399}Aprendiz{33CCFF}] Fumassa: MAIS ELE XINGOU
[05/07/2021 - 14:40:39] - [CHAT ADMIN {ff3399}Dono{33CCFF}] Riquelme_Emanuel: fds cara pra q kick?
[05/07/2021 - 14:40:47] - [CHAT ADMIN {ff3399}Aprendiz{33CCFF}] Fumassa: UE
[05/07/2021 - 14:40:58] - [CHAT ADMIN {ff3399}Aprendiz{33CCFF}] Fumassa: ENTAO PODE XINGAR ADM QUANDO QUISER
[05/07/2021 - 14:41:11] - [CHAT ADMIN {ff3399}Dono{33CCFF}] Riquelme_Emanuel: VC N TAVA MODO TRABALHO DUENTE
[05/07/2021 - 14:41:26] - [CHAT ADMIN {ff3399}Aprendiz{33CCFF}] Fumassa: hm
[05/07/2021 - 14:41:31] - [CHAT ADMIN {ff3399}Aprendiz{33CCFF}] Fumassa: AI E PK
[05/07/2021 - 14:47:54] - [CHAT ADMIN {ff3399}Aprendiz{33CCFF}] Fumassa: MDS TA DANDO KICK PQ
[05/07/2021 - 14:47:59] - [CHAT ADMIN {ff3399}Dono{33CCFF}] Riquelme_Emanuel: DM
[05/07/2021 - 14:48:10] - [CHAT ADMIN {ff3399}Aprendiz{33CCFF}] Fumassa: AI E FODA
[05/07/2021 - 14:48:24] - [CHAT ADMIN {ff3399}Aprendiz{33CCFF}] Fumassa: NAQUELE DIA QUE OS CARA TAVA SE BATENDO EVENTO
[05/07/2021 - 14:48:29] - [CHAT ADMIN {ff3399}Aprendiz{33CCFF}] Fumassa: SE N FEZ ND
[05/07/2021 - 14:48:36] - [CHAT ADMIN {ff3399}Dono{33CCFF}] Riquelme_Emanuel: ca la boca fumassa mds
[05/07/2021 - 14:48:40] - [CHAT ADMIN {ff3399}Aprendiz{33CCFF}] Fumassa: TMNC
[05/07/2021 - 14:48:42] - [CHAT ADMIN {ff3399}Aprendiz{33CCFF}] Fumassa: FDP
[05/07/2021 - 14:48:55] - [CHAT ADMIN {ff3399}Dono{33CCFF}] Riquelme_Emanuel: xinga dnv
[05/07/2021 - 14:56:41] - [CHAT ADMIN {ff3399}Aprendiz{33CCFF}] Fumassa: BANI AI FDP
[05/07/2021 - 14:56:50] - [CHAT ADMIN {ff3399}Aprendiz{33CCFF}] Fumassa: DA BAN AI GAY DO KRL
[05/07/2021 - 14:57:00] - [CHAT ADMIN {ff3399}Aprendiz{33CCFF}] Fumassa: BANI
[05/07/2021 - 14:57:42] - [CHAT ADMIN {ff3399}Aprendiz{33CCFF}] Fumassa: VO DA KICK INDEVIDO EM GERAL PRA VER SE N VAI BANIR
[05/07/2021 - 16:58:42] - [CHAT ADMIN {ff3399}Aprendiz{33CCFF}] Kauan_Santos: VEM AQ
[05/07/2021 - 16:58:50] - [CHAT ADMIN {ff3399}Aprendiz{33CCFF}] Kauan_Santos: VEM AQ
[05/07/2021 - 17:01:25] - [CHAT ADMIN {ff3399}Aprendiz{33CCFF}] Kauan_Santos: ta tapao em mim eu buguei
[05/07/2021 - 17:01:38] - [CHAT ADMIN {ff3399}Aprendiz{33CCFF}] Kauan_Santos: ta tapao em mim eu buguei
[05/07/2021 - 17:01:48] - [CHAT ADMIN {ff3399}Dono{33CCFF}] Riquelme_Emanuel: como blinda carro?
[05/07/2021 - 17:02:31] - [CHAT ADMIN {ff3399}Dono{33CCFF}] Riquelme_Emanuel: como blinda carro?
[05/07/2021 - 17:02:32] - [CHAT ADMIN {ff3399}Dono{33CCFF}] Riquelme_Emanuel: como blinda carro?
[05/07/2021 - 17:02:38] - [CHAT ADMIN {ff3399}Aprendiz{33CCFF}] Kauan_Santos: BCARRO
[05/07/2021 - 17:03:00] - [CHAT ADMIN {ff3399}Aprendiz{33CCFF}] Kauan_Santos: colca fogo em mim
[05/07/2021 - 17:03:04] - [CHAT ADMIN {ff3399}Aprendiz{33CCFF}] Kauan_Santos: buguei
[05/07/2021 - 17:03:10] - [CHAT ADMIN {ff3399}Aprendiz{33CCFF}] Kauan_Santos: buguei
[05/07/2021 - 17:03:14] - [CHAT ADMIN {ff3399}Aprendiz{33CCFF}] Kauan_Santos: colca fogo em mim
[05/07/2021 - 17:49:21] - [CHAT ADMIN {ff3399}Aprendiz{33CCFF}] Vinicius_Russef: me puxa algm
[05/07/2021 - 18:28:04] - [CHAT ADMIN {ff3399}Aprendiz{33CCFF}] Kauan_Churritos: posso kickar usadores de hand que fez nj?
[05/07/2021 - 18:49:00] - [CHAT ADMIN {ff3399}Aprendiz{33CCFF}] Kauan_Santos: poso dar kick? /an indevido?
[05/07/2021 - 18:49:07] - [CHAT ADMIN {ff3399}Aprendiz{33CCFF}] Kauan_Churritos: sim
[05/07/2021 - 18:56:27] - [CHAT ADMIN {ff3399}Aprendiz{33CCFF}] Kauan_Churritos: posso mermo?
[05/07/2021 - 18:56:33] - [CHAT ADMIN {ff3399}Aprendiz{33CCFF}] Kauan_Santos: s
[05/07/2021 - 19:13:18] - [CHAT ADMIN {ff3399}Aprendiz{33CCFF}] Kauan_Santos: POSSO?
[05/07/2021 - 19:13:31] - [CHAT ADMIN {ff3399}Aprendiz{33CCFF}] Natan_Insane: PODE OS CARA ME ASSALTAR COM O CAIXA EXPLODIDO?
[05/07/2021 - 19:13:45] - [CHAT ADMIN {ff3399}Aprendiz{33CCFF}] Kauan_Santos: posso da kick no cara voltando acao?
[05/07/2021 - 19:13:54] - [CHAT ADMIN {ff3399}Aprendiz{33CCFF}] Kauan_Churritos: sim eu acho
[05/07/2021 - 19:13:58] - [CHAT ADMIN {ff3399}Dono{33CCFF}] Riquelme_Emanuel: sim
[05/07/2021 - 19:20:24] - [CHAT ADMIN {ff3399}Aprendiz{33CCFF}] Kauan_Churritos: os hitman pode comecar um treinamento?
[05/07/2021 - 19:20:36] - [CHAT ADMIN {ff3399}Dono{33CCFF}] Riquelme_Emanuel: claro
[05/07/2021 - 19:20:39] - [CHAT ADMIN {ff3399}Aprendiz{33CCFF}] Kauan_Churritos: um treinamento na pura bala
[05/07/2021 - 22:02:46] - [CHAT ADMIN {ff3399}Dono{33CCFF}] Riquelme_Emanuel: meno r ajudaaa
[06/07/2021 - 15:12:58] - [CHAT ADMIN {ff3399}Aprendiz{33CCFF}] Kauan_Churritos: natan kika o id 13 e o 12 por kos e dm
[06/07/2021 - 15:13:17] - [CHAT ADMIN {ff3399}Aprendiz{33CCFF}] Natan_Insane: KICK AI TOU FAZENDO UM BAGULHO SERIO
[06/07/2021 - 15:15:40] - [CHAT ADMIN {ff3399}Aprendiz{33CCFF}] Natan_Insane: MENOR
[06/07/2021 - 15:15:41] - [CHAT ADMIN {ff3399}Aprendiz{33CCFF}] Natan_Insane: MENOR
[06/07/2021 - 15:15:48] - [CHAT ADMIN {ff3399}Aprendiz{33CCFF}] Kauan_Churritos: oque
[06/07/2021 - 15:15:51] - [CHAT ADMIN {ff3399}Aprendiz{33CCFF}] Natan_Insane: DA TVON NO 11 TA DE HACK
[06/07/2021 - 15:21:56] - [CHAT ADMIN {ff3399}Aprendiz{33CCFF}] Kauan_Churritos: menos 1 cleo mod
[06/07/2021 - 15:22:47] - [CHAT ADMIN {ff3399}Aprendiz{33CCFF}] Kauan_Churritos: ou menor vl o recruta da eb haridade ta voando do nada dei kick fica deolho
[06/07/2021 - 15:23:22] - [CHAT ADMIN {ff3399}Fundador{33CCFF}] Menor_vl: c ele voar ele toma ban altomatico
[06/07/2021 - 15:23:33] - [CHAT ADMIN {ff3399}Aprendiz{33CCFF}] Kauan_Churritos: ele ta com algo voando
[06/07/2021 - 15:23:40] - [CHAT ADMIN {ff3399}Aprendiz{33CCFF}] Kauan_Churritos: natan ta de prova
[07/07/2021 - 14:34:16] - [CHAT ADMIN {ff3399}Aprendiz{33CCFF}] Terrorista_Mobile: ae
[07/07/2021 - 18:25:25] - [CHAT ADMIN {ff3399}Fundador{33CCFF}] Vgzinn: to tentandk trazer ate a mae dos mlk
[07/07/2021 - 18:28:46] - [CHAT ADMIN {ff3399}Administrador{33CCFF}] alemao_noguira: vgzin
[07/07/2021 - 18:28:53] - [CHAT ADMIN {ff3399}Fundador{33CCFF}] Vgzinn: fala 
[07/07/2021 - 18:29:13] - [CHAT ADMIN {ff3399}Administrador{33CCFF}] alemao_noguira: se eu ver o cara fazendo merda e printa ja posso dar cadeia?
[07/07/2021 - 18:29:59] - [CHAT ADMIN {ff3399}Fundador{33CCFF}] Vgzinn: ss pfvr msm PRINTA
[07/07/2021 - 18:30:19] - [CHAT ADMIN {ff3399}Administrador{33CCFF}] alemao_noguira: jae ja vo da cadeia em dois
[07/07/2021 - 18:32:14] - [CHAT ADMIN {ff3399}Fundador{33CCFF}] Vgzinn: oxi kasssa
[07/07/2021 - 18:36:10] - [CHAT ADMIN {ff3399}Administrador{33CCFF}] alemao_noguira: mano tem orgs ai que esta,off a mo cota
[07/07/2021 - 18:36:26] - [CHAT ADMIN {ff3399}Fundador{33CCFF}] Vgzinn: eu ti vendo isso kkks
[07/07/2021 - 18:37:00] - [CHAT ADMIN {ff3399}Dono{33CCFF}] ICARO_Walker: O BEIRA MART
[07/07/2021 - 18:37:08] - [CHAT ADMIN {ff3399}Dono{33CCFF}] ICARO_Walker: O BEIRA MAR PEGOU A ENQUICA
[07/07/2021 - 18:37:09] - [CHAT ADMIN {ff3399}Fundador{33CCFF}] Vgzinn: qKSSSKS
[07/07/2021 - 18:37:20] - [CHAT ADMIN {ff3399}Fundador{33CCFF}] Vgzinn: pego dnv]??
[07/07/2021 - 18:37:22] - [CHAT ADMIN {ff3399}Dono{33CCFF}] ICARO_Walker: ELE TA COM 16 MENBROS
[07/07/2021 - 18:37:38] - [CHAT ADMIN {ff3399}Fundador{33CCFF}] Vgzinn: boa agr e so trazer a tdt dnv kKKKKKK
[07/07/2021 - 18:37:55] - [CHAT ADMIN {ff3399}Dono{33CCFF}] ICARO_Walker: VERDADE
[07/07/2021 - 18:37:59] - [CHAT ADMIN {ff3399}Aprendiz{33CCFF}] Natan_Insane: CARAI VG SAGAZ SAIU PQ
[07/07/2021 - 18:38:06] - [CHAT ADMIN {ff3399}Fundador{33CCFF}] Vgzinn: banned
[07/07/2021 - 18:38:22] - [CHAT ADMIN {ff3399}Aprendiz{33CCFF}] Natan_Insane: CARAI :(
[07/07/2021 - 18:38:40] - [CHAT ADMIN {ff3399}Fundador{33CCFF}] Vgzinn: so hj foi uns 5
[07/07/2021 - 18:38:59] - [CHAT ADMIN {ff3399}Aprendiz{33CCFF}] Natan_Insane: CARAI PQ FIZERAO MERDA?
[07/07/2021 - 18:39:07] - [CHAT ADMIN {ff3399}Fundador{33CCFF}] Vgzinn: claro huhu
[07/07/2021 - 18:39:12] - [CHAT ADMIN {ff3399}Aprendiz{33CCFF}] Natan_Insane: ATA
[07/07/2021 - 19:03:21] - [CHAT ADMIN {ff3399}Fundador{33CCFF}] Vgzinn: o bope ta on?
[07/07/2021 - 19:03:26] - [CHAT ADMIN {ff3399}Administrador{33CCFF}] alemao_noguira: nao
[07/07/2021 - 19:04:00] - [CHAT ADMIN {ff3399}Fundador{33CCFF}] Vgzinn: ctz?
[07/07/2021 - 19:04:06] - [CHAT ADMIN {ff3399}Administrador{33CCFF}] alemao_noguira: s
[07/07/2021 - 19:04:21] - [CHAT ADMIN {ff3399}Aprendiz{33CCFF}] Natan_Insane: CARAI AS ORG QUAS TODAS LIVRES EM
[07/07/2021 - 19:04:35] - [CHAT ADMIN {ff3399}Aprendiz{33CCFF}] Natan_Insane: BASTANTE PESSOA FOI DE F
[07/07/2021 - 19:04:51] - [CHAT ADMIN {ff3399}Fundador{33CCFF}] Vgzinn: kkk e fd
[07/07/2021 - 19:04:53] - [CHAT ADMIN {ff3399}Administrador{33CCFF}] alemao_noguira: sskkz
[07/07/2021 - 19:05:13] - [CHAT ADMIN {ff3399}Administrador{33CCFF}] alemao_noguira: quem vai oega o bope agr?
[07/07/2021 - 19:08:47] - [CHAT ADMIN {ff3399}Fundador{33CCFF}] Vgzinn: gay
[07/07/2021 - 19:09:07] - [CHAT ADMIN {ff3399}Fundador{33CCFF}] Vgzinn: toma cuidado q o antxiter
[07/07/2021 - 19:09:18] - [CHAT ADMIN {ff3399}Administrador{33CCFF}] alemao_noguira: nao eu vi a mp5 na mao dee
[07/07/2021 - 19:09:29] - [CHAT ADMIN {ff3399}Fundador{33CCFF}] Vgzinn: pega sobeit pq as vezes k player n tem porte
[07/07/2021 - 19:10:04] - [CHAT ADMIN {ff3399}Administrador{33CCFF}] alemao_noguira: ele tava em cim da moto e do nada apareu um mp5 na mao ded
[07/07/2021 - 19:10:06] - [CHAT ADMIN {ff3399}Administrador{33CCFF}] alemao_noguira: ele tava em cim da moto e do nada apareu um mp5 na mao dele
[07/07/2021 - 19:10:21] - [CHAT ADMIN {ff3399}Fundador{33CCFF}] Vgzinn: ele pode ogar arma no xao tlgd
[07/07/2021 - 19:23:52] - [CHAT ADMIN {ff3399}Administrador{33CCFF}] alemao_noguira: vg?
[07/07/2021 - 19:55:29] - [CHAT ADMIN {ff3399}Fundador{33CCFF}] Vgzinn: ai alemao tipo izso
[07/07/2021 - 19:55:48] - [CHAT ADMIN {ff3399}Fundador{33CCFF}] Vgzinn: quandk ele puxa a arma sem porte
[07/07/2021 - 19:55:54] - [CHAT ADMIN {ff3399}Fundador{33CCFF}] Vgzinn: da isso
[07/07/2021 - 19:56:26] - [CHAT ADMIN {ff3399}Fundador{33CCFF}] Vgzinn: n da ban
[07/07/2021 - 19:58:35] - [CHAT ADMIN {ff3399}Administrador{33CCFF}] alemao_noguira: krai mano oia isso
[07/07/2021 - 20:00:35] - [CHAT ADMIN {ff3399}Administrador{33CCFF}] alemao_noguira: krai nao para esse ant xiter mannnm
[07/07/2021 - 20:00:47] - [CHAT ADMIN {ff3399}Fundador{33CCFF}] Vgzinn: O FDP N TEM PORTE
[07/07/2021 - 20:00:53] - [CHAT ADMIN {ff3399}Fundador{33CCFF}] Vgzinn: TA CHATAO JA
[07/07/2021 - 20:00:59] - [CHAT ADMIN {ff3399}Administrador{33CCFF}] alemao_noguira: pra krai
[07/07/2021 - 20:01:41] - [CHAT ADMIN {ff3399}Administrador{33CCFF}] alemao_noguira: da porte pra todo mundo ou manda  icaro arruma isso
[07/07/2021 - 20:01:52] - [CHAT ADMIN {ff3399}Fundador{33CCFF}] Vgzinn: n gayy
[07/07/2021 - 20:02:11] - [CHAT ADMIN {ff3399}Fundador{33CCFF}] Vgzinn: issk e,pra civil so
[07/07/2021 - 20:02:13] - [CHAT ADMIN {ff3399}Administrador{33CCFF}] alemao_noguira: bora call?
[07/07/2021 - 20:02:26] - [CHAT ADMIN {ff3399}Fundador{33CCFF}] Vgzinn: to passando mal pa garay
[07/07/2021 - 20:02:37] - [CHAT ADMIN {ff3399}Fundador{33CCFF}] Vgzinn: mais q porrraaaa
[07/07/2021 - 20:02:49] - [CHAT ADMIN {ff3399}Administrador{33CCFF}] alemao_noguira: aaa da porte pra esse,f
[07/07/2021 - 20:02:54] - [CHAT ADMIN {ff3399}Administrador{33CCFF}] alemao_noguira: aaa da porte pra esse cara mano
[07/07/2021 - 20:04:09] - [CHAT ADMIN {ff3399}Fundador{33CCFF}] Vgzinn: MEU CUU
[07/07/2021 - 21:58:52] - [CHAT ADMIN {ff3399}Administrador{33CCFF}] alemao_noguira: vg
[07/07/2021 - 21:58:58] - [CHAT ADMIN {ff3399}Fundador{33CCFF}] Vgzinn: hi
[07/07/2021 - 21:59:05] - [CHAT ADMIN {ff3399}Administrador{33CCFF}] alemao_noguira: faz um eventinho ai
[07/07/2021 - 21:59:21] - [CHAT ADMIN {ff3399}Fundador{33CCFF}] Vgzinn: man nem on eu ti ficandk ksmsms 
[07/07/2021 - 21:59:33] - [CHAT ADMIN {ff3399}Fundador{33CCFF}] Vgzinn: e mey cell ta 2#
[07/07/2021 - 21:59:37] - [CHAT ADMIN {ff3399}Administrador{33CCFF}] alemao_noguira: posso fazer 1 entao?
[07/07/2021 - 21:59:49] - [CHAT ADMIN {ff3399}Fundador{33CCFF}] Vgzinn: se os cara n tiver em acao s
[07/07/2021 - 21:59:57] - [CHAT ADMIN {ff3399}Administrador{33CCFF}] alemao_noguira: ok
[07/07/2021 - 22:01:46] - [CHAT ADMIN {ff3399}Fundador{33CCFF}] Vgzinn: kskkkkks
[07/07/2021 - 22:01:50] - [CHAT ADMIN {ff3399}Administrador{33CCFF}] alemao_noguira: karai
[07/07/2021 - 22:01:59] - [CHAT ADMIN {ff3399}Administrador{33CCFF}] alemao_noguira: fiquei ate triste depois dessa
[07/07/2021 - 23:10:27] - [CHAT ADMIN {ff3399}Aprendiz{33CCFF}] Alex_souza_FPS: salve rapaziada
[08/07/2021 - 00:29:39] - [CHAT ADMIN {ff3399}Aprendiz{33CCFF}] Kauan_Churritos: os ladrao pode usar sniper?
[08/07/2021 - 00:31:20] - [CHAT ADMIN {ff3399}Aprendiz{33CCFF}] Kauan_Churritos: VGGGG OS ENGUICA TAVA USANDO SNIPER E RUSHANDO SEM AMOR A VIDA
[08/07/2021 - 00:31:35] - [CHAT ADMIN {ff3399}Aprendiz{33CCFF}] Alex_souza_FPS: pode da /kick
[08/07/2021 - 00:31:42] - [CHAT ADMIN {ff3399}Aprendiz{33CCFF}] Alex_souza_FPS: fala id de um ai
[08/07/2021 - 00:31:43] - [CHAT ADMIN {ff3399}Aprendiz{33CCFF}] Victor_Insanity: SIMM
[08/07/2021 - 00:32:07] - [CHAT ADMIN {ff3399}Aprendiz{33CCFF}] Alex_souza_FPS: fala id de um quero telar
[08/07/2021 - 00:32:20] - [CHAT ADMIN {ff3399}Fundador{33CCFF}] Vgzinn: ele uso aonde?
[08/07/2021 - 00:32:26] - [CHAT ADMIN {ff3399}Aprendiz{33CCFF}] Alex_souza_FPS: caixinha
[08/07/2021 - 00:32:28] - [CHAT ADMIN {ff3399}Aprendiz{33CCFF}] Victor_Insanity: E AONDE
[08/07/2021 - 00:32:35] - [CHAT ADMIN {ff3399}Fundador{33CCFF}] Vgzinn: pdp
[08/07/2021 - 00:32:45] - [CHAT ADMIN {ff3399}Aprendiz{33CCFF}] Kauan_Churritos: eles correu pra favela e usou sniper sem motivo
[08/07/2021 - 00:33:01] - [CHAT ADMIN {ff3399}Aprendiz{33CCFF}] Kauan_Churritos: e ainda fazendo um ns do caralho
[08/07/2021 - 00:33:19] - [CHAT ADMIN {ff3399}Aprendiz{33CCFF}] Victor_Insanity: KKKK
[08/07/2021 - 00:33:33] - [CHAT ADMIN {ff3399}Aprendiz{33CCFF}] Alex_souza_FPS: vg da rc pae hq adm sem moto ja
[08/07/2021 - 00:33:45] - [CHAT ADMIN {ff3399}Fundador{33CCFF}] Vgzinn: da rc,perto
[08/07/2021 - 00:33:58] - [CHAT ADMIN {ff3399}Aprendiz{33CCFF}] Kauan_Churritos: todos que vai pra enguica se converte pra ant rp mds 
[08/07/2021 - 00:34:00] - [CHAT ADMIN {ff3399}Aprendiz{33CCFF}] Alex_souza_FPS: as moto ta aki nao pae sei aonde ta nal
[08/07/2021 - 00:34:01] - [CHAT ADMIN {ff3399}Aprendiz{33CCFF}] Alex_souza_FPS: as moto ta aki nao pae sei aonde ta nao
[08/07/2021 - 00:36:51] - [CHAT ADMIN {ff3399}Aprendiz{33CCFF}] Alex_souza_FPS: tela id 2 rapaziada acao
[08/07/2021 - 00:41:03] - [CHAT ADMIN {ff3399}Aprendiz{33CCFF}] Victor_Insanity: sim
[08/07/2021 - 00:41:18] - [CHAT ADMIN {ff3399}Aprendiz{33CCFF}] Alex_souza_FPS: proxima vez e kick em victor
[08/07/2021 - 00:41:18] - [CHAT ADMIN {ff3399}Aprendiz{33CCFF}] Victor_Insanity: ele foi de,kick sem motivo
[08/07/2021 - 00:41:33] - [CHAT ADMIN {ff3399}Aprendiz{33CCFF}] Victor_Insanity: aham
[08/07/2021 - 00:41:39] - [CHAT ADMIN {ff3399}Aprendiz{33CCFF}] Alex_souza_FPS: ele usou granada to em live
[08/07/2021 - 00:41:40] - [CHAT ADMIN {ff3399}Aprendiz{33CCFF}] Victor_Insanity: pode da
[08/07/2021 - 00:41:52] - [CHAT ADMIN {ff3399}Aprendiz{33CCFF}] Alex_souza_FPS: granada em acao pae pode nao
[08/07/2021 - 00:44:15] - [CHAT ADMIN {ff3399}Aprendiz{33CCFF}] Alex_souza_FPS: id 12 tela acao alguem
[08/07/2021 - 02:41:59] - [CHAT ADMIN {ff3399}Aprendiz{33CCFF}] Alex_souza_FPS: falcon qual e teu cargo?
[08/07/2021 - 02:42:13] - [CHAT ADMIN {ff3399}Dono{33CCFF}] FalconZinn7S: dono 1341
[08/07/2021 - 02:42:21] - [CHAT ADMIN {ff3399}Aprendiz{33CCFF}] Alex_souza_FPS: tu e o icaro?
[08/07/2021 - 02:42:25] - [CHAT ADMIN {ff3399}Dono{33CCFF}] FalconZinn7S: naam
[08/07/2021 - 02:42:30] - [CHAT ADMIN {ff3399}Aprendiz{33CCFF}] Alex_souza_FPS: quem?
[08/07/2021 - 02:42:33] - [CHAT ADMIN {ff3399}Fundador{33CCFF}] Vgzinn: sim seu oai
[08/07/2021 - 02:42:33] - [CHAT ADMIN {ff3399}Dono{33CCFF}] FalconZinn7S: icaro foi pra sub fundador qnd entrei
[08/07/2021 - 02:42:45] - [CHAT ADMIN {ff3399}Aprendiz{33CCFF}] Alex_souza_FPS: serio ele subiu?
[08/07/2021 - 02:42:56] - [CHAT ADMIN {ff3399}Dono{33CCFF}] FalconZinn7S: er
[08/07/2021 - 02:44:46] - [CHAT ADMIN {ff3399}Aprendiz{33CCFF}] Alex_souza_FPS: tue novo falcon?
[08/07/2021 - 02:44:50] - [CHAT ADMIN {ff3399}Dono{33CCFF}] FalconZinn7S: yes
[08/07/2021 - 02:44:58] - [CHAT ADMIN {ff3399}Dono{33CCFF}] FalconZinn7S: ja sai e entrei umas 3x KKkkkk
[08/07/2021 - 02:45:02] - [CHAT ADMIN {ff3399}Aprendiz{33CCFF}] Natan_Insane: CARAI JA TAA DE DONO
[08/07/2021 - 02:45:02] - [CHAT ADMIN {ff3399}Aprendiz{33CCFF}] Alex_souza_FPS: kkk
[08/07/2021 - 02:45:07] - [CHAT ADMIN {ff3399}Dono{33CCFF}] FalconZinn7S: KKKK
[08/07/2021 - 02:45:13] - [CHAT ADMIN {ff3399}Dono{33CCFF}] FalconZinn7S: eu q faco os design do sv
[08/07/2021 - 02:45:25] - [CHAT ADMIN {ff3399}Aprendiz{33CCFF}] Alex_souza_FPS: ou vg tu podia da adm level 2 pra nos prender os cara tbm
[08/07/2021 - 02:45:57] - [CHAT ADMIN {ff3399}Aprendiz{33CCFF}] Alex_souza_FPS: ou vg tu podia da adm level 2 pra nos prender os cara tbm
[08/07/2021 - 02:46:12] - [CHAT ADMIN {ff3399}Dono{33CCFF}] FalconZinn7S: talvez eu fique resp pelas cadeia hauaua
[08/07/2021 - 02:46:16] - [CHAT ADMIN {ff3399}Fundador{33CCFF}] Vgzinn: ,regra nunca pedir cargo
[08/07/2021 - 02:46:23] - [CHAT ADMIN {ff3399}Aprendiz{33CCFF}] Alex_souza_FPS: foi mal ai
[08/07/2021 - 02:46:23] - [CHAT ADMIN {ff3399}Administrador{33CCFF}] alemao_noguira: kkkkkkkk
[08/07/2021 - 02:46:28] - [CHAT ADMIN {ff3399}Aprendiz{33CCFF}] Alex_souza_FPS: sabia noa eu 
[08/07/2021 - 02:46:32] - [CHAT ADMIN {ff3399}Aprendiz{33CCFF}] Alex_souza_FPS: sabia nao eu
[08/07/2021 - 02:46:48] - [CHAT ADMIN {ff3399}Administrador{33CCFF}] alemao_noguira: que isso
[08/07/2021 - 02:46:56] - [CHAT ADMIN {ff3399}Administrador{33CCFF}] alemao_noguira: quero tanbem
[08/07/2021 - 02:48:31] - [CHAT ADMIN {ff3399}Dono{33CCFF}] FalconZinn7S: vg
[08/07/2021 - 02:48:37] - [CHAT ADMIN {ff3399}Dono{33CCFF}] FalconZinn7S: da nivel 25
[08/07/2021 - 02:48:42] - [CHAT ADMIN {ff3399}Dono{33CCFF}] FalconZinn7S: level
[08/07/2021 - 02:48:54] - [CHAT ADMIN {ff3399}Administrador{33CCFF}] alemao_noguira: vg mafia pode fazer caixinha assaltar lojinha e tals?
[08/07/2021 - 02:49:09] - [CHAT ADMIN {ff3399}Fundador{33CCFF}] Vgzinn: pode
[08/07/2021 - 02:55:30] - [CHAT ADMIN {ff3399}Dono{33CCFF}] FalconZinn7S: n da rc em geral agr, ta tendo acao
[08/07/2021 - 02:59:18] - [CHAT ADMIN {ff3399}Administrador{33CCFF}] alemao_noguira: vg pode snip caixinha
[08/07/2021 - 02:59:29] - [CHAT ADMIN {ff3399}Aprendiz{33CCFF}] Alex_souza_FPS: nao
[08/07/2021 - 02:59:33] - [CHAT ADMIN {ff3399}Aprendiz{33CCFF}] Alex_souza_FPS: pode da kick
[08/07/2021 - 02:59:40] - [CHAT ADMIN {ff3399}Dono{33CCFF}] FalconZinn7S: ele n usou rlx
[08/07/2021 - 03:04:51] - [CHAT ADMIN {ff3399}Administrador{33CCFF}] alemao_noguira: tu viu ai carinha?
[08/07/2021 - 03:05:09] - [CHAT ADMIN {ff3399}Dono{33CCFF}] FalconZinn7S: scarface voltou pra acao ;-;
[08/07/2021 - 03:07:24] - [CHAT ADMIN {ff3399}Dono{33CCFF}] FalconZinn7S: conce ta bugada?
[08/07/2021 - 04:42:10] - [CHAT ADMIN {ff3399}Aprendiz{33CCFF}] Kauan_Churritos: FICA ATENTO NATAN TEM HACK NA CITY
[08/07/2021 - 04:42:17] - [CHAT ADMIN {ff3399}Aprendiz{33CCFF}] Natan_Insane: VI
[08/07/2021 - 04:42:29] - [CHAT ADMIN {ff3399}Aprendiz{33CCFF}] Natan_Insane: E O ZUMASPLAY
[08/07/2021 - 16:55:48] - [CHAT ADMIN {ff3399}Aprendiz{33CCFF}] HARlDADE: ,
[08/07/2021 - 20:40:31] - [CHAT ADMIN {ff3399}Aprendiz{33CCFF}] Alex_souza_FPS: o cara me chama pra eu colocar ele em uma org
[08/07/2021 - 21:49:47] - [CHAT ADMIN {ff3399}Aprendiz{33CCFF}] HARlDADE: tony
[08/07/2021 - 21:49:51] - [CHAT ADMIN {ff3399}Aprendiz{33CCFF}] Alex_souza_FPS: FALA
[08/07/2021 - 21:50:00] - [CHAT ADMIN {ff3399}Aprendiz{33CCFF}] HARlDADE: tela o 13 me responde se,ele ta com teg
[08/07/2021 - 21:50:31] - [CHAT ADMIN {ff3399}Aprendiz{33CCFF}] Alex_souza_FPS: ta nao
[08/07/2021 - 21:50:39] - [CHAT ADMIN {ff3399}Aprendiz{33CCFF}] HARlDADE: acao sem teg ok
[08/07/2021 - 21:53:06] - [CHAT ADMIN {ff3399}Aprendiz{33CCFF}] Alex_souza_FPS: CARA DE SNIPER AI HARIDADE
[08/07/2021 - 21:53:32] - [CHAT ADMIN {ff3399}Aprendiz{33CCFF}] HARlDADE: call bugada to falando kkk
[08/07/2021 - 22:02:51] - [CHAT ADMIN {ff3399}Aprendiz{33CCFF}] HARlDADE: sobi nosso cargo ai falcon pra poder da cadeia staff pois nem aviso consigo dar
[08/07/2021 - 22:03:00] - [CHAT ADMIN {ff3399}Aprendiz{33CCFF}] HARlDADE: nem o tony consegue
[08/07/2021 - 22:03:11] - [CHAT ADMIN {ff3399}Dono{33CCFF}] FalconZinn7S: n consigo dar nivel de ademiro
[08/07/2021 - 22:03:18] - [CHAT ADMIN {ff3399}Aprendiz{33CCFF}] HARlDADE: puts
[08/07/2021 - 22:03:27] - [CHAT ADMIN {ff3399}Aprendiz{33CCFF}] HARlDADE: bl man
[08/07/2021 - 22:23:50] - [CHAT ADMIN {ff3399}Aprendiz{33CCFF}] Alex_souza_FPS: da /tvoff hari
[08/07/2021 - 22:25:17] - [CHAT ADMIN {ff3399}Aprendiz{33CCFF}] Alex_souza_FPS: vou entrar call perae
[08/07/2021 - 22:25:23] - [CHAT ADMIN {ff3399}Aprendiz{33CCFF}] HARlDADE: bl
[09/07/2021 - 01:41:05] - [CHAT ADMIN {ff3399}Aprendiz{33CCFF}] Alex_souza_FPS: qual teu cargo alemao?
[09/07/2021 - 01:41:20] - [CHAT ADMIN {ff3399}Administrador{33CCFF}] alemao_noguira: adm
[09/07/2021 - 01:42:18] - [CHAT ADMIN {ff3399}Aprendiz{33CCFF}] Alex_souza_FPS: /CAIXINHA
[09/07/2021 - 01:43:01] - [CHAT ADMIN {ff3399}Aprendiz{33CCFF}] Alex_souza_FPS: DA RC LOGO POW
[09/07/2021 - 02:14:36] - [CHAT ADMIN {ff3399}Administrador{33CCFF}] alemao_noguira: vg
[09/07/2021 - 02:14:47] - [CHAT ADMIN {ff3399}Fundador{33CCFF}] Vgzinn: opa
[09/07/2021 - 02:14:56] - [CHAT ADMIN {ff3399}Administrador{33CCFF}] alemao_noguira: seta meu fundador ai 
[09/07/2021 - 02:15:03] - [CHAT ADMIN {ff3399}Fundador{33CCFF}] Vgzinn: ta
[09/07/2021 - 02:17:21] - [CHAT ADMIN {ff3399}Administrador{33CCFF}] alemao_noguira: vg
[09/07/2021 - 04:10:48] - [CHAT ADMIN {ff3399}Aprendiz{33CCFF}] HARlDADE: kkkkk deu natan? kkkkkkk tentei sumiu tudo
[09/07/2021 - 04:11:06] - [CHAT ADMIN {ff3399}Aprendiz{33CCFF}] Natan_Insane: Q
[09/07/2021 - 04:11:12] - [CHAT ADMIN {ff3399}Aprendiz{33CCFF}] HARlDADE: respawn
[09/07/2021 - 04:11:49] - [CHAT ADMIN {ff3399}Aprendiz{33CCFF}] Kauan_Churritos: mdsss essa conce parece um cyberpunk 2077 roda a -999 fps
[09/07/2021 - 04:11:50] - [CHAT ADMIN {ff3399}Aprendiz{33CCFF}] Natan_Insane: OQ TEM
[09/07/2021 - 04:12:06] - [CHAT ADMIN {ff3399}Aprendiz{33CCFF}] HARlDADE: da rezpawn conce 
[09/07/2021 - 04:12:15] - [CHAT ADMIN {ff3399}Aprendiz{33CCFF}] HARlDADE: ver se some
[09/07/2021 - 04:12:22] - [CHAT ADMIN {ff3399}Aprendiz{33CCFF}] Kauan_Churritos: vou dar nada capaz de crashar o server
[09/07/2021 - 04:12:31] - [CHAT ADMIN {ff3399}Aprendiz{33CCFF}] HARlDADE: KKKKKKKKKKKKKKKKKKKKKKKK
[09/07/2021 - 04:14:02] - [CHAT ADMIN {ff3399}Aprendiz{33CCFF}] Kauan_Churritos: nem minha ant lag aguenta
[09/07/2021 - 04:14:45] - [CHAT ADMIN {ff3399}Aprendiz{33CCFF}] HARlDADE: tb
[09/07/2021 - 04:17:30] - [CHAT ADMIN {ff3399}Aprendiz{33CCFF}] Kauan_Churritos: mds essa praga de skin 20 ta grudado em mim
[09/07/2021 - 04:17:41] - [CHAT ADMIN {ff3399}Aprendiz{33CCFF}] HARlDADE: kkkkkkkk
[09/07/2021 - 04:29:21] - [CHAT ADMIN {ff3399}Aprendiz{33CCFF}] HARlDADE: KD AS MOTO NATAAAAAAAAN
[09/07/2021 - 04:29:35] - [CHAT ADMIN {ff3399}Aprendiz{33CCFF}] HARlDADE: ACHEI KKK
[09/07/2021 - 04:29:38] - [CHAT ADMIN {ff3399}Aprendiz{33CCFF}] Natan_Insane: INFIEI NO CUU BRINKSS
[09/07/2021 - 04:38:28] - [CHAT ADMIN {ff3399}Aprendiz{33CCFF}] Natan_Insane: TEU MEMBRO TA PUTO JA HARI KKK
[09/07/2021 - 04:38:36] - [CHAT ADMIN {ff3399}Aprendiz{33CCFF}] HARlDADE: MKKKK
[09/07/2021 - 04:51:39] - [CHAT ADMIN {ff3399}Aprendiz{33CCFF}] Kauan_Churritos: ou natan
[09/07/2021 - 04:51:44] - [CHAT ADMIN {ff3399}Aprendiz{33CCFF}] Natan_Insane: FALE
[09/07/2021 - 04:51:54] - [CHAT ADMIN {ff3399}Aprendiz{33CCFF}] Kauan_Churritos: tu sabe qual o nivel de adm pra ver o ip dos outros?
[09/07/2021 - 04:52:03] - [CHAT ADMIN {ff3399}Aprendiz{33CCFF}] Natan_Insane: NAO ME LEMBRO
[09/07/2021 - 04:55:18] - [CHAT ADMIN {ff3399}Aprendiz{33CCFF}] HARlDADE: tem rp ai natan
[09/07/2021 - 05:10:55] - [CHAT ADMIN {ff3399}Aprendiz{33CCFF}] Kauan_Churritos: mim busca aki atras
[09/07/2021 - 17:02:50] - [CHAT ADMIN {ff3399}Administrador{33CCFF}] alemao_noguira: nao
[09/07/2021 - 17:02:54] - [CHAT ADMIN {ff3399}Administrador{33CCFF}] alemao_noguira: nao sei
[09/07/2021 - 17:03:20] - [CHAT ADMIN {ff3399}Administrador{33CCFF}] alemao_noguira: /a
[09/07/2021 - 17:03:26] - [CHAT ADMIN {ff3399}Aprendiz{33CCFF}] Carlos_Sales: vlw
[09/07/2021 - 17:16:28] - [CHAT ADMIN {ff3399}Aprendiz{33CCFF}] Carlos_Sales: n pode bqgg nao ne?
[09/07/2021 - 17:39:40] - [CHAT ADMIN {ff3399}Aprendiz{33CCFF}] Carlos_Sales: KK
[09/07/2021 - 17:43:11] - [CHAT ADMIN {ff3399}Aprendiz{33CCFF}] Carlos_Sales: NEM FERRANDO VC N MORRE
[09/07/2021 - 17:43:21] - [CHAT ADMIN {ff3399}Administrador{33CCFF}] alemao_noguira: tu q e ruim
[09/07/2021 - 17:46:23] - [CHAT ADMIN {ff3399}Aprendiz{33CCFF}] Carlos_Sales: AI PERDI MINHAS ARMAS
[09/07/2021 - 17:49:54] - [CHAT ADMIN {ff3399}Aprendiz{33CCFF}] Carlos_Sales: esses cara briga d+
[09/07/2021 - 17:57:31] - [CHAT ADMIN {ff3399}Aprendiz{33CCFF}] Carlos_Sales: oq esse tapa faz?
[09/07/2021 - 17:57:42] - [CHAT ADMIN {ff3399}Administrador{33CCFF}] alemao_noguira: fflaz a pessa voa
[09/07/2021 - 17:57:49] - [CHAT ADMIN {ff3399}Aprendiz{33CCFF}] Carlos_Sales: tendi vlw
[09/07/2021 - 18:09:04] - [CHAT ADMIN {ff3399}Aprendiz{33CCFF}] Carlos_Sales: hari qual e o comando que vc usou pra da rc?
[09/07/2021 - 18:09:22] - [CHAT ADMIN {ff3399}Aprendiz{33CCFF}] HARlDADE: respawnperto
[09/07/2021 - 18:09:28] - [CHAT ADMIN {ff3399}Aprendiz{33CCFF}] Carlos_Sales: vlw
[09/07/2021 - 18:09:32] - [CHAT ADMIN {ff3399}Aprendiz{33CCFF}] HARlDADE: porem so podemos da perto da gente
[09/07/2021 - 18:09:39] - [CHAT ADMIN {ff3399}Aprendiz{33CCFF}] Carlos_Sales: tendi vlw
[09/07/2021 - 23:46:42] - [CHAT ADMIN {ff3399}Aprendiz{33CCFF}] Natan_Insane: KAUAN
[09/07/2021 - 23:46:47] - [CHAT ADMIN {ff3399}Aprendiz{33CCFF}] Kauan_Churritos: oi lindoso
[09/07/2021 - 23:46:52] - [CHAT ADMIN {ff3399}Aprendiz{33CCFF}] Natan_Insane: VEM AQUI
[09/07/2021 - 23:47:01] - [CHAT ADMIN {ff3399}Aprendiz{33CCFF}] Natan_Insane: SEEU GOSTOSO
[10/07/2021 - 02:08:37] - [CHAT ADMIN {ff3399}Aprendiz{33CCFF}] Natan_Insane: VC ME PRENDEY
[10/07/2021 - 02:08:41] - [CHAT ADMIN {ff3399}Aprendiz{33CCFF}] Natan_Insane: VC ME PRENDEU KKK
[10/07/2021 - 02:08:45] - [CHAT ADMIN {ff3399}Aprendiz{33CCFF}] Carlos_Sales: KKKKKKKKKKK
[10/07/2021 - 02:08:53] - [CHAT ADMIN {ff3399}Aprendiz{33CCFF}] Carlos_Sales: OXI COMO ASSIM KKKK
[10/07/2021 - 02:08:56] - [CHAT ADMIN {ff3399}Aprendiz{33CCFF}] Kauan_Santos: POSSO TESTAR O HS?
[10/07/2021 - 02:09:01] - [CHAT ADMIN {ff3399}Aprendiz{33CCFF}] Natan_Insane: TAVO COM ESTRELA
[10/07/2021 - 02:09:05] - [CHAT ADMIN {ff3399}Aprendiz{33CCFF}] Natan_Insane: VC E PUPU
[10/07/2021 - 02:09:12] - [CHAT ADMIN {ff3399}Aprendiz{33CCFF}] Carlos_Sales: FOI MALLL
[10/07/2021 - 02:10:41] - [CHAT ADMIN {ff3399}Aprendiz{33CCFF}] Kauan_Santos: ALGUEM X1?
[10/07/2021 - 02:10:49] - [CHAT ADMIN {ff3399}Aprendiz{33CCFF}] Kauan_Santos: ALGUEM X1?
[10/07/2021 - 02:10:49] - [CHAT ADMIN {ff3399}Aprendiz{33CCFF}] Carlos_Sales: EU
[10/07/2021 - 02:11:25] - [CHAT ADMIN {ff3399}Aprendiz{33CCFF}] Kauan_Santos: SAI DO MODO ADMMM
[10/07/2021 - 02:11:32] - [CHAT ADMIN {ff3399}Aprendiz{33CCFF}] Kauan_Santos: MDSSS
[10/07/2021 - 02:11:33] - [CHAT ADMIN {ff3399}Aprendiz{33CCFF}] Carlos_Sales: OXI FOI MAL KKK
[10/07/2021 - 02:11:37] - [CHAT ADMIN {ff3399}Aprendiz{33CCFF}] Kauan_Santos: KKKK
[10/07/2021 - 02:11:44] - [CHAT ADMIN {ff3399}Aprendiz{33CCFF}] Carlos_Sales: DNV ESSA,N VLW
[10/07/2021 - 02:12:33] - [CHAT ADMIN {ff3399}Aprendiz{33CCFF}] Carlos_Sales: AI MEU CU
[10/07/2021 - 02:12:33] - [CHAT ADMIN {ff3399}Aprendiz{33CCFF}] Kauan_Santos: KKKK USA LOCK?
[10/07/2021 - 02:12:47] - [CHAT ADMIN {ff3399}Aprendiz{33CCFF}] Carlos_Sales: NAO FOI NA CAGADA MESMO KKK
[10/07/2021 - 02:12:47] - [CHAT ADMIN {ff3399}Aprendiz{33CCFF}] Kauan_Santos: kkkk
[10/07/2021 - 02:13:00] - [CHAT ADMIN {ff3399}Aprendiz{33CCFF}] Kauan_Santos: vm dnv?
[10/07/2021 - 02:13:04] - [CHAT ADMIN {ff3399}Aprendiz{33CCFF}] Carlos_Sales: BR
[10/07/2021 - 02:13:26] - [CHAT ADMIN {ff3399}Aprendiz{33CCFF}] Kauan_Churritos: AAAA SOLUCIONARAM O POBLEMA?
[10/07/2021 - 02:13:34] - [CHAT ADMIN {ff3399}Aprendiz{33CCFF}] Kauan_Santos: NSS LOCK ON KKKK
[10/07/2021 - 02:13:37] - [CHAT ADMIN {ff3399}Aprendiz{33CCFF}] Kauan_Santos: IKKKKK
[10/07/2021 - 02:13:38] - [CHAT ADMIN {ff3399}Aprendiz{33CCFF}] Carlos_Sales: NADA,KKKK
[10/07/2021 - 02:13:47] - [CHAT ADMIN {ff3399}Aprendiz{33CCFF}] Kauan_Churritos: dexa eu ir tambem? =
[10/07/2021 - 02:13:49] - [CHAT ADMIN {ff3399}Aprendiz{33CCFF}] Carlos_Sales: VEM TU CHURROS AGORA
[10/07/2021 - 02:13:51] - [CHAT ADMIN {ff3399}Aprendiz{33CCFF}] Kauan_Santos: S
[10/07/2021 - 02:13:55] - [CHAT ADMIN {ff3399}Aprendiz{33CCFF}] Kauan_Churritos: quero ir
[10/07/2021 - 02:13:59] - [CHAT ADMIN {ff3399}Aprendiz{33CCFF}] Carlos_Sales: COMO FAZ ISSO KAUAN?
[10/07/2021 - 02:14:01] - [CHAT ADMIN {ff3399}Aprendiz{33CCFF}] Kauan_Churritos: sem lock viu
[10/07/2021 - 02:14:08] - [CHAT ADMIN {ff3399}Aprendiz{33CCFF}] Carlos_Sales: o EVENTO?
[10/07/2021 - 02:14:53] - [CHAT ADMIN {ff3399}Aprendiz{33CCFF}] Kauan_Santos: nu
[10/07/2021 - 02:14:56] - [CHAT ADMIN {ff3399}Aprendiz{33CCFF}] Kauan_Santos: kkkk
[10/07/2021 - 02:14:57] - [CHAT ADMIN {ff3399}Aprendiz{33CCFF}] Kauan_Churritos: MATEI NO ROLAS
[10/07/2021 - 02:15:13] - [CHAT ADMIN {ff3399}Aprendiz{33CCFF}] Carlos_Sales: COMO FAZ EVENTO KAUAN?
[10/07/2021 - 02:15:23] - [CHAT ADMIN {ff3399}Aprendiz{33CCFF}] Kauan_Santos: /INICIARX1
[10/07/2021 - 02:15:41] - [CHAT ADMIN {ff3399}Aprendiz{33CCFF}] Carlos_Sales: CORNO
[10/07/2021 - 02:15:41] - [CHAT ADMIN {ff3399}Aprendiz{33CCFF}] Kauan_Santos: kkkk
[10/07/2021 - 02:16:24] - [CHAT ADMIN {ff3399}Aprendiz{33CCFF}] Kauan_Santos: kkkk
[10/07/2021 - 02:16:28] - [CHAT ADMIN {ff3399}Aprendiz{33CCFF}] Carlos_Sales: NEM ERA COM TU
[10/07/2021 - 02:16:33] - [CHAT ADMIN {ff3399}Aprendiz{33CCFF}] Kauan_Santos: kkkk
[10/07/2021 - 02:16:37] - [CHAT ADMIN {ff3399}Aprendiz{33CCFF}] Carlos_Sales: KKKK
[10/07/2021 - 02:17:01] - [CHAT ADMIN {ff3399}Aprendiz{33CCFF}] Kauan_Santos: LEVEI UM 
[10/07/2021 - 02:17:34] - [CHAT ADMIN {ff3399}Aprendiz{33CCFF}] Kauan_Santos: VEM AQ CHURROS
[10/07/2021 - 02:22:00] - [CHAT ADMIN {ff3399}Aprendiz{33CCFF}] Carlos_Sales: AEEE
[10/07/2021 - 02:22:03] - [CHAT ADMIN {ff3399}Aprendiz{33CCFF}] Kauan_Churritos: desativa o lock on safadu
[10/07/2021 - 02:22:09] - [CHAT ADMIN {ff3399}Aprendiz{33CCFF}] Carlos_Sales: NSS ;-;
[10/07/2021 - 02:22:24] - [CHAT ADMIN {ff3399}Aprendiz{33CCFF}] Carlos_Sales: ESSA HOST TA FALIDA
[10/07/2021 - 02:23:09] - [CHAT ADMIN {ff3399}Aprendiz{33CCFF}] Kauan_Churritos: namoral que p#rra tu ta usano
[10/07/2021 - 02:23:19] - [CHAT ADMIN {ff3399}Aprendiz{33CCFF}] Carlos_Sales: habilidade
[10/07/2021 - 02:23:21] - [CHAT ADMIN {ff3399}Aprendiz{33CCFF}] Carlos_Sales: kk
[10/07/2021 - 02:23:48] - [CHAT ADMIN {ff3399}Aprendiz{33CCFF}] Kauan_Santos: FUGIU KKKKK
[10/07/2021 - 02:24:19] - [CHAT ADMIN {ff3399}Aprendiz{33CCFF}] Kauan_Churritos: blz to a quase 3 meses no foguete matano geral e do nada tu aparece com o bagui grudano
[10/07/2021 - 02:24:19] - [CHAT ADMIN {ff3399}Aprendiz{33CCFF}] Carlos_Sales: KKKK
[10/07/2021 - 02:24:55] - [CHAT ADMIN {ff3399}Aprendiz{33CCFF}] Kauan_Santos: ALGYEK x1
[10/07/2021 - 02:25:09] - [CHAT ADMIN {ff3399}Aprendiz{33CCFF}] Carlos_Sales: duvido tu puxar o icaro,kkkk
[10/07/2021 - 02:29:05] - [CHAT ADMIN {ff3399}Aprendiz{33CCFF}] Carlos_Sales: MAN EU TE MATO
[10/07/2021 - 02:29:10] - [CHAT ADMIN {ff3399}Aprendiz{33CCFF}] Carlos_Sales: OTARIO
[10/07/2021 - 02:29:13] - [CHAT ADMIN {ff3399}Aprendiz{33CCFF}] Carlos_Sales: KKKKKK
[10/07/2021 - 02:29:16] - [CHAT ADMIN {ff3399}Aprendiz{33CCFF}] Kauan_Santos: kkkkkkkkk
[10/07/2021 - 02:30:27] - [CHAT ADMIN {ff3399}Aprendiz{33CCFF}] Kauan_Santos: MDS VEY TIRA ESSE LOCK ON
[10/07/2021 - 02:30:28] - [CHAT ADMIN {ff3399}Aprendiz{33CCFF}] Carlos_Sales: A NAO
[10/07/2021 - 02:30:32] - [CHAT ADMIN {ff3399}Aprendiz{33CCFF}] Kauan_Santos: KKKK
[10/07/2021 - 02:30:38] - [CHAT ADMIN {ff3399}Aprendiz{33CCFF}] Carlos_Sales: MAIS UM PRESO SEM QUERER
[10/07/2021 - 02:30:46] - [CHAT ADMIN {ff3399}Aprendiz{33CCFF}] Kauan_Santos: ANAO
[10/07/2021 - 02:31:13] - [CHAT ADMIN {ff3399}Aprendiz{33CCFF}] HARlDADE: pow manera ai,man
[10/07/2021 - 02:40:30] - [CHAT ADMIN {ff3399}Aprendiz{33CCFF}] Kauan_Santos: ;-;
[10/07/2021 - 02:40:47] - [CHAT ADMIN {ff3399}Aprendiz{33CCFF}] Carlos_Sales: O CARA TEM LOCK 
[10/07/2021 - 02:40:50] - [CHAT ADMIN {ff3399}Aprendiz{33CCFF}] Carlos_Sales: N DA
[10/07/2021 - 02:40:55] - [CHAT ADMIN {ff3399}Aprendiz{33CCFF}] Carlos_Sales: E AINDA TEM HS
[10/07/2021 - 02:41:04] - [CHAT ADMIN {ff3399}Aprendiz{33CCFF}] Carlos_Sales: ONDE ACHO ESSE APK KKKK
[10/07/2021 - 03:29:03] - [CHAT ADMIN {ff3399}Administrador{33CCFF}] alemao_noguira: nao kika eles
[10/07/2021 - 03:29:06] - [CHAT ADMIN {ff3399}Administrador{33CCFF}] alemao_noguira: so,printa
[10/07/2021 - 03:31:30] - [CHAT ADMIN {ff3399}Aprendiz{33CCFF}] Kauan_Santos: DESCULA KKKK
[10/07/2021 - 03:31:45] - [CHAT ADMIN {ff3399}Aprendiz{33CCFF}] Kauan_Santos: OQ?
[10/07/2021 - 03:31:52] - [CHAT ADMIN {ff3399}Aprendiz{33CCFF}] Kauan_Churritos: um heli =(
[10/07/2021 - 03:31:58] - [CHAT ADMIN {ff3399}Aprendiz{33CCFF}] Kauan_Santos: kkk
[10/07/2021 - 03:32:34] - [CHAT ADMIN {ff3399}Aprendiz{33CCFF}] Kauan_Churritos: um heli =(
[10/07/2021 - 03:36:04] - [CHAT ADMIN {ff3399}Aprendiz{33CCFF}] Kauan_Churritos: deixo pra ele o carro?
[10/07/2021 - 03:36:11] - [CHAT ADMIN {ff3399}Aprendiz{33CCFF}] Kauan_Santos: s
[10/07/2021 - 03:36:18] - [CHAT ADMIN {ff3399}Aprendiz{33CCFF}] Kauan_Santos: por enquanto kkk
[10/07/2021 - 03:39:06] - [CHAT ADMIN {ff3399}Aprendiz{33CCFF}] Kauan_Churritos: vem pref kauan
[10/07/2021 - 03:39:12] - [CHAT ADMIN {ff3399}Aprendiz{33CCFF}] Kauan_Santos: blz
[10/07/2021 - 04:10:35] - [CHAT ADMIN {ff3399}Aprendiz{33CCFF}] Kauan_Santos: nem sei se tem
[10/07/2021 - 04:11:58] - [CHAT ADMIN {ff3399}Aprendiz{33CCFF}] Kauan_Churritos: porra ksksksks
[10/07/2021 - 04:12:11] - [CHAT ADMIN {ff3399}Aprendiz{33CCFF}] Kauan_Santos: ENTRA AI
[10/07/2021 - 04:16:04] - [CHAT ADMIN {ff3399}Aprendiz{33CCFF}] Kauan_Santos: VEM  CHURROS
[10/07/2021 - 04:28:16] - [CHAT ADMIN {ff3399}Aprendiz{33CCFF}] Kauan_Churritos: vg
[10/07/2021 - 04:28:24] - [CHAT ADMIN {ff3399}Fundador{33CCFF}] Vgzinn: ola
[10/07/2021 - 04:28:30] - [CHAT ADMIN {ff3399}Aprendiz{33CCFF}] Kauan_Churritos: eu acho que minha conta no ds foi deban
[10/07/2021 - 04:28:41] - [CHAT ADMIN {ff3399}Fundador{33CCFF}] Vgzinn: como ass
[10/07/2021 - 04:28:42] - [CHAT ADMIN {ff3399}Administrador{33CCFF}] alemao_noguira: pq
[10/07/2021 - 04:29:01] - [CHAT ADMIN {ff3399}Aprendiz{33CCFF}] Kauan_Churritos: sabe aqueles mlk que tefalei?
[10/07/2021 - 04:29:14] - [CHAT ADMIN {ff3399}Fundador{33CCFF}] Vgzinn: ss
[10/07/2021 - 04:29:32] - [CHAT ADMIN {ff3399}Aprendiz{33CCFF}] Kauan_Churritos: acho que eles mandou minha conta pro suporte
[10/07/2021 - 04:29:44] - [CHAT ADMIN {ff3399}Aprendiz{33CCFF}] Kauan_Churritos: eu fui desconectado do nada da conta
[10/07/2021 - 04:29:47] - [CHAT ADMIN {ff3399}Fundador{33CCFF}] Vgzinn: KSKSKSKSK mando n garay
[10/07/2021 - 04:29:47] - [CHAT ADMIN {ff3399}Administrador{33CCFF}] alemao_noguira: suport doq
[10/07/2021 - 04:29:54] - [CHAT ADMIN {ff3399}Fundador{33CCFF}] Vgzinn: ai gay
[10/07/2021 - 04:30:23] - [CHAT ADMIN {ff3399}Fundador{33CCFF}] Vgzinn: o kauan q viu eles fazendo
[10/07/2021 - 04:30:25] - [CHAT ADMIN {ff3399}Aprendiz{33CCFF}] Kauan_Churritos: to tentando desinstala e instalar denovo o discord
[10/07/2021 - 04:30:25] - [CHAT ADMIN {ff3399}Aprendiz{33CCFF}] Kauan_Churritos: sera que vai?
[10/07/2021 - 04:31:00] - [CHAT ADMIN {ff3399}Administrador{33CCFF}] alemao_noguira: sla
[10/07/2021 - 04:31:41] - [CHAT ADMIN {ff3399}Aprendiz{33CCFF}] Kauan_Churritos: ou kauan
[10/07/2021 - 04:31:41] - [CHAT ADMIN {ff3399}Administrador{33CCFF}] alemao_noguira: kkkkkkk
[10/07/2021 - 04:31:47] - [CHAT ADMIN {ff3399}Aprendiz{33CCFF}] Kauan_Santos: oi
[10/07/2021 - 04:32:08] - [CHAT ADMIN {ff3399}Administrador{33CCFF}] alemao_noguira: mata n vg
[10/07/2021 - 04:35:33] - [CHAT ADMIN {ff3399}Fundador{33CCFF}] Vgzinn: kkkkakakaka
[10/07/2021 - 04:35:54] - [CHAT ADMIN {ff3399}Administrador{33CCFF}] alemao_noguira: kkkkkkkk
[10/07/2021 - 04:36:51] - [CHAT ADMIN {ff3399}Administrador{33CCFF}] alemao_noguira: mata o vg
[10/07/2021 - 04:46:28] - [CHAT ADMIN {ff3399}Aprendiz{33CCFF}] Kauan_Santos: kkkk
[10/07/2021 - 05:20:31] - [CHAT ADMIN {ff3399}Aprendiz{33CCFF}] Kauan_Santos: VEM AQ CHURRITOS
[10/07/2021 - 05:20:39] - [CHAT ADMIN {ff3399}Aprendiz{33CCFF}] Kauan_Santos: VEM AQ CHURRITOS
[10/07/2021 - 05:21:37] - [CHAT ADMIN {ff3399}Aprendiz{33CCFF}] Natan_Insane: CARAI O SERVE NAO TAVA DEIXANDO EU ENTRAR KKKK
[10/07/2021 - 05:21:52] - [CHAT ADMIN {ff3399}Aprendiz{33CCFF}] Kauan_Santos: kkk
[10/07/2021 - 05:32:43] - [CHAT ADMIN {ff3399}Aprendiz{33CCFF}] Kauan_Santos: COLA PISTA DE SKATE
[10/07/2021 - 15:40:20] - [CHAT ADMIN {ff3399}Aprendiz{33CCFF}] Natan_Insane: KKKK
[10/07/2021 - 15:40:25] - [CHAT ADMIN {ff3399}Aprendiz{33CCFF}] Carlos_Sales: CORNO DMAIS KKKK
[10/07/2021 - 15:40:31] - [CHAT ADMIN {ff3399}Aprendiz{33CCFF}] Natan_Insane: KKKKK
[10/07/2021 - 15:40:40] - [CHAT ADMIN {ff3399}Aprendiz{33CCFF}] Natan_Insane: SO TOMOU UM TEKO
[10/07/2021 - 15:43:46] - [CHAT ADMIN {ff3399}Aprendiz{33CCFF}] Carlos_Sales: EU SOU GADO E FODA KKKK
[10/07/2021 - 15:56:55] - [CHAT ADMIN {ff3399}Aprendiz{33CCFF}] Alex_souza_FPS: carlos tas em modo trabalho?
[10/07/2021 - 15:57:03] - [CHAT ADMIN {ff3399}Aprendiz{33CCFF}] Carlos_Sales: sim pq?
[10/07/2021 - 15:57:13] - [CHAT ADMIN {ff3399}Aprendiz{33CCFF}] Alex_souza_FPS: eu tbm estas
[10/07/2021 - 15:57:24] - [CHAT ADMIN {ff3399}Aprendiz{33CCFF}] Carlos_Sales: compreendo
[10/07/2021 - 15:57:26] - [CHAT ADMIN {ff3399}Aprendiz{33CCFF}] Alex_souza_FPS: estas vendo treta da low?
[10/07/2021 - 15:57:31] - [CHAT ADMIN {ff3399}Aprendiz{33CCFF}] Carlos_Sales: ss
[10/07/2021 - 15:57:38] - [CHAT ADMIN {ff3399}Aprendiz{33CCFF}] Carlos_Sales: eles tao treinando
[10/07/2021 - 15:57:41] - [CHAT ADMIN {ff3399}Aprendiz{33CCFF}] Alex_souza_FPS: eu sei kk
[10/07/2021 - 15:58:05] - [CHAT ADMIN {ff3399}Aprendiz{33CCFF}] Alex_souza_FPS: to na call deles
[10/07/2021 - 15:58:15] - [CHAT ADMIN {ff3399}Aprendiz{33CCFF}] Carlos_Sales: entendo
[10/07/2021 - 15:58:15] - [CHAT ADMIN {ff3399}Aprendiz{33CCFF}] Alex_souza_FPS: da tp em mim
[10/07/2021 - 15:58:40] - [CHAT ADMIN {ff3399}Aprendiz{33CCFF}] Alex_souza_FPS: fica aki do meu lado
[10/07/2021 - 15:59:00] - [CHAT ADMIN {ff3399}Aprendiz{33CCFF}] Carlos_Sales: slk o lock dos cara pegou em mim kkkk
[10/07/2021 - 15:59:07] - [CHAT ADMIN {ff3399}Aprendiz{33CCFF}] Alex_souza_FPS: kkk
[10/07/2021 - 15:59:10] - [CHAT ADMIN {ff3399}Aprendiz{33CCFF}] Alex_souza_FPS: seloko
[10/07/2021 - 15:59:34] - [CHAT ADMIN {ff3399}Aprendiz{33CCFF}] Carlos_Sales: EU VOU DAR UM KICK FUFIFO
[10/07/2021 - 15:59:40] - [CHAT ADMIN {ff3399}Aprendiz{33CCFF}] Carlos_Sales: FUDIDO NESSE CARA
[10/07/2021 - 15:59:41] - [CHAT ADMIN {ff3399}Aprendiz{33CCFF}] Alex_souza_FPS: pode dar
[10/07/2021 - 16:00:10] - [CHAT ADMIN {ff3399}Aprendiz{33CCFF}] Carlos_Sales: eu n lembro quem me matou kkkk
[10/07/2021 - 16:00:15] - [CHAT ADMIN {ff3399}Aprendiz{33CCFF}] Alex_souza_FPS: kkk
[10/07/2021 - 16:02:14] - [CHAT ADMIN {ff3399}Aprendiz{33CCFF}] Alex_souza_FPS: treta do krl kk
[10/07/2021 - 16:02:18] - [CHAT ADMIN {ff3399}Aprendiz{33CCFF}] Carlos_Sales: kkk
[10/07/2021 - 17:34:08] - [CHAT ADMIN {ff3399}Aprendiz{33CCFF}] Kauan_Churritos: F FOR BOB
[10/07/2021 - 17:34:22] - [CHAT ADMIN {ff3399}Aprendiz{33CCFF}] BOBI.ImT: SORTE QUER E DONO
[10/07/2021 - 17:34:44] - [CHAT ADMIN {ff3399}Aprendiz{33CCFF}] BOBI.ImT: DA CARGO PRA VC VER 
[10/07/2021 - 17:35:34] - [CHAT ADMIN {ff3399}Aprendiz{33CCFF}] BOBI.ImT: TEM COMO PEGAR ARMA
[10/07/2021 - 17:35:43] - [CHAT ADMIN {ff3399}Aprendiz{33CCFF}] Carlos_Sales: /kitadm
[10/07/2021 - 17:37:10] - [CHAT ADMIN {ff3399}Aprendiz{33CCFF}] BOBI.ImT: VG COMO PEGAR ARMA
[10/07/2021 - 17:38:42] - [CHAT ADMIN {ff3399}Aprendiz{33CCFF}] Kauan_Churritos: tudo normal no rio de janeiro
[10/07/2021 - 17:38:45] - [CHAT ADMIN {ff3399}Aprendiz{33CCFF}] BOBI.ImT: BORA X1
[10/07/2021 - 17:39:38] - [CHAT ADMIN {ff3399}Aprendiz{33CCFF}] BOBI.ImT: TO SEM ARMA
[10/07/2021 - 17:39:44] - [CHAT ADMIN {ff3399}Aprendiz{33CCFF}] BOBI.ImT: OXE
[10/07/2021 - 17:41:00] - [CHAT ADMIN {ff3399}Aprendiz{33CCFF}] BOBI.ImT: DO SEM LICENCA
[10/07/2021 - 17:43:57] - [CHAT ADMIN {ff3399}Aprendiz{33CCFF}] BOBI.ImT: SS
[10/07/2021 - 17:44:01] - [CHAT ADMIN {ff3399}Aprendiz{33CCFF}] BOBI.ImT: EU
[10/07/2021 - 17:44:07] - [CHAT ADMIN {ff3399}Aprendiz{33CCFF}] BOBI.ImT: BORA X1
[10/07/2021 - 17:44:47] - [CHAT ADMIN {ff3399}Aprendiz{33CCFF}] BOBI.ImT: SEM ARMA EU TO
[10/07/2021 - 17:44:50] - [CHAT ADMIN {ff3399}Aprendiz{33CCFF}] BOBI.ImT: MDS
[10/07/2021 - 17:45:07] - [CHAT ADMIN {ff3399}Aprendiz{33CCFF}] BOBI.ImT: PUXA
[10/07/2021 - 17:45:25] - [CHAT ADMIN {ff3399}Aprendiz{33CCFF}] Carlos_Sales: tu some kkk
[10/07/2021 - 17:45:31] - [CHAT ADMIN {ff3399}Aprendiz{33CCFF}] Alex_souza_FPS: PUXA ID 20 VG
[10/07/2021 - 17:47:03] - [CHAT ADMIN {ff3399}Aprendiz{33CCFF}] BOBI.ImT: DA SNIP
[10/07/2021 - 17:47:05] - [CHAT ADMIN {ff3399}Aprendiz{33CCFF}] Carlos_Sales: CREDO QUE HEAD LINDO
[10/07/2021 - 17:48:23] - [CHAT ADMIN {ff3399}Aprendiz{33CCFF}] Natan_Insane: QUAL O COMANDO PARA FAZER ESSE X1
[10/07/2021 - 17:48:45] - [CHAT ADMIN {ff3399}Aprendiz{33CCFF}] Natan_Insane: QUAL O COMANDO PARA FAZER ESSE X1
[10/07/2021 - 17:53:16] - [CHAT ADMIN {ff3399}Aprendiz{33CCFF}] BOBI.ImT: VG VEM AQ
[10/07/2021 - 17:54:08] - [CHAT ADMIN {ff3399}Aprendiz{33CCFF}] BOBI.ImT: VG VEM AQ ID 12
[10/07/2021 - 18:03:24] - [CHAT ADMIN {ff3399}Aprendiz{33CCFF}] BOBI.ImT: EI CAIXINHA NA PREFEITURA E SEFE
[10/07/2021 - 18:07:55] - [CHAT ADMIN {ff3399}Administrador{33CCFF}] alemao_noguira: para de fazer x1 toda hora 
[10/07/2021 - 18:10:45] - [CHAT ADMIN {ff3399}Aprendiz{33CCFF}] BOBI.ImT: COMO DA CADEIA
[10/07/2021 - 18:11:00] - [CHAT ADMIN {ff3399}Administrador{33CCFF}] alemao_noguira: /carandiru
[10/07/2021 - 18:11:20] - [CHAT ADMIN {ff3399}Aprendiz{33CCFF}] Kauan_Churritos: da carandiru no id 18
[10/07/2021 - 18:11:28] - [CHAT ADMIN {ff3399}Administrador{33CCFF}] alemao_noguira: pq
[10/07/2021 - 18:11:35] - [CHAT ADMIN {ff3399}Aprendiz{33CCFF}] Kauan_Churritos: roubando caixa em safe 
[10/07/2021 - 18:11:47] - [CHAT ADMIN {ff3399}Aprendiz{33CCFF}] Kauan_Churritos: E SO TEM 1 pm on
[10/07/2021 - 18:12:04] - [CHAT ADMIN {ff3399}Administrador{33CCFF}] alemao_noguira: tem printe ai?
[10/07/2021 - 18:12:21] - [CHAT ADMIN {ff3399}Aprendiz{33CCFF}] Kauan_Churritos: cheguei na hora que eles tava vazando
[10/07/2021 - 18:12:31] - [CHAT ADMIN {ff3399}Aprendiz{33CCFF}] Kauan_Churritos: mas ainda o dinheiro ta tacado no chao
[10/07/2021 - 18:12:49] - [CHAT ADMIN {ff3399}Administrador{33CCFF}] alemao_noguira: mano e que tem que ter printe porque depois os cara vai chora la no dc
[10/07/2021 - 18:13:09] - [CHAT ADMIN {ff3399}Aprendiz{33CCFF}] Kauan_Churritos: tendi
[10/07/2021 - 18:13:18] - [CHAT ADMIN {ff3399}Aprendiz{33CCFF}] BOBI.ImT: TAVA SIM 
[10/07/2021 - 18:13:45] - [CHAT ADMIN {ff3399}Administrador{33CCFF}] alemao_noguira: mais algum adm viu?
[10/07/2021 - 18:14:52] - [CHAT ADMIN {ff3399}Administrador{33CCFF}] alemao_noguira: ei alguem inicio guerra do morro hoje?
[10/07/2021 - 18:15:02] - [CHAT ADMIN {ff3399}Aprendiz{33CCFF}] Carlos_Sales: eu n vi nao
[10/07/2021 - 18:17:43] - [CHAT ADMIN {ff3399}Aprendiz{33CCFF}] Kauan_Churritos: TEM PM ON?
[10/07/2021 - 18:18:38] - [CHAT ADMIN {ff3399}Aprendiz{33CCFF}] Kauan_Churritos: ELE NAO TAVA SOLO
[10/07/2021 - 18:18:44] - [CHAT ADMIN {ff3399}Administrador{33CCFF}] alemao_noguira: mdss
[10/07/2021 - 18:18:55] - [CHAT ADMIN {ff3399}Aprendiz{33CCFF}] Kauan_Churritos: ELE TAVA CM OUTRO YAKUZA SO QUE EM CARRO DIFERENTE
[10/07/2021 - 18:18:59] - [CHAT ADMIN {ff3399}Aprendiz{33CCFF}] Kauan_Churritos: PORRA BOB
[10/07/2021 - 18:19:01] - [CHAT ADMIN {ff3399}Administrador{33CCFF}] alemao_noguira: antes de kick pergunta carinha
[10/07/2021 - 18:19:02] - [CHAT ADMIN {ff3399}Aprendiz{33CCFF}] Carlos_Sales: MAN NEM TEM PM E ESSES DOIDO FAZ CAIXA
[10/07/2021 - 18:19:17] - [CHAT ADMIN {ff3399}Aprendiz{33CCFF}] Carlos_Sales: TEM NAO
[10/07/2021 - 18:19:28] - [CHAT ADMIN {ff3399}Aprendiz{33CCFF}] Carlos_Sales: E SO DA /playerson
[10/07/2021 - 18:19:52] - [CHAT ADMIN {ff3399}Aprendiz{33CCFF}] BOBI.ImT: CAIXINHA SOLO MN
[10/07/2021 - 18:20:04] - [CHAT ADMIN {ff3399}Administrador{33CCFF}] alemao_noguira: entao printa e da cadeia se for assim
[10/07/2021 - 18:20:36] - [CHAT ADMIN {ff3399}Aprendiz{33CCFF}] BOBI.ImT: NOVATO ACHO
[10/07/2021 - 18:22:15] - [CHAT ADMIN {ff3399}Aprendiz{33CCFF}] Kauan_Churritos: id 12 23 e 10 caixinha sem pm on
[10/07/2021 - 18:22:24] - [CHAT ADMIN {ff3399}Aprendiz{33CCFF}] Kauan_Churritos: to com provas posso dar kick?
[10/07/2021 - 18:22:34] - [CHAT ADMIN {ff3399}Administrador{33CCFF}] alemao_noguira: nao eu di cadeia
[10/07/2021 - 18:22:34] - [CHAT ADMIN {ff3399}Aprendiz{33CCFF}] HARlDADE: nao
[10/07/2021 - 18:22:54] - [CHAT ADMIN {ff3399}Aprendiz{33CCFF}] Kauan_Churritos: olha agora tao pegando ainda
[10/07/2021 - 18:23:11] - [CHAT ADMIN {ff3399}Administrador{33CCFF}] alemao_noguira: id
[10/07/2021 - 18:23:15] - [CHAT ADMIN {ff3399}Administrador{33CCFF}] alemao_noguira: id?
[10/07/2021 - 18:23:20] - [CHAT ADMIN {ff3399}Aprendiz{33CCFF}] Kauan_Churritos: id 12
[10/07/2021 - 18:24:07] - [CHAT ADMIN {ff3399}Aprendiz{33CCFF}] BOBI.ImT: PODE DA KICK SEM PROVA E SOR CADEIA QUER PRINTA
[10/07/2021 - 18:26:51] - [CHAT ADMIN {ff3399}Aprendiz{33CCFF}] Kauan_Churritos: alguem pode limpar a ficha desse nobre iniciante
[10/07/2021 - 18:55:09] - [CHAT ADMIN {ff3399}Aprendiz{33CCFF}] Carlos_Sales: KAUAN ME TELA
[10/07/2021 - 18:55:19] - [CHAT ADMIN {ff3399}Aprendiz{33CCFF}] Carlos_Sales: CE TA TRABALHANDO?
[10/07/2021 - 18:55:24] - [CHAT ADMIN {ff3399}Aprendiz{33CCFF}] Kauan_Churritos: nope
[10/07/2021 - 18:55:30] - [CHAT ADMIN {ff3399}Aprendiz{33CCFF}] Carlos_Sales: nem eu
[10/07/2021 - 18:55:33] - [CHAT ADMIN {ff3399}Aprendiz{33CCFF}] Kauan_Churritos: kkk
[10/07/2021 - 18:59:34] - [CHAT ADMIN {ff3399}Aprendiz{33CCFF}] Carlos_Sales: que que se ta falando kauan como se vc consguisse da cadandiru kkk
[10/07/2021 - 18:59:44] - [CHAT ADMIN {ff3399}Aprendiz{33CCFF}] Kauan_Churritos: so pra ameacar
[10/07/2021 - 18:59:54] - [CHAT ADMIN {ff3399}Aprendiz{33CCFF}] Carlos_Sales: eu tbm faco isso kkkk
[10/07/2021 - 18:59:58] - [CHAT ADMIN {ff3399}Aprendiz{33CCFF}] Kauan_Churritos: kkkkk
[10/07/2021 - 19:43:45] - [CHAT ADMIN {ff3399}Aprendiz{33CCFF}] Kauan_Santos: ANAO ALEX ;-;
[10/07/2021 - 19:45:28] - [CHAT ADMIN {ff3399}Aprendiz{33CCFF}] HARlDADE: WEPON DAT TA INSANO
[10/07/2021 - 19:55:20] - [CHAT ADMIN {ff3399}Aprendiz{33CCFF}] HARlDADE: da rc ai alemao
[10/07/2021 - 22:26:41] - [CHAT ADMIN {ff3399}Aprendiz{33CCFF}] Kauan_Santos: VG
[10/07/2021 - 22:27:05] - [CHAT ADMIN {ff3399}Aprendiz{33CCFF}] Kauan_Santos: posso pegar a TROPA DA ESCOCIA?
[10/07/2021 - 22:44:48] - [CHAT ADMIN {ff3399}Aprendiz{33CCFF}] Kauan_Santos: ;-;
[10/07/2021 - 22:45:04] - [CHAT ADMIN {ff3399}Aprendiz{33CCFF}] Kauan_Santos: vgzin da a lacoste pa mim? ;-;
[10/07/2021 - 22:45:46] - [CHAT ADMIN {ff3399}Aprendiz{33CCFF}] HARlDADE: eu vou pega 
[10/07/2021 - 22:45:51] - [CHAT ADMIN {ff3399}Aprendiz{33CCFF}] Kauan_Santos: ;-
[10/07/2021 - 22:46:12] - [CHAT ADMIN {ff3399}Aprendiz{33CCFF}] Kauan_Santos: ent pego a escocia ;-;
[10/07/2021 - 22:46:17] - [CHAT ADMIN {ff3399}Aprendiz{33CCFF}] HARlDADE: soca 12 membros nela
[10/07/2021 - 22:46:35] - [CHAT ADMIN {ff3399}Aprendiz{33CCFF}] HARlDADE: so de comco
[10/07/2021 - 23:07:57] - [CHAT ADMIN {ff3399}Aprendiz{33CCFF}] Kauan_Santos: SETA O MINININ JOAO PA HELPER ;-; 
[10/07/2021 - 23:08:04] - [CHAT ADMIN {ff3399}Aprendiz{33CCFF}] Kauan_Santos: ELE AINDA N FOI SETADO
[10/07/2021 - 23:16:18] - [CHAT ADMIN {ff3399}Aprendiz{33CCFF}] HARlDADE: ent kauan?
[10/07/2021 - 23:16:24] - [CHAT ADMIN {ff3399}Aprendiz{33CCFF}] HARlDADE: kofoi
[10/07/2021 - 23:16:29] - [CHAT ADMIN {ff3399}Aprendiz{33CCFF}] Kauan_Santos: ?
[10/07/2021 - 23:16:35] - [CHAT ADMIN {ff3399}Aprendiz{33CCFF}] Kauan_Churritos: entao que ele chegou do nada e me meteu bala ;-;-
[10/07/2021 - 23:16:44] - [CHAT ADMIN {ff3399}Aprendiz{33CCFF}] Kauan_Churritos: a acao era cv e jagas
[10/07/2021 - 23:16:47] - [CHAT ADMIN {ff3399}Aprendiz{33CCFF}] HARlDADE: vc chegou onde taga rlando acao
[10/07/2021 - 23:16:56] - [CHAT ADMIN {ff3399}Aprendiz{33CCFF}] HARlDADE: tem pm on?
[10/07/2021 - 23:17:02] - [CHAT ADMIN {ff3399}Aprendiz{33CCFF}] Kauan_Churritos: o meu chefe pediu reforco ue
[10/07/2021 - 23:17:12] - [CHAT ADMIN {ff3399}Aprendiz{33CCFF}] HARlDADE: tem pm on?
[10/07/2021 - 23:17:30] - [CHAT ADMIN {ff3399}Aprendiz{33CCFF}] Kauan_Churritos: nao e culpa minha se os burro do cv nao corto a comunicacao
[10/07/2021 - 23:17:45] - [CHAT ADMIN {ff3399}Aprendiz{33CCFF}] HARlDADE: cv fazendo acao sem pm
[10/07/2021 - 23:17:58] - [CHAT ADMIN {ff3399}Aprendiz{33CCFF}] Kauan_Santos: daonde
[10/07/2021 - 23:18:06] - [CHAT ADMIN {ff3399}Aprendiz{33CCFF}] Kauan_Santos: ta lokao 
[10/07/2021 - 23:18:06] - [CHAT ADMIN {ff3399}Aprendiz{33CCFF}] Kauan_Churritos: eles assalto meu chefe sem no minimo 2pm on
[10/07/2021 - 23:18:09] - [CHAT ADMIN {ff3399}Aprendiz{33CCFF}] Kauan_Santos: kkkk
[10/07/2021 - 23:18:14] - [CHAT ADMIN {ff3399}Aprendiz{33CCFF}] HARlDADE: exato
[10/07/2021 - 23:18:15] - [CHAT ADMIN {ff3399}Aprendiz{33CCFF}] Kauan_Churritos: ou tem?
[10/07/2021 - 23:18:17] - [CHAT ADMIN {ff3399}Aprendiz{33CCFF}] HARlDADE: eu vi
[10/07/2021 - 23:18:29] - [CHAT ADMIN {ff3399}Aprendiz{33CCFF}] HARlDADE: so tem 1
[10/07/2021 - 23:18:58] - [CHAT ADMIN {ff3399}Aprendiz{33CCFF}] HARlDADE: ......
[10/07/2021 - 23:19:07] - [CHAT ADMIN {ff3399}Aprendiz{33CCFF}] Kauan_Churritos: e fd viu
[10/07/2021 - 23:19:23] - [CHAT ADMIN {ff3399}Aprendiz{33CCFF}] HARlDADE: depois q eles,toma aviso nos e culpado pelo erro deles
[10/07/2021 - 23:19:32] - [CHAT ADMIN {ff3399}Aprendiz{33CCFF}] Kauan_Churritos: sim
[10/07/2021 - 23:20:03] - [CHAT ADMIN {ff3399}Aprendiz{33CCFF}] HARlDADE: tem print deles fazendo acao kauan?
[10/07/2021 - 23:20:10] - [CHAT ADMIN {ff3399}Aprendiz{33CCFF}] Kauan_Churritos: nao
[10/07/2021 - 23:20:20] - [CHAT ADMIN {ff3399}Aprendiz{33CCFF}] HARlDADE: rlx eu tenho
[10/07/2021 - 23:20:40] - [CHAT ADMIN {ff3399}Aprendiz{33CCFF}] Natan_Insane: ALGUEM ME AJUDA
[10/07/2021 - 23:21:00] - [CHAT ADMIN {ff3399}Aprendiz{33CCFF}] Natan_Insane: TOU GRAVANDO PRO YT QUERO QUE ALGUEM ME AJUDE EM UM BAGULHO
[10/07/2021 - 23:21:06] - [CHAT ADMIN {ff3399}Aprendiz{33CCFF}] Natan_Insane: ALGUEM AI
[10/07/2021 - 23:21:44] - [CHAT ADMIN {ff3399}Aprendiz{33CCFF}] Natan_Insane: TOU GRAVANDO PRO YT QUERO QUE ALGUEM ME AJUDE EM UM BAGULHO
[10/07/2021 - 23:21:47] - [CHAT ADMIN {ff3399}Aprendiz{33CCFF}] Natan_Insane: ALGUEM AI
[10/07/2021 - 23:22:52] - [CHAT ADMIN {ff3399}Aprendiz{33CCFF}] Natan_Insane: HARI
[11/07/2021 - 01:08:29] - [CHAT ADMIN {ff3399}Fundador{33CCFF}] Vgzinn: acha qm ta estorando pq n tem pm
[11/07/2021 - 01:09:37] - [CHAT ADMIN {ff3399}Aprendiz{33CCFF}] HARlDADE: vg seta ai a lacoste em mim pra eu seta ja a galera minha
[11/07/2021 - 01:09:46] - [CHAT ADMIN {ff3399}Fundador{33CCFF}] Vgzinn: da /pedircontas ae
[11/07/2021 - 01:10:05] - [CHAT ADMIN {ff3399}Aprendiz{33CCFF}] HARlDADE: pronto
[11/07/2021 - 01:10:27] - [CHAT ADMIN {ff3399}Aprendiz{33CCFF}] HARlDADE: nox tropa vai render agora :)
[11/07/2021 - 01:10:53] - [CHAT ADMIN {ff3399}Aprendiz{33CCFF}] HARlDADE: se ver icaro fal q menor q fala com ele
[11/07/2021 - 01:11:04] - [CHAT ADMIN {ff3399}Fundador{33CCFF}] Vgzinn: okay
[11/07/2021 - 01:48:14] - [CHAT ADMIN {ff3399}Aprendiz{33CCFF}] HARlDADE: vg cola aqi rapidola
[11/07/2021 - 01:48:34] - [CHAT ADMIN {ff3399}Administrador{33CCFF}] alemao_noguira: oq,deu?
[11/07/2021 - 01:49:00] - [CHAT ADMIN {ff3399}Aprendiz{33CCFF}] Kauan_Churritos: vg mandou o meu chefe pro carandiru kkk?
[11/07/2021 - 01:49:08] - [CHAT ADMIN {ff3399}Aprendiz{33CCFF}] HARlDADE: pq tipo meu membro ta procurado e n da pra entra na rg pq ta procurad
[11/07/2021 - 01:49:23] - [CHAT ADMIN {ff3399}Administrador{33CCFF}] alemao_noguira: idai?
[11/07/2021 - 01:49:31] - [CHAT ADMIN {ff3399}Aprendiz{33CCFF}] HARlDADE: ele veio na hq pedir pra entra como aceito?
[11/07/2021 - 01:49:35] - [CHAT ADMIN {ff3399}Aprendiz{33CCFF}] Alex_souza_FPS: cara mo ant rp alemao
[11/07/2021 - 01:49:40] - [CHAT ADMIN {ff3399}Aprendiz{33CCFF}] Alex_souza_FPS: dei kick
[11/07/2021 - 01:49:54] - [CHAT ADMIN {ff3399}Administrador{33CCFF}] alemao_noguira: cuidado,com os kick
[11/07/2021 - 01:50:02] - [CHAT ADMIN {ff3399}Aprendiz{33CCFF}] HARlDADE: ele veio na hq pedir pra entra como aceito?
[11/07/2021 - 01:50:18] - [CHAT ADMIN {ff3399}Aprendiz{33CCFF}] Kauan_Churritos: manda um /convidar e o nick dele
[11/07/2021 - 01:50:35] - [CHAT ADMIN {ff3399}Aprendiz{33CCFF}] Kauan_Churritos: ai quando ele entrar a mensagem aparece se nao me engano
[11/07/2021 - 01:57:09] - [CHAT ADMIN {ff3399}Aprendiz{33CCFF}] Kauan_Churritos: .
[11/07/2021 - 01:57:15] - [CHAT ADMIN {ff3399}Aprendiz{33CCFF}] Kauan_Churritos: ou vg =(
[11/07/2021 - 01:57:35] - [CHAT ADMIN {ff3399}Aprendiz{33CCFF}] Kauan_Churritos: as moto  carro da jagata tem como civil pegar =(
[11/07/2021 - 01:58:20] - [CHAT ADMIN {ff3399}Aprendiz{33CCFF}] Carlos_Sales: tem como tirar procurado?
[11/07/2021 - 01:58:30] - [CHAT ADMIN {ff3399}Aprendiz{33CCFF}] Kauan_Churritos: so com pm eu acho
[11/07/2021 - 01:58:31] - [CHAT ADMIN {ff3399}Aprendiz{33CCFF}] Alex_souza_FPS: fala,com pulixa
[11/07/2021 - 01:58:55] - [CHAT ADMIN {ff3399}Aprendiz{33CCFF}] Carlos_Sales: e pq tem um cara pedindo pra limpar
[11/07/2021 - 01:59:19] - [CHAT ADMIN {ff3399}Aprendiz{33CCFF}] Carlos_Sales: pq ele n consegue entrar na org
[11/07/2021 - 01:59:30] - [CHAT ADMIN {ff3399}Aprendiz{33CCFF}] Carlos_Sales: pq ta procurado
[11/07/2021 - 02:01:45] - [CHAT ADMIN {ff3399}Aprendiz{33CCFF}] Carlos_Sales: slk agora vou ficar e sem org mesmo
[11/07/2021 - 02:02:00] - [CHAT ADMIN {ff3399}Aprendiz{33CCFF}] HARlDADE: o vg consegue limpa ficha n pae? os coxa n ta on e unico q ta n consegue limpa
[11/07/2021 - 02:05:13] - [CHAT ADMIN {ff3399}Aprendiz{33CCFF}] Alex_souza_FPS: da kick vg mds
[11/07/2021 - 02:13:50] - [CHAT ADMIN {ff3399}Aprendiz{33CCFF}] Natan_Insane: KAUAN
[11/07/2021 - 02:13:55] - [CHAT ADMIN {ff3399}Aprendiz{33CCFF}] Carlos_Sales: oi
[11/07/2021 - 02:13:56] - [CHAT ADMIN {ff3399}Aprendiz{33CCFF}] Kauan_Churritos: oie
[11/07/2021 - 02:14:15] - [CHAT ADMIN {ff3399}Aprendiz{33CCFF}] Natan_Insane: DPS PODE DAR UMA FORCA NO MEU CANAL NATAN INSANE
[11/07/2021 - 02:14:19] - [CHAT ADMIN {ff3399}Aprendiz{33CCFF}] Alex_souza_FPS: ID 11 RAMPANDO DE POPE
[11/07/2021 - 02:14:21] - [CHAT ADMIN {ff3399}Aprendiz{33CCFF}] Carlos_Sales: blz
[11/07/2021 - 02:14:24] - [CHAT ADMIN {ff3399}Aprendiz{33CCFF}] Kauan_Churritos: ja dei po
[11/07/2021 - 02:14:25] - [CHAT ADMIN {ff3399}Aprendiz{33CCFF}] Natan_Insane: SE PUDER VAI AJUDAR DEMAIS
[11/07/2021 - 02:14:48] - [CHAT ADMIN {ff3399}Aprendiz{33CCFF}] Natan_Insane: FIZ UM VIDEO DO SERVE
[11/07/2021 - 02:15:16] - [CHAT ADMIN {ff3399}Aprendiz{33CCFF}] Alex_souza_FPS: NOS TA EM PERSEGUICAO E ELE RAMPANDO DE POPE ID 11
[11/07/2021 - 02:16:06] - [CHAT ADMIN {ff3399}Aprendiz{33CCFF}] Carlos_Sales: acabei de mim inscrever
[11/07/2021 - 02:16:13] - [CHAT ADMIN {ff3399}Aprendiz{33CCFF}] Natan_Insane: VLW
[11/07/2021 - 02:23:57] - [CHAT ADMIN {ff3399}Aprendiz{33CCFF}] Carlos_Sales: caraca alex
[11/07/2021 - 02:24:03] - [CHAT ADMIN {ff3399}Aprendiz{33CCFF}] Carlos_Sales: agressivo kkkk
[11/07/2021 - 02:24:29] - [CHAT ADMIN {ff3399}Aprendiz{33CCFF}] Alex_souza_FPS: vou consertar o caixa aki
[11/07/2021 - 02:28:01] - [CHAT ADMIN {ff3399}Aprendiz{33CCFF}] Alex_souza_FPS: os cara falando abuso de poder kkk
[11/07/2021 - 02:28:10] - [CHAT ADMIN {ff3399}Aprendiz{33CCFF}] Carlos_Sales: kkk
[11/07/2021 - 02:44:15] - [CHAT ADMIN {ff3399}Aprendiz{33CCFF}] Kauan_Churritos: VOLTA AKI KSKSKSSKS
[11/07/2021 - 02:44:46] - [CHAT ADMIN {ff3399}Aprendiz{33CCFF}] Kauan_Churritos: KKKKKKKK 
[11/07/2021 - 02:45:16] - [CHAT ADMIN {ff3399}Aprendiz{33CCFF}] Kauan_Churritos: VOLTA AKI CARLIN PVP
[11/07/2021 - 02:53:48] - [CHAT ADMIN {ff3399}Aprendiz{33CCFF}] Kauan_Churritos: hehe
[11/07/2021 - 02:54:53] - [CHAT ADMIN {ff3399}Aprendiz{33CCFF}] Alex_souza_FPS: para carlos memao
[11/07/2021 - 02:55:03] - [CHAT ADMIN {ff3399}Aprendiz{33CCFF}] Carlos_Sales: tava tudo afk
[11/07/2021 - 02:55:20] - [CHAT ADMIN {ff3399}Aprendiz{33CCFF}] Kauan_Churritos: bora x1zin carlinhos kathau
[11/07/2021 - 02:55:23] - [CHAT ADMIN {ff3399}Aprendiz{33CCFF}] Alex_souza_FPS: to querendo da tp em tu e tu correnk
[11/07/2021 - 02:55:25] - [CHAT ADMIN {ff3399}Aprendiz{33CCFF}] Alex_souza_FPS: to querendo da tp em tu e tu correno
[11/07/2021 - 02:55:31] - [CHAT ADMIN {ff3399}Aprendiz{33CCFF}] Carlos_Sales: eu to em modo tv
[11/07/2021 - 02:55:35] - [CHAT ADMIN {ff3399}Aprendiz{33CCFF}] Carlos_Sales: cabeca
[11/07/2021 - 02:58:09] - [CHAT ADMIN {ff3399}Aprendiz{33CCFF}] Alex_souza_FPS: tomou fuga de pe kauan kk
[11/07/2021 - 02:59:01] - [CHAT ADMIN {ff3399}Aprendiz{33CCFF}] Kauan_Churritos: kkkk
[11/07/2021 - 05:49:02] - [CHAT ADMIN {ff3399}Aprendiz{33CCFF}] Kauan_Churritos: galerinha
[11/07/2021 - 06:16:45] - [CHAT ADMIN {ff3399}Aprendiz{33CCFF}] Kauan_Churritos: ou alemao
[11/07/2021 - 06:16:49] - [CHAT ADMIN {ff3399}Administrador{33CCFF}] alemao_noguira: oi?
[11/07/2021 - 06:17:09] - [CHAT ADMIN {ff3399}Aprendiz{33CCFF}] Kauan_Churritos: essa praga do low volto acao sendo que matei maso fd e que to sem prova
[11/07/2021 - 06:17:31] - [CHAT ADMIN {ff3399}Administrador{33CCFF}] alemao_noguira: entao nao poss fz nada man 
[11/07/2021 - 06:17:45] - [CHAT ADMIN {ff3399}Aprendiz{33CCFF}] Kauan_Churritos: posso nem dar um kickzinho?!
[11/07/2021 - 06:17:48] - [CHAT ADMIN {ff3399}Administrador{33CCFF}] alemao_noguira: porque se nao esse,cara,chora ds dps
[11/07/2021 - 06:18:04] - [CHAT ADMIN {ff3399}Administrador{33CCFF}] alemao_noguira: ate pra kick tem que ter prova
[11/07/2021 - 06:18:12] - [CHAT ADMIN {ff3399}Administrador{33CCFF}] alemao_noguira: porque sempre um chira
[11/07/2021 - 06:50:32] - [CHAT ADMIN {ff3399}Aprendiz{33CCFF}] Kauan_Churritos: agora tenho print
[11/07/2021 - 06:50:41] - [CHAT ADMIN {ff3399}Aprendiz{33CCFF}] Kauan_Santos: de q?
[11/07/2021 - 06:50:48] - [CHAT ADMIN {ff3399}Aprendiz{33CCFF}] Kauan_Churritos: da prr dagate
[11/07/2021 - 06:50:53] - [CHAT ADMIN {ff3399}Aprendiz{33CCFF}] Kauan_Churritos: dm sem motivo
[11/07/2021 - 06:51:35] - [CHAT ADMIN {ff3399}Administrador{33CCFF}] alemao_noguira: eeee fi
[11/07/2021 - 06:52:06] - [CHAT ADMIN {ff3399}Administrador{33CCFF}] alemao_noguira: kkkkmmm
[11/07/2021 - 06:52:11] - [CHAT ADMIN {ff3399}Aprendiz{33CCFF}] Kauan_Santos: kkkkkkk
[11/07/2021 - 06:52:30] - [CHAT ADMIN {ff3399}Aprendiz{33CCFF}] Kauan_Churritos: aora esse mlk nao me escapa
[11/07/2021 - 06:58:29] - [CHAT ADMIN {ff3399}Aprendiz{33CCFF}] Kauan_Churritos: po
[11/07/2021 - 06:58:37] - [CHAT ADMIN {ff3399}Aprendiz{33CCFF}] Kauan_Santos: vem ka
[11/07/2021 - 06:58:46] - [CHAT ADMIN {ff3399}Aprendiz{33CCFF}] Kauan_Churritos: aonde
[11/07/2021 - 06:58:58] - [CHAT ADMIN {ff3399}Aprendiz{33CCFF}] Kauan_Santos: pera
[11/07/2021 - 12:08:06] - [CHAT ADMIN {ff3399}Aprendiz{33CCFF}] Alex_souza_FPS: tu ta aonde haridade?
[11/07/2021 - 12:08:19] - [CHAT ADMIN {ff3399}Aprendiz{33CCFF}] Alex_souza_FPS: tu ta aonde haridade?
[11/07/2021 - 15:45:13] - [CHAT ADMIN {ff3399}Aprendiz{33CCFF}] Alex_souza_FPS: kick 4 AFK
[11/07/2021 - 15:49:39] - [CHAT ADMIN {ff3399}Aprendiz{33CCFF}] Kauan_Santos: ?
[11/07/2021 - 15:49:45] - [CHAT ADMIN {ff3399}Aprendiz{33CCFF}] Kauan_Santos: KICKOU O CARA?
[11/07/2021 - 15:49:45] - [CHAT ADMIN {ff3399}Aprendiz{33CCFF}] Carlos_Sales: HACK
[11/07/2021 - 15:49:49] - [CHAT ADMIN {ff3399}Aprendiz{33CCFF}] Kauan_Santos: ata
[11/07/2021 - 15:49:50] - [CHAT ADMIN {ff3399}Aprendiz{33CCFF}] Carlos_Sales: E HACK
[11/07/2021 - 15:54:14] - [CHAT ADMIN {ff3399}Aprendiz{33CCFF}] Natan_Insane: .
[11/07/2021 - 16:21:21] - [CHAT ADMIN {ff3399}Aprendiz{33CCFF}] Carlos_Sales: noh kauan eu ia fazer acao
[11/07/2021 - 16:21:24] - [CHAT ADMIN {ff3399}Aprendiz{33CCFF}] Carlos_Sales: com vcs
[11/07/2021 - 16:21:26] - [CHAT ADMIN {ff3399}Aprendiz{33CCFF}] Kauan_Santos: n
[11/07/2021 - 16:21:32] - [CHAT ADMIN {ff3399}Aprendiz{33CCFF}] Kauan_Santos: pq so tem 4 msmbros
[11/07/2021 - 16:21:39] - [CHAT ADMIN {ff3399}Aprendiz{33CCFF}] Kauan_Santos: on
[11/07/2021 - 16:22:02] - [CHAT ADMIN {ff3399}Aprendiz{33CCFF}] Carlos_Sales: nss nem um caixinha?
[11/07/2021 - 16:22:16] - [CHAT ADMIN {ff3399}Aprendiz{33CCFF}] Kauan_Santos: caixa s
[11/07/2021 - 16:22:31] - [CHAT ADMIN {ff3399}Aprendiz{33CCFF}] Carlos_Sales: tem moto na base?
[11/07/2021 - 16:22:35] - [CHAT ADMIN {ff3399}Aprendiz{33CCFF}] Kauan_Santos: n
[11/07/2021 - 16:22:58] - [CHAT ADMIN {ff3399}Aprendiz{33CCFF}] Carlos_Sales: ent nao vai ter como,eu ir ):
[11/07/2021 - 16:40:16] - [CHAT ADMIN {ff3399}Aprendiz{33CCFF}] Carlos_Sales: man eu ja to ficando e puto
[11/07/2021 - 16:57:09] - [CHAT ADMIN {ff3399}Aprendiz{33CCFF}] Alex_souza_FPS: /settime
[11/07/2021 - 17:00:44] - [CHAT ADMIN {ff3399}Aprendiz{33CCFF}] Carlos_Sales: icaro
[11/07/2021 - 17:00:50] - [CHAT ADMIN {ff3399}Aprendiz{33CCFF}] Carlos_Sales: baniu a hack?
[11/07/2021 - 17:24:43] - [CHAT ADMIN {ff3399}Aprendiz{33CCFF}] Kauan_Santos: foi pra inguica?
[11/07/2021 - 17:24:52] - [CHAT ADMIN {ff3399}Aprendiz{33CCFF}] Kauan_Santos: ?
[11/07/2021 - 17:24:55] - [CHAT ADMIN {ff3399}Aprendiz{33CCFF}] Carlos_Sales: nao?
[11/07/2021 - 17:29:13] - [CHAT ADMIN {ff3399}Aprendiz{33CCFF}] Carlos_Sales: kauan me tela rapidao
[11/07/2021 - 17:29:23] - [CHAT ADMIN {ff3399}Aprendiz{33CCFF}] Kauan_Santos: per
[11/07/2021 - 17:36:27] - [CHAT ADMIN {ff3399}Aprendiz{33CCFF}] BOBI.ImT: NAO TROCA KKKKKKKK
[11/07/2021 - 17:37:04] - [CHAT ADMIN {ff3399}Aprendiz{33CCFF}] BOBI.ImT: NAO TROCA
[11/07/2021 - 17:37:29] - [CHAT ADMIN {ff3399}Aprendiz{33CCFF}] BOBI.ImT: NAO TROCA
[11/07/2021 - 17:37:58] - [CHAT ADMIN {ff3399}Aprendiz{33CCFF}] BOBI.ImT: KKKKKKKKKKKK
[11/07/2021 - 17:38:07] - [CHAT ADMIN {ff3399}Fundador{33CCFF}] ICARO_Walker: DA DE LOCK ON
[11/07/2021 - 17:38:13] - [CHAT ADMIN {ff3399}Fundador{33CCFF}] ICARO_Walker: TA DE LOCK ON
[11/07/2021 - 17:38:14] - [CHAT ADMIN {ff3399}Aprendiz{33CCFF}] BOBI.ImT: NAO
[11/07/2021 - 17:38:15] - [CHAT ADMIN {ff3399}Fundador{33CCFF}] ICARO_Walker: TA DE LOCK ON
[11/07/2021 - 17:38:16] - [CHAT ADMIN {ff3399}Fundador{33CCFF}] ICARO_Walker: TA DE LOCK ON
[11/07/2021 - 17:38:17] - [CHAT ADMIN {ff3399}Fundador{33CCFF}] ICARO_Walker: TA DE LOCK ONT
[11/07/2021 - 17:38:23] - [CHAT ADMIN {ff3399}Aprendiz{33CCFF}] BOBI.ImT: NOP
[11/07/2021 - 17:38:56] - [CHAT ADMIN {ff3399}Fundador{33CCFF}] Vgzinn: ta sem voip/
[11/07/2021 - 17:38:58] - [CHAT ADMIN {ff3399}Fundador{33CCFF}] Vgzinn: ?
[11/07/2021 - 17:39:28] - [CHAT ADMIN {ff3399}Aprendiz{33CCFF}] BOBI.ImT: KK NAO TROCA
[11/07/2021 - 17:41:14] - [CHAT ADMIN {ff3399}Aprendiz{33CCFF}] BOBI.ImT: KKKKKKKKK
[11/07/2021 - 17:42:08] - [CHAT ADMIN {ff3399}Fundador{33CCFF}] Vgzinn: ate q to ruim uai
[11/07/2021 - 17:43:19] - [CHAT ADMIN {ff3399}Aprendiz{33CCFF}] Carlos_Sales: o corno me matou
[11/07/2021 - 17:44:08] - [CHAT ADMIN {ff3399}Aprendiz{33CCFF}] BOBI.ImT: NAO TROCA
[11/07/2021 - 17:46:16] - [CHAT ADMIN {ff3399}Aprendiz{33CCFF}] BOBI.ImT: FRACO KKKKKKKKKKK
[11/07/2021 - 17:48:25] - [CHAT ADMIN {ff3399}Aprendiz{33CCFF}] Kauan_Santos: MDS TIRA ESSE LOCK ON CARLOS KKKKK
[11/07/2021 - 17:48:29] - [CHAT ADMIN {ff3399}Aprendiz{33CCFF}] Carlos_Sales: BOSTA 
[11/07/2021 - 17:48:33] - [CHAT ADMIN {ff3399}Aprendiz{33CCFF}] Kauan_Santos: KKKK
[11/07/2021 - 17:48:41] - [CHAT ADMIN {ff3399}Aprendiz{33CCFF}] Carlos_Sales: LOCK ON E MINHA PIKA DE 15CM
[11/07/2021 - 17:49:39] - [CHAT ADMIN {ff3399}Aprendiz{33CCFF}] Kauan_Santos: COMO MUDO MEU NICK?
[11/07/2021 - 17:49:46] - [CHAT ADMIN {ff3399}Aprendiz{33CCFF}] Carlos_Sales: E EU VOU SABER
[11/07/2021 - 17:51:30] - [CHAT ADMIN {ff3399}Aprendiz{33CCFF}] Carlos_Sales: SO PEITO
[11/07/2021 - 17:51:35] - [CHAT ADMIN {ff3399}Fundador{33CCFF}] Vgzinn: hs n conta
[11/07/2021 - 17:54:40] - [CHAT ADMIN {ff3399}Aprendiz{33CCFF}] HARlDADE: AFL ;-;
[11/07/2021 - 17:54:45] - [CHAT ADMIN {ff3399}Aprendiz{33CCFF}] Kauan_Santos: ERREI
[11/07/2021 - 17:55:04] - [CHAT ADMIN {ff3399}Aprendiz{33CCFF}] Kauan_Santos: OU CRAZY QUER FALAR COM VC
[11/07/2021 - 17:55:07] - [CHAT ADMIN {ff3399}Aprendiz{33CCFF}] Kauan_Santos: HARIDADE
[11/07/2021 - 17:55:21] - [CHAT ADMIN {ff3399}Aprendiz{33CCFF}] HARlDADE: de,novo
[11/07/2021 - 18:46:51] - [CHAT ADMIN {ff3399}Estágiario{33CCFF}] Natan_Insane: .
[11/07/2021 - 19:16:30] - [CHAT ADMIN {ff3399}Aprendiz{33CCFF}] BOBI.ImT: ALGEM E LIDER OU SUB DE CORP AI
[11/07/2021 - 19:39:49] - [CHAT ADMIN {ff3399}Aprendiz{33CCFF}] BOBI.ImT: KKKKKKKKKKK
[11/07/2021 - 19:41:51] - [CHAT ADMIN {ff3399}Aprendiz{33CCFF}] Alex_souza_FPS: chama noi pra cv joao
[11/07/2021 - 19:42:37] - [CHAT ADMIN {ff3399}Aprendiz{33CCFF}] Alex_souza_FPS: chama noi pra cv joao
[11/07/2021 - 19:46:20] - [CHAT ADMIN {ff3399}Aprendiz{33CCFF}] HARlDADE: a lacoste pode morro?
[11/07/2021 - 19:47:42] - [CHAT ADMIN {ff3399}Administrador{33CCFF}] alemao_noguira: sim
[11/07/2021 - 19:47:50] - [CHAT ADMIN {ff3399}Aprendiz{33CCFF}] HARlDADE: ok nos vai ent
[11/07/2021 - 19:48:26] - [CHAT ADMIN {ff3399}Administrador{33CCFF}] alemao_noguira: pera
[11/07/2021 - 19:48:31] - [CHAT ADMIN {ff3399}Administrador{33CCFF}] alemao_noguira: vai ainda nao
[11/07/2021 - 19:48:36] - [CHAT ADMIN {ff3399}Aprendiz{33CCFF}] HARlDADE: ok
[11/07/2021 - 19:49:50] - [CHAT ADMIN {ff3399}Administrador{33CCFF}] alemao_noguira: pode,ir nao mano
[11/07/2021 - 19:49:59] - [CHAT ADMIN {ff3399}Aprendiz{33CCFF}] HARlDADE: blz man
[11/07/2021 - 19:50:03] - [CHAT ADMIN {ff3399}Aprendiz{33CCFF}] Kauan_Santos: TDE N PODE?
[11/07/2021 - 19:53:29] - [CHAT ADMIN {ff3399}Administrador{33CCFF}] alemao_noguira: lock on e motivo de cadeia pode denunciar ta fi
[11/07/2021 - 20:15:51] - [CHAT ADMIN {ff3399}Aprendiz{33CCFF}] Kauan_Santos: VG OS CARA ATRAPALHO NOSSA ACAO VEY
[11/07/2021 - 20:16:04] - [CHAT ADMIN {ff3399}Aprendiz{33CCFF}] HARlDADE: olha os aviso fi 
[11/07/2021 - 20:16:18] - [CHAT ADMIN {ff3399}Aprendiz{33CCFF}] HARlDADE: se n troca n chora
[11/07/2021 - 20:16:19] - [CHAT ADMIN {ff3399}Aprendiz{33CCFF}] Kauan_Santos: VCS MARCARAO 14:23
[11/07/2021 - 20:16:27] - [CHAT ADMIN {ff3399}Aprendiz{33CCFF}] Kauan_Santos: EU MARQUEI 14hrs
[11/07/2021 - 20:16:40] - [CHAT ADMIN {ff3399}Aprendiz{33CCFF}] HARlDADE: q horas e agora?
[11/07/2021 - 20:16:50] - [CHAT ADMIN {ff3399}Aprendiz{33CCFF}] Kauan_Santos: 17;20
[11/07/2021 - 20:16:52] - [CHAT ADMIN {ff3399}Aprendiz{33CCFF}] HARlDADE: ent n chor
[11/07/2021 - 20:17:01] - [CHAT ADMIN {ff3399}Aprendiz{33CCFF}] Kauan_Santos: N CONSEGUIMOS DOMINAR POR CAUSA DE VC
[11/07/2021 - 20:17:05] - [CHAT ADMIN {ff3399}Aprendiz{33CCFF}] HARlDADE: so aceita cv e TDE N troca
[11/07/2021 - 20:17:21] - [CHAT ADMIN {ff3399}Aprendiz{33CCFF}] Kauan_Santos: MDS CARA SABE LER REGRAS N
[11/07/2021 - 20:17:29] - [CHAT ADMIN {ff3399}Aprendiz{33CCFF}] Kauan_Santos: COMO SE VIRO ADM MDS
[11/07/2021 - 20:17:34] - [CHAT ADMIN {ff3399}Aprendiz{33CCFF}] HARlDADE: meu fi eu marquei dominacao pista
[11/07/2021 - 20:17:38] - [CHAT ADMIN {ff3399}Aprendiz{33CCFF}] HARlDADE: leia
[11/07/2021 - 20:17:46] - [CHAT ADMIN {ff3399}Aprendiz{33CCFF}] Kauan_Santos: MARQUEI PRIMEIRO OLHA LA
[11/07/2021 - 20:17:51] - [CHAT ADMIN {ff3399}Aprendiz{33CCFF}] HARlDADE: e?
[11/07/2021 - 20:18:02] - [CHAT ADMIN {ff3399}Aprendiz{33CCFF}] Kauan_Santos: VC ERA PRA IR DOMINAR SO UMAS 17:40 POR AI
[11/07/2021 - 20:18:20] - [CHAT ADMIN {ff3399}Aprendiz{33CCFF}] HARlDADE: meu amigo vai domina sem ninguem indo?
[11/07/2021 - 20:19:05] - [CHAT ADMIN {ff3399}Aprendiz{33CCFF}] Kauan_Santos: MDS VEY FAZ ALGUMA COISA AI VG MAN
[11/07/2021 - 20:19:30] - [CHAT ADMIN {ff3399}Fundador{33CCFF}] Vgzinn: n tava enr nem meto o nariz
[11/07/2021 - 20:19:39] - [CHAT ADMIN {ff3399}Aprendiz{33CCFF}] Kauan_Santos: OLHA DC
[11/07/2021 - 20:19:44] - [CHAT ADMIN {ff3399}Aprendiz{33CCFF}] HARlDADE: vou domina ent pq eles,perdeu:)
[11/07/2021 - 20:19:49] - [CHAT ADMIN {ff3399}Aprendiz{33CCFF}] Kauan_Santos: ELES MARCO DPS DE NOIS
[11/07/2021 - 20:19:51] - [CHAT ADMIN {ff3399}Aprendiz{33CCFF}] HARlDADE: e eu marquei
[11/07/2021 - 20:20:13] - [CHAT ADMIN {ff3399}Aprendiz{33CCFF}] Kauan_Santos: BLZ ENT
[11/07/2021 - 20:20:23] - [CHAT ADMIN {ff3399}Aprendiz{33CCFF}] Kauan_Santos: VOU DOMINAR O PARQUE GREEN
[11/07/2021 - 20:20:29] - [CHAT ADMIN {ff3399}Aprendiz{33CCFF}] HARlDADE: boa sorte la
[11/07/2021 - 20:20:32] - [CHAT ADMIN {ff3399}Fundador{33CCFF}] Vgzinn: eles pode ir no conflito caray
[11/07/2021 - 20:20:38] - [CHAT ADMIN {ff3399}Fundador{33CCFF}] Vgzinn: mete bala tmnc
[11/07/2021 - 20:20:39] - [CHAT ADMIN {ff3399}Aprendiz{33CCFF}] Kauan_Santos: OXI?
[11/07/2021 - 20:20:42] - [CHAT ADMIN {ff3399}Aprendiz{33CCFF}] HARlDADE: e oq to falndo vg
[11/07/2021 - 20:20:45] - [CHAT ADMIN {ff3399}Aprendiz{33CCFF}] Kauan_Santos: matei dois deles
[11/07/2021 - 20:20:49] - [CHAT ADMIN {ff3399}Aprendiz{33CCFF}] Kauan_Santos: eles voltarao
[11/07/2021 - 20:20:56] - [CHAT ADMIN {ff3399}Aprendiz{33CCFF}] HARlDADE: ninguem,volto,n
[11/07/2021 - 20:21:02] - [CHAT ADMIN {ff3399}Aprendiz{33CCFF}] HARlDADE: n tenho o dois
[11/07/2021 - 20:21:04] - [CHAT ADMIN {ff3399}Aprendiz{33CCFF}] Kauan_Santos: O LUCAS PINTO VOLTOU S
[11/07/2021 - 20:21:10] - [CHAT ADMIN {ff3399}Aprendiz{33CCFF}] HARlDADE: quando?
[11/07/2021 - 20:21:21] - [CHAT ADMIN {ff3399}Aprendiz{33CCFF}] HARlDADE: ele mato vcs quzs tuo
[11/07/2021 - 20:21:26] - [CHAT ADMIN {ff3399}Aprendiz{33CCFF}] HARlDADE: tudo
[11/07/2021 - 20:21:27] - [CHAT ADMIN {ff3399}Aprendiz{33CCFF}] Kauan_Santos: NA HR Q NOIS CHEGOU LA
[11/07/2021 - 20:21:40] - [CHAT ADMIN {ff3399}Aprendiz{33CCFF}] HARlDADE: hm tendi
[11/07/2021 - 20:21:46] - [CHAT ADMIN {ff3399}Aprendiz{33CCFF}] HARlDADE: printou?
[11/07/2021 - 20:21:49] - [CHAT ADMIN {ff3399}Aprendiz{33CCFF}] Kauan_Santos: A FDS TBM
[11/07/2021 - 20:21:57] - [CHAT ADMIN {ff3399}Aprendiz{33CCFF}] Kauan_Santos: LA VOU DISCUTIR COM ANT RP
[11/07/2021 - 20:36:54] - [CHAT ADMIN {ff3399}Aprendiz{33CCFF}] BOBI.ImT: TOOOOOOOOO
[11/07/2021 - 20:38:30] - [CHAT ADMIN {ff3399}Aprendiz{33CCFF}] BOBI.ImT: NAO VO NAO PERA
[11/07/2021 - 21:01:01] - [CHAT ADMIN {ff3399}Aprendiz{33CCFF}] BOBI.ImT: CORNO
[11/07/2021 - 22:10:40] - [CHAT ADMIN {ff3399}Aprendiz{33CCFF}] jaozinho: testando
[11/07/2021 - 22:10:46] - [CHAT ADMIN {ff3399}Aprendiz{33CCFF}] Carlos_Sales: boa noite
[11/07/2021 - 22:12:25] - [CHAT ADMIN {ff3399}Aprendiz{33CCFF}] Alex_souza_FPS: eu to em uma moto invisivel vg
[11/07/2021 - 22:18:16] - [CHAT ADMIN {ff3399}Aprendiz{33CCFF}] HARlDADE: vg quem domino pista de skate?
[11/07/2021 - 22:18:46] - [CHAT ADMIN {ff3399}Aprendiz{33CCFF}] jaozinho: ta vermelho
[11/07/2021 - 22:18:56] - [CHAT ADMIN {ff3399}Aprendiz{33CCFF}] jaozinho: o [
[11/07/2021 - 22:18:59] - [CHAT ADMIN {ff3399}Aprendiz{33CCFF}] HARlDADE: dominaram pista de skate sem ang 
[11/07/2021 - 22:19:15] - [CHAT ADMIN {ff3399}Aprendiz{33CCFF}] jaozinho: a lacoste eu acho
[11/07/2021 - 22:19:29] - [CHAT ADMIN {ff3399}Aprendiz{33CCFF}] HARlDADE: a lacoste sou eu e dominram sem ang 
[11/07/2021 - 22:19:35] - [CHAT ADMIN {ff3399}Aprendiz{33CCFF}] HARlDADE: eu tinha domind
[11/07/2021 - 22:19:55] - [CHAT ADMIN {ff3399}Aprendiz{33CCFF}] jaozinho: n foi vcs n ?
[11/07/2021 - 22:20:05] - [CHAT ADMIN {ff3399}Aprendiz{33CCFF}] Alex_souza_FPS: foi eu nao
[11/07/2021 - 22:20:12] - [CHAT ADMIN {ff3399}Aprendiz{33CCFF}] HARlDADE: nos domino porem eu sai 1 segundo ta dominado 
[11/07/2021 - 22:20:26] - [CHAT ADMIN {ff3399}Aprendiz{33CCFF}] HARlDADE: por outra org
[11/07/2021 - 22:20:30] - [CHAT ADMIN {ff3399}Aprendiz{33CCFF}] jaozinho: entao num sei
[11/07/2021 - 22:21:25] - [CHAT ADMIN {ff3399}Aprendiz{33CCFF}] HARlDADE: o vg pode peg DE VOLTA?  pq dominaram sem ang
[11/07/2021 - 22:21:52] - [CHAT ADMIN {ff3399}Aprendiz{33CCFF}] Alex_souza_FPS: ai nao pow
[11/07/2021 - 22:22:19] - [CHAT ADMIN {ff3399}Aprendiz{33CCFF}] HARlDADE: a pista er minha pq dominei porem eu sai e voltei ta dominado por outro sem amg
[11/07/2021 - 22:24:00] - [CHAT ADMIN {ff3399}Aprendiz{33CCFF}] HARlDADE: quem fico  mais tempo,on,aqui? desde as 17 horas?
[11/07/2021 - 22:41:54] - [CHAT ADMIN {ff3399}Aprendiz{33CCFF}] HARlDADE: iae alemao como vai fica mn os cara domino sem ang a pista de skate
[11/07/2021 - 22:58:43] - [CHAT ADMIN {ff3399}Aprendiz{33CCFF}] Alex_souza_FPS: EVENTO 
[11/07/2021 - 22:58:48] - [CHAT ADMIN {ff3399}Aprendiz{33CCFF}] Alex_souza_FPS: MATAR O VG KK
[11/07/2021 - 22:58:57] - [CHAT ADMIN {ff3399}Aprendiz{33CCFF}] Kauan_Churritos: ganha quantos
[11/07/2021 - 22:59:03] - [CHAT ADMIN {ff3399}Aprendiz{33CCFF}] Alex_souza_FPS: 100K
[11/07/2021 - 22:59:11] - [CHAT ADMIN {ff3399}Aprendiz{33CCFF}] Kauan_Churritos: onde ele ta
[11/07/2021 - 22:59:21] - [CHAT ADMIN {ff3399}Aprendiz{33CCFF}] Alex_souza_FPS: SLA
[11/07/2021 - 23:01:06] - [CHAT ADMIN {ff3399}Aprendiz{33CCFF}] Alex_souza_FPS: suicidio
[11/07/2021 - 23:01:12] - [CHAT ADMIN {ff3399}Aprendiz{33CCFF}] Kauan_Churritos: kkkkk
[11/07/2021 - 23:03:15] - [CHAT ADMIN {ff3399}Aprendiz{33CCFF}] Alex_souza_FPS: agacha nao desgraca
[11/07/2021 - 23:03:18] - [CHAT ADMIN {ff3399}Aprendiz{33CCFF}] Kauan_Churritos: kkkkk
[11/07/2021 - 23:04:04] - [CHAT ADMIN {ff3399}Aprendiz{33CCFF}] Alex_souza_FPS: quero mais nao
[11/07/2021 - 23:04:10] - [CHAT ADMIN {ff3399}Aprendiz{33CCFF}] Kauan_Churritos: ok kkkk
[11/07/2021 - 23:04:59] - [CHAT ADMIN {ff3399}Aprendiz{33CCFF}] Kauan_Santos: MDS ALEX
[11/07/2021 - 23:30:49] - [CHAT ADMIN {ff3399}Aprendiz{33CCFF}] Kauan_Santos: COMO TIRA ESTRELA
[11/07/2021 - 23:32:23] - [CHAT ADMIN {ff3399}Aprendiz{33CCFF}] Pedroo_999: teste
[11/07/2021 - 23:43:22] - [CHAT ADMIN {ff3399}Fundador{33CCFF}] Vgzinn: para de tapao mds
[11/07/2021 - 23:43:29] - [CHAT ADMIN {ff3399}Aprendiz{33CCFF}] Alex_souza_FPS: parei eu
[11/07/2021 - 23:43:38] - [CHAT ADMIN {ff3399}Aprendiz{33CCFF}] Alex_souza_FPS: to saindo ja
[11/07/2021 - 23:43:45] - [CHAT ADMIN {ff3399}Aprendiz{33CCFF}] Alex_souza_FPS: adios rapaziada da staff
[11/07/2021 - 23:43:53] - [CHAT ADMIN {ff3399}Aprendiz{33CCFF}] Alex_souza_FPS: boa noite pa geral
[11/07/2021 - 23:43:54] - [CHAT ADMIN {ff3399}Aprendiz{33CCFF}] HARlDADE: ate
[11/07/2021 - 23:44:05] - [CHAT ADMIN {ff3399}Aprendiz{33CCFF}] Kauan_Santos: AIN BOA NOITE GOSTOSA
[11/07/2021 - 23:44:13] - [CHAT ADMIN {ff3399}Aprendiz{33CCFF}] Kauan_Santos: KKKK
[11/07/2021 - 23:44:16] - [CHAT ADMIN {ff3399}Aprendiz{33CCFF}] Alex_souza_FPS: VAI PRA LA LOKO
[12/07/2021 - 14:12:21] - [CHAT ADMIN {ff3399}Estágiario{33CCFF}] Natan_Insane: HARI
[12/07/2021 - 14:12:25] - [CHAT ADMIN {ff3399}Estágiario{33CCFF}] Natan_Insane: TA RECRUTANDO
[12/07/2021 - 14:12:25] - [CHAT ADMIN {ff3399}Aprendiz{33CCFF}] HARlDADE: oi
[12/07/2021 - 14:12:30] - [CHAT ADMIN {ff3399}Aprendiz{33CCFF}] HARlDADE: to
[12/07/2021 - 14:12:34] - [CHAT ADMIN {ff3399}Estágiario{33CCFF}] Natan_Insane: ICARO
[12/07/2021 - 14:12:36] - [CHAT ADMIN {ff3399}Estágiario{33CCFF}] Natan_Insane: ICARO
[12/07/2021 - 14:12:43] - [CHAT ADMIN {ff3399}Fundador{33CCFF}] ICARO_Walker: OI
[12/07/2021 - 14:12:50] - [CHAT ADMIN {ff3399}Estágiario{33CCFF}] Natan_Insane: PODE LIMPAR MINHA ORG OK
[12/07/2021 - 14:12:56] - [CHAT ADMIN {ff3399}Estágiario{33CCFF}] Natan_Insane: E A VAGOS
[12/07/2021 - 14:13:43] - [CHAT ADMIN {ff3399}Estágiario{33CCFF}] Natan_Insane: OUVIU ICARO
[12/07/2021 - 14:45:42] - [CHAT ADMIN {ff3399}Aprendiz{33CCFF}] Alex_souza_FPS: vai no cara la haridade
[12/07/2021 - 14:45:59] - [CHAT ADMIN {ff3399}Aprendiz{33CCFF}] HARlDADE: calma ai kkk
[12/07/2021 - 14:58:30] - [CHAT ADMIN {ff3399}Aprendiz{33CCFF}] HARlDADE: o alemao da dc ai man preciso fazer acao 
[12/07/2021 - 15:04:06] - [CHAT ADMIN {ff3399}Aprendiz{33CCFF}] Alex_souza_FPS: HARIDADE
[12/07/2021 - 15:04:11] - [CHAT ADMIN {ff3399}Aprendiz{33CCFF}] HARlDADE: oi
[12/07/2021 - 15:04:26] - [CHAT ADMIN {ff3399}Aprendiz{33CCFF}] Alex_souza_FPS: TU DEIXOU MEU CACHORRO ABERTO E MEU PORTAO SAIU CORRENDO
[12/07/2021 - 15:04:34] - [CHAT ADMIN {ff3399}Aprendiz{33CCFF}] Alex_souza_FPS: VAI ATRS DELE AGR
[12/07/2021 - 15:04:44] - [CHAT ADMIN {ff3399}Estágiario{33CCFF}] Natan_Insane: KKKK
[12/07/2021 - 15:04:46] - [CHAT ADMIN {ff3399}Aprendiz{33CCFF}] HARlDADE: KKKKKKKKKK
[12/07/2021 - 15:04:54] - [CHAT ADMIN {ff3399}Aprendiz{33CCFF}] HARlDADE: POXA SEM QUERER
[12/07/2021 - 15:05:05] - [CHAT ADMIN {ff3399}Estágiario{33CCFF}] Natan_Insane: MAIS CUIDADO HARI
[12/07/2021 - 15:05:11] - [CHAT ADMIN {ff3399}Aprendiz{33CCFF}] Alex_souza_FPS: VAI ATRS DO MEU PORTAO
[12/07/2021 - 15:14:47] - [CHAT ADMIN {ff3399}Aprendiz{33CCFF}] Alex_souza_FPS: chama o pae pros lagatixa hari
[12/07/2021 - 15:18:05] - [CHAT ADMIN {ff3399}Aprendiz{33CCFF}] HARlDADE: mlk fazendo cj a alex;/
[12/07/2021 - 15:18:15] - [CHAT ADMIN {ff3399}Aprendiz{33CCFF}] Alex_souza_FPS: eu vi a moto primeiro
[12/07/2021 - 15:18:24] - [CHAT ADMIN {ff3399}Aprendiz{33CCFF}] Alex_souza_FPS: fui muntar ele me tirou da mota
[12/07/2021 - 15:18:25] - [CHAT ADMIN {ff3399}Fundador{33CCFF}] ICARO_Walker: CJ NAO NAO TINHA NIQUEM NO CARRO
[12/07/2021 - 15:18:50] - [CHAT ADMIN {ff3399}Fundador{33CCFF}] ICARO_Walker: ELE APROVEITO DA CITUACAO PARA PEGAR O CARRO
[12/07/2021 - 15:18:57] - [CHAT ADMIN {ff3399}Aprendiz{33CCFF}] Alex_souza_FPS: ss
[12/07/2021 - 15:19:06] - [CHAT ADMIN {ff3399}Fundador{33CCFF}] ICARO_Walker: TODOS TAVA PEGANDO A GRANA
[12/07/2021 - 15:19:39] - [CHAT ADMIN {ff3399}Aprendiz{33CCFF}] Alex_souza_FPS: gate fazendo bgl feio ycarp
[12/07/2021 - 15:19:41] - [CHAT ADMIN {ff3399}Aprendiz{33CCFF}] Alex_souza_FPS: gate fazendo bgl feio ycaro
[12/07/2021 - 15:20:50] - [CHAT ADMIN {ff3399}Aprendiz{33CCFF}] Alex_souza_FPS: puxa ycaro gag
[12/07/2021 - 15:20:53] - [CHAT ADMIN {ff3399}Aprendiz{33CCFF}] Alex_souza_FPS: puxa ycaro gay
[12/07/2021 - 15:36:13] - [CHAT ADMIN {ff3399}Aprendiz{33CCFF}] Alex_souza_FPS: ant rp tu ne ycaro
[12/07/2021 - 15:36:20] - [CHAT ADMIN {ff3399}Aprendiz{33CCFF}] Alex_souza_FPS: kk
[12/07/2021 - 16:01:12] - [CHAT ADMIN {ff3399}Aprendiz{33CCFF}] HARlDADE: vlw ai kkkk 
[12/07/2021 - 16:01:17] - [CHAT ADMIN {ff3399}Estágiario{33CCFF}] Natan_Insane: KK
[12/07/2021 - 16:02:26] - [CHAT ADMIN {ff3399}Aprendiz{33CCFF}] HARlDADE: da ai icaro :/ preciso fazsd a acao kkk
[12/07/2021 - 16:30:29] - [CHAT ADMIN {ff3399}Aprendiz{33CCFF}] HARlDADE: AGIRA N ICARO
[12/07/2021 - 16:30:44] - [CHAT ADMIN {ff3399}Aprendiz{33CCFF}] HARlDADE: CALMA
[12/07/2021 - 17:12:52] - [CHAT ADMIN {ff3399}Aprendiz{33CCFF}] Pedroo_999: MDS ALEMAO
[12/07/2021 - 17:13:03] - [CHAT ADMIN {ff3399}Aprendiz{33CCFF}] Pedroo_999: PQ,TU FEZ ISSO
[12/07/2021 - 17:13:16] - [CHAT ADMIN {ff3399}Administrador{33CCFF}] alemao_noguira: olha ds depois
[12/07/2021 - 17:13:23] - [CHAT ADMIN {ff3399}Aprendiz{33CCFF}] Pedroo_999: TA
[12/07/2021 - 17:13:58] - [CHAT ADMIN {ff3399}Aprendiz{33CCFF}] HARlDADE: natan?
[12/07/2021 - 17:14:46] - [CHAT ADMIN {ff3399}Aprendiz{33CCFF}] HARlDADE: natan?
[12/07/2021 - 17:15:26] - [CHAT ADMIN {ff3399}Aprendiz{33CCFF}] Pedroo_999: alemao
[12/07/2021 - 17:15:30] - [CHAT ADMIN {ff3399}Administrador{33CCFF}] alemao_noguira: que
[12/07/2021 - 17:15:36] - [CHAT ADMIN {ff3399}Aprendiz{33CCFF}] Pedroo_999: tu ja ta de brincadeira ne
[12/07/2021 - 17:15:43] - [CHAT ADMIN {ff3399}Administrador{33CCFF}] alemao_noguira: se tinha duas denuncia
[12/07/2021 - 17:15:57] - [CHAT ADMIN {ff3399}Administrador{33CCFF}] alemao_noguira: eu dei o tempo da outra agora
[12/07/2021 - 17:16:10] - [CHAT ADMIN {ff3399}Aprendiz{33CCFF}] Pedroo_999: eu vou la ver agr
[12/07/2021 - 17:16:16] - [CHAT ADMIN {ff3399}Administrador{33CCFF}] alemao_noguira: jae
[12/07/2021 - 17:20:14] - [CHAT ADMIN {ff3399}Aprendiz{33CCFF}] HARlDADE: natan
[12/07/2021 - 17:30:24] - [CHAT ADMIN {ff3399}Aprendiz{33CCFF}] Pedroo_999: alguem 
[12/07/2021 - 17:30:30] - [CHAT ADMIN {ff3399}Aprendiz{33CCFF}] Kauan_Santos: eu
[12/07/2021 - 17:30:31] - [CHAT ADMIN {ff3399}Aprendiz{33CCFF}] Carlos_Sales: bkm dia
[12/07/2021 - 17:30:42] - [CHAT ADMIN {ff3399}Aprendiz{33CCFF}] Pedroo_999: bastante admin on em kk
[12/07/2021 - 17:30:51] - [CHAT ADMIN {ff3399}Aprendiz{33CCFF}] Kauan_Santos: kkk
[12/07/2021 - 17:32:10] - [CHAT ADMIN {ff3399}Aprendiz{33CCFF}] Pedroo_999: vcs sabem q sai do tvon?
[12/07/2021 - 17:32:18] - [CHAT ADMIN {ff3399}Aprendiz{33CCFF}] Kauan_Santos: /tvoff
[12/07/2021 - 17:32:23] - [CHAT ADMIN {ff3399}Estágiario{33CCFF}] Natan_Insane: TVOFF
[12/07/2021 - 17:32:33] - [CHAT ADMIN {ff3399}Aprendiz{33CCFF}] Pedroo_999: vlw
[12/07/2021 - 17:34:53] - [CHAT ADMIN {ff3399}Aprendiz{33CCFF}] Pedroo_999: algum adm me tira do caranga,o alemao me pois e esqueceu de mim tirar
[12/07/2021 - 17:35:18] - [CHAT ADMIN {ff3399}Aprendiz{33CCFF}] Carlos_Sales: MENTIRA
[12/07/2021 - 17:35:28] - [CHAT ADMIN {ff3399}Aprendiz{33CCFF}] Pedroo_999: nao e 60 min
[12/07/2021 - 17:35:32] - [CHAT ADMIN {ff3399}Aprendiz{33CCFF}] Pedroo_999: eu vi la
[12/07/2021 - 17:40:26] - [CHAT ADMIN {ff3399}Estágiario{33CCFF}] Natan_Insane: ALEMAI
[12/07/2021 - 17:40:28] - [CHAT ADMIN {ff3399}Estágiario{33CCFF}] Natan_Insane: ALEMAO
[12/07/2021 - 17:40:32] - [CHAT ADMIN {ff3399}Estágiario{33CCFF}] Natan_Insane: MUDA O TEMPO AI
[12/07/2021 - 17:40:40] - [CHAT ADMIN {ff3399}Estágiario{33CCFF}] Natan_Insane: TA CRASANDO DEMAIS
[12/07/2021 - 17:41:00] - [CHAT ADMIN {ff3399}Estágiario{33CCFF}] Natan_Insane: ALEMAO
[12/07/2021 - 17:41:02] - [CHAT ADMIN {ff3399}Estágiario{33CCFF}] Natan_Insane: MUDA O TEMPO AI
[12/07/2021 - 17:41:03] - [CHAT ADMIN {ff3399}Estágiario{33CCFF}] Natan_Insane: TA CRASANDO DEMAIS
[12/07/2021 - 17:41:16] - [CHAT ADMIN {ff3399}Administrador{33CCFF}] alemao_noguira: da nao
[12/07/2021 - 17:42:03] - [CHAT ADMIN {ff3399}Aprendiz{33CCFF}] Pedroo_999: alex porque ta me seguindo?
[12/07/2021 - 17:59:29] - [CHAT ADMIN {ff3399}Aprendiz{33CCFF}] Kauan_Santos: kkkkk
[12/07/2021 - 17:59:45] - [CHAT ADMIN {ff3399}Aprendiz{33CCFF}] Kauan_Santos: carai
[12/07/2021 - 18:01:23] - [CHAT ADMIN {ff3399}Aprendiz{33CCFF}] Kauan_Santos: kkkk
[12/07/2021 - 18:02:06] - [CHAT ADMIN {ff3399}Aprendiz{33CCFF}] Kauan_Santos: kkkkkkkk
[12/07/2021 - 18:02:19] - [CHAT ADMIN {ff3399}Aprendiz{33CCFF}] Kauan_Santos: para
[12/07/2021 - 18:05:41] - [CHAT ADMIN {ff3399}Aprendiz{33CCFF}] Alex_souza_FPS: da /ir 2 ou 15 ICARO SCRIPT
[12/07/2021 - 18:05:59] - [CHAT ADMIN {ff3399}Aprendiz{33CCFF}] Kauan_Santos: ;-;
[12/07/2021 - 18:14:15] - [CHAT ADMIN {ff3399}Aprendiz{33CCFF}] Kauan_Santos: paro
[12/07/2021 - 18:14:59] - [CHAT ADMIN {ff3399}Aprendiz{33CCFF}] Kauan_Santos: ;-;
[12/07/2021 - 18:23:46] - [CHAT ADMIN {ff3399}Aprendiz{33CCFF}] Carlos_Sales: vai ter que da tp?
[12/07/2021 - 18:31:14] - [CHAT ADMIN {ff3399}Administrador{33CCFF}] alemao_noguira: vg tenho um presente pra tu kkkkk
[12/07/2021 - 18:33:02] - [CHAT ADMIN {ff3399}Aprendiz{33CCFF}] HARlDADE: QUERO FAZER ACAO DA RC ALEMAO FAZ A BOA AI
[12/07/2021 - 19:22:14] - [CHAT ADMIN {ff3399}Aprendiz{33CCFF}] Alex_souza_FPS: DA TP EM MIM ICARO TO NA ACAO
[12/07/2021 - 19:22:34] - [CHAT ADMIN {ff3399}Aprendiz{33CCFF}] Alex_souza_FPS: TO TELANO
[12/07/2021 - 19:23:16] - [CHAT ADMIN {ff3399}Aprendiz{33CCFF}] Alex_souza_FPS: TIRA A ARMAS DESSE CARA ICARO 
[12/07/2021 - 19:23:21] - [CHAT ADMIN {ff3399}Aprendiz{33CCFF}] Alex_souza_FPS: TODA HORA ISSO
[12/07/2021 - 21:02:07] - [CHAT ADMIN {ff3399}Aprendiz{33CCFF}] HARlDADE: DA RC AI ICARO
[12/07/2021 - 21:31:01] - [CHAT ADMIN {ff3399}Aprendiz{33CCFF}] Kauan_Santos: sai do modo adm
[12/07/2021 - 21:32:16] - [CHAT ADMIN {ff3399}Aprendiz{33CCFF}] Kauan_Santos: kkkk
[12/07/2021 - 21:33:23] - [CHAT ADMIN {ff3399}Aprendiz{33CCFF}] Kauan_Santos: nussa so na cara
[12/07/2021 - 21:33:25] - [CHAT ADMIN {ff3399}Aprendiz{33CCFF}] Kauan_Santos: kkk
[12/07/2021 - 21:33:32] - [CHAT ADMIN {ff3399}Aprendiz{33CCFF}] jaozinho: kk
[12/07/2021 - 21:33:57] - [CHAT ADMIN {ff3399}Aprendiz{33CCFF}] Kauan_Santos: kkkk
[12/07/2021 - 21:34:51] - [CHAT ADMIN {ff3399}Aprendiz{33CCFF}] Kauan_Santos: kkkk 
[12/07/2021 - 21:36:39] - [CHAT ADMIN {ff3399}Aprendiz{33CCFF}] Kauan_Santos: ?
[12/07/2021 - 21:36:47] - [CHAT ADMIN {ff3399}Aprendiz{33CCFF}] jaozinho: k
[12/07/2021 - 21:37:05] - [CHAT ADMIN {ff3399}Aprendiz{33CCFF}] Kauan_Santos: AEEE
[12/07/2021 - 21:37:09] - [CHAT ADMIN {ff3399}Aprendiz{33CCFF}] Kauan_Santos: KKKK
[12/07/2021 - 21:37:11] - [CHAT ADMIN {ff3399}Aprendiz{33CCFF}] jaozinho: kkkk
[12/07/2021 - 22:07:27] - [CHAT ADMIN {ff3399}Aprendiz{33CCFF}] HARlDADE: o icaro eu comprei o sultan mais ele nao destranca nao estaciona nem entra oq faco?
[12/07/2021 - 22:08:09] - [CHAT ADMIN {ff3399}Aprendiz{33CCFF}] HARlDADE: cola aqui alemao
[12/07/2021 - 22:35:55] - [CHAT ADMIN {ff3399}Aprendiz{33CCFF}] Alex_souza_FPS: ai e biga vg
[12/07/2021 - 22:36:03] - [CHAT ADMIN {ff3399}Estágiario{33CCFF}] Natan_Insane: BIGA KKKK
[12/07/2021 - 22:36:22] - [CHAT ADMIN {ff3399}Aprendiz{33CCFF}] Alex_souza_FPS: EO MEU PORTAO?
[12/07/2021 - 22:44:43] - [CHAT ADMIN {ff3399}Aprendiz{33CCFF}] Alex_souza_FPS: acao solo e foda
[12/07/2021 - 22:45:09] - [CHAT ADMIN {ff3399}Estágiario{33CCFF}] Natan_Insane: CARA COMECOU ATIRAR NO MEU AMIGO
[12/07/2021 - 22:45:14] - [CHAT ADMIN {ff3399}Estágiario{33CCFF}] Natan_Insane: OQ EU VOU FAZER
[12/07/2021 - 22:45:26] - [CHAT ADMIN {ff3399}Estágiario{33CCFF}] Natan_Insane: ELE MATOU MEU AMIGO E FUI MATAR ELE UE
[12/07/2021 - 22:45:32] - [CHAT ADMIN {ff3399}Estágiario{33CCFF}] Natan_Insane: PODE N!
[12/07/2021 - 22:45:51] - [CHAT ADMIN {ff3399}Aprendiz{33CCFF}] Carlos_Sales: nao teve nenhum ant do kauan
[12/07/2021 - 22:46:04] - [CHAT ADMIN {ff3399}Aprendiz{33CCFF}] Carlos_Sales: do natan quer dizer
[12/07/2021 - 22:46:14] - [CHAT ADMIN {ff3399}Estágiario{33CCFF}] Natan_Insane: NAO PQ
[12/07/2021 - 22:46:29] - [CHAT ADMIN {ff3399}Aprendiz{33CCFF}] Carlos_Sales: n entendeu ne ;-;
[12/07/2021 - 22:46:36] - [CHAT ADMIN {ff3399}Estágiario{33CCFF}] Natan_Insane: N KKK
[12/07/2021 - 22:46:44] - [CHAT ADMIN {ff3399}Estágiario{33CCFF}] Natan_Insane: NEM SEI OQ VCS TA FALANDO KKK
[12/07/2021 - 22:46:46] - [CHAT ADMIN {ff3399}Aprendiz{33CCFF}] Carlos_Sales: eu falei que vc n fez ant cabeca
[12/07/2021 - 22:47:08] - [CHAT ADMIN {ff3399}Estágiario{33CCFF}] Natan_Insane: N
[12/07/2021 - 22:47:14] - [CHAT ADMIN {ff3399}Aprendiz{33CCFF}] Carlos_Sales: DEIXA MAN MKMK
[12/07/2021 - 22:47:21] - [CHAT ADMIN {ff3399}Estágiario{33CCFF}] Natan_Insane: KKKK
[12/07/2021 - 22:47:38] - [CHAT ADMIN {ff3399}Estágiario{33CCFF}] Natan_Insane: ANT CABECA OQ E ISSO 
[12/07/2021 - 22:47:40] - [CHAT ADMIN {ff3399}Estágiario{33CCFF}] Natan_Insane: KKKK
[12/07/2021 - 22:47:42] - [CHAT ADMIN {ff3399}Aprendiz{33CCFF}] Alex_souza_FPS: carlos
[12/07/2021 - 22:47:51] - [CHAT ADMIN {ff3399}Aprendiz{33CCFF}] Carlos_Sales: DEIXA NATAB SEM ZOUA KKKKKKK
[12/07/2021 - 22:47:54] - [CHAT ADMIN {ff3399}Aprendiz{33CCFF}] Carlos_Sales: oi
[12/07/2021 - 22:47:56] - [CHAT ADMIN {ff3399}Estágiario{33CCFF}] Natan_Insane: KKKKKK
[12/07/2021 - 22:48:09] - [CHAT ADMIN {ff3399}Aprendiz{33CCFF}] Alex_souza_FPS: tu deixou meu cachorro aberto e meu portao saiu correndo
[12/07/2021 - 22:48:17] - [CHAT ADMIN {ff3399}Aprendiz{33CCFF}] Alex_souza_FPS: pode ir atrs dele agr
[12/07/2021 - 22:48:26] - [CHAT ADMIN {ff3399}Aprendiz{33CCFF}] Carlos_Sales: o cachorro nao e meu kkk
[12/07/2021 - 22:51:16] - [CHAT ADMIN {ff3399}Aprendiz{33CCFF}] Alex_souza_FPS: crashei o natan kkk
[12/07/2021 - 23:20:08] - [CHAT ADMIN {ff3399}Aprendiz{33CCFF}] Alex_souza_FPS: bvl
[12/07/2021 - 23:31:03] - [CHAT ADMIN {ff3399}Aprendiz{33CCFF}] Alex_souza_FPS: ICARO MEMAO 
[12/07/2021 - 23:31:09] - [CHAT ADMIN {ff3399}Aprendiz{33CCFF}] Alex_souza_FPS: O CARA DE HACK AKI LERDAO
[12/07/2021 - 23:31:22] - [CHAT ADMIN {ff3399}Aprendiz{33CCFF}] Alex_souza_FPS: ESSE AKI ID 20
[12/07/2021 - 23:33:24] - [CHAT ADMIN {ff3399}Aprendiz{33CCFF}] Kauan_Santos: ;-;
[12/07/2021 - 23:42:43] - [CHAT ADMIN {ff3399}Estágiario{33CCFF}] Natan_Insane: KKK
[12/07/2021 - 23:42:45] - [CHAT ADMIN {ff3399}Estágiario{33CCFF}] Natan_Insane: PARO
[12/07/2021 - 23:42:49] - [CHAT ADMIN {ff3399}Estágiario{33CCFF}] Natan_Insane: KKKK
[13/07/2021 - 00:03:35] - [CHAT ADMIN {ff3399}Aprendiz{33CCFF}] Carlos_Sales: N BANE O COMEDOR 17
[13/07/2021 - 00:08:05] - [CHAT ADMIN {ff3399}Fundador{33CCFF}] Vgzinn: n kick ele
[13/07/2021 - 00:08:34] - [CHAT ADMIN {ff3399}Aprendiz{33CCFF}] Carlos_Sales: VG NAO BANE O ID 7 ELE E O YCARO
[13/07/2021 - 00:08:46] - [CHAT ADMIN {ff3399}Aprendiz{33CCFF}] Carlos_Sales: ELE TA TESTANDO UNS BAGULHO AQUI
[13/07/2021 - 00:09:31] - [CHAT ADMIN {ff3399}Fundador{33CCFF}] Vgzinn: n kick ele o hack
[13/07/2021 - 00:10:23] - [CHAT ADMIN {ff3399}Aprendiz{33CCFF}] Carlos_Sales: BANE O 18 POR IP
[13/07/2021 - 00:10:27] - [CHAT ADMIN {ff3399}Aprendiz{33CCFF}] Carlos_Sales: TENHO PRINT
[13/07/2021 - 00:10:32] - [CHAT ADMIN {ff3399}Aprendiz{33CCFF}] Carlos_Sales: PUXANDO ARMA
[13/07/2021 - 00:16:41] - [CHAT ADMIN {ff3399}Aprendiz{33CCFF}] Kauan_Churritos: mlk morreu e volto pra matar
[13/07/2021 - 00:22:26] - [CHAT ADMIN {ff3399}Aprendiz{33CCFF}] Kauan_Churritos: CONSEGUIIII
[13/07/2021 - 00:24:24] - [CHAT ADMIN {ff3399}Aprendiz{33CCFF}] HARlDADE: ain baned kkk
[13/07/2021 - 00:24:34] - [CHAT ADMIN {ff3399}Aprendiz{33CCFF}] Carlos_Sales: era o Ycaro
[13/07/2021 - 00:24:45] - [CHAT ADMIN {ff3399}Aprendiz{33CCFF}] Carlos_Sales: ele ta testando uns bagulho
[13/07/2021 - 00:24:46] - [CHAT ADMIN {ff3399}Aprendiz{33CCFF}] HARlDADE: tsstando?
[13/07/2021 - 00:24:50] - [CHAT ADMIN {ff3399}Aprendiz{33CCFF}] Carlos_Sales: ss
[13/07/2021 - 00:24:53] - [CHAT ADMIN {ff3399}Aprendiz{33CCFF}] HARlDADE: a pdcre
[13/07/2021 - 00:56:59] - [CHAT ADMIN {ff3399}Aprendiz{33CCFF}] Alex_souza_FPS: novo na staff tu markola?
[13/07/2021 - 00:57:17] - [CHAT ADMIN {ff3399}Estágiario{33CCFF}] Markola: sim
[13/07/2021 - 00:57:25] - [CHAT ADMIN {ff3399}Aprendiz{33CCFF}] Alex_souza_FPS: markola da /a
[13/07/2021 - 00:57:31] - [CHAT ADMIN {ff3399}Estágiario{33CCFF}] Markola: so no serve
[13/07/2021 - 00:57:41] - [CHAT ADMIN {ff3399}Estágiario{33CCFF}] Markola: mais ja fui fundador de outro serve
[13/07/2021 - 00:58:15] - [CHAT ADMIN {ff3399}Aprendiz{33CCFF}] Alex_souza_FPS: OU HARIDADS
[13/07/2021 - 00:58:17] - [CHAT ADMIN {ff3399}Aprendiz{33CCFF}] Alex_souza_FPS: OU HARIDADE
[13/07/2021 - 00:58:22] - [CHAT ADMIN {ff3399}Aprendiz{33CCFF}] HARlDADE: oi
[13/07/2021 - 00:58:29] - [CHAT ADMIN {ff3399}Aprendiz{33CCFF}] Alex_souza_FPS: O MLK TA PEGANO 130 NA POPE VIADO
[13/07/2021 - 00:58:39] - [CHAT ADMIN {ff3399}Estágiario{33CCFF}] Markola: kkk
[13/07/2021 - 00:58:45] - [CHAT ADMIN {ff3399}Estágiario{33CCFF}] Markola: to vendo isso 
[13/07/2021 - 00:58:50] - [CHAT ADMIN {ff3399}Aprendiz{33CCFF}] HARlDADE: se ele inclina sim
[13/07/2021 - 00:58:57] - [CHAT ADMIN {ff3399}Aprendiz{33CCFF}] HARlDADE: e normal
[13/07/2021 - 00:59:02] - [CHAT ADMIN {ff3399}Aprendiz{33CCFF}] Alex_souza_FPS: O MAXIMO EM 110
[13/07/2021 - 00:59:09] - [CHAT ADMIN {ff3399}Aprendiz{33CCFF}] Alex_souza_FPS: ele caiu
[13/07/2021 - 00:59:22] - [CHAT ADMIN {ff3399}Aprendiz{33CCFF}] Alex_souza_FPS: kd ele?
[13/07/2021 - 01:01:25] - [CHAT ADMIN {ff3399}Estágiario{33CCFF}] Markola: sem amor a vida ele
[13/07/2021 - 01:01:34] - [CHAT ADMIN {ff3399}Estágiario{33CCFF}] Markola: o cara esava com a arma na cara dele,
[13/07/2021 - 01:01:42] - [CHAT ADMIN {ff3399}Estágiario{33CCFF}] Markola: ele entro na moto e vazu .
[13/07/2021 - 01:03:08] - [CHAT ADMIN {ff3399}Estágiario{33CCFF}] Markola: kkkkkk
[13/07/2021 - 01:03:16] - [CHAT ADMIN {ff3399}Estágiario{33CCFF}] Markola: kkkkkk
[13/07/2021 - 01:11:15] - [CHAT ADMIN {ff3399}Estágiario{33CCFF}] Markola: haridade
[13/07/2021 - 01:26:40] - [CHAT ADMIN {ff3399}Aprendiz{33CCFF}] Alex_souza_FPS: foi mal vg kkk
[13/07/2021 - 01:38:37] - [CHAT ADMIN {ff3399}Aprendiz{33CCFF}] Alex_souza_FPS: kaakakakakaka
[13/07/2021 - 01:38:44] - [CHAT ADMIN {ff3399}Aprendiz{33CCFF}] Alex_souza_FPS: mais um de ban
[13/07/2021 - 01:42:40] - [CHAT ADMIN {ff3399}Aprendiz{33CCFF}] Alex_souza_FPS: ou vg
[13/07/2021 - 01:42:59] - [CHAT ADMIN {ff3399}Aprendiz{33CCFF}] Alex_souza_FPS: vg
[13/07/2021 - 01:43:15] - [CHAT ADMIN {ff3399}Fundador{33CCFF}] Vgzinn: oi
[13/07/2021 - 01:43:17] - [CHAT ADMIN {ff3399}Aprendiz{33CCFF}] Alex_souza_FPS: to fazendo uma competicaozinha aki de 200k BLZ?
[13/07/2021 - 01:43:29] - [CHAT ADMIN {ff3399}Fundador{33CCFF}] Vgzinn: ok
[13/07/2021 - 01:54:21] - [CHAT ADMIN {ff3399}Aprendiz{33CCFF}] Alex_souza_FPS: VG
[13/07/2021 - 01:54:26] - [CHAT ADMIN {ff3399}Aprendiz{33CCFF}] Alex_souza_FPS: VOLTA AKI
[13/07/2021 - 01:54:26] - [CHAT ADMIN {ff3399}Fundador{33CCFF}] Vgzinn: oi
[13/07/2021 - 02:24:00] - [CHAT ADMIN {ff3399}Aprendiz{33CCFF}] Kauan_Santos: ai
[13/07/2021 - 02:24:02] - [CHAT ADMIN {ff3399}Aprendiz{33CCFF}] Kauan_Santos: obg
[13/07/2021 - 02:24:36] - [CHAT ADMIN {ff3399}Aprendiz{33CCFF}] Kauan_Santos: churritos?
[13/07/2021 - 02:24:42] - [CHAT ADMIN {ff3399}Aprendiz{33CCFF}] Kauan_Churritos: fala
[13/07/2021 - 02:24:43] - [CHAT ADMIN {ff3399}Aprendiz{33CCFF}] Kauan_Santos: vem aq kkkk
[13/07/2021 - 02:27:30] - [CHAT ADMIN {ff3399}Aprendiz{33CCFF}] Kauan_Santos: kkkkk
[13/07/2021 - 02:29:43] - [CHAT ADMIN {ff3399}Aprendiz{33CCFF}] HARlDADE: quem dominou pista de skate?
[13/07/2021 - 02:29:56] - [CHAT ADMIN {ff3399}Aprendiz{33CCFF}] Kauan_Churritos: foi os lacoste
[13/07/2021 - 02:30:03] - [CHAT ADMIN {ff3399}Aprendiz{33CCFF}] Kauan_Churritos: nois avisou que ia 
[13/07/2021 - 02:30:18] - [CHAT ADMIN {ff3399}Aprendiz{33CCFF}] HARlDADE: sim porem nao ta como noss mais
[13/07/2021 - 02:30:18] - [CHAT ADMIN {ff3399}Aprendiz{33CCFF}] Kauan_Churritos: pera man dominaram denovo
[13/07/2021 - 02:30:43] - [CHAT ADMIN {ff3399}Aprendiz{33CCFF}] HARlDADE: alguem dominou essa poha sem avisa nem da ang
[13/07/2021 - 02:30:44] - [CHAT ADMIN {ff3399}Aprendiz{33CCFF}] Kauan_Santos: kkkkk
[13/07/2021 - 02:40:36] - [CHAT ADMIN {ff3399}Aprendiz{33CCFF}] HARlDADE: churritos foi DE F KKKK crash 
[13/07/2021 - 02:40:40] - [CHAT ADMIN {ff3399}Aprendiz{33CCFF}] HARlDADE: mobile e foda
[13/07/2021 - 02:51:00] - [CHAT ADMIN {ff3399}Aprendiz{33CCFF}] Kauan_Santos: AI
[13/07/2021 - 02:51:09] - [CHAT ADMIN {ff3399}Aprendiz{33CCFF}] Kauan_Santos: BOA TEUS MEMBROS FAZEM MERDA MSM
[13/07/2021 - 02:51:20] - [CHAT ADMIN {ff3399}Aprendiz{33CCFF}] HARlDADE: printando tudo kauan
[13/07/2021 - 02:51:20] - [CHAT ADMIN {ff3399}Aprendiz{33CCFF}] Kauan_Santos: FAZ DM DO ND
[13/07/2021 - 02:51:31] - [CHAT ADMIN {ff3399}Aprendiz{33CCFF}] Kauan_Santos: FILHAO EU MARQUEI Q IA DOMINAR DC
[13/07/2021 - 02:55:59] - [CHAT ADMIN {ff3399}Aprendiz{33CCFF}] Kauan_Santos: AGR PEDE PRA ESSES MEMBROS DELE N FICAR MATANDO SEM MOTIVO
[13/07/2021 - 02:56:21] - [CHAT ADMIN {ff3399}Aprendiz{33CCFF}] HARlDADE: se a lacoste dominou nos vai proteger ue
[13/07/2021 - 02:56:36] - [CHAT ADMIN {ff3399}Aprendiz{33CCFF}] Kauan_Santos: ?
[13/07/2021 - 02:59:43] - [CHAT ADMIN {ff3399}Aprendiz{33CCFF}] HARlDADE: poha icaro ai fode man
[13/07/2021 - 02:59:53] - [CHAT ADMIN {ff3399}Estágiario{33CCFF}] Natan_Insane: PARA ICARO MDS MN
[13/07/2021 - 03:01:32] - [CHAT ADMIN {ff3399}Estágiario{33CCFF}] Natan_Insane: MDS PARA DE MATAR
[13/07/2021 - 03:01:36] - [CHAT ADMIN {ff3399}Estágiario{33CCFF}] Natan_Insane: POHAAA
[13/07/2021 - 03:01:45] - [CHAT ADMIN {ff3399}Fundador{33CCFF}] ICARO_Walker: kkk
[13/07/2021 - 03:01:50] - [CHAT ADMIN {ff3399}Aprendiz{33CCFF}] HARlDADE: o icaro viado nos quer fazer a acao 
[13/07/2021 - 03:01:57] - [CHAT ADMIN {ff3399}Fundador{33CCFF}] ICARO_Walker: desculpa to querendo treinar
[13/07/2021 - 03:02:05] - [CHAT ADMIN {ff3399}Estágiario{33CCFF}] Natan_Insane: SERIO ICARO NAO TOU BRINCANDO NOIS VAI FAZER ACAO PARA PFV
[13/07/2021 - 03:02:26] - [CHAT ADMIN {ff3399}Estágiario{33CCFF}] Natan_Insane: DPS SE TU QUISER NOIS TREINA
[13/07/2021 - 03:03:11] - [CHAT ADMIN {ff3399}Fundador{33CCFF}] ICARO_Walker: QUEM QUE TREINAR BALA AI
[13/07/2021 - 03:04:25] - [CHAT ADMIN {ff3399}Aprendiz{33CCFF}] Kauan_Santos: QUANTOS MEMBROS PRA DOMINACAO MSM? kkkkkk ME ESQUECI
[13/07/2021 - 03:04:53] - [CHAT ADMIN {ff3399}Aprendiz{33CCFF}] HARlDADE: 5 com sub/lider 6
[13/07/2021 - 03:11:32] - [CHAT ADMIN {ff3399}Estágiario{33CCFF}] Natan_Insane: KKKK
[13/07/2021 - 03:11:36] - [CHAT ADMIN {ff3399}Aprendiz{33CCFF}] HARlDADE: kkkk
[13/07/2021 - 03:11:48] - [CHAT ADMIN {ff3399}Estágiario{33CCFF}] Natan_Insane: SO PQ VC TAVA ME MATANDO EM
[13/07/2021 - 03:20:57] - [CHAT ADMIN {ff3399}Estágiario{33CCFF}] Natan_Insane: BOA ICARO TE AMO GOSTOSO
[13/07/2021 - 03:25:31] - [CHAT ADMIN {ff3399}Aprendiz{33CCFF}] Kauan_Santos: quando e guerra pode volta?
[13/07/2021 - 03:25:38] - [CHAT ADMIN {ff3399}Aprendiz{33CCFF}] Kauan_Santos: [
[13/07/2021 - 03:25:39] - [CHAT ADMIN {ff3399}Aprendiz{33CCFF}] HARlDADE: NN
[13/07/2021 - 03:25:46] - [CHAT ADMIN {ff3399}Aprendiz{33CCFF}] HARlDADE: MORREU N VOLTA
[13/07/2021 - 03:26:25] - [CHAT ADMIN {ff3399}Aprendiz{33CCFF}] HARlDADE: acabo?
[13/07/2021 - 03:49:00] - [CHAT ADMIN {ff3399}Aprendiz{33CCFF}] Kauan_Santos: OU HARI
[13/07/2021 - 03:49:04] - [CHAT ADMIN {ff3399}Aprendiz{33CCFF}] Kauan_Santos: BANCO TA BUGADO
[13/07/2021 - 03:49:07] - [CHAT ADMIN {ff3399}Aprendiz{33CCFF}] HARlDADE: oi
[13/07/2021 - 03:49:14] - [CHAT ADMIN {ff3399}Aprendiz{33CCFF}] HARlDADE: serio?
[13/07/2021 - 03:49:18] - [CHAT ADMIN {ff3399}Aprendiz{33CCFF}] Kauan_Santos: JA TENTEI HJ DE MANHA FAZER ACAO NO BANCO
[13/07/2021 - 03:49:19] - [CHAT ADMIN {ff3399}Aprendiz{33CCFF}] HARlDADE: puts
[13/07/2021 - 03:49:39] - [CHAT ADMIN {ff3399}Aprendiz{33CCFF}] HARlDADE: vlw i por avisa
[13/07/2021 - 04:12:02] - [CHAT ADMIN {ff3399}Aprendiz{33CCFF}] Kauan_Churritos: TRAZ UM PRESENTIN PRA NOIS KAUAN KKKK
[13/07/2021 - 04:12:11] - [CHAT ADMIN {ff3399}Estágiario{33CCFF}] Natan_Insane: KKKK
[13/07/2021 - 05:15:42] - [CHAT ADMIN {ff3399}Fundador{33CCFF}] Vgzinn: faz mais evento n ta sem rp
[13/07/2021 - 05:15:47] - [CHAT ADMIN {ff3399}Aprendiz{33CCFF}] Kauan_Santos: bl
[13/07/2021 - 05:16:18] - [CHAT ADMIN {ff3399}Aprendiz{33CCFF}] Kauan_Santos: nem e evento so fasso pa descontrair pro pessoal fica um pouco alegre kkkk
[13/07/2021 - 05:21:10] - [CHAT ADMIN {ff3399}Aprendiz{33CCFF}] HARlDADE: vg da loterica?
[13/07/2021 - 05:27:44] - [CHAT ADMIN {ff3399}Aprendiz{33CCFF}] Kauan_Churritos: patolino ta usano wap
[13/07/2021 - 05:27:49] - [CHAT ADMIN {ff3399}Aprendiz{33CCFF}] Kauan_Churritos: patolino ta usano weapon dat?
[13/07/2021 - 05:28:01] - [CHAT ADMIN {ff3399}Aprendiz{33CCFF}] Kauan_Santos: s
[13/07/2021 - 05:28:13] - [CHAT ADMIN {ff3399}Aprendiz{33CCFF}] Kauan_Santos: eu acho
[13/07/2021 - 05:28:13] - [CHAT ADMIN {ff3399}Aprendiz{33CCFF}] Kauan_Churritos: tem que dar kick
[13/07/2021 - 05:58:31] - [CHAT ADMIN {ff3399}Aprendiz{33CCFF}] Kauan_Santos: VEM KA CHURRITOS
[13/07/2021 - 06:01:12] - [CHAT ADMIN {ff3399}Aprendiz{33CCFF}] Kauan_Santos: EITA
[13/07/2021 - 06:01:33] - [CHAT ADMIN {ff3399}Estágiario{33CCFF}] Natan_Insane: DA PRA MIM TBM
[13/07/2021 - 06:02:12] - [CHAT ADMIN {ff3399}Aprendiz{33CCFF}] Kauan_Santos: ban id 10 RAPIDO
[13/07/2021 - 06:02:18] - [CHAT ADMIN {ff3399}Aprendiz{33CCFF}] Kauan_Santos: TA VOANDO
[13/07/2021 - 06:02:23] - [CHAT ADMIN {ff3399}Aprendiz{33CCFF}] Kauan_Santos: T TELANDO ELE
[13/07/2021 - 06:02:25] - [CHAT ADMIN {ff3399}Fundador{33CCFF}] Menor_vl: tamo testando
[13/07/2021 - 06:02:39] - [CHAT ADMIN {ff3399}Aprendiz{33CCFF}] Kauan_Santos: ?
[13/07/2021 - 06:02:41] - [CHAT ADMIN {ff3399}Estágiario{33CCFF}] Natan_Insane: TBM TOU
[13/07/2021 - 06:02:47] - [CHAT ADMIN {ff3399}Aprendiz{33CCFF}] Kauan_Santos: da ban 
[13/07/2021 - 06:02:48] - [CHAT ADMIN {ff3399}Estágiario{33CCFF}] Natan_Insane: TOU GRAVANDO
[13/07/2021 - 06:03:01] - [CHAT ADMIN {ff3399}Aprendiz{33CCFF}] Kauan_Santos: ele ta teleportando 
[13/07/2021 - 06:03:07] - [CHAT ADMIN {ff3399}Aprendiz{33CCFF}] Kauan_Santos: e correndo rapidao
[13/07/2021 - 06:03:49] - [CHAT ADMIN {ff3399}Aprendiz{33CCFF}] Kauan_Santos: vai da ban n?
[13/07/2021 - 06:04:05] - [CHAT ADMIN {ff3399}Aprendiz{33CCFF}] Kauan_Santos: to telando o cara o cara tava voanda vey
[13/07/2021 - 06:04:06] - [CHAT ADMIN {ff3399}Estágiario{33CCFF}] Natan_Insane: VG 
[13/07/2021 - 06:04:19] - [CHAT ADMIN {ff3399}Aprendiz{33CCFF}] Kauan_Santos: id 10 HACKER
[13/07/2021 - 06:04:29] - [CHAT ADMIN {ff3399}Aprendiz{33CCFF}] Kauan_Santos: AI VOANDO O CARA
[13/07/2021 - 06:04:39] - [CHAT ADMIN {ff3399}Aprendiz{33CCFF}] Kauan_Santos: DA BAN NATAN ;-;
[13/07/2021 - 06:05:20] - [CHAT ADMIN {ff3399}Aprendiz{33CCFF}] Kauan_Santos: mds
[13/07/2021 - 06:05:36] - [CHAT ADMIN {ff3399}Aprendiz{33CCFF}] Kauan_Santos: da ban no cara vey
[13/07/2021 - 06:06:09] - [CHAT ADMIN {ff3399}Aprendiz{33CCFF}] Kauan_Churritos: qual o id
[13/07/2021 - 06:06:14] - [CHAT ADMIN {ff3399}Aprendiz{33CCFF}] Kauan_Santos: 10
[13/07/2021 - 06:10:28] - [CHAT ADMIN {ff3399}Aprendiz{33CCFF}] Kauan_Santos: OU VEY
[13/07/2021 - 06:10:44] - [CHAT ADMIN {ff3399}Aprendiz{33CCFF}] Kauan_Santos: O CARA TAVA USANDO HACKER DA BAN VEY
[13/07/2021 - 06:10:46] - [CHAT ADMIN {ff3399}Aprendiz{33CCFF}] Kauan_Santos: MDS
[13/07/2021 - 06:10:57] - [CHAT ADMIN {ff3399}Aprendiz{33CCFF}] Kauan_Santos: ID 19
[13/07/2021 - 06:13:30] - [CHAT ADMIN {ff3399}Estágiario{33CCFF}] Markola: pronto
[13/07/2021 - 06:13:35] - [CHAT ADMIN {ff3399}Estágiario{33CCFF}] Natan_Insane: BOA
[13/07/2021 - 06:13:35] - [CHAT ADMIN {ff3399}Estágiario{33CCFF}] Markola: problema resolvido 
[13/07/2021 - 06:13:36] - [CHAT ADMIN {ff3399}Aprendiz{33CCFF}] Kauan_Santos: BOA KKKKK
[13/07/2021 - 06:13:43] - [CHAT ADMIN {ff3399}Estágiario{33CCFF}] Markola: kkkk
[13/07/2021 - 06:13:47] - [CHAT ADMIN {ff3399}Estágiario{33CCFF}] Natan_Insane: KKKK
[13/07/2021 - 06:13:57] - [CHAT ADMIN {ff3399}Estágiario{33CCFF}] Markola: cqra chato vei foi por 99999 logo
[13/07/2021 - 06:14:08] - [CHAT ADMIN {ff3399}Aprendiz{33CCFF}] Kauan_Santos: KKKKK
[13/07/2021 - 06:15:12] - [CHAT ADMIN {ff3399}Estágiario{33CCFF}] Markola: menor 
[13/07/2021 - 06:15:16] - [CHAT ADMIN {ff3399}Fundador{33CCFF}] Menor_vl: ou tamo testando os anti
[13/07/2021 - 06:15:18] - [CHAT ADMIN {ff3399}Estágiario{33CCFF}] Markola: tem um hac ae
[13/07/2021 - 06:15:23] - [CHAT ADMIN {ff3399}Fundador{33CCFF}] Menor_vl: para de dar kick
[13/07/2021 - 06:15:26] - [CHAT ADMIN {ff3399}Estágiario{33CCFF}] Markola: ah 
[13/07/2021 - 06:15:27] - [CHAT ADMIN {ff3399}Aprendiz{33CCFF}] Kauan_Santos: ;-;
[13/07/2021 - 06:15:28] - [CHAT ADMIN {ff3399}Estágiario{33CCFF}] Markola: e vcs ?
[13/07/2021 - 06:15:34] - [CHAT ADMIN {ff3399}Aprendiz{33CCFF}] Kauan_Santos: to na call
[13/07/2021 - 06:15:36] - [CHAT ADMIN {ff3399}Estágiario{33CCFF}] Markola: fdm
[13/07/2021 - 06:15:36] - [CHAT ADMIN {ff3399}Aprendiz{33CCFF}] Kauan_Santos: kkkk
[13/07/2021 - 06:15:37] - [CHAT ADMIN {ff3399}Fundador{33CCFF}] Menor_vl: e os cara da call aki
[13/07/2021 - 06:15:42] - [CHAT ADMIN {ff3399}Estágiario{33CCFF}] Markola: fdm 
[13/07/2021 - 06:15:42] - [CHAT ADMIN {ff3399}Aprendiz{33CCFF}] Kauan_Santos: kkkk
[13/07/2021 - 06:15:45] - [CHAT ADMIN {ff3399}Estágiario{33CCFF}] Markola: n sabia
[13/07/2021 - 06:15:50] - [CHAT ADMIN {ff3399}Aprendiz{33CCFF}] Kauan_Santos: to na call dps vcz avisa
[13/07/2021 - 06:15:56] - [CHAT ADMIN {ff3399}Aprendiz{33CCFF}] Kauan_Santos: pra n banir
[13/07/2021 - 06:16:03] - [CHAT ADMIN {ff3399}Aprendiz{33CCFF}] Kauan_Santos: sou o dogola dc
[13/07/2021 - 06:17:15] - [CHAT ADMIN {ff3399}Aprendiz{33CCFF}] Kauan_Santos: kkkk
[13/07/2021 - 06:17:22] - [CHAT ADMIN {ff3399}Aprendiz{33CCFF}] Kauan_Santos: dps avisa ne vg kkkk
[13/07/2021 - 06:17:28] - [CHAT ADMIN {ff3399}Aprendiz{33CCFF}] Kauan_Santos: e menor
[13/07/2021 - 06:17:30] - [CHAT ADMIN {ff3399}Estágiario{33CCFF}] Markola: e um gay ele
[13/07/2021 - 06:17:43] - [CHAT ADMIN {ff3399}Aprendiz{33CCFF}] Kauan_Santos: da /desban
[13/07/2021 - 06:17:55] - [CHAT ADMIN {ff3399}Estágiario{33CCFF}] Markola: nao e assim kk
[13/07/2021 - 06:21:51] - [CHAT ADMIN {ff3399}Aprendiz{33CCFF}] Kauan_Santos: N BANI NINGUEM Q TA VOANDO NUM SULTAN
[13/07/2021 - 06:21:59] - [CHAT ADMIN {ff3399}Estágiario{33CCFF}] Markola: ok kkk
[13/07/2021 - 06:23:11] - [CHAT ADMIN {ff3399}Estágiario{33CCFF}] Markola: vlw kauan
[13/07/2021 - 06:23:16] - [CHAT ADMIN {ff3399}Aprendiz{33CCFF}] Kauan_Santos: ;]
[13/07/2021 - 06:23:27] - [CHAT ADMIN {ff3399}Aprendiz{33CCFF}] Kauan_Santos: to em call com esses gay kkkkkk
[13/07/2021 - 06:23:27] - [CHAT ADMIN {ff3399}Estágiario{33CCFF}] Markola: eu andando de vespa kkk
[13/07/2021 - 06:23:28] - [CHAT ADMIN {ff3399}Fundador{33CCFF}] Menor_vl: da tv on kkkkkkkk
[13/07/2021 - 06:23:31] - [CHAT ADMIN {ff3399}Aprendiz{33CCFF}] Kauan_Santos: kkkkk
[13/07/2021 - 06:23:37] - [CHAT ADMIN {ff3399}Estágiario{33CCFF}] Markola: ql id
[13/07/2021 - 06:23:38] - [CHAT ADMIN {ff3399}Aprendiz{33CCFF}] Kauan_Santos: to telando
[13/07/2021 - 06:23:43] - [CHAT ADMIN {ff3399}Fundador{33CCFF}] Menor_vl: o meu
[13/07/2021 - 06:23:48] - [CHAT ADMIN {ff3399}Aprendiz{33CCFF}] Kauan_Santos: id 19 tela ai
[13/07/2021 - 06:24:00] - [CHAT ADMIN {ff3399}Estágiario{33CCFF}] Markola: n davc e dono
[13/07/2021 - 06:24:10] - [CHAT ADMIN {ff3399}Aprendiz{33CCFF}] Kauan_Santos: tela id 0
[13/07/2021 - 06:24:29] - [CHAT ADMIN {ff3399}Estágiario{33CCFF}] Markola: carai kkk
[13/07/2021 - 06:24:32] - [CHAT ADMIN {ff3399}Aprendiz{33CCFF}] Kauan_Santos: kkkkk
[13/07/2021 - 06:24:35] - [CHAT ADMIN {ff3399}Aprendiz{33CCFF}] Kauan_Churritos: coroi kkkk
[13/07/2021 - 06:24:37] - [CHAT ADMIN {ff3399}Estágiario{33CCFF}] Markola: kkkk
[13/07/2021 - 06:28:12] - [CHAT ADMIN {ff3399}Estágiario{33CCFF}] Markola: sefufu kkk
[13/07/2021 - 06:28:16] - [CHAT ADMIN {ff3399}Aprendiz{33CCFF}] Kauan_Santos: kk
[13/07/2021 - 06:29:10] - [CHAT ADMIN {ff3399}Aprendiz{33CCFF}] Kauan_Churritos: so dar /kitarma
[13/07/2021 - 06:29:17] - [CHAT ADMIN {ff3399}Aprendiz{33CCFF}] Kauan_Churritos: so dar /kitadm
[13/07/2021 - 06:29:31] - [CHAT ADMIN {ff3399}Estágiario{33CCFF}] Markola: preciso tirar licensa
[13/07/2021 - 06:29:35] - [CHAT ADMIN {ff3399}Estágiario{33CCFF}] Markola: nao tenho grana
[13/07/2021 - 06:29:42] - [CHAT ADMIN {ff3399}Aprendiz{33CCFF}] Kauan_Santos: MENOR SO PEITO KKK
[13/07/2021 - 06:30:09] - [CHAT ADMIN {ff3399}Aprendiz{33CCFF}] Kauan_Santos: MENOR SO PEITO KKK
[13/07/2021 - 06:30:43] - [CHAT ADMIN {ff3399}Aprendiz{33CCFF}] Kauan_Santos: KKKK
[13/07/2021 - 06:31:19] - [CHAT ADMIN {ff3399}Estágiario{33CCFF}] Markola: floda n kapeta
[13/07/2021 - 06:31:23] - [CHAT ADMIN {ff3399}Estágiario{33CCFF}] Markola: kkkk
[13/07/2021 - 06:31:37] - [CHAT ADMIN {ff3399}Aprendiz{33CCFF}] Kauan_Churritos: da /tvon 4 markola
[13/07/2021 - 06:31:39] - [CHAT ADMIN {ff3399}Aprendiz{33CCFF}] Kauan_Santos: AIN
[13/07/2021 - 06:31:45] - [CHAT ADMIN {ff3399}Aprendiz{33CCFF}] Kauan_Santos: KKKKK
[13/07/2021 - 06:31:49] - [CHAT ADMIN {ff3399}Estágiario{33CCFF}] Markola: alguem meda 50k
[13/07/2021 - 06:31:54] - [CHAT ADMIN {ff3399}Estágiario{33CCFF}] Markola: menor meda 50k
[13/07/2021 - 06:32:04] - [CHAT ADMIN {ff3399}Estágiario{33CCFF}] Markola: pra eu tirar licensa de arma
[13/07/2021 - 06:32:41] - [CHAT ADMIN {ff3399}Estágiario{33CCFF}] Markola: ve agr
[13/07/2021 - 06:33:24] - [CHAT ADMIN {ff3399}Aprendiz{33CCFF}] Kauan_Santos: kkkkkk
[13/07/2021 - 06:34:35] - [CHAT ADMIN {ff3399}Aprendiz{33CCFF}] Kauan_Santos: kkkkk
[13/07/2021 - 06:34:40] - [CHAT ADMIN {ff3399}Estágiario{33CCFF}] Markola: seu gay
[13/07/2021 - 06:35:18] - [CHAT ADMIN {ff3399}Estágiario{33CCFF}] Markola: lock on sfd
[13/07/2021 - 06:36:08] - [CHAT ADMIN {ff3399}Fundador{33CCFF}] Menor_vl: toma no cu
[13/07/2021 - 06:36:11] - [CHAT ADMIN {ff3399}Aprendiz{33CCFF}] Kauan_Santos: kkk
[13/07/2021 - 06:42:56] - [CHAT ADMIN {ff3399}Aprendiz{33CCFF}] Kauan_Santos: a senha q ces tao falando e a senha da conta?
[13/07/2021 - 06:43:02] - [CHAT ADMIN {ff3399}Aprendiz{33CCFF}] Kauan_Santos: in game?
[13/07/2021 - 06:48:28] - [CHAT ADMIN {ff3399}Aprendiz{33CCFF}] Kauan_Santos: kkkk
[13/07/2021 - 06:48:35] - [CHAT ADMIN {ff3399}Fundador{33CCFF}] Menor_vl: kaakkkkkkk
[13/07/2021 - 06:48:38] - [CHAT ADMIN {ff3399}Fundador{33CCFF}] Menor_vl: dnv
[13/07/2021 - 06:49:36] - [CHAT ADMIN {ff3399}Aprendiz{33CCFF}] Kauan_Santos: kkkk
[13/07/2021 - 06:49:41] - [CHAT ADMIN {ff3399}Fundador{33CCFF}] Menor_vl: mdmmsmms
[13/07/2021 - 06:49:43] - [CHAT ADMIN {ff3399}Aprendiz{33CCFF}] Kauan_Santos: kkkk
[13/07/2021 - 06:49:50] - [CHAT ADMIN {ff3399}Fundador{33CCFF}] Menor_vl: chama
[13/07/2021 - 06:50:34] - [CHAT ADMIN {ff3399}Aprendiz{33CCFF}] Kauan_Santos: kkkkkkk 
[13/07/2021 - 06:50:38] - [CHAT ADMIN {ff3399}Fundador{33CCFF}] Menor_vl: que poha e essa 
[13/07/2021 - 06:50:42] - [CHAT ADMIN {ff3399}Fundador{33CCFF}] Menor_vl: mddssssssss
[13/07/2021 - 06:50:42] - [CHAT ADMIN {ff3399}Aprendiz{33CCFF}] Kauan_Santos: hs
[13/07/2021 - 06:50:47] - [CHAT ADMIN {ff3399}Aprendiz{33CCFF}] Kauan_Santos: kkkk
[13/07/2021 - 06:50:48] - [CHAT ADMIN {ff3399}Fundador{33CCFF}] Menor_vl: kkkkkkkkkk
[13/07/2021 - 06:50:51] - [CHAT ADMIN {ff3399}Fundador{33CCFF}] Menor_vl: chamm
[13/07/2021 - 06:51:14] - [CHAT ADMIN {ff3399}Aprendiz{33CCFF}] Kauan_Santos: kkkkkkkkkkkkkkk
[13/07/2021 - 06:51:20] - [CHAT ADMIN {ff3399}Fundador{33CCFF}] Menor_vl: chamm
[13/07/2021 - 06:51:26] - [CHAT ADMIN {ff3399}Aprendiz{33CCFF}] Kauan_Santos: acho q s
[13/07/2021 - 06:51:58] - [CHAT ADMIN {ff3399}Aprendiz{33CCFF}] Kauan_Churritos: kauan ta de lock kkkkkk
[13/07/2021 - 06:52:07] - [CHAT ADMIN {ff3399}Aprendiz{33CCFF}] Kauan_Santos: n
[13/07/2021 - 06:52:16] - [CHAT ADMIN {ff3399}Aprendiz{33CCFF}] Kauan_Churritos: mira grudante
[13/07/2021 - 06:52:16] - [CHAT ADMIN {ff3399}Aprendiz{33CCFF}] Kauan_Santos: ain
[13/07/2021 - 06:52:19] - [CHAT ADMIN {ff3399}Fundador{33CCFF}] Menor_vl: pohahahh
[13/07/2021 - 06:52:20] - [CHAT ADMIN {ff3399}Aprendiz{33CCFF}] Kauan_Santos: kkkk
[13/07/2021 - 06:52:56] - [CHAT ADMIN {ff3399}Aprendiz{33CCFF}] Kauan_Santos: kkkkk
[13/07/2021 - 06:53:25] - [CHAT ADMIN {ff3399}Aprendiz{33CCFF}] Kauan_Santos: kkk
[13/07/2021 - 06:54:46] - [CHAT ADMIN {ff3399}Aprendiz{33CCFF}] Kauan_Santos: br churritos
[13/07/2021 - 06:55:15] - [CHAT ADMIN {ff3399}Aprendiz{33CCFF}] Kauan_Santos: kkkk
[13/07/2021 - 06:58:05] - [CHAT ADMIN {ff3399}Aprendiz{33CCFF}] Kauan_Churritos: kakakakaa
[13/07/2021 - 06:58:13] - [CHAT ADMIN {ff3399}Aprendiz{33CCFF}] Kauan_Santos: kkkk
[13/07/2021 - 06:58:54] - [CHAT ADMIN {ff3399}Aprendiz{33CCFF}] Kauan_Churritos: o kauan da tp que nois vai na lojinh de ropa
[13/07/2021 - 06:59:18] - [CHAT ADMIN {ff3399}Aprendiz{33CCFF}] Kauan_Churritos: so nao e mais corno porque nao e dois
[13/07/2021 - 06:59:18] - [CHAT ADMIN {ff3399}Aprendiz{33CCFF}] Kauan_Santos: hehe boy
[13/07/2021 - 07:06:52] - [CHAT ADMIN {ff3399}Aprendiz{33CCFF}] Kauan_Churritos: qual a skin da veia
[13/07/2021 - 07:06:58] - [CHAT ADMIN {ff3399}Aprendiz{33CCFF}] Kauan_Santos: vem aq
[13/07/2021 - 07:08:05] - [CHAT ADMIN {ff3399}Aprendiz{33CCFF}] Kauan_Santos: vem
[13/07/2021 - 14:15:52] - [CHAT ADMIN {ff3399}Aprendiz{33CCFF}] Carlos_Sales: man para de da tp
[13/07/2021 - 14:16:03] - [CHAT ADMIN {ff3399}Aprendiz{33CCFF}] Alex_souza_FPS: tu e uber agr?
[13/07/2021 - 14:47:46] - [CHAT ADMIN {ff3399}Aprendiz{33CCFF}] Alex_souza_FPS: carlos
[13/07/2021 - 14:47:50] - [CHAT ADMIN {ff3399}Aprendiz{33CCFF}] Carlos_Sales: oi 
[13/07/2021 - 14:47:52] - [CHAT ADMIN {ff3399}Aprendiz{33CCFF}] Alex_souza_FPS: entra suporte
[13/07/2021 - 14:48:02] - [CHAT ADMIN {ff3399}Aprendiz{33CCFF}] Carlos_Sales: lz
[13/07/2021 - 14:48:04] - [CHAT ADMIN {ff3399}Aprendiz{33CCFF}] Carlos_Sales: blz
[13/07/2021 - 14:48:08] - [CHAT ADMIN {ff3399}Aprendiz{33CCFF}] Kauan_Santos: ces sabe q n pode colocar mudica la ne
[13/07/2021 - 14:49:22] - [CHAT ADMIN {ff3399}Aprendiz{33CCFF}] Kauan_Santos: carlos vem 
[13/07/2021 - 14:49:25] - [CHAT ADMIN {ff3399}Aprendiz{33CCFF}] Kauan_Santos: kkkk
[13/07/2021 - 14:52:32] - [CHAT ADMIN {ff3399}Aprendiz{33CCFF}] Alex_souza_FPS: kauan me chama pa org
[13/07/2021 - 15:32:40] - [CHAT ADMIN {ff3399}Aprendiz{33CCFF}] Carlos_Sales: ICARO N TA FUNCIONANDO
[13/07/2021 - 15:35:22] - [CHAT ADMIN {ff3399}Aprendiz{33CCFF}] Alex_souza_FPS: ESSE COMEDOR DA STAFF TEM QUE PERDER O CARGO DE ADM
[13/07/2021 - 15:35:38] - [CHAT ADMIN {ff3399}Aprendiz{33CCFF}] Alex_souza_FPS: USANDO XITER
[13/07/2021 - 15:36:30] - [CHAT ADMIN {ff3399}Aprendiz{33CCFF}] Carlos_Sales: ICARO E AGORA?
[13/07/2021 - 15:47:02] - [CHAT ADMIN {ff3399}Aprendiz{33CCFF}] Carlos_Sales: EU IA DAR CACANBA
[13/07/2021 - 15:47:39] - [CHAT ADMIN {ff3399}Aprendiz{33CCFF}] HARlDADE: nos n tem permissao pra caranga mesmo se tentasse aprendiz n consegue
[13/07/2021 - 15:47:59] - [CHAT ADMIN {ff3399}Aprendiz{33CCFF}] Carlos_Sales: eu disse caranga?
[13/07/2021 - 15:48:19] - [CHAT ADMIN {ff3399}Aprendiz{33CCFF}] HARlDADE: jeito esquisito de escreve sim
[13/07/2021 - 15:50:32] - [CHAT ADMIN {ff3399}Aprendiz{33CCFF}] Carlos_Sales: pq a pergunta?
[13/07/2021 - 15:56:52] - [CHAT ADMIN {ff3399}Aprendiz{33CCFF}] Kauan_Santos: ou
[13/07/2021 - 15:57:07] - [CHAT ADMIN {ff3399}Aprendiz{33CCFF}] Kauan_Santos: pra roubar putero tem q avisar dc?
[13/07/2021 - 15:57:22] - [CHAT ADMIN {ff3399}Aprendiz{33CCFF}] Carlos_Sales: acho que nao
[13/07/2021 - 15:57:26] - [CHAT ADMIN {ff3399}Aprendiz{33CCFF}] Carlos_Sales: deixa eu vet
[13/07/2021 - 15:57:27] - [CHAT ADMIN {ff3399}Administrador{33CCFF}] alemao_noguira: nao so ingame
[13/07/2021 - 15:57:34] - [CHAT ADMIN {ff3399}Aprendiz{33CCFF}] Kauan_Santos: blz
[13/07/2021 - 15:57:45] - [CHAT ADMIN {ff3399}Administrador{33CCFF}] alemao_noguira: dc e so banco e territorio
[13/07/2021 - 15:58:57] - [CHAT ADMIN {ff3399}Aprendiz{33CCFF}] Carlos_Sales: putero precisa de quantos pm on mesmo?
[13/07/2021 - 16:24:18] - [CHAT ADMIN {ff3399}Aprendiz{33CCFF}] HARlDADE: cuidado kauan pro vg n te pega fazendo x1 ai
[13/07/2021 - 16:34:43] - [CHAT ADMIN {ff3399}Aprendiz{33CCFF}] Kauan_Santos: VG
[13/07/2021 - 16:34:54] - [CHAT ADMIN {ff3399}Aprendiz{33CCFF}] Kauan_Santos: UM CARA TA CHAMANDO OCE PRO X1
[13/07/2021 - 16:35:03] - [CHAT ADMIN {ff3399}Aprendiz{33CCFF}] Kauan_Santos: O CARA E DIFERENCIADO
[13/07/2021 - 16:35:19] - [CHAT ADMIN {ff3399}Aprendiz{33CCFF}] Kauan_Santos: FALO Q PODE VIM OS ADM TUDO
[13/07/2021 - 16:35:22] - [CHAT ADMIN {ff3399}Aprendiz{33CCFF}] Kauan_Santos: ELE MATA
[13/07/2021 - 16:35:30] - [CHAT ADMIN {ff3399}Aprendiz{33CCFF}] Carlos_Sales: QM E?
[13/07/2021 - 16:35:50] - [CHAT ADMIN {ff3399}Aprendiz{33CCFF}] Kauan_Santos: ID 15
[13/07/2021 - 16:36:04] - [CHAT ADMIN {ff3399}Aprendiz{33CCFF}] Carlos_Sales: e o borges kk
[13/07/2021 - 16:36:09] - [CHAT ADMIN {ff3399}Aprendiz{33CCFF}] Kauan_Santos: s
[13/07/2021 - 16:36:17] - [CHAT ADMIN {ff3399}Aprendiz{33CCFF}] Carlos_Sales: me coloca x1 contra ele
[13/07/2021 - 16:36:23] - [CHAT ADMIN {ff3399}Aprendiz{33CCFF}] Carlos_Sales: eu voh morrer mais tudo bem
[13/07/2021 - 16:46:56] - [CHAT ADMIN {ff3399}Aprendiz{33CCFF}] BOBI.ImT: VG
[13/07/2021 - 17:02:13] - [CHAT ADMIN {ff3399}Aprendiz{33CCFF}] jaozinho: kk
[13/07/2021 - 17:02:29] - [CHAT ADMIN {ff3399}Aprendiz{33CCFF}] BOBI.ImT: VG VEM AQ
[13/07/2021 - 17:08:22] - [CHAT ADMIN {ff3399}Aprendiz{33CCFF}] Alex_souza_FPS: vem bobi
[13/07/2021 - 18:41:41] - [CHAT ADMIN {ff3399}Fundador{33CCFF}] Vgzinn: deu rc na moto da pm alex mds
[13/07/2021 - 18:56:08] - [CHAT ADMIN {ff3399}Aprendiz{33CCFF}] Kauan_Santos: vg banco bugado ;-;
[13/07/2021 - 19:00:21] - [CHAT ADMIN {ff3399}Administrador{33CCFF}] alemao_noguira: vg
[13/07/2021 - 19:00:52] - [CHAT ADMIN {ff3399}Administrador{33CCFF}] alemao_noguira: meu deus alex
[13/07/2021 - 19:01:06] - [CHAT ADMIN {ff3399}Administrador{33CCFF}] alemao_noguira: flood e 4 mensagem de uma vez
[13/07/2021 - 19:02:47] - [CHAT ADMIN {ff3399}Administrador{33CCFF}] alemao_noguira: vg
[13/07/2021 - 19:04:03] - [CHAT ADMIN {ff3399}Aprendiz{33CCFF}] Alex_souza_FPS: os policia tomando no rolas vg
[13/07/2021 - 19:06:45] - [CHAT ADMIN {ff3399}Aprendiz{33CCFF}] Kauan_Santos: POSS DAR KICK
[13/07/2021 - 19:06:50] - [CHAT ADMIN {ff3399}Aprendiz{33CCFF}] Kauan_Santos: POR VOKTAR ACAO?
[13/07/2021 - 19:06:52] - [CHAT ADMIN {ff3399}Fundador{33CCFF}] Vgzinn: ja foi de cadeia
[13/07/2021 - 19:07:02] - [CHAT ADMIN {ff3399}Aprendiz{33CCFF}] Alex_souza_FPS: quem vg?
[13/07/2021 - 19:07:04] - [CHAT ADMIN {ff3399}Aprendiz{33CCFF}] Kauan_Santos: ID 29
[13/07/2021 - 19:07:09] - [CHAT ADMIN {ff3399}Aprendiz{33CCFF}] Kauan_Santos: VOLTOU TBM
[13/07/2021 - 19:07:20] - [CHAT ADMIN {ff3399}Aprendiz{33CCFF}] Alex_souza_FPS: att ele e saff
[13/07/2021 - 19:07:24] - [CHAT ADMIN {ff3399}Aprendiz{33CCFF}] Alex_souza_FPS: staff
[13/07/2021 - 19:07:32] - [CHAT ADMIN {ff3399}Aprendiz{33CCFF}] Kauan_Santos: O OUTRO
[13/07/2021 - 19:07:34] - [CHAT ADMIN {ff3399}Aprendiz{33CCFF}] Kauan_Santos: O PM
[13/07/2021 - 19:09:15] - [CHAT ADMIN {ff3399}Aprendiz{33CCFF}] Alex_souza_FPS: x1 KAUAN EU E TU???
[13/07/2021 - 19:09:18] - [CHAT ADMIN {ff3399}Aprendiz{33CCFF}] Kauan_Santos: BR
[13/07/2021 - 19:09:22] - [CHAT ADMIN {ff3399}Aprendiz{33CCFF}] Alex_souza_FPS: sai do adm
[13/07/2021 - 19:10:48] - [CHAT ADMIN {ff3399}Aprendiz{33CCFF}] Alex_souza_FPS: quero mais nao
[13/07/2021 - 19:11:22] - [CHAT ADMIN {ff3399}Aprendiz{33CCFF}] Kauan_Santos: BR DNV
[13/07/2021 - 21:38:31] - [CHAT ADMIN {ff3399}Aprendiz{33CCFF}] Kauan_Santos: DA DNV
[13/07/2021 - 21:38:37] - [CHAT ADMIN {ff3399}Aprendiz{33CCFF}] Kauan_Santos: OS CARRO DA HQ SYMIU
[13/07/2021 - 21:47:54] - [CHAT ADMIN {ff3399}Aprendiz{33CCFF}] Kauan_Santos: A VEY
[13/07/2021 - 21:47:57] - [CHAT ADMIN {ff3399}Aprendiz{33CCFF}] Kauan_Santos: ANAO
[13/07/2021 - 21:48:07] - [CHAT ADMIN {ff3399}Aprendiz{33CCFF}] Kauan_Santos: BANIU MEU MEMBRO
[13/07/2021 - 22:09:00] - [CHAT ADMIN {ff3399}Aprendiz{33CCFF}] Alex_souza_FPS: ou vg
[13/07/2021 - 22:09:16] - [CHAT ADMIN {ff3399}Aprendiz{33CCFF}] Alex_souza_FPS: x1 eu e tu e tu ir eu
[13/07/2021 - 22:09:28] - [CHAT ADMIN {ff3399}Fundador{33CCFF}] Vgzinn: vai lkkk
[13/07/2021 - 22:10:02] - [CHAT ADMIN {ff3399}Aprendiz{33CCFF}] Alex_souza_FPS: ai nao pohua kk
[13/07/2021 - 22:10:03] - [CHAT ADMIN {ff3399}Fundador{33CCFF}] Vgzinn: kkkkkkkkkkkkkkkkkk
[13/07/2021 - 22:10:51] - [CHAT ADMIN {ff3399}Fundador{33CCFF}] Vgzinn: kkkk caray num pega
[13/07/2021 - 22:11:01] - [CHAT ADMIN {ff3399}Aprendiz{33CCFF}] Kauan_Santos: QM E O TONY?
[13/07/2021 - 22:13:05] - [CHAT ADMIN {ff3399}Fundador{33CCFF}] Vgzinn: viado juro q dei 10000000000000000 balas em vc
[13/07/2021 - 22:13:18] - [CHAT ADMIN {ff3399}Aprendiz{33CCFF}] Alex_souza_FPS: apanhando pra mobile vg
[13/07/2021 - 22:13:18] - [CHAT ADMIN {ff3399}Fundador{33CCFF}] Vgzinn: chama dnv
[13/07/2021 - 22:13:50] - [CHAT ADMIN {ff3399}Aprendiz{33CCFF}] Alex_souza_FPS: apanhando pra mobile vg
[13/07/2021 - 22:13:57] - [CHAT ADMIN {ff3399}Fundador{33CCFF}] Vgzinn: vou gravar calma
[13/07/2021 - 22:14:18] - [CHAT ADMIN {ff3399}Aprendiz{33CCFF}] Alex_souza_FPS: apanhando pra mobile vg
[13/07/2021 - 22:14:27] - [CHAT ADMIN {ff3399}Fundador{33CCFF}] Vgzinn: chama
[13/07/2021 - 22:15:25] - [CHAT ADMIN {ff3399}Aprendiz{33CCFF}] Alex_souza_FPS: apanhando pra mobile vg
[13/07/2021 - 22:15:31] - [CHAT ADMIN {ff3399}Fundador{33CCFF}] Vgzinn: viado se n ta limpo vou mandar o video
[13/07/2021 - 22:15:53] - [CHAT ADMIN {ff3399}Aprendiz{33CCFF}] Alex_souza_FPS: bora icaro?
[13/07/2021 - 22:18:28] - [CHAT ADMIN {ff3399}Fundador{33CCFF}] Vgzinn: MDSSSSSSSSS TAVA GRAVANDO
[13/07/2021 - 22:19:28] - [CHAT ADMIN {ff3399}Fundador{33CCFF}] Vgzinn: N PUXA
[13/07/2021 - 22:19:52] - [CHAT ADMIN {ff3399}Fundador{33CCFF}] Vgzinn: OIA NO CHAT STAFF ALEX
[13/07/2021 - 22:20:00] - [CHAT ADMIN {ff3399}Aprendiz{33CCFF}] Alex_souza_FPS: kk
[13/07/2021 - 22:21:54] - [CHAT ADMIN {ff3399}Fundador{33CCFF}] ICARO_Walker: chama ai x1
[13/07/2021 - 22:25:45] - [CHAT ADMIN {ff3399}Aprendiz{33CCFF}] Kauan_Santos: TA RC
[13/07/2021 - 22:27:41] - [CHAT ADMIN {ff3399}Aprendiz{33CCFF}] jaozinho: eu caiu e voltei
[13/07/2021 - 22:31:19] - [CHAT ADMIN {ff3399}Aprendiz{33CCFF}] Alex_souza_FPS: ele ta gravandk icaro
[13/07/2021 - 22:31:31] - [CHAT ADMIN {ff3399}Aprendiz{33CCFF}] Alex_souza_FPS: entra call icaro
[13/07/2021 - 22:32:11] - [CHAT ADMIN {ff3399}Fundador{33CCFF}] Vgzinn: n conta pqp
[13/07/2021 - 22:32:18] - [CHAT ADMIN {ff3399}Aprendiz{33CCFF}] Carlos_Sales: TO FALANDO
[13/07/2021 - 22:32:24] - [CHAT ADMIN {ff3399}Aprendiz{33CCFF}] jaozinho: bora volta de buzu
[13/07/2021 - 22:32:49] - [CHAT ADMIN {ff3399}Aprendiz{33CCFF}] jaozinho: vem ate min
[13/07/2021 - 22:36:20] - [CHAT ADMIN {ff3399}Aprendiz{33CCFF}] Alex_souza_FPS: ICARO ENTRA CALL DS
[13/07/2021 - 22:46:46] - [CHAT ADMIN {ff3399}Fundador{33CCFF}] Vgzinn: oia os ping icaro
[13/07/2021 - 22:47:00] - [CHAT ADMIN {ff3399}Aprendiz{33CCFF}] jaozinho: tem um com 800
[13/07/2021 - 22:47:38] - [CHAT ADMIN {ff3399}Fundador{33CCFF}] Vgzinn: oia os ping icaro
[13/07/2021 - 22:57:37] - [CHAT ADMIN {ff3399}Aprendiz{33CCFF}] Kauan_Santos: ANAO
[13/07/2021 - 22:57:42] - [CHAT ADMIN {ff3399}Aprendiz{33CCFF}] Kauan_Santos: QUANDO TEM ACAO
[13/07/2021 - 22:58:22] - [CHAT ADMIN {ff3399}Fundador{33CCFF}] Vgzinn: vai esperar icaro ou nem??
[13/07/2021 - 23:13:12] - [CHAT ADMIN {ff3399}Aprendiz{33CCFF}] Kauan_Santos: ONDE E A BASE DA LACOSTE KKK
[13/07/2021 - 23:13:20] - [CHAT ADMIN {ff3399}Fundador{33CCFF}] Vgzinn: sla kkkkkkkk
[13/07/2021 - 23:13:27] - [CHAT ADMIN {ff3399}Aprendiz{33CCFF}] Kauan_Santos: NOIS USEMOS /GPS
[13/07/2021 - 23:13:31] - [CHAT ADMIN {ff3399}Aprendiz{33CCFF}] Kauan_Santos: SO Q N MARCA
[13/07/2021 - 23:13:37] - [CHAT ADMIN {ff3399}Fundador{33CCFF}] Vgzinn: ela n foi colocada
[13/07/2021 - 23:20:00] - [CHAT ADMIN {ff3399}Aprendiz{33CCFF}] Alex_souza_FPS: x1 ICARO?
[13/07/2021 - 23:20:15] - [CHAT ADMIN {ff3399}Fundador{33CCFF}] ICARO_Walker: OK
[13/07/2021 - 23:20:31] - [CHAT ADMIN {ff3399}Fundador{33CCFF}] ICARO_Walker: BORA X1
[13/07/2021 - 23:21:18] - [CHAT ADMIN {ff3399}Fundador{33CCFF}] Vgzinn: OKAY
[13/07/2021 - 23:21:25] - [CHAT ADMIN {ff3399}Aprendiz{33CCFF}] Kauan_Santos: TO PRESO
[13/07/2021 - 23:21:29] - [CHAT ADMIN {ff3399}Aprendiz{33CCFF}] Kauan_Santos: ME SOLTA
[13/07/2021 - 23:21:31] - [CHAT ADMIN {ff3399}Fundador{33CCFF}] Vgzinn: FEHCA ICARU
[13/07/2021 - 23:21:45] - [CHAT ADMIN {ff3399}Aprendiz{33CCFF}] Alex_souza_FPS: dnv?
[13/07/2021 - 23:21:45] - [CHAT ADMIN {ff3399}Fundador{33CCFF}] Vgzinn: PODE FECHAR O SV
[13/07/2021 - 23:21:45] - [CHAT ADMIN {ff3399}Estágiario{33CCFF}] Natan_Insane: SOLTA ELE VG PFV
[13/07/2021 - 23:21:49] - [CHAT ADMIN {ff3399}Aprendiz{33CCFF}] Kauan_Santos: S
[13/07/2021 - 23:22:00] - [CHAT ADMIN {ff3399}Aprendiz{33CCFF}] Kauan_Santos: PODE FECHAR
[13/07/2021 - 23:22:09] - [CHAT ADMIN {ff3399}Aprendiz{33CCFF}] Kauan_Santos: DPS DA MANU VAMOS DOMINAR
[13/07/2021 - 23:22:12] - [CHAT ADMIN {ff3399}Aprendiz{33CCFF}] Kauan_Santos: DPS DA MANU VAMOS INVADIR
[13/07/2021 - 23:22:26] - [CHAT ADMIN {ff3399}Fundador{33CCFF}] Vgzinn: AVISA NO CNN Q VAI RENICAR ICARO
[13/07/2021 - 23:22:40] - [CHAT ADMIN {ff3399}Aprendiz{33CCFF}] Kauan_Santos: OU
[13/07/2021 - 23:22:43] - [CHAT ADMIN {ff3399}Aprendiz{33CCFF}] Kauan_Santos: TIRA EU 
[13/07/2021 - 23:22:46] - [CHAT ADMIN {ff3399}Aprendiz{33CCFF}] Kauan_Santos: DA PRISAO
[13/07/2021 - 23:22:46] - [CHAT ADMIN {ff3399}Aprendiz{33CCFF}] jaozinho: QUER QUE EU ANUCIE
[13/07/2021 - 23:22:50] - [CHAT ADMIN {ff3399}Aprendiz{33CCFF}] Kauan_Santos: VAI BUGAR
[13/07/2021 - 23:22:57] - [CHAT ADMIN {ff3399}Fundador{33CCFF}] Vgzinn: NNNNNNNNNNNNNNNNNNNNNNNNNNNNAO.
[13/07/2021 - 23:24:02] - [CHAT ADMIN {ff3399}Fundador{33CCFF}] Vgzinn: icarooo fecha gayy antes q pega 40 dnv
[13/07/2021 - 23:24:04] - [CHAT ADMIN {ff3399}Fundador{33CCFF}] ICARO_Walker: TU TA BUGADO TUA NET
[13/07/2021 - 23:24:08] - [CHAT ADMIN {ff3399}Aprendiz{33CCFF}] Alex_souza_FPS: icaro perdendo pra mobile
[13/07/2021 - 23:30:19] - [CHAT ADMIN {ff3399}Aprendiz{33CCFF}] jaozinho: BORA VG EU E TU ?
[13/07/2021 - 23:32:31] - [CHAT ADMIN {ff3399}Fundador{33CCFF}] Vgzinn: sai do md trabalho
[13/07/2021 - 23:33:29] - [CHAT ADMIN {ff3399}Aprendiz{33CCFF}] jaozinho: CORNO
[13/07/2021 - 23:33:29] - [CHAT ADMIN {ff3399}Fundador{33CCFF}] Vgzinn: kkkkkkkkk
[13/07/2021 - 23:34:58] - [CHAT ADMIN {ff3399}Aprendiz{33CCFF}] jaozinho: que bala mentirosa
[13/07/2021 - 23:35:13] - [CHAT ADMIN {ff3399}Aprendiz{33CCFF}] jaozinho: nem loga ele consegue
[13/07/2021 - 23:35:24] - [CHAT ADMIN {ff3399}Aprendiz{33CCFF}] jaozinho: bora dnv ?
[13/07/2021 - 23:35:28] - [CHAT ADMIN {ff3399}Fundador{33CCFF}] Vgzinn: go
[13/07/2021 - 23:36:24] - [CHAT ADMIN {ff3399}Aprendiz{33CCFF}] jaozinho: gostei
[13/07/2021 - 23:36:52] - [CHAT ADMIN {ff3399}Fundador{33CCFF}] Vgzinn: lock on
[13/07/2021 - 23:36:59] - [CHAT ADMIN {ff3399}Fundador{33CCFF}] Vgzinn: nem vergonha tem KKKKKKKKKKKK
[13/07/2021 - 23:37:05] - [CHAT ADMIN {ff3399}Aprendiz{33CCFF}] jaozinho: que lock to no pc
[13/07/2021 - 23:37:09] - [CHAT ADMIN {ff3399}Fundador{33CCFF}] Vgzinn: GO dnv 
[13/07/2021 - 23:37:17] - [CHAT ADMIN {ff3399}Fundador{33CCFF}] Vgzinn: 4 bala de dealgle acerta
[13/07/2021 - 23:37:24] - [CHAT ADMIN {ff3399}Fundador{33CCFF}] Vgzinn: ai
[13/07/2021 - 23:37:25] - [CHAT ADMIN {ff3399}Aprendiz{33CCFF}] jaozinho: kskskss
[13/07/2021 - 23:37:30] - [CHAT ADMIN {ff3399}Fundador{33CCFF}] Vgzinn: go
[13/07/2021 - 23:37:34] - [CHAT ADMIN {ff3399}Aprendiz{33CCFF}] jaozinho: to de lock n
[13/07/2021 - 23:37:49] - [CHAT ADMIN {ff3399}Fundador{33CCFF}] Vgzinn: kkkkkkkkkkkkkkkkkkkkkkkk
[13/07/2021 - 23:38:02] - [CHAT ADMIN {ff3399}Fundador{33CCFF}] Vgzinn: googogg
[13/07/2021 - 23:39:01] - [CHAT ADMIN {ff3399}Fundador{33CCFF}] Vgzinn: chega sklskksksa
[13/07/2021 - 23:39:28] - [CHAT ADMIN {ff3399}Aprendiz{33CCFF}] jaozinho: ta tendo reuniao de lider ?
[13/07/2021 - 23:39:33] - [CHAT ADMIN {ff3399}Aprendiz{33CCFF}] Kauan_Santos: SOLTAAAA EUUUU
[13/07/2021 - 23:39:37] - [CHAT ADMIN {ff3399}Fundador{33CCFF}] Vgzinn: s
[13/07/2021 - 23:39:38] - [CHAT ADMIN {ff3399}Aprendiz{33CCFF}] Kauan_Santos: REUNIAO DE LIDER
[13/07/2021 - 23:39:48] - [CHAT ADMIN {ff3399}Aprendiz{33CCFF}] Kauan_Santos: SOLTA EU VG
[13/07/2021 - 23:40:03] - [CHAT ADMIN {ff3399}Aprendiz{33CCFF}] Kauan_Santos: TO 32 MIN
[13/07/2021 - 23:40:13] - [CHAT ADMIN {ff3399}Aprendiz{33CCFF}] jaozinho: fedeuo
[13/07/2021 - 23:41:36] - [CHAT ADMIN {ff3399}Fundador{33CCFF}] Vgzinn: ENTRA XCALL IXARO
[13/07/2021 - 23:43:45] - [CHAT ADMIN {ff3399}Aprendiz{33CCFF}] Kauan_Santos: OU VEY DEI TP ERRADO SO TOMEI NO CU
[13/07/2021 - 23:43:54] - [CHAT ADMIN {ff3399}Aprendiz{33CCFF}] Kauan_Santos: AGR TO PRESI 31 MIN
[13/07/2021 - 23:44:03] - [CHAT ADMIN {ff3399}Aprendiz{33CCFF}] jaozinho: se lascou
[13/07/2021 - 23:44:53] - [CHAT ADMIN {ff3399}Aprendiz{33CCFF}] Kauan_Santos: alguem x1?
[13/07/2021 - 23:45:01] - [CHAT ADMIN {ff3399}Aprendiz{33CCFF}] Kauan_Santos: br vg kkkk
[13/07/2021 - 23:45:09] - [CHAT ADMIN {ff3399}Aprendiz{33CCFF}] Kauan_Santos: vem tranquilo kkkk
[13/07/2021 - 23:47:02] - [CHAT ADMIN {ff3399}Aprendiz{33CCFF}] Kauan_Santos: ;-;
[13/07/2021 - 23:47:05] - [CHAT ADMIN {ff3399}Aprendiz{33CCFF}] Kauan_Santos: x1?
[13/07/2021 - 23:49:37] - [CHAT ADMIN {ff3399}Aprendiz{33CCFF}] Kauan_Santos: kkkkj
[13/07/2021 - 23:51:02] - [CHAT ADMIN {ff3399}Aprendiz{33CCFF}] Kauan_Santos: m4 e fd
[13/07/2021 - 23:51:10] - [CHAT ADMIN {ff3399}Aprendiz{33CCFF}] Kauan_Santos: kkkk
[13/07/2021 - 23:51:50] - [CHAT ADMIN {ff3399}Aprendiz{33CCFF}] Kauan_Santos: kkkk
[13/07/2021 - 23:51:55] - [CHAT ADMIN {ff3399}Aprendiz{33CCFF}] Kauan_Santos: anim do rolas
[13/07/2021 - 23:51:58] - [CHAT ADMIN {ff3399}Aprendiz{33CCFF}] jaozinho: tu n toma dano
[13/07/2021 - 23:52:05] - [CHAT ADMIN {ff3399}Aprendiz{33CCFF}] Kauan_Santos: anim do rolas
[13/07/2021 - 23:52:28] - [CHAT ADMIN {ff3399}Aprendiz{33CCFF}] Kauan_Santos: MANDO PA OCE DPS
[14/07/2021 - 00:03:13] - [CHAT ADMIN {ff3399}Aprendiz{33CCFF}] Kauan_Santos: bl
[14/07/2021 - 00:05:32] - [CHAT ADMIN {ff3399}Aprendiz{33CCFF}] Kauan_Santos: ;-;
[14/07/2021 - 00:05:37] - [CHAT ADMIN {ff3399}Aprendiz{33CCFF}] Kauan_Santos: agr fudeo
[14/07/2021 - 00:05:54] - [CHAT ADMIN {ff3399}Aprendiz{33CCFF}] Kauan_Santos: VG VAI LEVAR BAN TA USANDO ANIM KKKKKKK
[14/07/2021 - 00:06:05] - [CHAT ADMIN {ff3399}Aprendiz{33CCFF}] Kauan_Santos: KKKK
[14/07/2021 - 00:07:19] - [CHAT ADMIN {ff3399}Aprendiz{33CCFF}] Kauan_Santos: VOU TROCAR KKKKKKKKKKK
[14/07/2021 - 00:14:36] - [CHAT ADMIN {ff3399}Aprendiz{33CCFF}] Kauan_Santos: oi
[14/07/2021 - 01:10:28] - [CHAT ADMIN {ff3399}Estágiario{33CCFF}] Natan_Insane: VG
[14/07/2021 - 01:10:43] - [CHAT ADMIN {ff3399}Estágiario{33CCFF}] Natan_Insane: COMO VEJO OS MEMBRO DE ORG E CORPS ON
[14/07/2021 - 01:10:47] - [CHAT ADMIN {ff3399}Estágiario{33CCFF}] Natan_Insane: QUAL O COMANDO
[14/07/2021 - 01:13:04] - [CHAT ADMIN {ff3399}Aprendiz{33CCFF}] Kauan_Santos: ain
[14/07/2021 - 01:13:11] - [CHAT ADMIN {ff3399}Estágiario{33CCFF}] Natan_Insane: COMO VEJO OS MEMBRO DE ORG E CORPS ON
[14/07/2021 - 01:13:12] - [CHAT ADMIN {ff3399}Estágiario{33CCFF}] Natan_Insane: QUAL O COMANDO
[14/07/2021 - 01:13:17] - [CHAT ADMIN {ff3399}Fundador{33CCFF}] Menor_vl: bora x1
[14/07/2021 - 01:13:21] - [CHAT ADMIN {ff3399}Aprendiz{33CCFF}] Kauan_Santos: da /playerson
[14/07/2021 - 01:13:22] - [CHAT ADMIN {ff3399}Fundador{33CCFF}] Menor_vl: so chama
[14/07/2021 - 01:13:23] - [CHAT ADMIN {ff3399}Aprendiz{33CCFF}] Kauan_Santos: br
[14/07/2021 - 01:13:35] - [CHAT ADMIN {ff3399}Fundador{33CCFF}] Menor_vl: cham
[14/07/2021 - 01:31:08] - [CHAT ADMIN {ff3399}Aprendiz{33CCFF}] Kauan_Santos: id 30 ta de bazuca
[14/07/2021 - 01:43:35] - [CHAT ADMIN {ff3399}Aprendiz{33CCFF}] Alex_souza_FPS: TP EM MIM CARLOS
[14/07/2021 - 01:43:43] - [CHAT ADMIN {ff3399}Aprendiz{33CCFF}] Carlos_Sales: zz eu to preso kkk
[14/07/2021 - 01:52:26] - [CHAT ADMIN {ff3399}Administrador{33CCFF}] alemao_noguira: carlos
[14/07/2021 - 01:52:30] - [CHAT ADMIN {ff3399}Aprendiz{33CCFF}] Carlos_Sales: oi
[14/07/2021 - 01:52:35] - [CHAT ADMIN {ff3399}Administrador{33CCFF}] alemao_noguira: ta em acao!
[14/07/2021 - 01:52:38] - [CHAT ADMIN {ff3399}Administrador{33CCFF}] alemao_noguira: ta em acao?
[14/07/2021 - 01:52:40] - [CHAT ADMIN {ff3399}Aprendiz{33CCFF}] Carlos_Sales: eu to preso kkkk
[14/07/2021 - 01:52:47] - [CHAT ADMIN {ff3399}Administrador{33CCFF}] alemao_noguira: kksksksksks
[14/07/2021 - 01:52:57] - [CHAT ADMIN {ff3399}Administrador{33CCFF}] alemao_noguira: bisonho mesmo em
[14/07/2021 - 01:53:01] - [CHAT ADMIN {ff3399}Aprendiz{33CCFF}] Carlos_Sales: faz o projetinho ai kkk
[14/07/2021 - 01:53:07] - [CHAT ADMIN {ff3399}Administrador{33CCFF}] alemao_noguira: pss n
[14/07/2021 - 01:53:13] - [CHAT ADMIN {ff3399}Aprendiz{33CCFF}] Carlos_Sales: tenssoooo
[14/07/2021 - 01:55:55] - [CHAT ADMIN {ff3399}Administrador{33CCFF}] alemao_noguira: cuidado /trabalhando preso
[14/07/2021 - 01:56:12] - [CHAT ADMIN {ff3399}Aprendiz{33CCFF}] Carlos_Sales: so usei pra anunciar isso mesmo
[14/07/2021 - 02:03:37] - [CHAT ADMIN {ff3399}Administrador{33CCFF}] alemao_noguira: algum adm x1 walp?
[14/07/2021 - 02:06:48] - [CHAT ADMIN {ff3399}Administrador{33CCFF}] alemao_noguira: todos adm que nao estiver no seq tela tudo ai
[14/07/2021 - 02:07:47] - [CHAT ADMIN {ff3399}Aprendiz{33CCFF}] Carlos_Sales: to preso
[14/07/2021 - 02:08:06] - [CHAT ADMIN {ff3399}Administrador{33CCFF}] alemao_noguira: espera tu sai entao
[14/07/2021 - 02:08:21] - [CHAT ADMIN {ff3399}Aprendiz{33CCFF}] Carlos_Sales: BLZ DAQUI 40M EU SAIO KKKK
[14/07/2021 - 02:08:33] - [CHAT ADMIN {ff3399}Administrador{33CCFF}] alemao_noguira: bisonho mesmo perdeu pros pm pqp carlos
[14/07/2021 - 02:08:47] - [CHAT ADMIN {ff3399}Aprendiz{33CCFF}] Carlos_Sales: EU CONTRA 5 QUER OQ?!
[14/07/2021 - 02:08:56] - [CHAT ADMIN {ff3399}Administrador{33CCFF}] alemao_noguira: hilight
[14/07/2021 - 02:09:03] - [CHAT ADMIN {ff3399}Aprendiz{33CCFF}] Carlos_Sales: tendi
[14/07/2021 - 02:09:07] - [CHAT ADMIN {ff3399}Administrador{33CCFF}] alemao_noguira: kkkkk
[14/07/2021 - 02:09:14] - [CHAT ADMIN {ff3399}Aprendiz{33CCFF}] Carlos_Sales: o foda que eu levei 4
[14/07/2021 - 02:09:24] - [CHAT ADMIN {ff3399}Administrador{33CCFF}] alemao_noguira: tu e de que orga
[14/07/2021 - 02:09:26] - [CHAT ADMIN {ff3399}Administrador{33CCFF}] alemao_noguira: tu e de que org
[14/07/2021 - 02:09:34] - [CHAT ADMIN {ff3399}Aprendiz{33CCFF}] Carlos_Sales: escocia
[14/07/2021 - 02:09:42] - [CHAT ADMIN {ff3399}Administrador{33CCFF}] alemao_noguira: quem e o lider
[14/07/2021 - 02:09:49] - [CHAT ADMIN {ff3399}Aprendiz{33CCFF}] Carlos_Sales: kauan
[14/07/2021 - 02:10:27] - [CHAT ADMIN {ff3399}Administrador{33CCFF}] alemao_noguira: vai demora pra tu sai dai?
[14/07/2021 - 02:12:15] - [CHAT ADMIN {ff3399}Administrador{33CCFF}] alemao_noguira: kauan
[14/07/2021 - 02:12:19] - [CHAT ADMIN {ff3399}Aprendiz{33CCFF}] Kauan_Santos: oi
[14/07/2021 - 02:13:31] - [CHAT ADMIN {ff3399}Administrador{33CCFF}] alemao_noguira: chama eu pa org ai
[14/07/2021 - 02:13:39] - [CHAT ADMIN {ff3399}Administrador{33CCFF}] alemao_noguira: so pa fazer a baguncinha
[14/07/2021 - 02:13:46] - [CHAT ADMIN {ff3399}Aprendiz{33CCFF}] Kauan_Santos: ?
[14/07/2021 - 02:14:01] - [CHAT ADMIN {ff3399}Aprendiz{33CCFF}] Kauan_Santos: ai
[14/07/2021 - 02:14:58] - [CHAT ADMIN {ff3399}Administrador{33CCFF}] alemao_noguira: eu ?
[14/07/2021 - 02:15:33] - [CHAT ADMIN {ff3399}Administrador{33CCFF}] alemao_noguira: oia isso ai vg da kick
[14/07/2021 - 02:15:48] - [CHAT ADMIN {ff3399}Administrador{33CCFF}] alemao_noguira: kick 17 vai
[14/07/2021 - 02:15:48] - [CHAT ADMIN {ff3399}Aprendiz{33CCFF}] Kauan_Santos: kkkk
[14/07/2021 - 02:15:56] - [CHAT ADMIN {ff3399}Administrador{33CCFF}] alemao_noguira: aaaaaa 
[14/07/2021 - 02:19:10] - [CHAT ADMIN {ff3399}Administrador{33CCFF}] alemao_noguira: krai esse manoo ai vey to ficando puto ja
[14/07/2021 - 02:22:46] - [CHAT ADMIN {ff3399}Aprendiz{33CCFF}] Carlos_Sales: MAN EU TAVA 30M PRESO AI AUMENTOU PRA 1HORA
[14/07/2021 - 02:22:53] - [CHAT ADMIN {ff3399}Aprendiz{33CCFF}] Carlos_Sales: que raiva
[14/07/2021 - 02:23:05] - [CHAT ADMIN {ff3399}Administrador{33CCFF}] alemao_noguira: kauan
[14/07/2021 - 02:23:09] - [CHAT ADMIN {ff3399}Aprendiz{33CCFF}] Kauan_Santos: oi
[14/07/2021 - 02:23:25] - [CHAT ADMIN {ff3399}Administrador{33CCFF}] alemao_noguira: o essa blindagem ai mano
[14/07/2021 - 02:23:35] - [CHAT ADMIN {ff3399}Aprendiz{33CCFF}] Kauan_Santos: nd pow
[14/07/2021 - 02:23:36] - [CHAT ADMIN {ff3399}Aprendiz{33CCFF}] Carlos_Sales: server caiu e eu fiquei 30m mais preso
[14/07/2021 - 02:24:09] - [CHAT ADMIN {ff3399}Aprendiz{33CCFF}] Carlos_Sales: eu ate mudei de cela 
[14/07/2021 - 02:24:35] - [CHAT ADMIN {ff3399}Aprendiz{33CCFF}] Carlos_Sales: que raiva man
[14/07/2021 - 02:25:34] - [CHAT ADMIN {ff3399}Aprendiz{33CCFF}] Carlos_Sales: se bugar dnv eu vou sair man sem zouas
[14/07/2021 - 02:25:52] - [CHAT ADMIN {ff3399}Administrador{33CCFF}] alemao_noguira: so espera man
[14/07/2021 - 02:26:04] - [CHAT ADMIN {ff3399}Aprendiz{33CCFF}] Carlos_Sales: tava quase saindo ja
[14/07/2021 - 02:26:16] - [CHAT ADMIN {ff3399}Aprendiz{33CCFF}] Carlos_Sales: ai essa merda buga e aumenta 30m
[14/07/2021 - 02:27:01] - [CHAT ADMIN {ff3399}Aprendiz{33CCFF}] Carlos_Sales: vlw kauan TMJ
[14/07/2021 - 02:27:05] - [CHAT ADMIN {ff3399}Aprendiz{33CCFF}] Carlos_Sales: SQN
[14/07/2021 - 02:27:11] - [CHAT ADMIN {ff3399}Aprendiz{33CCFF}] Kauan_Santos: tmj kkkk
[14/07/2021 - 02:27:18] - [CHAT ADMIN {ff3399}Aprendiz{33CCFF}] Kauan_Santos: ta com quantos agr?
[14/07/2021 - 02:27:26] - [CHAT ADMIN {ff3399}Aprendiz{33CCFF}] Carlos_Sales: MESMO TEMPI
[14/07/2021 - 02:27:34] - [CHAT ADMIN {ff3399}Aprendiz{33CCFF}] Kauan_Santos: 30m?
[14/07/2021 - 02:27:43] - [CHAT ADMIN {ff3399}Aprendiz{33CCFF}] Carlos_Sales: NAO 57
[14/07/2021 - 02:27:47] - [CHAT ADMIN {ff3399}Aprendiz{33CCFF}] Kauan_Santos: ;-;
[14/07/2021 - 02:27:54] - [CHAT ADMIN {ff3399}Aprendiz{33CCFF}] Carlos_Sales: eu vou chorar ali e ja volto
[14/07/2021 - 02:32:00] - [CHAT ADMIN {ff3399}Administrador{33CCFF}] alemao_noguira: tira esse lock ai kauan
[14/07/2021 - 02:32:05] - [CHAT ADMIN {ff3399}Aprendiz{33CCFF}] Kauan_Santos: ?
[14/07/2021 - 02:32:17] - [CHAT ADMIN {ff3399}Administrador{33CCFF}] alemao_noguira: tava grudando em mim
[14/07/2021 - 02:32:21] - [CHAT ADMIN {ff3399}Aprendiz{33CCFF}] Kauan_Santos: n
[14/07/2021 - 02:43:27] - [CHAT ADMIN {ff3399}Administrador{33CCFF}] alemao_noguira: vg
[14/07/2021 - 02:43:31] - [CHAT ADMIN {ff3399}Fundador{33CCFF}] Vgzinn: opa
[14/07/2021 - 02:43:36] - [CHAT ADMIN {ff3399}Administrador{33CCFF}] alemao_noguira: oq e rcom
[14/07/2021 - 02:43:39] - [CHAT ADMIN {ff3399}Administrador{33CCFF}] alemao_noguira: oq e rcon
[14/07/2021 - 02:43:49] - [CHAT ADMIN {ff3399}Fundador{33CCFF}] Vgzinn: senha do sv
[14/07/2021 - 02:44:03] - [CHAT ADMIN {ff3399}Administrador{33CCFF}] alemao_noguira: oxi serio
[14/07/2021 - 02:44:15] - [CHAT ADMIN {ff3399}Administrador{33CCFF}] alemao_noguira: o apk que tem rcon oq acontece
[14/07/2021 - 02:59:04] - [CHAT ADMIN {ff3399}Aprendiz{33CCFF}] Carlos_Sales: A NAO MAN DNV
[14/07/2021 - 02:59:19] - [CHAT ADMIN {ff3399}Aprendiz{33CCFF}] Carlos_Sales: PRIMEIRO EU TAVA PRESO POR 30M 
[14/07/2021 - 02:59:33] - [CHAT ADMIN {ff3399}Aprendiz{33CCFF}] Carlos_Sales: O SERVER CAIU FOI PRA UMA HORA
[14/07/2021 - 02:59:43] - [CHAT ADMIN {ff3399}Aprendiz{33CCFF}] Carlos_Sales: FOI PRA 30 DNV
[14/07/2021 - 02:59:59] - [CHAT ADMIN {ff3399}Aprendiz{33CCFF}] Carlos_Sales: O SERVER CAIU E VOLTOU PRA 1 HORA FNV
[14/07/2021 - 03:39:17] - [CHAT ADMIN {ff3399}Aprendiz{33CCFF}] Kauan_Santos: posso dar kick por ofensaay
[14/07/2021 - 03:39:21] - [CHAT ADMIN {ff3399}Aprendiz{33CCFF}] Kauan_Santos: ?
[14/07/2021 - 03:39:29] - [CHAT ADMIN {ff3399}Administrador{33CCFF}] alemao_noguira: s
[14/07/2021 - 04:07:00] - [CHAT ADMIN {ff3399}Estágiario{33CCFF}] Markola: algurm me empresta 50k
[14/07/2021 - 04:10:32] - [CHAT ADMIN {ff3399}Aprendiz{33CCFF}] Carlos_Sales: GLORIA A DEUS 40SEGUNDOS EU SAIO
[14/07/2021 - 04:14:15] - [CHAT ADMIN {ff3399}Estágiario{33CCFF}] Markola: vg
[14/07/2021 - 04:14:18] - [CHAT ADMIN {ff3399}Fundador{33CCFF}] Vgzinn: opá
[14/07/2021 - 04:14:22] - [CHAT ADMIN {ff3399}Estágiario{33CCFF}] Markola: meda 50k
[14/07/2021 - 04:14:47] - [CHAT ADMIN {ff3399}Fundador{33CCFF}] Vgzinn: probre eu to to pobre
[14/07/2021 - 04:14:53] - [CHAT ADMIN {ff3399}Estágiario{33CCFF}] Markola: vc e fundador
[14/07/2021 - 04:15:03] - [CHAT ADMIN {ff3399}Estágiario{33CCFF}] Markola: /dargrana 1 50000
[14/07/2021 - 04:15:11] - [CHAT ADMIN {ff3399}Fundador{33CCFF}] Vgzinn: por isso kk n posso dar grana de trabalho n
[14/07/2021 - 04:28:32] - [CHAT ADMIN {ff3399}Fundador{33CCFF}] Vgzinn: MARKOLA SAI DO ADM
[14/07/2021 - 04:28:49] - [CHAT ADMIN {ff3399}Estágiario{33CCFF}] Markola: to indo pegar a grana que ele vai meda
[14/07/2021 - 04:28:54] - [CHAT ADMIN {ff3399}Administrador{33CCFF}] alemao_noguira: sai do,modo adm marcola
[14/07/2021 - 04:43:42] - [CHAT ADMIN {ff3399}Estágiario{33CCFF}] Markola: vg 
[14/07/2021 - 04:43:45] - [CHAT ADMIN {ff3399}Estágiario{33CCFF}] Markola: matei um cara
[14/07/2021 - 04:43:50] - [CHAT ADMIN {ff3399}Estágiario{33CCFF}] Markola: e ele esava com rpg
[14/07/2021 - 04:43:56] - [CHAT ADMIN {ff3399}Estágiario{33CCFF}] Markola: sera q e hack
[14/07/2021 - 04:44:17] - [CHAT ADMIN {ff3399}Fundador{33CCFF}] Vgzinn: ou talvez pego no chao
[14/07/2021 - 04:44:26] - [CHAT ADMIN {ff3399}Estágiario{33CCFF}] Markola: um tal de silver
[14/07/2021 - 05:09:40] - [CHAT ADMIN {ff3399}Administrador{33CCFF}] alemao_noguira: vg que isao
[14/07/2021 - 05:09:54] - [CHAT ADMIN {ff3399}Fundador{33CCFF}] Vgzinn: AIM BOT DO 1,99
[14/07/2021 - 05:18:51] - [CHAT ADMIN {ff3399}Administrador{33CCFF}] alemao_noguira: baniu pq?
[14/07/2021 - 05:19:11] - [CHAT ADMIN {ff3399}Estágiario{33CCFF}] Markola: era o cara q o vg baniu
[14/07/2021 - 05:19:16] - [CHAT ADMIN {ff3399}Estágiario{33CCFF}] Markola: usou vpn e vltou
[14/07/2021 - 15:02:43] - [CHAT ADMIN {ff3399}Aprendiz{33CCFF}] Alex_souza_FPS: ICARO
[14/07/2021 - 15:02:51] - [CHAT ADMIN {ff3399}Aprendiz{33CCFF}] Alex_souza_FPS: ESSE ID 13 KITOU DA ACAO 
[14/07/2021 - 15:03:03] - [CHAT ADMIN {ff3399}Aprendiz{33CCFF}] Alex_souza_FPS: TO COM VIDEO AKI
[14/07/2021 - 17:35:55] - [CHAT ADMIN {ff3399}Aprendiz{33CCFF}] Kauan_Santos: KICGZIN USANDO ANIM DO ROLAS
[14/07/2021 - 17:38:30] - [CHAT ADMIN {ff3399}Aprendiz{33CCFF}] Kauan_Santos: PODE KICK 5 LOCK ?
[14/07/2021 - 17:38:42] - [CHAT ADMIN {ff3399}Fundador{33CCFF}] Vgzinn: sem prova nn
[14/07/2021 - 17:46:04] - [CHAT ADMIN {ff3399}Administrador{33CCFF}] alemao_noguira: q foi vg?
[14/07/2021 - 17:49:45] - [CHAT ADMIN {ff3399}Administrador{33CCFF}] alemao_noguira: vg
[14/07/2021 - 17:49:53] - [CHAT ADMIN {ff3399}Administrador{33CCFF}] alemao_noguira: e esse cara ai vo da ban
[14/07/2021 - 17:50:01] - [CHAT ADMIN {ff3399}Fundador{33CCFF}] Vgzinn: da nn
[14/07/2021 - 17:50:08] - [CHAT ADMIN {ff3399}Fundador{33CCFF}] Vgzinn: ramo testando o ant xiter
[14/07/2021 - 17:50:32] - [CHAT ADMIN {ff3399}Administrador{33CCFF}] alemao_noguira: esse ant xiter e uma merda
[14/07/2021 - 18:04:14] - [CHAT ADMIN {ff3399}Aprendiz{33CCFF}] Kauan_Santos: id 22 de bazuca
[14/07/2021 - 18:04:26] - [CHAT ADMIN {ff3399}Aprendiz{33CCFF}] Kauan_Santos: id 22 de bazuca
[14/07/2021 - 18:04:35] - [CHAT ADMIN {ff3399}Aprendiz{33CCFF}] Kauan_Santos: tira arma dele
[14/07/2021 - 18:04:57] - [CHAT ADMIN {ff3399}Aprendiz{33CCFF}] Kauan_Santos: MDSSS ALEX
[14/07/2021 - 18:04:57] - [CHAT ADMIN {ff3399}Administrador{33CCFF}] alemao_noguira: quem me mato?
[14/07/2021 - 18:05:00] - [CHAT ADMIN {ff3399}Aprendiz{33CCFF}] Kauan_Santos: AQ E SAFE
[14/07/2021 - 18:05:03] - [CHAT ADMIN {ff3399}Aprendiz{33CCFF}] Kauan_Santos: ALEX
[14/07/2021 - 18:05:56] - [CHAT ADMIN {ff3399}Administrador{33CCFF}] alemao_noguira: alex fdp,para duente
[14/07/2021 - 18:06:15] - [CHAT ADMIN {ff3399}Aprendiz{33CCFF}] Alex_souza_FPS: foi eu nao duente
[14/07/2021 - 18:58:27] - [CHAT ADMIN {ff3399}Estágiario{33CCFF}] Markola: vg
[14/07/2021 - 18:58:30] - [CHAT ADMIN {ff3399}Estágiario{33CCFF}] Markola: olhao zap
[14/07/2021 - 18:58:46] - [CHAT ADMIN {ff3399}Estágiario{33CCFF}] Markola: /ooc
[14/07/2021 - 20:09:43] - [CHAT ADMIN {ff3399}Administrador{33CCFF}] alemao_noguira: meno
[14/07/2021 - 20:13:46] - [CHAT ADMIN {ff3399}Aprendiz{33CCFF}] jaozinho: KKK
[14/07/2021 - 20:14:01] - [CHAT ADMIN {ff3399}Aprendiz{33CCFF}] Kauan_Santos: kkkk
[14/07/2021 - 20:15:14] - [CHAT ADMIN {ff3399}Fundador{33CCFF}] Vgzinn: KKKKKKKKKKKKKKKK
[14/07/2021 - 20:15:18] - [CHAT ADMIN {ff3399}Aprendiz{33CCFF}] Kauan_Santos: KKKK
[14/07/2021 - 20:15:35] - [CHAT ADMIN {ff3399}Aprendiz{33CCFF}] jaozinho: VOLTA PRA PRISAO
[14/07/2021 - 20:15:43] - [CHAT ADMIN {ff3399}Aprendiz{33CCFF}] jaozinho: VAGABUNDO
[14/07/2021 - 20:15:44] - [CHAT ADMIN {ff3399}Aprendiz{33CCFF}] Kauan_Santos: n .oso
[14/07/2021 - 20:15:49] - [CHAT ADMIN {ff3399}Aprendiz{33CCFF}] Kauan_Santos: n moso
[14/07/2021 - 20:17:20] - [CHAT ADMIN {ff3399}Aprendiz{33CCFF}] Kauan_Santos: kkkk
[14/07/2021 - 20:17:28] - [CHAT ADMIN {ff3399}Aprendiz{33CCFF}] jaozinho: TA POHA KK
[14/07/2021 - 20:17:32] - [CHAT ADMIN {ff3399}Aprendiz{33CCFF}] Kauan_Santos: KKKKKK
[14/07/2021 - 20:22:55] - [CHAT ADMIN {ff3399}Aprendiz{33CCFF}] jaozinho: KSKSKKKK
[14/07/2021 - 20:22:59] - [CHAT ADMIN {ff3399}Aprendiz{33CCFF}] Kauan_Santos: kkkk
[14/07/2021 - 20:23:18] - [CHAT ADMIN {ff3399}Aprendiz{33CCFF}] Kauan_Santos: kkkkkkkk
[14/07/2021 - 20:23:36] - [CHAT ADMIN {ff3399}Aprendiz{33CCFF}] jaozinho: MAN TEM UM CARA COM 4346 SEG
[14/07/2021 - 20:23:47] - [CHAT ADMIN {ff3399}Aprendiz{33CCFF}] Kauan_Santos: kkkkk
[14/07/2021 - 20:23:50] - [CHAT ADMIN {ff3399}Aprendiz{33CCFF}] jaozinho: PRESO
[14/07/2021 - 20:23:56] - [CHAT ADMIN {ff3399}Aprendiz{33CCFF}] jaozinho: DA LACOSTE
[14/07/2021 - 20:25:11] - [CHAT ADMIN {ff3399}Aprendiz{33CCFF}] jaozinho: AVEMARIA
[14/07/2021 - 20:25:16] - [CHAT ADMIN {ff3399}Aprendiz{33CCFF}] Kauan_Santos: kkkk
[14/07/2021 - 20:25:17] - [CHAT ADMIN {ff3399}Aprendiz{33CCFF}] jaozinho: TREX CAPA
[14/07/2021 - 20:25:18] - [CHAT ADMIN {ff3399}Fundador{33CCFF}] Vgzinn: disgracaKKKKKKKKKKKKKKKKKK
[14/07/2021 - 20:25:24] - [CHAT ADMIN {ff3399}Aprendiz{33CCFF}] jaozinho: NOBRU APELAO
[14/07/2021 - 20:56:36] - [CHAT ADMIN {ff3399}Administrador{33CCFF}] alemao_noguira: loe
[14/07/2021 - 20:56:36] - [CHAT ADMIN {ff3399}Aprendiz{33CCFF}] Alex_souza_FPS: safado
[14/07/2021 - 20:56:50] - [CHAT ADMIN {ff3399}Aprendiz{33CCFF}] Alex_souza_FPS: tu morreu mane
[14/07/2021 - 20:56:58] - [CHAT ADMIN {ff3399}Administrador{33CCFF}] alemao_noguira: logico 
[14/07/2021 - 20:57:01] - [CHAT ADMIN {ff3399}Administrador{33CCFF}] alemao_noguira: meu deus
[14/07/2021 - 21:07:43] - [CHAT ADMIN {ff3399}Aprendiz{33CCFF}] Carlos_Sales: OU DESGRACA KKKK
[14/07/2021 - 21:08:48] - [CHAT ADMIN {ff3399}Aprendiz{33CCFF}] Alex_souza_FPS: ENTRA CALL CARLOS
[14/07/2021 - 21:08:53] - [CHAT ADMIN {ff3399}Aprendiz{33CCFF}] Alex_souza_FPS: TRABAIANO
[14/07/2021 - 21:08:55] - [CHAT ADMIN {ff3399}Aprendiz{33CCFF}] Alex_souza_FPS: TRABAIANDO
[14/07/2021 - 21:09:01] - [CHAT ADMIN {ff3399}Aprendiz{33CCFF}] Carlos_Sales: nem to trabaiano
[14/07/2021 - 21:16:25] - [CHAT ADMIN {ff3399}Fundador{33CCFF}] Vgzinn: ai icaro ta cravando 15 a 40 slk
[14/07/2021 - 21:20:21] - [CHAT ADMIN {ff3399}Estágiario{33CCFF}] Natan_Insane: KKKK
[14/07/2021 - 21:20:38] - [CHAT ADMIN {ff3399}Estágiario{33CCFF}] Natan_Insane: VG
[14/07/2021 - 21:20:58] - [CHAT ADMIN {ff3399}Aprendiz{33CCFF}] Carlos_Sales: vg os cara da jagata plantou maconha no asfalto
[14/07/2021 - 21:21:05] - [CHAT ADMIN {ff3399}Estágiario{33CCFF}] Natan_Insane: KKKK
[14/07/2021 - 21:21:09] - [CHAT ADMIN {ff3399}Aprendiz{33CCFF}] Carlos_Sales: kkkk
[14/07/2021 - 21:21:11] - [CHAT ADMIN {ff3399}Estágiario{33CCFF}] Markola: cadeia neles !
[14/07/2021 - 21:39:40] - [CHAT ADMIN {ff3399}Fundador{33CCFF}] Vgzinn: da nn
[14/07/2021 - 21:39:53] - [CHAT ADMIN {ff3399}Fundador{33CCFF}] Vgzinn: n da cadeia nele nn
[14/07/2021 - 21:39:57] - [CHAT ADMIN {ff3399}Administrador{33CCFF}] alemao_noguira: vai mof agira
[14/07/2021 - 21:39:59] - [CHAT ADMIN {ff3399}Administrador{33CCFF}] alemao_noguira: pq
[14/07/2021 - 21:40:01] - [CHAT ADMIN {ff3399}Aprendiz{33CCFF}] jaozinho: ELE TA 1H
[14/07/2021 - 21:40:06] - [CHAT ADMIN {ff3399}Aprendiz{33CCFF}] jaozinho: PRESO
[14/07/2021 - 21:40:14] - [CHAT ADMIN {ff3399}Fundador{33CCFF}] Vgzinn: ele fico preso uma 1 KKKKKKKKKKKKK
[14/07/2021 - 21:40:29] - [CHAT ADMIN {ff3399}Administrador{33CCFF}] alemao_noguira: eu ia dar 2 horas
[14/07/2021 - 21:40:33] - [CHAT ADMIN {ff3399}Fundador{33CCFF}] Vgzinn: da nn
[14/07/2021 - 21:40:52] - [CHAT ADMIN {ff3399}Estágiario{33CCFF}] Natan_Insane: VG
[14/07/2021 - 21:41:10] - [CHAT ADMIN {ff3399}Estágiario{33CCFF}] Natan_Insane: VG
[14/07/2021 - 21:42:07] - [CHAT ADMIN {ff3399}Estágiario{33CCFF}] Markola: exercito chegando fazendo vdm
[14/07/2021 - 21:42:10] - [CHAT ADMIN {ff3399}Estágiario{33CCFF}] Markola: q lindo
[14/07/2021 - 21:47:21] - [CHAT ADMIN {ff3399}Estágiario{33CCFF}] Markola: vg
[14/07/2021 - 21:47:40] - [CHAT ADMIN {ff3399}Estágiario{33CCFF}] Markola: o vg
[14/07/2021 - 21:48:02] - [CHAT ADMIN {ff3399}Fundador{33CCFF}] Vgzinn: opa
[14/07/2021 - 21:48:49] - [CHAT ADMIN {ff3399}Aprendiz{33CCFF}] jaozinho: mida a cv seu boi
[14/07/2021 - 21:52:46] - [CHAT ADMIN {ff3399}Administrador{33CCFF}] alemao_noguira: puxa eu so civil
[14/07/2021 - 22:46:12] - [CHAT ADMIN {ff3399}Aprendiz{33CCFF}] jaozinho: TA POHA OLHA O CHAT TODO VERMELHO
[14/07/2021 - 22:46:43] - [CHAT ADMIN {ff3399}Aprendiz{33CCFF}] Alex_souza_FPS: SELOKO VG
[14/07/2021 - 22:46:48] - [CHAT ADMIN {ff3399}Aprendiz{33CCFF}] Alex_souza_FPS: MIL BALA POR SEGUNDO
[14/07/2021 - 22:47:03] - [CHAT ADMIN {ff3399}Aprendiz{33CCFF}] jaozinho: IMAGINE O CHAT DO PLAY SHOX
[14/07/2021 - 23:11:44] - [CHAT ADMIN {ff3399}Aprendiz{33CCFF}] Kauan_Santos: SE TEUS MEMBROS VOLTAR VO FALAR PRO VG E JA VAI DE AV
[14/07/2021 - 23:12:03] - [CHAT ADMIN {ff3399}Aprendiz{33CCFF}] HARlDADE: vc sabe q n e so nossos,mebro q ta indo,ne?
[14/07/2021 - 23:12:05] - [CHAT ADMIN {ff3399}Estágiario{33CCFF}] Natan_Insane: SE OS SEUS TBM PQ TOU GRAVANDO A
[14/07/2021 - 23:12:11] - [CHAT ADMIN {ff3399}Estágiario{33CCFF}] Natan_Insane: SE OS SEUS TBM PQ TOU GRAVANDO TA
[14/07/2021 - 23:12:40] - [CHAT ADMIN {ff3399}Aprendiz{33CCFF}] HARlDADE: membros seus fazendo zz bem bonito
[14/07/2021 - 23:16:52] - [CHAT ADMIN {ff3399}Aprendiz{33CCFF}] Kauan_Santos: S
[14/07/2021 - 23:16:56] - [CHAT ADMIN {ff3399}Aprendiz{33CCFF}] Kauan_Santos: TE MATEI
[14/07/2021 - 23:17:04] - [CHAT ADMIN {ff3399}Aprendiz{33CCFF}] Kauan_Santos: CE TAVA LA EM BAIXO
[14/07/2021 - 23:17:10] - [CHAT ADMIN {ff3399}Aprendiz{33CCFF}] Kauan_Santos: COM ESSES MEMBROS TEU
[14/07/2021 - 23:17:18] - [CHAT ADMIN {ff3399}Aprendiz{33CCFF}] HARlDADE: tira print e deuncia ent poha 
[14/07/2021 - 23:17:34] - [CHAT ADMIN {ff3399}Aprendiz{33CCFF}] HARlDADE: so q se vai de ralo com denuncia fake
[14/07/2021 - 23:17:51] - [CHAT ADMIN {ff3399}Aprendiz{33CCFF}] Kauan_Santos: VO DA KICK 21  41 
[14/07/2021 - 23:18:04] - [CHAT ADMIN {ff3399}Aprendiz{33CCFF}] HARlDADE: vo da kick nos,eus q ta voltando,ent blz
[14/07/2021 - 23:18:14] - [CHAT ADMIN {ff3399}Aprendiz{33CCFF}] Kauan_Santos: PODE DAR ACABO JA
[14/07/2021 - 23:18:32] - [CHAT ADMIN {ff3399}Aprendiz{33CCFF}] HARlDADE: acabo nd tem aliado nosso ai
[14/07/2021 - 23:18:45] - [CHAT ADMIN {ff3399}Aprendiz{33CCFF}] Kauan_Santos: O TDJ VOLTO
[14/07/2021 - 23:19:22] - [CHAT ADMIN {ff3399}Aprendiz{33CCFF}] Kauan_Santos: MANDA TEUS MEMBROS VOLTAR
[14/07/2021 - 23:26:44] - [CHAT ADMIN {ff3399}Aprendiz{33CCFF}] Kauan_Santos: id 33 JA VAI DE KICK POR OFENSA BLZ?
[14/07/2021 - 23:26:49] - [CHAT ADMIN {ff3399}Aprendiz{33CCFF}] Carlos_Sales: POR MIM
[14/07/2021 - 23:40:18] - [CHAT ADMIN {ff3399}Aprendiz{33CCFF}] HARlDADE: vg da rc ai man pra nos fazer acao grande
[14/07/2021 - 23:40:26] - [CHAT ADMIN {ff3399}Aprendiz{33CCFF}] Kauan_Santos: DA N
[14/07/2021 - 23:40:35] - [CHAT ADMIN {ff3399}Aprendiz{33CCFF}] HARlDADE: ??????
[14/07/2021 - 23:40:38] - [CHAT ADMIN {ff3399}Aprendiz{33CCFF}] Carlos_Sales: man ces ainda tao brigando?
[14/07/2021 - 23:40:41] - [CHAT ADMIN {ff3399}Aprendiz{33CCFF}] Kauan_Santos: TAMO JUNTANDO OS CARROS PARA VENDER
[14/07/2021 - 23:40:52] - [CHAT ADMIN {ff3399}Aprendiz{33CCFF}] HARlDADE: mds man para de ser kid
[14/07/2021 - 23:41:04] - [CHAT ADMIN {ff3399}Aprendiz{33CCFF}] Carlos_Sales: briga em joguinho e foda
[14/07/2021 - 23:42:05] - [CHAT ADMIN {ff3399}Aprendiz{33CCFF}] HARlDADE: man so quero fazer a minha acao de boa 
[14/07/2021 - 23:42:10] - [CHAT ADMIN {ff3399}Aprendiz{33CCFF}] HARlDADE: da rc ai vg
[14/07/2021 - 23:42:26] - [CHAT ADMIN {ff3399}Aprendiz{33CCFF}] Carlos_Sales: MAN VG NEM TA ON KKKK
[14/07/2021 - 23:42:36] - [CHAT ADMIN {ff3399}Aprendiz{33CCFF}] HARlDADE: ta sim
[14/07/2021 - 23:42:48] - [CHAT ADMIN {ff3399}Aprendiz{33CCFF}] Carlos_Sales: ta nao man
[14/07/2021 - 23:42:51] - [CHAT ADMIN {ff3399}Aprendiz{33CCFF}] jaozinho: deve ta afk
[14/07/2021 - 23:42:59] - [CHAT ADMIN {ff3399}Aprendiz{33CCFF}] Carlos_Sales: a ta sim
[14/07/2021 - 23:43:04] - [CHAT ADMIN {ff3399}Aprendiz{33CCFF}] Carlos_Sales: foi mal ai
[14/07/2021 - 23:47:25] - [CHAT ADMIN {ff3399}Aprendiz{33CCFF}] jaozinho: ae
[14/07/2021 - 23:51:53] - [CHAT ADMIN {ff3399}Aprendiz{33CCFF}] jaozinho: COMO BOTA O CARA PRO SPAWN
[14/07/2021 - 23:52:02] - [CHAT ADMIN {ff3399}Aprendiz{33CCFF}] HARlDADE: settime id
[14/07/2021 - 23:52:29] - [CHAT ADMIN {ff3399}Aprendiz{33CCFF}] jaozinho: KKK
[14/07/2021 - 23:55:13] - [CHAT ADMIN {ff3399}Fundador{33CCFF}] ICARO_Walker: quem vem x1
[14/07/2021 - 23:55:16] - [CHAT ADMIN {ff3399}Fundador{33CCFF}] ICARO_Walker: quem vem x1 ?
[14/07/2021 - 23:55:21] - [CHAT ADMIN {ff3399}Aprendiz{33CCFF}] jaozinho: EU
[15/07/2021 - 00:00:58] - [CHAT ADMIN {ff3399}Fundador{33CCFF}] Vgzinn: x1???
[15/07/2021 - 00:40:10] - [CHAT ADMIN {ff3399}Aprendiz{33CCFF}] Kauan_Santos: BUGUEI
[15/07/2021 - 00:40:20] - [CHAT ADMIN {ff3399}Aprendiz{33CCFF}] Kauan_Santos: BUGUEI
[15/07/2021 - 00:40:24] - [CHAT ADMIN {ff3399}Aprendiz{33CCFF}] Kauan_Santos: BUGUEI AJUDA
[15/07/2021 - 00:40:34] - [CHAT ADMIN {ff3399}Aprendiz{33CCFF}] jaozinho: O VG OLHA O ID 13
[15/07/2021 - 00:40:41] - [CHAT ADMIN {ff3399}Aprendiz{33CCFF}] jaozinho: TREZ TANQUE
[15/07/2021 - 00:41:04] - [CHAT ADMIN {ff3399}Aprendiz{33CCFF}] Kauan_Santos: POSSO ATIRAR KKKKKKK
[15/07/2021 - 00:42:10] - [CHAT ADMIN {ff3399}Aprendiz{33CCFF}] Kauan_Santos: POSSO DAR RC NOS TANK?
[15/07/2021 - 00:42:36] - [CHAT ADMIN {ff3399}Aprendiz{33CCFF}] jaozinho: VAI SUMIR TUDO
[15/07/2021 - 00:43:00] - [CHAT ADMIN {ff3399}Estágiario{33CCFF}] Natan_Insane: VG
[15/07/2021 - 00:43:02] - [CHAT ADMIN {ff3399}Estágiario{33CCFF}] Natan_Insane: VG
[15/07/2021 - 00:43:08] - [CHAT ADMIN {ff3399}Aprendiz{33CCFF}] Kauan_Santos: POSSO DAR SO NOS TANK?
[15/07/2021 - 00:43:20] - [CHAT ADMIN {ff3399}Estágiario{33CCFF}] Natan_Insane: OS CARA TA USANDO TANK DE GUERRA NA LOTERICA
[15/07/2021 - 00:43:24] - [CHAT ADMIN {ff3399}Aprendiz{33CCFF}] Kauan_Santos: PORRA
[15/07/2021 - 00:43:27] - [CHAT ADMIN {ff3399}Aprendiz{33CCFF}] Kauan_Santos: KKKK
[15/07/2021 - 00:43:28] - [CHAT ADMIN {ff3399}Aprendiz{33CCFF}] jaozinho: KKKKK 
[15/07/2021 - 00:43:33] - [CHAT ADMIN {ff3399}Aprendiz{33CCFF}] Kauan_Santos: CARROS SUMIU
[15/07/2021 - 00:43:33] - [CHAT ADMIN {ff3399}Fundador{33CCFF}] Vgzinn: KKKKKKKKKKKKKKKKKKKKKKKKKKKKKKKKKKK
[15/07/2021 - 00:43:37] - [CHAT ADMIN {ff3399}Aprendiz{33CCFF}] Kauan_Santos: KKKKK
[15/07/2021 - 00:43:44] - [CHAT ADMIN {ff3399}Aprendiz{33CCFF}] jaozinho: E TERRORISTA OS CARA QUE TA ROUBANDO
[15/07/2021 - 00:43:45] - [CHAT ADMIN {ff3399}Aprendiz{33CCFF}] Kauan_Santos: SO QUERIA DAR RC NOS TANK
[15/07/2021 - 00:44:24] - [CHAT ADMIN {ff3399}Fundador{33CCFF}] Vgzinn: SAI KAUAN
[15/07/2021 - 00:44:27] - [CHAT ADMIN {ff3399}Fundador{33CCFF}] Vgzinn: SAI KAUAN
[15/07/2021 - 00:44:30] - [CHAT ADMIN {ff3399}Aprendiz{33CCFF}] Kauan_Santos: sai
[15/07/2021 - 00:44:31] - [CHAT ADMIN {ff3399}Estágiario{33CCFF}] Natan_Insane: VG
[15/07/2021 - 00:44:33] - [CHAT ADMIN {ff3399}Estágiario{33CCFF}] Natan_Insane: OS CARA TA USANDO TANK DE GUERRA NA LOTERICA
[15/07/2021 - 00:44:40] - [CHAT ADMIN {ff3399}Aprendiz{33CCFF}] Kauan_Santos: JA TIRWI
[15/07/2021 - 00:44:46] - [CHAT ADMIN {ff3399}Aprendiz{33CCFF}] Kauan_Santos: DEI RC NOS TANL
[15/07/2021 - 00:44:57] - [CHAT ADMIN {ff3399}Estágiario{33CCFF}] Natan_Insane: BOA
[15/07/2021 - 00:45:20] - [CHAT ADMIN {ff3399}Aprendiz{33CCFF}] Kauan_Santos: RTT AAAAAAAAAAAAAAAAAAAAAA
[15/07/2021 - 00:45:37] - [CHAT ADMIN {ff3399}Aprendiz{33CCFF}] Kauan_Santos: E FD
[15/07/2021 - 00:48:41] - [CHAT ADMIN {ff3399}Aprendiz{33CCFF}] Kauan_Santos: VG TENHO 3 REAIS NO CARAI
[15/07/2021 - 00:48:46] - [CHAT ADMIN {ff3399}Aprendiz{33CCFF}] Kauan_Santos: LIMPA AV DA ORG?
[15/07/2021 - 00:49:06] - [CHAT ADMIN {ff3399}Aprendiz{33CCFF}] Kauan_Santos: OS CARA VOLTARAO ACAO NOIS LEVAMOS ADV E FD
[15/07/2021 - 00:49:23] - [CHAT ADMIN {ff3399}Aprendiz{33CCFF}] HARlDADE: vcs volto acao n nos
[15/07/2021 - 00:49:36] - [CHAT ADMIN {ff3399}Aprendiz{33CCFF}] Kauan_Santos: LUCAS PINTO VOLTOU DUAS VEZES
[15/07/2021 - 00:49:39] - [CHAT ADMIN {ff3399}Aprendiz{33CCFF}] jaozinho: N COMEÇA N
[15/07/2021 - 00:49:46] - [CHAT ADMIN {ff3399}Aprendiz{33CCFF}] Kauan_Santos: AINDA DIZ Q N VOLTO
[15/07/2021 - 00:58:55] - [CHAT ADMIN {ff3399}Aprendiz{33CCFF}] Alex_souza_FPS: haridade gay
[15/07/2021 - 00:59:05] - [CHAT ADMIN {ff3399}Aprendiz{33CCFF}] HARlDADE: oi seu lindo
[15/07/2021 - 00:59:06] - [CHAT ADMIN {ff3399}Aprendiz{33CCFF}] Alex_souza_FPS: chama pa org fiz teste
[15/07/2021 - 00:59:15] - [CHAT ADMIN {ff3399}Aprendiz{33CCFF}] HARlDADE: quando?
[15/07/2021 - 00:59:17] - [CHAT ADMIN {ff3399}Aprendiz{33CCFF}] Alex_souza_FPS: fiz com o junin pingola
[15/07/2021 - 00:59:20] - [CHAT ADMIN {ff3399}Aprendiz{33CCFF}] Alex_souza_FPS: agr
[15/07/2021 - 00:59:23] - [CHAT ADMIN {ff3399}Aprendiz{33CCFF}] HARlDADE: bl
[15/07/2021 - 00:59:26] - [CHAT ADMIN {ff3399}Aprendiz{33CCFF}] HARlDADE: fala id
[15/07/2021 - 00:59:33] - [CHAT ADMIN {ff3399}Aprendiz{33CCFF}] Alex_souza_FPS: 15
[15/07/2021 - 00:59:59] - [CHAT ADMIN {ff3399}Aprendiz{33CCFF}] HARlDADE: eita kkk
[15/07/2021 - 01:00:06] - [CHAT ADMIN {ff3399}Aprendiz{33CCFF}] Alex_souza_FPS: ? 
[15/07/2021 - 01:00:28] - [CHAT ADMIN {ff3399}Aprendiz{33CCFF}] HARlDADE: vou fala com vg pra da reset pq org ta bugada pq tem vaga mais diz q ta cheio
[15/07/2021 - 01:00:37] - [CHAT ADMIN {ff3399}Aprendiz{33CCFF}] HARlDADE: vou fala com vg pra da reset pq org ta bugada pq tem vaga mais diz q ta cheio
[15/07/2021 - 01:00:52] - [CHAT ADMIN {ff3399}Aprendiz{33CCFF}] Alex_souza_FPS: foda passarinho
[15/07/2021 - 01:01:03] - [CHAT ADMIN {ff3399}Aprendiz{33CCFF}] HARlDADE: quando ele der eu chamo vc
[15/07/2021 - 01:07:40] - [CHAT ADMIN {ff3399}Administrador{33CCFF}] alemao_noguira: kick ele porq?
[15/07/2021 - 01:07:49] - [CHAT ADMIN {ff3399}Aprendiz{33CCFF}] Kauan_Santos: HACKER
[15/07/2021 - 01:07:58] - [CHAT ADMIN {ff3399}Aprendiz{33CCFF}] Kauan_Santos: MATO DOIS CARA DA PCC COM 0 DE VIDA
[15/07/2021 - 01:08:23] - [CHAT ADMIN {ff3399}Aprendiz{33CCFF}] Kauan_Santos: MATO DOIS CARA DA PCC COM 0 DE VIDA ME MATI MSM EU DANDO HS
[15/07/2021 - 01:12:55] - [CHAT ADMIN {ff3399}Aprendiz{33CCFF}] Kauan_Santos: AAAA RT DA PORRA
[15/07/2021 - 01:14:29] - [CHAT ADMIN {ff3399}Aprendiz{33CCFF}] Alex_souza_FPS: HARIDADE
[15/07/2021 - 01:14:34] - [CHAT ADMIN {ff3399}Aprendiz{33CCFF}] HARlDADE: OI
[15/07/2021 - 01:14:37] - [CHAT ADMIN {ff3399}Aprendiz{33CCFF}] Alex_souza_FPS: SETA MINHA TAG OLHEIRO DPS BB
[15/07/2021 - 01:14:43] - [CHAT ADMIN {ff3399}Aprendiz{33CCFF}] HARlDADE: SIM MB
[15/07/2021 - 01:14:52] - [CHAT ADMIN {ff3399}Aprendiz{33CCFF}] HARlDADE: DEIXA SO ACABA ESSA ACAO AQUI KK
[15/07/2021 - 01:14:57] - [CHAT ADMIN {ff3399}Aprendiz{33CCFF}] Alex_souza_FPS: FODA 
[15/07/2021 - 01:15:04] - [CHAT ADMIN {ff3399}Aprendiz{33CCFF}] Alex_souza_FPS: TO CALL TBM QUALQUER COISA
[15/07/2021 - 01:15:11] - [CHAT ADMIN {ff3399}Aprendiz{33CCFF}] HARlDADE: OS CRA TEM 5 NOS SO TEM DOIS KKKK
[15/07/2021 - 01:15:15] - [CHAT ADMIN {ff3399}Aprendiz{33CCFF}] HARlDADE: BLZ
[15/07/2021 - 01:15:44] - [CHAT ADMIN {ff3399}Aprendiz{33CCFF}] Alex_souza_FPS: POSSO DAR UM SUSTO NELE?
[15/07/2021 - 01:15:50] - [CHAT ADMIN {ff3399}Aprendiz{33CCFF}] Alex_souza_FPS: POSSO DAR UM SUSTO NELES
[15/07/2021 - 01:15:54] - [CHAT ADMIN {ff3399}Aprendiz{33CCFF}] HARlDADE: quem?
[15/07/2021 - 01:15:58] - [CHAT ADMIN {ff3399}Aprendiz{33CCFF}] Alex_souza_FPS: NA PISTA
[15/07/2021 - 01:16:01] - [CHAT ADMIN {ff3399}Aprendiz{33CCFF}] jaozinho: o carlos
[15/07/2021 - 01:16:02] - [CHAT ADMIN {ff3399}Aprendiz{33CCFF}] Alex_souza_FPS: SKATE
[15/07/2021 - 01:16:04] - [CHAT ADMIN {ff3399}Aprendiz{33CCFF}] Carlos_Sales: oi
[15/07/2021 - 01:16:11] - [CHAT ADMIN {ff3399}Aprendiz{33CCFF}] jaozinho: o cara tentou me matar 
[15/07/2021 - 01:16:21] - [CHAT ADMIN {ff3399}Aprendiz{33CCFF}] jaozinho: kkkk
[15/07/2021 - 01:16:26] - [CHAT ADMIN {ff3399}Aprendiz{33CCFF}] Carlos_Sales: kkk
[15/07/2021 - 01:16:36] - [CHAT ADMIN {ff3399}Aprendiz{33CCFF}] Carlos_Sales: os cara acha que agente e uber
[15/07/2021 - 01:18:11] - [CHAT ADMIN {ff3399}Aprendiz{33CCFF}] Kauan_Churritos: markola a cor do teu nick nao ta rosa
[15/07/2021 - 01:18:22] - [CHAT ADMIN {ff3399}Aprendiz{33CCFF}] Kauan_Churritos: ta a cor do nick da rota
[15/07/2021 - 02:04:05] - [CHAT ADMIN {ff3399}Fundador{33CCFF}] Vgzinn: me ouxaram tmnc
[15/07/2021 - 02:04:08] - [CHAT ADMIN {ff3399}Fundador{33CCFF}] Vgzinn: ja vlt
[15/07/2021 - 03:17:17] - [CHAT ADMIN {ff3399}Aprendiz{33CCFF}] Kauan_Churritos: pode loterica com 3 pessoa?
[15/07/2021 - 03:17:33] - [CHAT ADMIN {ff3399}Fundador{33CCFF}] Vgzinn: n
[15/07/2021 - 03:17:46] - [CHAT ADMIN {ff3399}Aprendiz{33CCFF}] Kauan_Churritos: e com quantas
[15/07/2021 - 03:24:42] - [CHAT ADMIN {ff3399}Aprendiz{33CCFF}] Kauan_Churritos: ou vg
[15/07/2021 - 03:24:46] - [CHAT ADMIN {ff3399}Fundador{33CCFF}] Vgzinn: oi
[15/07/2021 - 03:24:54] - [CHAT ADMIN {ff3399}Fundador{33CCFF}] ICARO_Walker: oi
[15/07/2021 - 03:24:58] - [CHAT ADMIN {ff3399}Aprendiz{33CCFF}] Kauan_Churritos: posso dar kick no sueco por perseguir de moto pra apaisana?
[15/07/2021 - 03:25:06] - [CHAT ADMIN {ff3399}Aprendiz{33CCFF}] Kauan_Churritos: avisei ele faz tempo
[15/07/2021 - 03:25:10] - [CHAT ADMIN {ff3399}Fundador{33CCFF}] Vgzinn: qual moto?
[15/07/2021 - 03:25:13] - [CHAT ADMIN {ff3399}Aprendiz{33CCFF}] Kauan_Churritos: nrg
[15/07/2021 - 03:25:28] - [CHAT ADMIN {ff3399}Fundador{33CCFF}] Vgzinn: nrg e pra paisana
[15/07/2021 - 03:27:02] - [CHAT ADMIN {ff3399}Aprendiz{33CCFF}] Kauan_Churritos: vou tar observando ele aki qualquer coisa aviso oceis
[15/07/2021 - 03:29:31] - [CHAT ADMIN {ff3399}Aprendiz{33CCFF}] Kauan_Churritos: se voces puder olhar l id 15  com moto de apaisana perseguindo um cv agradeco
[15/07/2021 - 03:32:02] - [CHAT ADMIN {ff3399}Aprendiz{33CCFF}] Kauan_Churritos: po haridade me demitiu =(
[15/07/2021 - 04:12:49] - [CHAT ADMIN {ff3399}Aprendiz{33CCFF}] Kauan_Santos: KICK ELE PQ? ;-;
[15/07/2021 - 04:14:44] - [CHAT ADMIN {ff3399}Aprendiz{33CCFF}] Kauan_Santos: COMECO RT kkkkkk
[15/07/2021 - 08:12:28] - [CHAT ADMIN {ff3399}Aprendiz{33CCFF}] HARlDADE: markola sabe o comndo de arenax1?
[15/07/2021 - 08:12:39] - [CHAT ADMIN {ff3399}Estágiario{33CCFF}] Markola: da /aa e ve
[15/07/2021 - 08:12:52] - [CHAT ADMIN {ff3399}Aprendiz{33CCFF}] HARlDADE: eu dei porem so me manda la 
[15/07/2021 - 09:14:50] - [CHAT ADMIN {ff3399}Estágiario{33CCFF}] Markola: haridade
[15/07/2021 - 09:14:56] - [CHAT ADMIN {ff3399}Estágiario{33CCFF}] Markola: vms roubar a city
[15/07/2021 - 17:20:22] - [CHAT ADMIN {ff3399}Estágiario{33CCFF}] Natan_Insane: BOA
[15/07/2021 - 17:20:25] - [CHAT ADMIN {ff3399}Aprendiz{33CCFF}] Carlos_Sales: vlw
[15/07/2021 - 17:28:32] - [CHAT ADMIN {ff3399}Aprendiz{33CCFF}] Alex_souza_FPS: id 36 hari gay
[15/07/2021 - 17:47:59] - [CHAT ADMIN {ff3399}Aprendiz{33CCFF}] Carlos_Sales: fui no id errado natan kkk
[15/07/2021 - 17:48:07] - [CHAT ADMIN {ff3399}Estágiario{33CCFF}] Natan_Insane: KKK
[15/07/2021 - 17:48:13] - [CHAT ADMIN {ff3399}Aprendiz{33CCFF}] Kauan_Santos: kkkk
[15/07/2021 - 18:14:25] - [CHAT ADMIN {ff3399}Aprendiz{33CCFF}] Carlos_Sales: vcs brigam dmais
[15/07/2021 - 18:14:37] - [CHAT ADMIN {ff3399}Aprendiz{33CCFF}] Kauan_Santos: entendi foi nd pm atirsndo em safe
[15/07/2021 - 18:15:17] - [CHAT ADMIN {ff3399}Aprendiz{33CCFF}] HARlDADE: so n to mais suave pq n to assistindo netflix pq to em turno kkk
[15/07/2021 - 18:15:29] - [CHAT ADMIN {ff3399}Aprendiz{33CCFF}] Carlos_Sales: kkkkkk
[15/07/2021 - 18:19:31] - [CHAT ADMIN {ff3399}Estágiario{33CCFF}] Natan_Insane: VG DA RC
[15/07/2021 - 18:19:34] - [CHAT ADMIN {ff3399}Estágiario{33CCFF}] Natan_Insane: VG DA RC
[15/07/2021 - 18:19:42] - [CHAT ADMIN {ff3399}Aprendiz{33CCFF}] Kauan_Santos: so uma pergunta
[15/07/2021 - 18:19:43] - [CHAT ADMIN {ff3399}Fundador{33CCFF}] Vgzinn: onde
[15/07/2021 - 18:19:45] - [CHAT ADMIN {ff3399}Estágiario{33CCFF}] Natan_Insane: VG DA RC
[15/07/2021 - 18:19:49] - [CHAT ADMIN {ff3399}Estágiario{33CCFF}] Natan_Insane: EM TUDO
[15/07/2021 - 18:19:55] - [CHAT ADMIN {ff3399}Aprendiz{33CCFF}] Kauan_Santos: qm ta dando bazuca pros pms e pros bandido?
[15/07/2021 - 18:19:58] - [CHAT ADMIN {ff3399}Fundador{33CCFF}] Vgzinn: ta tendo acao
[15/07/2021 - 18:20:10] - [CHAT ADMIN {ff3399}Fundador{33CCFF}] Vgzinn: vcs msm
[15/07/2021 - 18:20:15] - [CHAT ADMIN {ff3399}Fundador{33CCFF}] Vgzinn: morre com kitadm
[15/07/2021 - 18:20:15] - [CHAT ADMIN {ff3399}Aprendiz{33CCFF}] Kauan_Santos: eu n
[15/07/2021 - 18:20:30] - [CHAT ADMIN {ff3399}Aprendiz{33CCFF}] Kauan_Santos: assim q pego kit eu gasto muni da bazuca
[15/07/2021 - 18:21:38] - [CHAT ADMIN {ff3399}Aprendiz{33CCFF}] Kauan_Santos: vg
[15/07/2021 - 18:21:44] - [CHAT ADMIN {ff3399}Aprendiz{33CCFF}] Kauan_Santos: agr fudeo
[15/07/2021 - 18:21:50] - [CHAT ADMIN {ff3399}Fundador{33CCFF}] Vgzinn: oi
[15/07/2021 - 18:22:03] - [CHAT ADMIN {ff3399}Aprendiz{33CCFF}] Kauan_Santos: eb usando anim do rolas ontem kkkk so n sei se tao usando hj
[15/07/2021 - 18:22:12] - [CHAT ADMIN {ff3399}Aprendiz{33CCFF}] Kauan_Santos: vazo a animacao
[15/07/2021 - 18:22:27] - [CHAT ADMIN {ff3399}Fundador{33CCFF}] Vgzinn: tem no yt mais ja ta dando ban automatico
[15/07/2021 - 18:22:40] - [CHAT ADMIN {ff3399}Aprendiz{33CCFF}] Kauan_Santos: ata
[15/07/2021 - 18:23:16] - [CHAT ADMIN {ff3399}Aprendiz{33CCFF}] Kauan_Santos: pode db?
[15/07/2021 - 18:23:21] - [CHAT ADMIN {ff3399}Fundador{33CCFF}] Vgzinn: NA
[15/07/2021 - 18:23:25] - [CHAT ADMIN {ff3399}Aprendiz{33CCFF}] Kauan_Santos: ;-;
[15/07/2021 - 18:23:35] - [CHAT ADMIN {ff3399}Aprendiz{33CCFF}] Kauan_Santos: baixei apk ;-;
[15/07/2021 - 18:23:48] - [CHAT ADMIN {ff3399}Aprendiz{33CCFF}] Kauan_Santos: mas so vo usar o chat kill
[15/07/2021 - 18:25:01] - [CHAT ADMIN {ff3399}Aprendiz{33CCFF}] Kauan_Santos: vg vem aq kkkk se liga nesse bug pra fugir de pm
[15/07/2021 - 18:25:07] - [CHAT ADMIN {ff3399}Aprendiz{33CCFF}] Kauan_Santos: kkkkkkk
[15/07/2021 - 18:25:20] - [CHAT ADMIN {ff3399}Aprendiz{33CCFF}] Kauan_Santos: tela ai
[15/07/2021 - 18:25:52] - [CHAT ADMIN {ff3399}Aprendiz{33CCFF}] Kauan_Santos: ta telando? kkk
[15/07/2021 - 18:31:28] - [CHAT ADMIN {ff3399}Aprendiz{33CCFF}] BOBI.ImT: VG
[15/07/2021 - 18:32:20] - [CHAT ADMIN {ff3399}Aprendiz{33CCFF}] BOBI.ImT: VG MEDAR UM TITULO DESER AI
[15/07/2021 - 18:32:29] - [CHAT ADMIN {ff3399}Aprendiz{33CCFF}] BOBI.ImT: NUNCA PEDI NADA
[15/07/2021 - 18:33:37] - [CHAT ADMIN {ff3399}Aprendiz{33CCFF}] BOBI.ImT: OQ
[15/07/2021 - 18:37:51] - [CHAT ADMIN {ff3399}Fundador{33CCFF}] Vgzinn: porrrrrrrrra deixo eu cego
[15/07/2021 - 18:38:05] - [CHAT ADMIN {ff3399}Administrador{33CCFF}] alemao_noguira: que?
[15/07/2021 - 18:51:10] - [CHAT ADMIN {ff3399}Administrador{33CCFF}] alemao_noguira: meu deus bobi
[15/07/2021 - 18:51:15] - [CHAT ADMIN {ff3399}Administrador{33CCFF}] alemao_noguira: bosonho demais
[15/07/2021 - 18:51:28] - [CHAT ADMIN {ff3399}Aprendiz{33CCFF}] jaozinho: vg me  mostra a jbl
[15/07/2021 - 18:51:29] - [CHAT ADMIN {ff3399}Aprendiz{33CCFF}] BOBI.ImT: OQ VEY
[15/07/2021 - 18:53:17] - [CHAT ADMIN {ff3399}Fundador{33CCFF}] Vgzinn: TO FUGA SOCOOROR
[15/07/2021 - 18:53:25] - [CHAT ADMIN {ff3399}Aprendiz{33CCFF}] HARlDADE: KKKK
[15/07/2021 - 18:53:28] - [CHAT ADMIN {ff3399}Aprendiz{33CCFF}] HARlDADE: TELANDO
[15/07/2021 - 18:53:29] - [CHAT ADMIN {ff3399}Administrador{33CCFF}] alemao_noguira: kkkkmkkk
[15/07/2021 - 18:53:51] - [CHAT ADMIN {ff3399}Aprendiz{33CCFF}] HARlDADE: os cara muito bracao
[15/07/2021 - 18:54:01] - [CHAT ADMIN {ff3399}Administrador{33CCFF}] alemao_noguira: fala,id ai
[15/07/2021 - 18:54:13] - [CHAT ADMIN {ff3399}Aprendiz{33CCFF}] HARlDADE: 10 kkkk
[15/07/2021 - 18:54:28] - [CHAT ADMIN {ff3399}Administrador{33CCFF}] alemao_noguira: ta com pneu furado kkk
[15/07/2021 - 18:55:04] - [CHAT ADMIN {ff3399}Aprendiz{33CCFF}] HARlDADE: ta n
[15/07/2021 - 18:55:19] - [CHAT ADMIN {ff3399}Aprendiz{33CCFF}] HARlDADE: acho q e o mod de skin dele q balanca o carro muito
[15/07/2021 - 18:59:00] - [CHAT ADMIN {ff3399}Administrador{33CCFF}] alemao_noguira: viu ai vg?
[15/07/2021 - 18:59:12] - [CHAT ADMIN {ff3399}Fundador{33CCFF}] Vgzinn: o voiup ta funfando pa geral
[15/07/2021 - 18:59:18] - [CHAT ADMIN {ff3399}Fundador{33CCFF}] Vgzinn: so instala
[15/07/2021 - 18:59:31] - [CHAT ADMIN {ff3399}Aprendiz{33CCFF}] Kauan_Santos: ACESSORIO BUGADO
[15/07/2021 - 18:59:37] - [CHAT ADMIN {ff3399}Aprendiz{33CCFF}] BOBI.ImT: SS
[15/07/2021 - 19:02:23] - [CHAT ADMIN {ff3399}Aprendiz{33CCFF}] Alex_souza_FPS: vg entra call da staff dps
[15/07/2021 - 19:02:33] - [CHAT ADMIN {ff3399}Aprendiz{33CCFF}] Alex_souza_FPS: vou te mostrar um video
[15/07/2021 - 19:09:19] - [CHAT ADMIN {ff3399}Administrador{33CCFF}] alemao_noguira: q iss vg
[15/07/2021 - 19:09:29] - [CHAT ADMIN {ff3399}Fundador{33CCFF}] Vgzinn: propina
[15/07/2021 - 21:09:38] - [CHAT ADMIN {ff3399}Estágiario{33CCFF}] Natan_Insane: ALEMAO
[15/07/2021 - 21:09:43] - [CHAT ADMIN {ff3399}Estágiario{33CCFF}] Natan_Insane: DA RC
[15/07/2021 - 21:09:43] - [CHAT ADMIN {ff3399}Administrador{33CCFF}] alemao_noguira: ?
[15/07/2021 - 21:09:52] - [CHAT ADMIN {ff3399}Administrador{33CCFF}] alemao_noguira: to acao
[15/07/2021 - 21:09:56] - [CHAT ADMIN {ff3399}Estágiario{33CCFF}] Natan_Insane: IXI
[15/07/2021 - 21:12:43] - [CHAT ADMIN {ff3399}Aprendiz{33CCFF}] Kauan_Santos: VG HARIDADE TA USANDO ANIM DO ROLAS
[15/07/2021 - 21:12:46] - [CHAT ADMIN {ff3399}Aprendiz{33CCFF}] Kauan_Santos: MDS
[15/07/2021 - 21:12:56] - [CHAT ADMIN {ff3399}Aprendiz{33CCFF}] HARlDADE: kkkkkkkkk 
[15/07/2021 - 21:13:05] - [CHAT ADMIN {ff3399}Aprendiz{33CCFF}] HARlDADE: KKKKKKKKKKKKKKKKKKK
[15/07/2021 - 21:13:11] - [CHAT ADMIN {ff3399}Administrador{33CCFF}] alemao_noguira: cabo ja?
[15/07/2021 - 21:13:19] - [CHAT ADMIN {ff3399}Estágiario{33CCFF}] Natan_Insane: JA PODE DAR RC
[15/07/2021 - 21:13:23] - [CHAT ADMIN {ff3399}Aprendiz{33CCFF}] Kauan_Santos: N
[15/07/2021 - 21:49:25] - [CHAT ADMIN {ff3399}Administrador{33CCFF}] alemao_noguira: vg to perdendo vida do nada gay
[15/07/2021 - 21:56:25] - [CHAT ADMIN {ff3399}Administrador{33CCFF}] alemao_noguira: vg
[15/07/2021 - 21:56:29] - [CHAT ADMIN {ff3399}Administrador{33CCFF}] alemao_noguira: vg
[15/07/2021 - 21:56:30] - [CHAT ADMIN {ff3399}Fundador{33CCFF}] Vgzinn: calma ae to gravando
[15/07/2021 - 21:56:50] - [CHAT ADMIN {ff3399}Administrador{33CCFF}] alemao_noguira: da kick nos cara ai fazendi caixinha no 24/7
[15/07/2021 - 21:57:05] - [CHAT ADMIN {ff3399}Aprendiz{33CCFF}] Carlos_Sales: id?
[15/07/2021 - 21:57:38] - [CHAT ADMIN {ff3399}Administrador{33CCFF}] alemao_noguira: 11
[15/07/2021 - 21:58:16] - [CHAT ADMIN {ff3399}Administrador{33CCFF}] alemao_noguira: 3
[15/07/2021 - 22:09:11] - [CHAT ADMIN {ff3399}Aprendiz{33CCFF}] Carlos_Sales: CE ME PREDEU
[15/07/2021 - 22:09:13] - [CHAT ADMIN {ff3399}Administrador{33CCFF}] alemao_noguira: meu deus
[15/07/2021 - 22:09:14] - [CHAT ADMIN {ff3399}Aprendiz{33CCFF}] Carlos_Sales: SEU CORNO
[15/07/2021 - 22:09:18] - [CHAT ADMIN {ff3399}Administrador{33CCFF}] alemao_noguira: kkkkkkkkkkkkkkkkkk
[15/07/2021 - 22:09:24] - [CHAT ADMIN {ff3399}Administrador{33CCFF}] alemao_noguira: vo solta
[15/07/2021 - 22:11:31] - [CHAT ADMIN {ff3399}Administrador{33CCFF}] alemao_noguira: foi solto?
[15/07/2021 - 22:11:42] - [CHAT ADMIN {ff3399}Aprendiz{33CCFF}] Carlos_Sales: VC AINDA PERGUNTA?
[15/07/2021 - 22:11:45] - [CHAT ADMIN {ff3399}Aprendiz{33CCFF}] Carlos_Sales: kkkk
[15/07/2021 - 22:13:08] - [CHAT ADMIN {ff3399}Administrador{33CCFF}] alemao_noguira: oera ai
[15/07/2021 - 22:14:12] - [CHAT ADMIN {ff3399}Aprendiz{33CCFF}] Carlos_Sales: eu vou chorar
[15/07/2021 - 22:18:51] - [CHAT ADMIN {ff3399}Aprendiz{33CCFF}] Carlos_Sales: ALEMAO SEU CORNINHO
[15/07/2021 - 22:21:38] - [CHAT ADMIN {ff3399}Administrador{33CCFF}] alemao_noguira: o evento vai pa oces?
[15/07/2021 - 22:21:42] - [CHAT ADMIN {ff3399}Aprendiz{33CCFF}] Carlos_Sales: AEEEE
[15/07/2021 - 22:21:50] - [CHAT ADMIN {ff3399}Aprendiz{33CCFF}] Carlos_Sales: VAI TER VOLTA ALEMAO
[15/07/2021 - 22:23:44] - [CHAT ADMIN {ff3399}Aprendiz{33CCFF}] BOBI.ImT: EU NAO FUI BUGO
[15/07/2021 - 22:24:23] - [CHAT ADMIN {ff3399}Aprendiz{33CCFF}] Carlos_Sales: ALGM FALA:DUVIDO
[15/07/2021 - 22:28:22] - [CHAT ADMIN {ff3399}Aprendiz{33CCFF}] BOBI.ImT: MDS
[15/07/2021 - 22:29:02] - [CHAT ADMIN {ff3399}Administrador{33CCFF}] alemao_noguira: kkkkkk vg fdp
[15/07/2021 - 22:29:24] - [CHAT ADMIN {ff3399}Administrador{33CCFF}] alemao_noguira: cabo o evento ainda nao?
[15/07/2021 - 22:32:36] - [CHAT ADMIN {ff3399}Fundador{33CCFF}] Vgzinn: DESTROIRRR
[15/07/2021 - 22:32:37] - [CHAT ADMIN {ff3399}Fundador{33CCFF}] Vgzinn: DESTROI
[15/07/2021 - 22:32:38] - [CHAT ADMIN {ff3399}Fundador{33CCFF}] Vgzinn: DESTROI
[15/07/2021 - 22:32:38] - [CHAT ADMIN {ff3399}Fundador{33CCFF}] Vgzinn: DESTROI
[15/07/2021 - 22:32:39] - [CHAT ADMIN {ff3399}Fundador{33CCFF}] Vgzinn: DESTROI
[15/07/2021 - 22:32:39] - [CHAT ADMIN {ff3399}Fundador{33CCFF}] Vgzinn: DESTROI
[15/07/2021 - 22:32:40] - [CHAT ADMIN {ff3399}Fundador{33CCFF}] Vgzinn: DESTROI
[15/07/2021 - 22:32:40] - [CHAT ADMIN {ff3399}Fundador{33CCFF}] Vgzinn: DESTROI
[15/07/2021 - 22:32:40] - [CHAT ADMIN {ff3399}Administrador{33CCFF}] alemao_noguira: oq
[15/07/2021 - 22:32:41] - [CHAT ADMIN {ff3399}Fundador{33CCFF}] Vgzinn: DESTROI
[15/07/2021 - 22:32:41] - [CHAT ADMIN {ff3399}Fundador{33CCFF}] Vgzinn: DESTROI
[15/07/2021 - 22:32:41] - [CHAT ADMIN {ff3399}Fundador{33CCFF}] Vgzinn: DESTROI
[15/07/2021 - 22:32:42] - [CHAT ADMIN {ff3399}Fundador{33CCFF}] Vgzinn: DESTROI
[15/07/2021 - 22:32:42] - [CHAT ADMIN {ff3399}Fundador{33CCFF}] Vgzinn: DESTROI
[15/07/2021 - 22:32:43] - [CHAT ADMIN {ff3399}Fundador{33CCFF}] Vgzinn: DESTROI
[15/07/2021 - 22:32:43] - [CHAT ADMIN {ff3399}Fundador{33CCFF}] Vgzinn: DESTROI
[15/07/2021 - 22:32:44] - [CHAT ADMIN {ff3399}Fundador{33CCFF}] Vgzinn: DESTROI
[15/07/2021 - 22:32:44] - [CHAT ADMIN {ff3399}Fundador{33CCFF}] Vgzinn: DESTROI
[15/07/2021 - 22:32:44] - [CHAT ADMIN {ff3399}Fundador{33CCFF}] Vgzinn: DESTROI
[15/07/2021 - 22:32:45] - [CHAT ADMIN {ff3399}Fundador{33CCFF}] Vgzinn: DESTROI
[15/07/2021 - 22:32:45] - [CHAT ADMIN {ff3399}Administrador{33CCFF}] alemao_noguira: pqqqqqqqqq
[15/07/2021 - 22:32:49] - [CHAT ADMIN {ff3399}Administrador{33CCFF}] alemao_noguira: pqqqqqqq
[15/07/2021 - 22:32:53] - [CHAT ADMIN {ff3399}Fundador{33CCFF}] Vgzinn: VEM MOEDA FDP
[15/07/2021 - 22:33:24] - [CHAT ADMIN {ff3399}Administrador{33CCFF}] alemao_noguira: vo pega entao
[15/07/2021 - 22:33:27] - [CHAT ADMIN {ff3399}Fundador{33CCFF}] Vgzinn: PEGA
[15/07/2021 - 22:33:36] - [CHAT ADMIN {ff3399}Fundador{33CCFF}] Vgzinn: ELA PODE VIM 15 MOEDAS
[15/07/2021 - 22:33:42] - [CHAT ADMIN {ff3399}Administrador{33CCFF}] alemao_noguira: se destruiu
[15/07/2021 - 22:33:48] - [CHAT ADMIN {ff3399}Fundador{33CCFF}] Vgzinn: OXI?
[15/07/2021 - 22:34:14] - [CHAT ADMIN {ff3399}Administrador{33CCFF}] alemao_noguira: mano sv ta lagadao
[15/07/2021 - 22:34:20] - [CHAT ADMIN {ff3399}Fundador{33CCFF}] Vgzinn: ta suave
[15/07/2021 - 22:34:28] - [CHAT ADMIN {ff3399}Administrador{33CCFF}] alemao_noguira: o evento foi oa,tu?
[15/07/2021 - 22:34:33] - [CHAT ADMIN {ff3399}Administrador{33CCFF}] alemao_noguira: o evento foi pa tu?
[15/07/2021 - 22:34:38] - [CHAT ADMIN {ff3399}Fundador{33CCFF}] Vgzinn: n
[15/07/2021 - 22:34:41] - [CHAT ADMIN {ff3399}Fundador{33CCFF}] Vgzinn: qual evento
[15/07/2021 - 22:34:48] - [CHAT ADMIN {ff3399}Fundador{33CCFF}] Vgzinn: pq tem uns q so e vip
[15/07/2021 - 22:37:37] - [CHAT ADMIN {ff3399}Administrador{33CCFF}] alemao_noguira: cabo vg?
[15/07/2021 - 22:38:09] - [CHAT ADMIN {ff3399}Fundador{33CCFF}] Vgzinn: ss
[15/07/2021 - 22:45:02] - [CHAT ADMIN {ff3399}Administrador{33CCFF}] alemao_noguira: que iss eu quero tanbem
[15/07/2021 - 22:45:41] - [CHAT ADMIN {ff3399}Administrador{33CCFF}] alemao_noguira: mas que,porr e essa
[15/07/2021 - 22:46:14] - [CHAT ADMIN {ff3399}Aprendiz{33CCFF}] HARlDADE: kkkkk errei
[15/07/2021 - 22:46:32] - [CHAT ADMIN {ff3399}Estágiario{33CCFF}] Natan_Insane: KKKK
[15/07/2021 - 23:33:22] - [CHAT ADMIN {ff3399}Estágiario{33CCFF}] Natan_Insane: DESCULPA ERRADO
[15/07/2021 - 23:33:25] - [CHAT ADMIN {ff3399}Estágiario{33CCFF}] Natan_Insane: KKKK
[16/07/2021 - 00:09:24] - [CHAT ADMIN {ff3399}Aprendiz{33CCFF}] Carlos_Sales: VG LIMPA O PROCURADO DE UM CARA AQUI
[16/07/2021 - 00:09:33] - [CHAT ADMIN {ff3399}Aprendiz{33CCFF}] Carlos_Sales: ELE QUER ENTRAR EM ORG MAIS NAO CONSEGUE
[16/07/2021 - 01:11:39] - [CHAT ADMIN {ff3399}Aprendiz{33CCFF}] Kauan_Santos: ?
[16/07/2021 - 01:11:45] - [CHAT ADMIN {ff3399}Aprendiz{33CCFF}] Kauan_Santos: mds
[16/07/2021 - 01:11:52] - [CHAT ADMIN {ff3399}Aprendiz{33CCFF}] Kauan_Santos: qm denuncio?
[16/07/2021 - 01:12:15] - [CHAT ADMIN {ff3399}Aprendiz{33CCFF}] Kauan_Santos: CD Q VCS DERAO CADEIA NO PATOLYN
[16/07/2021 - 01:12:18] - [CHAT ADMIN {ff3399}Aprendiz{33CCFF}] Kauan_Santos: NAS
[16/07/2021 - 01:12:22] - [CHAT ADMIN {ff3399}Aprendiz{33CCFF}] Kauan_Santos: MDD
[16/07/2021 - 01:12:56] - [CHAT ADMIN {ff3399}Aprendiz{33CCFF}] Kauan_Santos: MDS CARA
[16/07/2021 - 01:13:10] - [CHAT ADMIN {ff3399}Aprendiz{33CCFF}] Kauan_Santos: OS CARA XINGA E TALS EU FALO UM A
[16/07/2021 - 01:13:18] - [CHAT ADMIN {ff3399}Aprendiz{33CCFF}] Kauan_Santos: CES VEM DA CADEIA
[16/07/2021 - 01:15:30] - [CHAT ADMIN {ff3399}Aprendiz{33CCFF}] Kauan_Santos: AAAAAAAA PASSEI 1 HR ESPERANDO SAIR DA PRISAO AI VOLTEI DNV
[16/07/2021 - 01:16:50] - [CHAT ADMIN {ff3399}Aprendiz{33CCFF}] Kauan_Santos: BLZ
[16/07/2021 - 01:16:54] - [CHAT ADMIN {ff3399}Aprendiz{33CCFF}] Kauan_Santos: ME CALARAO
[16/07/2021 - 01:18:09] - [CHAT ADMIN {ff3399}Aprendiz{33CCFF}] Kauan_Santos: E FD
[16/07/2021 - 01:45:30] - [CHAT ADMIN {ff3399}Fundador{33CCFF}] Russo: HACKEADO
[16/07/2021 - 01:45:30] - [CHAT ADMIN {ff3399}Fundador{33CCFF}] Russo: HACKEADO
[16/07/2021 - 01:45:31] - [CHAT ADMIN {ff3399}Fundador{33CCFF}] Russo: HACKEADO
[16/07/2021 - 01:45:31] - [CHAT ADMIN {ff3399}Fundador{33CCFF}] Russo: HACKEADO
[16/07/2021 - 01:45:32] - [CHAT ADMIN {ff3399}Fundador{33CCFF}] Russo: HACKEADO
[16/07/2021 - 01:45:32] - [CHAT ADMIN {ff3399}Fundador{33CCFF}] Russo: HACKEADO
[16/07/2021 - 01:45:33] - [CHAT ADMIN {ff3399}Fundador{33CCFF}] Russo: HACKEADO
[16/07/2021 - 01:45:33] - [CHAT ADMIN {ff3399}Fundador{33CCFF}] Russo: HACKEADO
[16/07/2021 - 01:45:35] - [CHAT ADMIN {ff3399}Fundador{33CCFF}] Russo: HACKEADO
[16/07/2021 - 01:45:36] - [CHAT ADMIN {ff3399}Fundador{33CCFF}] Russo: HACKEADO
[16/07/2021 - 01:45:36] - [CHAT ADMIN {ff3399}Fundador{33CCFF}] Russo: HACKEADO
[16/07/2021 - 01:45:37] - [CHAT ADMIN {ff3399}Fundador{33CCFF}] Russo: HACKEADO
[16/07/2021 - 01:45:37] - [CHAT ADMIN {ff3399}Fundador{33CCFF}] Russo: HACKEADO
[16/07/2021 - 01:45:38] - [CHAT ADMIN {ff3399}Fundador{33CCFF}] Russo: HACKEADO
[16/07/2021 - 01:45:38] - [CHAT ADMIN {ff3399}Fundador{33CCFF}] Russo: HACKEADO
[16/07/2021 - 01:45:39] - [CHAT ADMIN {ff3399}Fundador{33CCFF}] Russo: HACKEADO
[16/07/2021 - 01:45:39] - [CHAT ADMIN {ff3399}Fundador{33CCFF}] Russo: HACKEADO
[16/07/2021 - 01:45:40] - [CHAT ADMIN {ff3399}Fundador{33CCFF}] Russo: HACKEADO
[16/07/2021 - 01:45:41] - [CHAT ADMIN {ff3399}Fundador{33CCFF}] Russo: HACKEADO
[16/07/2021 - 01:45:52] - [CHAT ADMIN {ff3399}Aprendiz{33CCFF}] Kauan_Santos: kkkk
[16/07/2021 - 01:45:57] - [CHAT ADMIN {ff3399}Fundador{33CCFF}] Russo: kkkkkkk
[16/07/2021 - 01:46:11] - [CHAT ADMIN {ff3399}Aprendiz{33CCFF}] Kauan_Santos: qm e kkk
[16/07/2021 - 01:46:14] - [CHAT ADMIN {ff3399}Aprendiz{33CCFF}] Kauan_Churritos: ei russo
[16/07/2021 - 01:46:16] - [CHAT ADMIN {ff3399}Aprendiz{33CCFF}] Alex_souza_FPS: fundador russo? 
[16/07/2021 - 01:46:21] - [CHAT ADMIN {ff3399}Aprendiz{33CCFF}] Alex_souza_FPS: azideia memao
[16/07/2021 - 01:46:27] - [CHAT ADMIN {ff3399}Fundador{33CCFF}] Russo: roubei a aconta do vg
[16/07/2021 - 01:46:37] - [CHAT ADMIN {ff3399}Aprendiz{33CCFF}] Alex_souza_FPS: tendi kk
[16/07/2021 - 01:46:41] - [CHAT ADMIN {ff3399}Aprendiz{33CCFF}] Kauan_Churritos: ja que ta hakeado da 9 moeda pra mim quero ver kakakakak
[16/07/2021 - 01:46:53] - [CHAT ADMIN {ff3399}Aprendiz{33CCFF}] Kauan_Santos: pra mim tbm kkkkk
[16/07/2021 - 01:46:54] - [CHAT ADMIN {ff3399}Fundador{33CCFF}] Russo: nuk
[16/07/2021 - 01:47:02] - [CHAT ADMIN {ff3399}Aprendiz{33CCFF}] Kauan_Santos: derruba zerve ent ;-;
[16/07/2021 - 01:47:11] - [CHAT ADMIN {ff3399}Aprendiz{33CCFF}] Kauan_Churritos: iii ala e o vg real
[16/07/2021 - 01:47:23] - [CHAT ADMIN {ff3399}Aprendiz{33CCFF}] Alex_souza_FPS: mo guai
[16/07/2021 - 02:22:48] - [CHAT ADMIN {ff3399}Aprendiz{33CCFF}] Kauan_Santos: q? kkkk
[16/07/2021 - 03:07:12] - [CHAT ADMIN {ff3399}Aprendiz{33CCFF}] Kauan_Santos: rc ai
[16/07/2021 - 03:07:36] - [CHAT ADMIN {ff3399}Aprendiz{33CCFF}] Kauan_Santos: rc ai
[16/07/2021 - 03:07:40] - [CHAT ADMIN {ff3399}Aprendiz{33CCFF}] Kauan_Santos: pfvr
[16/07/2021 - 03:36:00] - [CHAT ADMIN {ff3399}Aprendiz{33CCFF}] Kauan_Santos: russo TDL ATRAPALHANDO ACAO
[16/07/2021 - 03:36:45] - [CHAT ADMIN {ff3399}Aprendiz{33CCFF}] Kauan_Santos: OS CARA QUER SEQUESTRAR ADM MDS
[16/07/2021 - 03:37:06] - [CHAT ADMIN {ff3399}Estágiario{33CCFF}] Natan_Insane: SE NAO TA EM MODO ADM PAIZAO
[16/07/2021 - 03:39:06] - [CHAT ADMIN {ff3399}Aprendiz{33CCFF}] Kauan_Santos: COMO USA?
[16/07/2021 - 03:39:12] - [CHAT ADMIN {ff3399}Aprendiz{33CCFF}] HARlDADE: ja sabe ne kauan tem que continua aacao
[16/07/2021 - 03:39:14] - [CHAT ADMIN {ff3399}Fundador{33CCFF}] Russo: chama eu pra org
[16/07/2021 - 03:39:19] - [CHAT ADMIN {ff3399}Estágiario{33CCFF}] Natan_Insane: /RADIOORG
[16/07/2021 - 03:39:23] - [CHAT ADMIN {ff3399}Fundador{33CCFF}] Russo: chama eu pra org
[16/07/2021 - 03:39:23] - [CHAT ADMIN {ff3399}Aprendiz{33CCFF}] Kauan_Santos: bl
[16/07/2021 - 03:39:25] - [CHAT ADMIN {ff3399}Fundador{33CCFF}] Russo: chama eu pra org
[16/07/2021 - 03:39:26] - [CHAT ADMIN {ff3399}Fundador{33CCFF}] Russo: chama eu pra org
[16/07/2021 - 03:39:37] - [CHAT ADMIN {ff3399}Aprendiz{33CCFF}] Kauan_Santos: ja e de org
[16/07/2021 - 03:41:27] - [CHAT ADMIN {ff3399}Aprendiz{33CCFF}] HARlDADE: kkkk
[16/07/2021 - 03:41:31] - [CHAT ADMIN {ff3399}Estágiario{33CCFF}] Natan_Insane: KKKK
[16/07/2021 - 03:43:14] - [CHAT ADMIN {ff3399}Aprendiz{33CCFF}] HARlDADE: como faco pra entra em uma radio por escolha?
[16/07/2021 - 03:43:21] - [CHAT ADMIN {ff3399}Fundador{33CCFF}] Russo: n tem
[16/07/2021 - 03:43:30] - [CHAT ADMIN {ff3399}Aprendiz{33CCFF}] Kauan_Santos: como faz pra falar?
[16/07/2021 - 03:44:10] - [CHAT ADMIN {ff3399}Aprendiz{33CCFF}] Kauan_Santos: como usa mmmk
[16/07/2021 - 03:44:22] - [CHAT ADMIN {ff3399}Fundador{33CCFF}] Russo: mais ta saindo algo?
[16/07/2021 - 03:44:27] - [CHAT ADMIN {ff3399}Aprendiz{33CCFF}] Kauan_Santos: n ;-;
[16/07/2021 - 03:44:30] - [CHAT ADMIN {ff3399}Estágiario{33CCFF}] Natan_Insane: NADA
[16/07/2021 - 03:45:58] - [CHAT ADMIN {ff3399}Aprendiz{33CCFF}] Kauan_Santos: kkkk
[16/07/2021 - 03:46:05] - [CHAT ADMIN {ff3399}Aprendiz{33CCFF}] Kauan_Santos: mecanica on kkkk
[16/07/2021 - 05:35:49] - [CHAT ADMIN {ff3399}Estágiario{33CCFF}] Natan_Insane: VG
[16/07/2021 - 05:35:55] - [CHAT ADMIN {ff3399}Estágiario{33CCFF}] Natan_Insane: VG
[16/07/2021 - 05:36:10] - [CHAT ADMIN {ff3399}Fundador{33CCFF}] Russo: opa
[16/07/2021 - 05:36:17] - [CHAT ADMIN {ff3399}Estágiario{33CCFF}] Natan_Insane: O ID 1 USADO HACO
[16/07/2021 - 05:36:20] - [CHAT ADMIN {ff3399}Estágiario{33CCFF}] Natan_Insane: O ID 1 USADO HACK
[16/07/2021 - 05:36:27] - [CHAT ADMIN {ff3399}Aprendiz{33CCFF}] HARlDADE: ID 6 tbm
[16/07/2021 - 05:36:31] - [CHAT ADMIN {ff3399}Estágiario{33CCFF}] Natan_Insane: SS
[16/07/2021 - 05:36:39] - [CHAT ADMIN {ff3399}Aprendiz{33CCFF}] HARlDADE: ID 6 tbm
[16/07/2021 - 05:36:47] - [CHAT ADMIN {ff3399}Estágiario{33CCFF}] Natan_Insane: SS
[16/07/2021 - 05:36:54] - [CHAT ADMIN {ff3399}Estágiario{33CCFF}] Natan_Insane: MARIO TBM
[16/07/2021 - 05:37:01] - [CHAT ADMIN {ff3399}Estágiario{33CCFF}] Natan_Insane: ESSE 3 DE HACK
[16/07/2021 - 05:37:17] - [CHAT ADMIN {ff3399}Estágiario{33CCFF}] Natan_Insane: BOA VG TE AMO
[16/07/2021 - 05:37:30] - [CHAT ADMIN {ff3399}Aprendiz{33CCFF}] HARlDADE: amamos os lindos:)
[16/07/2021 - 05:40:57] - [CHAT ADMIN {ff3399}Fundador{33CCFF}] Russo: rola
[16/07/2021 - 06:16:09] - [CHAT ADMIN {ff3399}Estágiario{33CCFF}] Natan_Insane: NAO CONSIGU BANIR PERMA VG
[16/07/2021 - 06:16:15] - [CHAT ADMIN {ff3399}Fundador{33CCFF}] Russo: ja foi
[16/07/2021 - 06:16:27] - [CHAT ADMIN {ff3399}Fundador{33CCFF}] Russo: perma n da pq tem vpn
[16/07/2021 - 06:16:31] - [CHAT ADMIN {ff3399}Fundador{33CCFF}] Russo: e isso ajuda
[16/07/2021 - 06:16:38] - [CHAT ADMIN {ff3399}Estágiario{33CCFF}] Natan_Insane: A OK
[16/07/2021 - 07:11:18] - [CHAT ADMIN {ff3399}Estágiario{33CCFF}] Markola: vai dormir seus baiano ksks zoa tao de boa ?
[16/07/2021 - 07:11:34] - [CHAT ADMIN {ff3399}Estágiario{33CCFF}] Natan_Insane: VOU MADRUGAR
[16/07/2021 - 07:11:44] - [CHAT ADMIN {ff3399}Estágiario{33CCFF}] Markola: natan dps qr falar com v 
[16/07/2021 - 07:11:47] - [CHAT ADMIN {ff3399}Estágiario{33CCFF}] Natan_Insane: VOU FICAR ATE AS 6 OU AS 7 ACORDADO
[16/07/2021 - 07:11:52] - [CHAT ADMIN {ff3399}Estágiario{33CCFF}] Markola: consegud vim ate min
[16/07/2021 - 07:12:15] - [CHAT ADMIN {ff3399}Estágiario{33CCFF}] Markola: posso te puxar
[16/07/2021 - 07:12:20] - [CHAT ADMIN {ff3399}Estágiario{33CCFF}] Natan_Insane: SS
[16/07/2021 - 07:20:46] - [CHAT ADMIN {ff3399}Estágiario{33CCFF}] Markola: boabkss
[16/07/2021 - 07:21:43] - [CHAT ADMIN {ff3399}Estágiario{33CCFF}] Markola: cau kk
[16/07/2021 - 07:21:46] - [CHAT ADMIN {ff3399}Estágiario{33CCFF}] Markola: caiu
[16/07/2021 - 07:22:15] - [CHAT ADMIN {ff3399}Estágiario{33CCFF}] Markola: calma ai trocar a tecla
[16/07/2021 - 07:22:31] - [CHAT ADMIN {ff3399}Estágiario{33CCFF}] Markola: go
[16/07/2021 - 07:22:57] - [CHAT ADMIN {ff3399}Estágiario{33CCFF}] Natan_Insane: SO DA PEITO KKKK
[16/07/2021 - 07:23:03] - [CHAT ADMIN {ff3399}Estágiario{33CCFF}] Markola: pelomenos matwi
[16/07/2021 - 07:23:25] - [CHAT ADMIN {ff3399}Estágiario{33CCFF}] Markola: kk
[16/07/2021 - 07:23:26] - [CHAT ADMIN {ff3399}Estágiario{33CCFF}] Natan_Insane: BUG ESC N
[16/07/2021 - 07:23:34] - [CHAT ADMIN {ff3399}Estágiario{33CCFF}] Markola: kkkkkk inventa dsclp n
[16/07/2021 - 07:24:00] - [CHAT ADMIN {ff3399}Estágiario{33CCFF}] Markola: izi
[16/07/2021 - 07:24:01] - [CHAT ADMIN {ff3399}Estágiario{33CCFF}] Natan_Insane: CARAI
[16/07/2021 - 07:24:25] - [CHAT ADMIN {ff3399}Estágiario{33CCFF}] Natan_Insane: BOA
[16/07/2021 - 07:24:25] - [CHAT ADMIN {ff3399}Estágiario{33CCFF}] Markola: hs
[16/07/2021 - 07:24:50] - [CHAT ADMIN {ff3399}Estágiario{33CCFF}] Natan_Insane: BOA
[16/07/2021 - 07:24:52] - [CHAT ADMIN {ff3399}Estágiario{33CCFF}] Markola: hs
[16/07/2021 - 07:25:26] - [CHAT ADMIN {ff3399}Estágiario{33CCFF}] Markola: boa
[16/07/2021 - 07:25:31] - [CHAT ADMIN {ff3399}Estágiario{33CCFF}] Markola: quase te matei kk
[16/07/2021 - 07:25:41] - [CHAT ADMIN {ff3399}Estágiario{33CCFF}] Natan_Insane: TA USANDO CBUG NE KKK
[16/07/2021 - 07:25:45] - [CHAT ADMIN {ff3399}Estágiario{33CCFF}] Markola: eu nao
[16/07/2021 - 07:25:51] - [CHAT ADMIN {ff3399}Estágiario{33CCFF}] Markola: to jogando normal
[16/07/2021 - 07:25:51] - [CHAT ADMIN {ff3399}Estágiario{33CCFF}] Natan_Insane: TA
[16/07/2021 - 07:26:01] - [CHAT ADMIN {ff3399}Estágiario{33CCFF}] Markola: ta  horwnd
[16/07/2021 - 07:26:10] - [CHAT ADMIN {ff3399}Estágiario{33CCFF}] Markola: hs
[16/07/2021 - 07:26:12] - [CHAT ADMIN {ff3399}Estágiario{33CCFF}] Natan_Insane: OLHA ISSO
[16/07/2021 - 07:26:16] - [CHAT ADMIN {ff3399}Estágiario{33CCFF}] Natan_Insane: CBUG
[16/07/2021 - 07:26:21] - [CHAT ADMIN {ff3399}Estágiario{33CCFF}] Markola: kkkkk tu chora
[16/07/2021 - 07:26:23] - [CHAT ADMIN {ff3399}Estágiario{33CCFF}] Markola: dms
[16/07/2021 - 07:26:25] - [CHAT ADMIN {ff3399}Estágiario{33CCFF}] Natan_Insane: N
[16/07/2021 - 07:26:31] - [CHAT ADMIN {ff3399}Estágiario{33CCFF}] Markola: sou pc akigo
[16/07/2021 - 07:26:47] - [CHAT ADMIN {ff3399}Estágiario{33CCFF}] Natan_Insane: SO TOU FALANDO A VDD
[16/07/2021 - 07:26:52] - [CHAT ADMIN {ff3399}Estágiario{33CCFF}] Markola: kkkk q vdd
[16/07/2021 - 07:26:56] - [CHAT ADMIN {ff3399}Estágiario{33CCFF}] Markola: isso e choro p min
[16/07/2021 - 07:27:02] - [CHAT ADMIN {ff3399}Estágiario{33CCFF}] Natan_Insane: QUE VC TA FAZENDO CBUG
[16/07/2021 - 07:27:06] - [CHAT ADMIN {ff3399}Estágiario{33CCFF}] Markola: kkk prova
[16/07/2021 - 07:27:21] - [CHAT ADMIN {ff3399}Estágiario{33CCFF}] Markola: aaa ala ta de cbug 
[16/07/2021 - 07:27:22] - [CHAT ADMIN {ff3399}Estágiario{33CCFF}] Natan_Insane: MOSTRA NA MINHA TELA
[16/07/2021 - 07:27:26] - [CHAT ADMIN {ff3399}Estágiario{33CCFF}] Markola: aaaa mds  hora mt
[16/07/2021 - 07:27:35] - [CHAT ADMIN {ff3399}Estágiario{33CCFF}] Markola: chora mt vc
[16/07/2021 - 07:27:36] - [CHAT ADMIN {ff3399}Estágiario{33CCFF}] Natan_Insane: SERIO
[16/07/2021 - 07:28:14] - [CHAT ADMIN {ff3399}Estágiario{33CCFF}] Natan_Insane: PAREI
[16/07/2021 - 07:28:17] - [CHAT ADMIN {ff3399}Estágiario{33CCFF}] Markola: chora mt 
[16/07/2021 - 07:28:20] - [CHAT ADMIN {ff3399}Estágiario{33CCFF}] Natan_Insane: SS
[16/07/2021 - 07:28:21] - [CHAT ADMIN {ff3399}Estágiario{33CCFF}] Markola: para msm pq ta feio
[16/07/2021 - 07:28:26] - [CHAT ADMIN {ff3399}Estágiario{33CCFF}] Natan_Insane: SS
[16/07/2021 - 07:28:28] - [CHAT ADMIN {ff3399}Estágiario{33CCFF}] Markola: fui fzr meu rp <3
[16/07/2021 - 07:28:57] - [CHAT ADMIN {ff3399}Estágiario{33CCFF}] Natan_Insane: O MENOR TA ENTRANDO
[16/07/2021 - 07:29:05] - [CHAT ADMIN {ff3399}Estágiario{33CCFF}] Markola: eai menor
[16/07/2021 - 07:29:16] - [CHAT ADMIN {ff3399}Estágiario{33CCFF}] Markola: fazer um projetinho felas ?
[16/07/2021 - 07:29:41] - [CHAT ADMIN {ff3399}Estágiario{33CCFF}] Natan_Insane: FACU
[16/07/2021 - 07:29:48] - [CHAT ADMIN {ff3399}Estágiario{33CCFF}] Natan_Insane: VACU
[16/07/2021 - 07:29:55] - [CHAT ADMIN {ff3399}Estágiario{33CCFF}] Markola: fds ele saiu
[16/07/2021 - 07:30:03] - [CHAT ADMIN {ff3399}Estágiario{33CCFF}] Natan_Insane: ATA NEM VI KKK
[16/07/2021 - 07:30:26] - [CHAT ADMIN {ff3399}Estágiario{33CCFF}] Markola: mudaram a praca
[16/07/2021 - 07:30:43] - [CHAT ADMIN {ff3399}Estágiario{33CCFF}] Natan_Insane: EU VI
[16/07/2021 - 07:31:28] - [CHAT ADMIN {ff3399}Estágiario{33CCFF}] Markola: quero fazer dinheiro mais n da
[16/07/2021 - 07:35:43] - [CHAT ADMIN {ff3399}Estágiario{33CCFF}] Markola: quero fazer dinheiro mais n da
[16/07/2021 - 15:50:31] - [CHAT ADMIN {ff3399}Aprendiz{33CCFF}] Carlos_Sales: foi mal natan
[16/07/2021 - 18:55:28] - [CHAT ADMIN {ff3399}Fundador{33CCFF}] Russo: tem mais?
[16/07/2021 - 19:02:50] - [CHAT ADMIN {ff3399}Estágiario{33CCFF}] Natan_Insane: VG
[16/07/2021 - 19:02:52] - [CHAT ADMIN {ff3399}Estágiario{33CCFF}] Natan_Insane: VG
[16/07/2021 - 19:02:53] - [CHAT ADMIN {ff3399}Fundador{33CCFF}] Russo: oi
[16/07/2021 - 19:03:02] - [CHAT ADMIN {ff3399}Estágiario{33CCFF}] Natan_Insane: 6SEISCAPA HACK
[16/07/2021 - 19:06:00] - [CHAT ADMIN {ff3399}Aprendiz{33CCFF}] BOBI.ImT: ei vg e o russo e
[16/07/2021 - 19:06:05] - [CHAT ADMIN {ff3399}Fundador{33CCFF}] Russo: s
[16/07/2021 - 19:06:07] - [CHAT ADMIN {ff3399}Fundador{33CCFF}] Russo: man
[16/07/2021 - 19:06:18] - [CHAT ADMIN {ff3399}Fundador{33CCFF}] Russo: povo de pvp q ta usando hack aq
[16/07/2021 - 19:06:21] - [CHAT ADMIN {ff3399}Fundador{33CCFF}] Russo: saporra
[16/07/2021 - 19:06:36] - [CHAT ADMIN {ff3399}Aprendiz{33CCFF}] BOBI.ImT: da cargo pra helper da cadeia
[16/07/2021 - 19:07:21] - [CHAT ADMIN {ff3399}Fundador{33CCFF}] Russo: porrrrrrrraa
[16/07/2021 - 19:07:24] - [CHAT ADMIN {ff3399}Fundador{33CCFF}] Russo: n puxa
[16/07/2021 - 19:07:39] - [CHAT ADMIN {ff3399}Fundador{33CCFF}] Russo: oia o abuso de poder bobi
[16/07/2021 - 19:07:42] - [CHAT ADMIN {ff3399}Fundador{33CCFF}] Russo: porra
[16/07/2021 - 19:07:59] - [CHAT ADMIN {ff3399}Aprendiz{33CCFF}] BOBI.ImT: tem taxi na cidade nao 
[16/07/2021 - 19:08:17] - [CHAT ADMIN {ff3399}Fundador{33CCFF}] Russo: tem moto de spawn
[16/07/2021 - 19:08:20] - [CHAT ADMIN {ff3399}Fundador{33CCFF}] Russo: pqp
[16/07/2021 - 19:08:49] - [CHAT ADMIN {ff3399}Aprendiz{33CCFF}] BOBI.ImT: e novato
[16/07/2021 - 19:08:55] - [CHAT ADMIN {ff3399}Fundador{33CCFF}] Russo: mais n e assim man
[16/07/2021 - 19:08:57] - [CHAT ADMIN {ff3399}Fundador{33CCFF}] Russo: mds
[16/07/2021 - 19:09:14] - [CHAT ADMIN {ff3399}Aprendiz{33CCFF}] BOBI.ImT: ela pergunto ser podia pegar a moto
[16/07/2021 - 19:13:42] - [CHAT ADMIN {ff3399}Aprendiz{33CCFF}] BOBI.ImT: vg pq ja tenho carteira e ta pedino pra eu tira na hora que vo pegar o onibus
[16/07/2021 - 19:43:57] - [CHAT ADMIN {ff3399}Aprendiz{33CCFF}] BOBI.ImT: ser a pessoa tiver dano fuga e ele corre pra base pode
[16/07/2021 - 19:46:36] - [CHAT ADMIN {ff3399}Aprendiz{33CCFF}] Alex_souza_FPS: VG CORNO TROCA O TEMPO :(
[16/07/2021 - 19:46:49] - [CHAT ADMIN {ff3399}Aprendiz{33CCFF}] Alex_souza_FPS: /TEMPO 27 
[16/07/2021 - 19:49:08] - [CHAT ADMIN {ff3399}Aprendiz{33CCFF}] Carlos_Sales: kakaak
[16/07/2021 - 19:49:16] - [CHAT ADMIN {ff3399}Administrador{33CCFF}] alemao_noguira: tu viu?
[16/07/2021 - 19:49:20] - [CHAT ADMIN {ff3399}Aprendiz{33CCFF}] Carlos_Sales: SS
[16/07/2021 - 19:49:25] - [CHAT ADMIN {ff3399}Administrador{33CCFF}] alemao_noguira: ja viu toma
[16/07/2021 - 19:49:50] - [CHAT ADMIN {ff3399}Administrador{33CCFF}] alemao_noguira: aaa agora crasho ne 
[16/07/2021 - 19:49:59] - [CHAT ADMIN {ff3399}Aprendiz{33CCFF}] Carlos_Sales: kkakaka
[16/07/2021 - 19:50:11] - [CHAT ADMIN {ff3399}Administrador{33CCFF}] alemao_noguira: esse carinha tem deuncia tanbem vai mofa 
[16/07/2021 - 19:50:33] - [CHAT ADMIN {ff3399}Aprendiz{33CCFF}] Carlos_Sales: ou esses pm e muito apelao doido
[16/07/2021 - 19:50:42] - [CHAT ADMIN {ff3399}Aprendiz{33CCFF}] Carlos_Sales: eles vem de heli nos caixa
[16/07/2021 - 19:52:49] - [CHAT ADMIN {ff3399}Aprendiz{33CCFF}] Carlos_Sales: KKKKKKKKKKKKKKK
[16/07/2021 - 19:53:27] - [CHAT ADMIN {ff3399}Administrador{33CCFF}] alemao_noguira: ele de mando particular e falo que nao sabia que era adm kksksmsksks
[16/07/2021 - 19:53:37] - [CHAT ADMIN {ff3399}Aprendiz{33CCFF}] Carlos_Sales: se ferrou
[16/07/2021 - 19:56:24] - [CHAT ADMIN {ff3399}Aprendiz{33CCFF}] Kauan_Santos: nussa de raspao
[16/07/2021 - 19:56:41] - [CHAT ADMIN {ff3399}Aprendiz{33CCFF}] Kauan_Santos: fala no voip
[16/07/2021 - 19:56:46] - [CHAT ADMIN {ff3399}Aprendiz{33CCFF}] Kauan_Santos: kkkkk
[16/07/2021 - 19:59:45] - [CHAT ADMIN {ff3399}Aprendiz{33CCFF}] Kauan_Santos: kkkk
[16/07/2021 - 19:59:50] - [CHAT ADMIN {ff3399}Aprendiz{33CCFF}] Alex_souza_FPS: putaria man
[16/07/2021 - 19:59:58] - [CHAT ADMIN {ff3399}Aprendiz{33CCFF}] Alex_souza_FPS: para ae pow
[16/07/2021 - 20:00:08] - [CHAT ADMIN {ff3399}Aprendiz{33CCFF}] Kauan_Santos: kkkkkk
[16/07/2021 - 20:00:30] - [CHAT ADMIN {ff3399}Aprendiz{33CCFF}] Kauan_Santos: fala no voip aee pow kkkkkkk
[16/07/2021 - 20:00:39] - [CHAT ADMIN {ff3399}Administrador{33CCFF}] alemao_noguira: caga man
[16/07/2021 - 20:00:46] - [CHAT ADMIN {ff3399}Aprendiz{33CCFF}] Kauan_Santos: lkkkkk
[16/07/2021 - 20:03:53] - [CHAT ADMIN {ff3399}Aprendiz{33CCFF}] Carlos_Sales: QM FOI O CORNO
[16/07/2021 - 20:04:02] - [CHAT ADMIN {ff3399}Aprendiz{33CCFF}] Kauan_Santos: alemao kkkk
[16/07/2021 - 20:05:54] - [CHAT ADMIN {ff3399}Aprendiz{33CCFF}] Kauan_Santos: SAI DO MODO ADM
[16/07/2021 - 20:06:04] - [CHAT ADMIN {ff3399}Aprendiz{33CCFF}] BOBI.ImT: QUEM
[16/07/2021 - 20:06:07] - [CHAT ADMIN {ff3399}Aprendiz{33CCFF}] Alex_souza_FPS: nos nao ta em acao 
[16/07/2021 - 20:06:13] - [CHAT ADMIN {ff3399}Aprendiz{33CCFF}] Kauan_Santos: SAI DO MODO ADM 
[16/07/2021 - 20:17:54] - [CHAT ADMIN {ff3399}Aprendiz{33CCFF}] Carlos_Sales: ALEX 
[16/07/2021 - 20:17:57] - [CHAT ADMIN {ff3399}Aprendiz{33CCFF}] Carlos_Sales: KKKK
[16/07/2021 - 20:17:59] - [CHAT ADMIN {ff3399}Aprendiz{33CCFF}] Alex_souza_FPS: oi
[16/07/2021 - 20:19:01] - [CHAT ADMIN {ff3399}Aprendiz{33CCFF}] Alex_souza_FPS: a mira do lek me seguindo 
[16/07/2021 - 20:19:42] - [CHAT ADMIN {ff3399}Aprendiz{33CCFF}] Alex_souza_FPS: eu mandando movimentacao proplayer e a mira do lek me seguindo
[16/07/2021 - 20:31:18] - [CHAT ADMIN {ff3399}Aprendiz{33CCFF}] Carlos_Sales: SO O VG PRA TIRAR
[16/07/2021 - 20:31:28] - [CHAT ADMIN {ff3399}Aprendiz{33CCFF}] Carlos_Sales: EITA CHAT ERRADO
[16/07/2021 - 20:38:11] - [CHAT ADMIN {ff3399}Aprendiz{33CCFF}] Carlos_Sales: ai tela o id 3
[16/07/2021 - 20:38:23] - [CHAT ADMIN {ff3399}Aprendiz{33CCFF}] Carlos_Sales: pode da /settime nele?
[16/07/2021 - 21:15:11] - [CHAT ADMIN {ff3399}Aprendiz{33CCFF}] HARlDADE: AFL KKKKKKOOKKK
[16/07/2021 - 21:15:23] - [CHAT ADMIN {ff3399}Aprendiz{33CCFF}] HARlDADE: esse K me odeia man
[16/07/2021 - 21:15:23] - [CHAT ADMIN {ff3399}Aprendiz{33CCFF}] BOBI.ImT: KKKKK
[16/07/2021 - 23:04:12] - [CHAT ADMIN {ff3399}Administrador{33CCFF}] alemao_noguira: mds cara quando for assim me fala q e ban
[16/07/2021 - 23:04:28] - [CHAT ADMIN {ff3399}Aprendiz{33CCFF}] jaozinho: deixa ela entra dnv
[16/07/2021 - 23:04:43] - [CHAT ADMIN {ff3399}Aprendiz{33CCFF}] jaozinho: ai
[16/07/2021 - 23:04:48] - [CHAT ADMIN {ff3399}Aprendiz{33CCFF}] jaozinho: id 33
[16/07/2021 - 23:29:04] - [CHAT ADMIN {ff3399}Aprendiz{33CCFF}] HARlDADE: ;-; vg e tu?
[17/07/2021 - 00:29:04] - [CHAT ADMIN {ff3399}Aprendiz{33CCFF}] HARlDADE: pode rouba loterica com 3 pm on?
[17/07/2021 - 00:29:23] - [CHAT ADMIN {ff3399}Fundador{33CCFF}] Russo: tem 3 pm so
[17/07/2021 - 00:29:30] - [CHAT ADMIN {ff3399}Aprendiz{33CCFF}] HARlDADE: s
[17/07/2021 - 00:29:40] - [CHAT ADMIN {ff3399}Fundador{33CCFF}] Russo: deixa rouba pra eu da adv ihij
[17/07/2021 - 00:29:52] - [CHAT ADMIN {ff3399}Aprendiz{33CCFF}] HARlDADE: tde ai:)
[17/07/2021 - 00:29:53] - [CHAT ADMIN {ff3399}Aprendiz{33CCFF}] Kauan_Santos: tem certeza q e 3 pm?
[17/07/2021 - 00:30:01] - [CHAT ADMIN {ff3399}Fundador{33CCFF}] Russo: da /playersom
[17/07/2021 - 00:30:03] - [CHAT ADMIN {ff3399}Fundador{33CCFF}] Russo: da /playerson
[17/07/2021 - 00:30:04] - [CHAT ADMIN {ff3399}Aprendiz{33CCFF}] HARlDADE: da /playerson
[17/07/2021 - 00:30:52] - [CHAT ADMIN {ff3399}Aprendiz{33CCFF}] HARlDADE: ja quer ferra a org denovo;-;
[17/07/2021 - 01:18:43] - [CHAT ADMIN {ff3399}Aprendiz{33CCFF}] Alex_souza_FPS: da tp em mim rapaziada
[17/07/2021 - 01:18:48] - [CHAT ADMIN {ff3399}Aprendiz{33CCFF}] Alex_souza_FPS: id 17
[17/07/2021 - 01:22:09] - [CHAT ADMIN {ff3399}Aprendiz{33CCFF}] Alex_souza_FPS: tela a inguica
[17/07/2021 - 01:23:36] - [CHAT ADMIN {ff3399}Aprendiz{33CCFF}] HARlDADE: meu fps na enguica fica zero
[17/07/2021 - 01:33:01] - [CHAT ADMIN {ff3399}Aprendiz{33CCFF}] Alex_souza_FPS: kk
[17/07/2021 - 01:33:07] - [CHAT ADMIN {ff3399}Aprendiz{33CCFF}] Alex_souza_FPS: ta puto ele kk
[17/07/2021 - 01:33:14] - [CHAT ADMIN {ff3399}Aprendiz{33CCFF}] HARlDADE: KKKKK
[17/07/2021 - 02:01:53] - [CHAT ADMIN {ff3399}Estágiario{33CCFF}] Natan_Insane: VG
[17/07/2021 - 02:01:54] - [CHAT ADMIN {ff3399}Estágiario{33CCFF}] Natan_Insane: VG
[17/07/2021 - 02:01:58] - [CHAT ADMIN {ff3399}Estágiario{33CCFF}] Natan_Insane: OLHA O PV
[17/07/2021 - 02:02:24] - [CHAT ADMIN {ff3399}Estágiario{33CCFF}] Natan_Insane: VG
[17/07/2021 - 02:02:25] - [CHAT ADMIN {ff3399}Estágiario{33CCFF}] Natan_Insane: OLHA O PV
[17/07/2021 - 02:05:30] - [CHAT ADMIN {ff3399}Estágiario{33CCFF}] Natan_Insane: MENOR
[17/07/2021 - 02:05:45] - [CHAT ADMIN {ff3399}Estágiario{33CCFF}] Natan_Insane: EAE VAI DAR OQ COM A TDT VAI DE RESET?
[17/07/2021 - 02:17:32] - [CHAT ADMIN {ff3399}Estágiario{33CCFF}] Markola: como usa o radinho gqy?
[17/07/2021 - 02:17:44] - [CHAT ADMIN {ff3399}Fundador{33CCFF}] Russo: eu tirei
[17/07/2021 - 02:17:52] - [CHAT ADMIN {ff3399}Estágiario{33CCFF}] Markola: aaaaa mentira
[17/07/2021 - 02:25:11] - [CHAT ADMIN {ff3399}Fundador{33CCFF}] Russo: tamo gravando
[17/07/2021 - 02:25:15] - [CHAT ADMIN {ff3399}Aprendiz{33CCFF}] Kauan_Santos: bl
[17/07/2021 - 02:26:29] - [CHAT ADMIN {ff3399}Aprendiz{33CCFF}] Carlos_Sales: esse cara e doido so pode
[17/07/2021 - 02:27:58] - [CHAT ADMIN {ff3399}Aprendiz{33CCFF}] Carlos_Sales: quer ajuda ai vg?
[17/07/2021 - 02:28:06] - [CHAT ADMIN {ff3399}Fundador{33CCFF}] Russo: rlx
[17/07/2021 - 02:32:14] - [CHAT ADMIN {ff3399}Aprendiz{33CCFF}] Kauan_Santos: russo
[17/07/2021 - 02:32:24] - [CHAT ADMIN {ff3399}Aprendiz{33CCFF}] Kauan_Santos: achei um app bom kkkk
[17/07/2021 - 02:32:34] - [CHAT ADMIN {ff3399}Aprendiz{33CCFF}] Kauan_Santos: pra dar hs kkkk
[17/07/2021 - 02:41:24] - [CHAT ADMIN {ff3399}Aprendiz{33CCFF}] Kauan_Santos: vo da kick
[17/07/2021 - 02:41:26] - [CHAT ADMIN {ff3399}Aprendiz{33CCFF}] Kauan_Santos: por dm
[17/07/2021 - 02:41:30] - [CHAT ADMIN {ff3399}Fundador{33CCFF}] Russo: nnn
[17/07/2021 - 02:41:35] - [CHAT ADMIN {ff3399}Fundador{33CCFF}] Russo: tamo gravando fdp
[17/07/2021 - 02:41:40] - [CHAT ADMIN {ff3399}Aprendiz{33CCFF}] Kauan_Santos: kkkk
[17/07/2021 - 02:56:59] - [CHAT ADMIN {ff3399}Aprendiz{33CCFF}] Carlos_Sales: EU ANUNCIO A CAIXA SO QUE EU N CONSIGO PEGAR
[17/07/2021 - 02:57:06] - [CHAT ADMIN {ff3399}Aprendiz{33CCFF}] Carlos_Sales: SO EU MESMO
[17/07/2021 - 03:10:55] - [CHAT ADMIN {ff3399}Aprendiz{33CCFF}] Carlos_Sales: HARI?
[17/07/2021 - 03:11:08] - [CHAT ADMIN {ff3399}Aprendiz{33CCFF}] HARlDADE: oi
[17/07/2021 - 03:11:14] - [CHAT ADMIN {ff3399}Aprendiz{33CCFF}] Carlos_Sales: tu e mobile man?
[17/07/2021 - 03:11:20] - [CHAT ADMIN {ff3399}Aprendiz{33CCFF}] HARlDADE: tbm
[17/07/2021 - 03:11:39] - [CHAT ADMIN {ff3399}Aprendiz{33CCFF}] Carlos_Sales: baixa um app chamado octopus
[17/07/2021 - 03:12:10] - [CHAT ADMIN {ff3399}Aprendiz{33CCFF}] HARlDADE: to procurando um cabo que usa pra conecta o teclado e o mouse no cell
[17/07/2021 - 03:12:29] - [CHAT ADMIN {ff3399}Aprendiz{33CCFF}] Carlos_Sales: e o cabo otg
[17/07/2021 - 03:12:36] - [CHAT ADMIN {ff3399}Aprendiz{33CCFF}] HARlDADE: blz
[17/07/2021 - 03:12:47] - [CHAT ADMIN {ff3399}Aprendiz{33CCFF}] HARlDADE: sabe alguma lloja especifica?
[17/07/2021 - 03:13:01] - [CHAT ADMIN {ff3399}Aprendiz{33CCFF}] Carlos_Sales: tem na bet
[17/07/2021 - 03:13:03] - [CHAT ADMIN {ff3399}Aprendiz{33CCFF}] Carlos_Sales: net
[17/07/2021 - 03:13:14] - [CHAT ADMIN {ff3399}Aprendiz{33CCFF}] Carlos_Sales: mercado livre
[17/07/2021 - 03:13:26] - [CHAT ADMIN {ff3399}Aprendiz{33CCFF}] Carlos_Sales: mais eu comprei o meu
[17/07/2021 - 03:13:27] - [CHAT ADMIN {ff3399}Aprendiz{33CCFF}] HARlDADE: blz vou ver depois isso
[17/07/2021 - 03:13:32] - [CHAT ADMIN {ff3399}Aprendiz{33CCFF}] Carlos_Sales: em barraquinha
[17/07/2021 - 03:13:38] - [CHAT ADMIN {ff3399}Aprendiz{33CCFF}] Carlos_Sales: que vende jogo de ps2
[17/07/2021 - 03:13:39] - [CHAT ADMIN {ff3399}Aprendiz{33CCFF}] HARlDADE: hmmm
[17/07/2021 - 03:13:55] - [CHAT ADMIN {ff3399}Aprendiz{33CCFF}] HARlDADE: segunda ent vou sair por ai procurando KKKK
[17/07/2021 - 03:14:00] - [CHAT ADMIN {ff3399}Aprendiz{33CCFF}] Carlos_Sales: kkkkk
[17/07/2021 - 03:14:02] - [CHAT ADMIN {ff3399}Aprendiz{33CCFF}] HARlDADE: quando foi o teo?
[17/07/2021 - 03:14:11] - [CHAT ADMIN {ff3399}Aprendiz{33CCFF}] HARlDADE: qunto*
[17/07/2021 - 03:14:11] - [CHAT ADMIN {ff3399}Aprendiz{33CCFF}] Carlos_Sales: 15 conto
[17/07/2021 - 03:14:16] - [CHAT ADMIN {ff3399}Aprendiz{33CCFF}] HARlDADE: blz
[17/07/2021 - 03:14:26] - [CHAT ADMIN {ff3399}Aprendiz{33CCFF}] Carlos_Sales: mais tem que ter o adaptador t
[17/07/2021 - 03:14:29] - [CHAT ADMIN {ff3399}Aprendiz{33CCFF}] Carlos_Sales: tbm
[17/07/2021 - 03:14:36] - [CHAT ADMIN {ff3399}Aprendiz{33CCFF}] HARlDADE: tlgs
[17/07/2021 - 03:14:41] - [CHAT ADMIN {ff3399}Aprendiz{33CCFF}] HARlDADE: quanto foi?
[17/07/2021 - 03:14:49] - [CHAT ADMIN {ff3399}Aprendiz{33CCFF}] Carlos_Sales: o meu foi 40
[17/07/2021 - 03:14:54] - [CHAT ADMIN {ff3399}Aprendiz{33CCFF}] Carlos_Sales: mais varia de preco
[17/07/2021 - 03:14:58] - [CHAT ADMIN {ff3399}Aprendiz{33CCFF}] HARlDADE: carai;(
[17/07/2021 - 03:15:05] - [CHAT ADMIN {ff3399}Aprendiz{33CCFF}] HARlDADE: meu rim
[17/07/2021 - 03:15:09] - [CHAT ADMIN {ff3399}Aprendiz{33CCFF}] Carlos_Sales: kkkk
[17/07/2021 - 03:15:32] - [CHAT ADMIN {ff3399}Aprendiz{33CCFF}] HARlDADE: ent esperar receber e ver isso ai
[17/07/2021 - 03:15:40] - [CHAT ADMIN {ff3399}Aprendiz{33CCFF}] Carlos_Sales: blz kkk
[17/07/2021 - 03:16:01] - [CHAT ADMIN {ff3399}Aprendiz{33CCFF}] HARlDADE: so tenho din pra compra o cabo
[17/07/2021 - 03:16:05] - [CHAT ADMIN {ff3399}Aprendiz{33CCFF}] Carlos_Sales: FALANDO EM RECEBER TINHA QUE DAR SALARIO PRA STAFF NO JOGO
[17/07/2021 - 03:16:19] - [CHAT ADMIN {ff3399}Aprendiz{33CCFF}] HARlDADE: NE MAN EU TAVA PENSANDO NISSO JA
[17/07/2021 - 03:16:37] - [CHAT ADMIN {ff3399}Aprendiz{33CCFF}] Carlos_Sales: slk agente trabalha igual escravo
[17/07/2021 - 03:16:45] - [CHAT ADMIN {ff3399}Aprendiz{33CCFF}] Carlos_Sales: e nao ganha bosta nenhuma
[17/07/2021 - 03:16:53] - [CHAT ADMIN {ff3399}Aprendiz{33CCFF}] HARlDADE: DA TRISTEZA:(
[17/07/2021 - 03:17:02] - [CHAT ADMIN {ff3399}Aprendiz{33CCFF}] Carlos_Sales: vdd :(
[17/07/2021 - 03:17:12] - [CHAT ADMIN {ff3399}Aprendiz{33CCFF}] Carlos_Sales: LIBERDADE VAI CANTAR
[17/07/2021 - 03:17:31] - [CHAT ADMIN {ff3399}Aprendiz{33CCFF}] Carlos_Sales: ae to solto
[17/07/2021 - 03:17:46] - [CHAT ADMIN {ff3399}Aprendiz{33CCFF}] HARlDADE: LIBEDADE CANTOOOO
[17/07/2021 - 03:18:17] - [CHAT ADMIN {ff3399}Aprendiz{33CCFF}] Carlos_Sales: eu to ficando e triste man
[17/07/2021 - 03:18:24] - [CHAT ADMIN {ff3399}Aprendiz{33CCFF}] Carlos_Sales: com treta de org
[17/07/2021 - 03:18:39] - [CHAT ADMIN {ff3399}Aprendiz{33CCFF}] HARlDADE: ta dando desanimo 
[17/07/2021 - 03:18:43] - [CHAT ADMIN {ff3399}Aprendiz{33CCFF}] Carlos_Sales: ne
[17/07/2021 - 03:19:51] - [CHAT ADMIN {ff3399}Aprendiz{33CCFF}] Carlos_Sales: eu to pensando em virar civil ja kkkk
[17/07/2021 - 03:19:58] - [CHAT ADMIN {ff3399}Aprendiz{33CCFF}] HARlDADE: KKKK
[17/07/2021 - 03:22:35] - [CHAT ADMIN {ff3399}Aprendiz{33CCFF}] HARlDADE: vem pra minha org carlos aqui se faz as melhr acao limpa:)
[17/07/2021 - 03:22:51] - [CHAT ADMIN {ff3399}Aprendiz{33CCFF}] HARlDADE: man
[17/07/2021 - 03:22:54] - [CHAT ADMIN {ff3399}Aprendiz{33CCFF}] Kauan_Santos: ta querendo comprar membro?
[17/07/2021 - 03:22:57] - [CHAT ADMIN {ff3399}Aprendiz{33CCFF}] HARlDADE: comprei dis carro
[17/07/2021 - 03:23:03] - [CHAT ADMIN {ff3399}Aprendiz{33CCFF}] HARlDADE: dois
[17/07/2021 - 03:23:13] - [CHAT ADMIN {ff3399}Aprendiz{33CCFF}] Carlos_Sales: ai bugou ne kkk
[17/07/2021 - 03:23:14] - [CHAT ADMIN {ff3399}Aprendiz{33CCFF}] HARlDADE: e os dois ta com numero 0:-:
[17/07/2021 - 03:23:30] - [CHAT ADMIN {ff3399}Aprendiz{33CCFF}] HARlDADE: agora pra procura um da
[17/07/2021 - 03:23:36] - [CHAT ADMIN {ff3399}Aprendiz{33CCFF}] HARlDADE: e o outro fudeo
[17/07/2021 - 03:23:55] - [CHAT ADMIN {ff3399}Aprendiz{33CCFF}] HARlDADE: KKK
[17/07/2021 - 03:24:00] - [CHAT ADMIN {ff3399}Aprendiz{33CCFF}] Carlos_Sales: eu odeio morrer man
[17/07/2021 - 03:24:11] - [CHAT ADMIN {ff3399}Aprendiz{33CCFF}] HARlDADE: MORREU COMO KKK?
[17/07/2021 - 03:24:11] - [CHAT ADMIN {ff3399}Aprendiz{33CCFF}] Carlos_Sales: os cara pegam minha rg
[17/07/2021 - 03:24:22] - [CHAT ADMIN {ff3399}Aprendiz{33CCFF}] Carlos_Sales: morrendo
[17/07/2021 - 03:24:25] - [CHAT ADMIN {ff3399}Aprendiz{33CCFF}] Carlos_Sales: kkkk
[17/07/2021 - 03:24:32] - [CHAT ADMIN {ff3399}Aprendiz{33CCFF}] HARlDADE: NOSSA MAGUO:(
[17/07/2021 - 03:24:41] - [CHAT ADMIN {ff3399}Aprendiz{33CCFF}] Carlos_Sales: nem eu sei como eu morri
[17/07/2021 - 03:30:54] - [CHAT ADMIN {ff3399}Aprendiz{33CCFF}] HARlDADE: RTTTTTT
[17/07/2021 - 03:30:59] - [CHAT ADMIN {ff3399}Aprendiz{33CCFF}] HARlDADE: ue
[17/07/2021 - 03:33:12] - [CHAT ADMIN {ff3399}Aprendiz{33CCFF}] HARlDADE: bom eu vou encerrando meu turno bjs pra quem fica 
[17/07/2021 - 03:33:28] - [CHAT ADMIN {ff3399}Aprendiz{33CCFF}] Carlos_Sales: bom dia
[17/07/2021 - 03:33:36] - [CHAT ADMIN {ff3399}Aprendiz{33CCFF}] HARlDADE: bom madrudia
[17/07/2021 - 03:33:48] - [CHAT ADMIN {ff3399}Aprendiz{33CCFF}] Kauan_Churritos: o gente
[17/07/2021 - 03:33:53] - [CHAT ADMIN {ff3399}Aprendiz{33CCFF}] HARlDADE: oi
[17/07/2021 - 03:33:53] - [CHAT ADMIN {ff3399}Aprendiz{33CCFF}] Carlos_Sales: oi churros
[17/07/2021 - 03:34:00] - [CHAT ADMIN {ff3399}Aprendiz{33CCFF}] Kauan_Churritos: da uma olhada no id 7
[17/07/2021 - 03:34:09] - [CHAT ADMIN {ff3399}Aprendiz{33CCFF}] Kauan_Churritos: a lindesa que ele ta a fazer
[17/07/2021 - 03:34:36] - [CHAT ADMIN {ff3399}Aprendiz{33CCFF}] HARlDADE: printei antes uffa kkk
[17/07/2021 - 03:34:44] - [CHAT ADMIN {ff3399}Aprendiz{33CCFF}] Kauan_Churritos: HEHE
[17/07/2021 - 03:34:46] - [CHAT ADMIN {ff3399}Aprendiz{33CCFF}] HARlDADE: quase n pego
[17/07/2021 - 03:34:46] - [CHAT ADMIN {ff3399}Aprendiz{33CCFF}] Carlos_Sales: NSS SEU CORNO
[17/07/2021 - 03:34:51] - [CHAT ADMIN {ff3399}Aprendiz{33CCFF}] Carlos_Sales: EU IA DA KICK
[17/07/2021 - 03:34:53] - [CHAT ADMIN {ff3399}Aprendiz{33CCFF}] HARlDADE: KKKKKKKKK
[17/07/2021 - 03:35:03] - [CHAT ADMIN {ff3399}Aprendiz{33CCFF}] HARlDADE: VOU LA DEUNCIAR
[17/07/2021 - 03:35:10] - [CHAT ADMIN {ff3399}Aprendiz{33CCFF}] Carlos_Sales: blz meu man
[17/07/2021 - 03:35:15] - [CHAT ADMIN {ff3399}Aprendiz{33CCFF}] Kauan_Churritos: BLZ MEU MAN
[17/07/2021 - 03:35:28] - [CHAT ADMIN {ff3399}Aprendiz{33CCFF}] Carlos_Sales: VC JA TA E TIRANO CHURROS
[17/07/2021 - 03:35:38] - [CHAT ADMIN {ff3399}Aprendiz{33CCFF}] Kauan_Churritos: ele voltou
[17/07/2021 - 03:35:42] - [CHAT ADMIN {ff3399}Aprendiz{33CCFF}] HARlDADE: VLW AI SEUS LINDO BOM,TURNO,PROS Q FICA
[17/07/2021 - 03:36:35] - [CHAT ADMIN {ff3399}Aprendiz{33CCFF}] Carlos_Sales: boa madrugada
[17/07/2021 - 03:37:46] - [CHAT ADMIN {ff3399}Aprendiz{33CCFF}] Carlos_Sales: eu explodi o carro do cara sem querer kkk
[17/07/2021 - 03:38:07] - [CHAT ADMIN {ff3399}Aprendiz{33CCFF}] Kauan_Churritos: carlinho vem aki
[17/07/2021 - 03:38:08] - [CHAT ADMIN {ff3399}Aprendiz{33CCFF}] Carlos_Sales: culpa do churros
[17/07/2021 - 03:38:24] - [CHAT ADMIN {ff3399}Aprendiz{33CCFF}] Kauan_Churritos: ti lascar
[17/07/2021 - 03:40:47] - [CHAT ADMIN {ff3399}Aprendiz{33CCFF}] Carlos_Sales: NAO SAI FORA
[17/07/2021 - 03:40:56] - [CHAT ADMIN {ff3399}Aprendiz{33CCFF}] Carlos_Sales: VC QUE ME ARRASTOU PRA CA
[17/07/2021 - 03:41:10] - [CHAT ADMIN {ff3399}Aprendiz{33CCFF}] Kauan_Churritos: agora tu resolve kakakakaka
[17/07/2021 - 03:44:57] - [CHAT ADMIN {ff3399}Aprendiz{33CCFF}] Carlos_Sales: VG ME DA DINHEIRO
