** BOPE(4) Fumassa: QAP! **
** BOPE(4) Fumassa: QAP? COPOM **
** BOPE(4) Fumassa: QAP **
** GOV(L) Fumassa: QAP **
** GOV(L) Fumassa: QUERO TODOS POLICIAIS NA PREFEITURA **
** GOV(L) Fumassa: QUERO TODOS POLICIAIS NA PREFEITURA AGORA **
** GOV(L) Fumassa: FIQUEM DO MEU LADO **
** GOV(L) Fumassa: ENTRA NA PREFE **
** GOV(L) Fumassa: POLICIAIS PREFEITURA AGORA **
** GOV(L) Fumassa: POLICIAIS PREFEITURA AGORA **
** GOV(L) Fumassa: QUERO UM BLINDADO NA PREFEITURA AGORA **
** GOV(L) Fumassa: QUERO UM BLINDADO NA PREFEITURA AGORA **
** GOV(L) Fumassa: PREVISO DE UM BLINDADO REPITO **
** GOV(L) Fumassa: PRECISO DE UM BLINDADO E SEGURANCAS AGORA **
** GOV(L) Fumassa: QUERO TODAS GUARNICOES ME ACOMPANHANDO AGORA **
** GOV(L) Fumassa: QUERO TODOS GUARNICOES NA BINCO **
** GOV(L) Fumassa: ATENCAO BOLSA FAMILIA EM ESTANTES NA PREFEITURA **
** GOV(L) Fumassa: QUERO TODAS GUARNICOES NA PREFEITURA AGORA **
** GOV(L) Fumassa: QUERO TODAS GUARNICOES NA PREFEITURA AGORA **
** GOV(L) Fumassa: QUERO TODAS GUARNICOES NA PREFEITURA AGORA **
** GOV(L) Fumassa: QUERO TODAS GUARNICOES NA PREFEITURA AGORA REPITO **
** GOV(L) Fumassa: QUERO TODS PREEITURA AGORA **
** GOV(L) Fumassa: BOPE PREFEIYURA AGORAAAAA **
** GOV(L) Fumassa: QUERO TODOS AGORA OU ESTAO DEMITIDOS **
** GOV(L) Fumassa: QAP? **
** GOV(L) Fumassa: QUERO TODAS GUARNICOES NA PREFEITURA AGORA **
** GOV(L) Fumassa: QUERO TODAS GUARNICOES NA PREFEITURA AGORA PARA FAZER MINHA GUARDA **
** GOV(4) Riquelme_Emanuel: FIQUEM ARMADOS **
** GOV(L) Fumassa: CD VCS **
** GOV(4) Riquelme_Emanuel: MATAMO ELE **
** GOV(4) Riquelme_Emanuel: ME AMEACOU **
** GOV(4) Riquelme_Emanuel: E ABRIRAM FOGOS CONTRA NOS **
** GOV(4) Riquelme_Emanuel: PM **
** GOV(4) Riquelme_Emanuel: PEGUE TODOS SEUS PMS **
** GOV(4) Riquelme_Emanuel: VAMOS INVADIR LA **
** GOV(L) Fumassa: ok **
** GOV(4) Riquelme_Emanuel: PAI CADE VC? **
** GOV(L) Fumassa: CANCELA INVASAO **
** GOV(L) Fumassa: TODOS PREFEITURA **
** GOV(L) Fumassa: AGORA **
** GOV(L) Fumassa: QUERO DOIS BLINDADOS NA PREFEITURA **
** GOV(4) Riquelme_Emanuel: ABRIRAM FOGOS CONTRA NOSSS **
** GOV(4) Riquelme_Emanuel: ABRIRAM FOGOS CONTRA NOSSS **
** GOV(4) Riquelme_Emanuel: PEGA OS CARROS **
** GOV(4) Riquelme_Emanuel: VAMOS ATRAS **
** GOV(L) Fumassa: ENTREM NOS CARROS **
** GOV(4) Riquelme_Emanuel: vem katchau **
** GOV(L) Fumassa: VEM NOS BLINDADO  **
** GOV(L) Fumassa: BLINDADO  **
** GOV(4) Riquelme_Emanuel: VAMOS DE DOS BLINDADOS **
** GOV(L) Fumassa: MT LEIGOS **
** GOV(L) Fumassa: BOA RED **
** GOV(4) Riquelme_Emanuel: VAI NA BASE DELES **
** GOV(L) Fumassa: VAI BASE DELES AVISA QUANDO CHEGAR **
** GOV(4) Riquelme_Emanuel: CHEGAMOS **
** GOV(4) Riquelme_Emanuel: ENTRA **
** GOV(4) Riquelme_Emanuel: TAMO SEGUINDO O LIDER DA GROOVE **
** GOV(L) Fumassa: PODE ABRIR CODIGO 5 **
** GOV(L) Fumassa: VAMOS NA PREFETURA **
** GOV(L) Fumassa: VAMOS NA GROOVE **
** GOV(L) Fumassa: FAZER UMA LIMPA **
** GOV(L) Fumassa: ME PEGA NA GROOVE **
** GOV(L) Fumassa: CD VCS **
** GOV(L) Fumassa: VO SAIR  /OOC **
** PF(5) Miguel_Pinheiro: qth pref  **
** GOV(4) Riquelme_Emanuel: JA VOLTO TO TELANDO UM CARA Q FOI ACUSADO DE SOBEIT **
** GOV(4) Riquelme_Emanuel: . **
** GOV(L) Fumassa: QAP **
** GOV(L) Fumassa: QAP? **
** GOV(L) Fumassa: BOPE TEM 2 minutos pra vir prefeiyura **
** GOV(L) Fumassa: QAP **
** GOV(L) Fumassa: SMOKE ME SEGUE OK **
** GOV(L) Fumassa: TO COM MOTORISTA MAIS N E CONFIAVEL MT **
** GOV(L) Fumassa: DA /PROCURAR 5 E FICA ME SEGUINDO /OOC **
** GOV(L) Fumassa: vem aqui **
** GOV(L) Fumassa: NESSA VTR  **
** GOV(L) Fumassa: N A NECESSIDADE DE BLINDADO **
** GOV(L) Fumassa: QUEM E DA BOPE AI? **
** GOV(L) Fumassa: TEM 10 SEGUNDOS PRA RESPINDE **
** GOV(L) Fumassa: QUEM DA BOPE AI VEM PRACA AGORA **
** GOV(L) Fumassa: QTA **
** GOV(L) Fumassa: DA QTA **
** GOV(L) Fumassa: DA QTA **
** GOV(L) Fumassa: DA QTA SAIR DO LOCAL **
** GOV(L) Fumassa: QRR TOTAL **
** GOV(L) Fumassa: VEM PREFE **
** GOV(L) Fumassa: TODOS PREFEITURA **
** GOV(L) Fumassa: TODOS PREFEITURA AGORA **
** GOV(L) Fumassa: TODOS PM PREFEITURA AGIRA **
** GOV(L) Fumassa: GIQUEM AI **
** GOV(L) Fumassa: VAO VAIXINHA **
** GOV(L) Fumassa: VAMOS **
** GOV(L) Fumassa: DP **
** GOV(L) Fumassa: QAP **
** GN(5) Eric_Silva: QAP COPOM **
** GN(5) Eric_Silva: VIATURA DO EB INICIANDO PTR QUAL QUER QRR/QRU JOGA NA REDE QSL **
** GOV(L) Fumassa: TODOS PREFEITURA FAZER MINHA ESCOLTA **
** GN(5) Eric_Silva: QSL **
** GOV(L) Fumassa: TODOS PREFEITURA FAZER MINHA ESCOLTA **
** GOV(L) Fumassa: JAJA VOU PAGAR VCS OK **
** GOV(L) Fumassa: SO ESPERAR UNS MINUYINHOS **
** GOV(L) Fumassa: SO VAI RECEBER QUE ESTIVER PREFEITURA **
** GOV(L) Fumassa: FACA FILA **
** GOV(L) Fumassa: PODE SAIR DA PREFE JA **
** GOV(L) Fumassa: QUERO ALHUEM PRA ME PEGAR **
** GOV(L) Fumassa: QAP **
** GOV(L) Fumassa: TODOS PREFEITURA AGORA **
** GOV(L) Fumassa: QAP **
** GN(L) zEverton_Silva: pode lock on ? **
** GN(L) zEverton_Silva: chat errado desculpe **
** GOV(5) Riquelme_Emanuel: NO MOMENTO SIM ESTAMOS ADD O HS **
** GOV(L) Fumassa: QUERO TODAS GUARNICOES NA PREFEITURA AGORA **
** GOV(L) Fumassa: DPS DO MORRO DA MARE QUERO TODOS NA PREFEITURA **
** GOV(L) Fumassa: QUERO TODAS DA POLICIA MILITAR NA PREFEITURA AGORA **
** GOV(L) Fumassa: QUERO TODAS DA POLICIA MILITAR NA PREFEITURA AGORA **
** GN(5) Eric_Silva: Qap Copom **
** GOV(L) Fumassa: QAP **
** GOV(L) Fumassa: QAP? **
** GN(5) Eric_Silva: Qap Prefeito **
** GOV(L) Fumassa: QAP **
** GN(5) Eric_Silva: Precisa de Escolta ? **
** GOV(L) Fumassa: Sempre **
** GN(5) Eric_Silva: Qual Seu Local? **
** GOV(L) Fumassa: Estou prefeitura saindo agora **
** GN(5) Eric_Silva: estamos atraz de vc **
** GOV(L) Fumassa: QAP? **
** GN(5) Eric_Silva: Qap Prossiga **
** GOV(L) Fumassa: QSO QUERO TODAS GUARNICOES NA PREFEITURA PARA TREINO **
** GOV(L) Fumassa: QSO QUERO TODAS GUARNICOES NA PREFEITURA PARA TREINO **
** GOV(L) Fumassa: SEGAM ME **
** GOV(L) Fumassa: CD A PM APENAS A GN ESTA AQUI **
** GN(L) zEverton_Silva: tu perdese ? **
** GOV(L) Fumassa: CD OS CODIGOS? **
** GOV(L) Fumassa: QRR QTH ?,CD **
** GN(L) zEverton_Silva: QAP COMPO ? **
** GOV(L) Fumassa: DA /M LIBERADO /OOC **
** GN(5) Eric_Silva: vamos buscar mais soldado prefeito **
** GOV(L) Fumassa: OK **
** GOV(L) Fumassa: TREINO ENCERRAD POR HJ OK **
** GN(5) Eric_Silva: o auxilio e dentro ou fora **
** GN(5) Eric_Silva: mds kkkkk **
** GN(5) Eric_Silva: o auxilio e dentro ou fora da prefeitura **
** GOV(L) Fumassa: DENRTO **
** GOV(L) Fumassa: VAO SER PAGOS JAJA EB OK **
** GOV(L) Fumassa: VAI LA GORA **
** GOV(L) Fumassa: VAI DEXA ELE ME DIFAMAR **
** GOV(L) Fumassa: QUERO TODAS GUARNICOES E PREPARANDO PARA INTERVIR PARK GLEN **
** GOV(L) Fumassa: SE PREPAREM **
** GOV(L) Fumassa: PARK GLEN **
** GOV(L) Fumassa: PARK GLEN EM 5 MINUTOS IREMOS INTERVIR **
** GOV(L) Fumassa: TODOS PREPARADOS? **
** GN(5) Eric_Silva: QTH  **
** GOV(L) Fumassa: QAP? **
** GN(5) Eric_Silva: Qap Copom **
** GN(5) Eric_Silva: Vtr 002 Do EB iniciando ptr qualquer QRR/QRU joga na rede Qsl **
** GOV(L) Fumassa: Qsl **
** GOV(L) Fumassa: Vou qrx tomar cafe **
** GN(4) RAPOZA_BB: VTR DA EB INICIANDO PTR QUALQUER QRR/QRU SO JOGAR NA REDE **
** GN(4) RAPOZA_BB: VTR DA EB INICIANDO PTR QUALQUER QRR/QRU SO JOGAR NA REDE **
** GN(4) RAPOZA_BB: ROCAM DA EB ENTRANDO EM PTR QUALQUER QRR/QRU SO JOGAR NA REDE **
** GOV(L) Fumassa: QRR TOTAL **
** GOV(L) Fumassa: QRR TOLTAL PERTO DA CV **
** GN(5) Eric_Silva: LIDER DA PM AI ? **
** GN(5) Eric_Silva: Comandante da Pm ai ?! **
** GN(5) Scarface04: pm?? **
** GOV(L) Fumassa: QAP **
** GN(5) Eric_Silva: prefeito pode ir base da PM ? **
** GOV(L) Fumassa: NEGATIVO **
** GN(5) Eric_Silva: quando poder estamos esperando.  **
** GOV(L) Fumassa: VENHAO PREFEITURA **
** PM(L) Red_beiramar: QTI DA PREFEITURA **
** GN(5) Eric_Silva: precisa mais nao **
** GOV(L) Fumassa: ESTAO ME INGNORANDO? **
** GOV(L) Fumassa: QUERO TODAS DA PM URGENTE  NA PRFE **
** GOV(L) Fumassa: qrr **
** GOV(L) Fumassa: SEQUESTRARAO EU SOCORRO **
** GN(4) RAPOZA_BB: QAP **
** GN(4) RAPOZA_BB: PRECISA QUE EU TE BUSQUE GOVERNADOR **
** GOV(L) Fumassa: TOU SEQUESTRADO PELA PM VEM AQUI RAPIDO **
** GN(4) RAPOZA_BB: OK **
** GATE(L) andre_domi: em que qth? **
** GOV(L) Fumassa: PROVURAR ID 7 /ooc **
** GN(4) RAPOZA_BB: TA SALVO **
** GN(4) RAPOZA_BB: PASSA CALL **
** GN(4) RAPOZA_BB: SE PRECISA SO CHAMA **
** GATE(L) andre_domi: QAP CENTRAL ESTAMO EM PTR QUALQUER QRR SO Chamar!! **
** GATE(L) andre_domi: qsl? **
** GN(5) Scarface04: QRR **
** GN(5) Scarface04: FAVELA **
** GN(5) Eric_Silva: Qap Copom  **
** GN(5) Eric_Silva: Alguma Guarnicao na Escuta ? **
** GOV(L) Vinicius_Russef: algum policial ai? **
** GOV(L) Vinicius_Russef: algum policial? **
** PM(5) Zuerim_Bahiano: UNIDADE 01 DA PM INICIANDO PTR EM LS **
** PM(L) Wagner_Barbosa: QAP COPOM **
** PM(L) Wagner_Barbosa: comando tatico da PM em ptr **
** PM(L) Wagner_Barbosa: qualquer qrr/qru so informar na rede **
** PM(4) Sr_Carloz: qrr posto sul **
** PM(4) Sr_Carloz: qrr posto sull **
** PM(4) Sr_Carloz: linha do trem **
** PM(4) Sr_Carloz: UND 001 e  002 iniciando ptr qq qrr/qru joga na rede **
** PM(5) Zuerim_Bahiano: vai **
** BOPE(L) Maicon_Lopes: ATENDO QRR **
** GN(L) zEverton_Silva: qrr **
** BOPE(L) Maicon_Lopes: QTH **
** GN(L) zEverton_Silva: posto **
** PM(4) Sr_Carloz: pode ptr sozin na corp? **
** GN(L) zEverton_Silva: nao **
** GN(L) zEverton_Silva: 4 individos  **
** PM(4) Sr_Carloz: pq vc ta sozin em acao? **
** GN(L) zEverton_Silva: meu parca morreu **
** PM(L) Wagner_Barbosa: QAP COPOM **
** PM(L) Wagner_Barbosa: QAP COPOM /d **
** PM(L) Wagner_Barbosa: QAP COPOM **
** PM(L) Wagner_Barbosa: COMANDO ROCAM EM PTR **
** PM(L) Wagner_Barbosa: QUALQUER QRR OU QRU SO INFORMA NA REDE **
** PM(4) Sr_Carloz: qrrna frente,da base taxi **
** GN(L) zEverton_Silva: vai em org **
** GN(L) zEverton_Silva: chat errado desculpe **
** PF(L) Drackzx_RP: mss **
** PF(L) Drackzx_RP: PM MDSSSS **
** PF(L) Drackzx_RP: PM MDSSSS **
** PM(4) Sr_Carloz: 2 individuos no caixa **
** PF(L) Drackzx_RP: qsl **
** PM(4) Sr_Carloz: tem um encima do predio **
** PM(4) Sr_Carloz: 2 individuos no caixinha q estourou **
** PM(4) Sr_Carloz: 3 na vdd **
** GN(4) RAPOZA_BB: ROCAM DA EB INICIANDO PTR QUALQUER QRR/QRU SO JOGA NA REDE  **
** PM(4) Sr_Carloz: QSL BOM PTR **
** GN(4) RAPOZA_BB: TKS **
** PM(4) Sr_Carloz: eb quer fazer ptr de rocam cmigo? **
** PM(4) Sr_Carloz: eb quer fazer ptr de rocam cmigo? **
** PM(4) Sr_Carloz: ROCAM,DA PM INICIANDO PTR QQ QRR/QRU JOGA NA REDE **
** PM(4) Sr_Carloz: QRR NO CAIXINHAA **
** PM(4) Sr_Carloz: QRR NO CAIXINHAA **
** GN(4) RAPOZA_BB: o cara nem me viu e a mira grudo blz **
** PM(4) Sr_Carloz: PM FINALIZANDO PTR **
** GN(4) RAPOZA_BB: QUEM PRECIZAR DE PARCEIRO PRA TPR A EB ESTA AQUI **
** GN(4) RAPOZA_BB: QUEM PRECIZAR DE PARCEIRO PRA PRT A EB ESTA AQUI **
** GN(4) RAPOZA_BB: MDSSS **
** GN(4) RAPOZA_BB: EU SOU ANALFABETO **
** GN(4) RAPOZA_BB: QUEM PRECISAR DE PARCEIRO DE PTR A EB ESTA AQUI **
** PM(L) Wagner_Barbosa: QAP COPOM **
** PM(L) Wagner_Barbosa: Comando PM iniciando patrulhamento !! **
** PC(L) David_Santos: qsl **
** PM(L) Wagner_Barbosa: qualquer qrr ou qru so informar na rede **
** PC(L) David_Santos: qsl **
** PC(L) David_Santos: e do governo **
** PM(L) Wagner_Barbosa: QAP COPOM **
** PC(L) David_Santos: QAP,QSL **
** PM(L) Wagner_Barbosa: COMANDO PM EM PATRULHAMENTO **
** PM(L) Wagner_Barbosa: QUALQUER QRR OU QRU SO INFORMAR **
** PC(L) David_Santos: PC COMECANDO PTR QUALQUER QRR OU QRU JOGA N RDE **
** PC(L) David_Santos: QAP? **
** PM(L) Wagner_Barbosa: QAP PROSSIGA **
** PC(L) David_Santos: QAP SO RA VER SE TINHA EM PTR **
** PM(L) Wagner_Barbosa: qualquer qrr ou qru informa **
** PC(L) David_Santos: QAP QSL **
** PM(L) Wagner_Barbosa: QAP COPOM **
** PM(L) Wagner_Barbosa: COMANDO PM INICIANDO PATRULHAMENTO **
** PM(L) Wagner_Barbosa: QUALQUER QRR OU QRU SO INFORMAR **
** PM(5) Zuerim_Bahiano: ENCOSTA O VEICULO SE TENTAR FUG E PIOR **
** PM(5) Zuerim_Bahiano: COM O /M /OOC **
** PM(L) Wagner_Barbosa: qap BOPE?, **
** PM(L) Wagner_Barbosa: o /d E o COPOM **
** PM(5) Zuerim_Bahiano: USE O /R PARA FALAR COM SUA CORP /OOC **
** PM(L) Wagner_Barbosa: PARABENS A TODOS **
** PM(L) Wagner_Barbosa: tks a todos unidades  **
** PM(L) Wagner_Barbosa: vamos trocar de vtr **
** PM(L) Wagner_Barbosa: ATUALIZA COPOM **
** PM(L) Wagner_Barbosa: ATUALIZA COPOM **
** PM(L) Wagner_Barbosa: so usar o /d **
** BOPE(2) Miguel_Malta: oi **
** PM(5) Zuerim_Bahiano: ATUALIZA COPOM **
** BOPE(2) Miguel_Malta: NENHUM QRR AINDA **
** PM(L) Wagner_Barbosa: qsl **
** PM(L) Wagner_Barbosa: QRR PLACA 1 **
** BOPE(2) Miguel_Malta: como assim? **
** PM(5) Zuerim_Bahiano: COMANDO PTR INICIANDO PTR QUALQUER QRR OU QRU JOGA NA REDE **
** PM(4) DOGAO_DUMONSTER: PM EM PTR QUALQUER QRR QRU SO JOGAR NA REDE **
** PM(4) DOGAO_DUMONSTER: ASSASINATO EM MARKET **
** PM(4) DOGAO_DUMONSTER: VENDA DE ARMA QRR **
** PM(5) Zuerim_Bahiano: COMANDO PM EM PATRULHAMENTO **
** PM(5) Zuerim_Bahiano: QUALQUER QRR OU QRU JOGA NA REDE **
** PF(5) 157_MTZIN4: qsl no pie **
** PF(L) KINGZIN.Fe: QRR PIER DA RODAGIGANTE ARMADO CODIGO 5 LIBERADO!! **
** GN(5) Scarface04: APOIO FAROL **
** PF(L) KINGZIN.Fe: SOLTADO FERIDO **
** PF(5) 157_MTZIN4: QRR NO FAROL **
** PF(L) KINGZIN.Fe: VAZARAO DO QTH **
** PF(L) KINGZIN.Fe: SENHORES PESSO QUE PROCUREM OS DA MAFIA COSA NOSTRA ELES ESTAO TRAFICANDO DORGA!! **
** PF(2) Felipe_SG: COPOM ALGUM QRU PENDENTE? **
** PM(4) Sr_Carloz: NEGATIVO **
** PF(2) Felipe_SG: QSL **
** PM(4) Sr_Carloz: PM INICIANDO PTR DE ROCAM QQ QRR/QRU JOGA NA REDE QSL **
** PM(4) Sr_Carloz: TEM VTR EM PTR? **
** PF(2) Felipe_SG: POSITIVO **
** PM(4) Sr_Carloz: QSL **
** PM(4) Sr_Carloz: QUAL O QTH DA VTR?, **
** PF(2) Felipe_SG: BATALHAO PF **
** PF(L) KINGZIN.Fe: ALGUM QRU/QRR PENDENTE NA REDE? **
** PM(4) Sr_Carloz: postosul **
** PM(4) Sr_Carloz: morro **
** PM(4) Sr_Carloz: mec **
** PM(4) Sr_Carloz: perdi o visual do suspeito **
** GN(4) RAPOZA_BB: ALGUEM PTR ? **
** PM(4) Sr_Carloz: qrr no caixinha **
** PM(4) Sr_Carloz: algum qrr ou qru? **
** PF(L) KINGZIN.Fe: UNI DA PF INICIANDO PATRULHAMENTO QUALQUER QRR/QRU JOGA NA REDE QSL? **
** PF(2) Felipe_SG: ALGUMA QRU PENDENTE? **
** PF(L) KINGZIN.Fe: ALGUM QRR/QRU PENDENTE? JOGA NA REDE QSL? **
** PF(2) Felipe_SG: limpo **
** PF(2) Felipe_SG: PROCURADOS: MAFIA COSA NOSTRA SENDOS PROCURADOS POR TRAFICO ILEGAL DE DROGAS **
** PF(2) Felipe_SG: TKS ROCAM **
** BOPE(4) Miguel_Malta: QRR? **
** PF(2) Felipe_SG: ALGUM QRU PENDENTE COPOM? **
** IP(L) Nk_Deivid: QAP? **
** PF(4) kurt_444: QRR O CARA DA MOTO VOLTO DIRECAO ESTADO **
** IP(L) Nk_Deivid: qap? **
** GN(4) RAPOZA_BB: CADE VC **
** GN(4) RAPOZA_BB: ALGUEM DEPOIS PTR **
** PF(L) KINGZIN.Fe: UNI DA PF INICIANDO PTR QUALQUER QRR/QRU JOGA NA REDE QSL? **
** GN(4) RAPOZA_BB: QSL BOM PATRULHAMENTO **
** PF(L) KINGZIN.Fe: TKS **
** GN(4) RAPOZA_BB: VTR DA EB INICIANDO PTR QUALQUER QRR/QRU SO JOGA NA REDE **
** PF(L) KINGZIN.Fe: QSL BOA PTR **
** GN(4) RAPOZA_BB: TKS **
** GN(5) Scarface04: QRR **
** GN(5) Scarface04: LOJA DE ARMAS **
** GN(5) Scarface04: hospital **
** GN(5) Scarface04: hospital **
** GN(4) RAPOZA_BB: ADEMIRO **
** PF(L) KINGZIN.Fe: VAMO NESSA **
** PF(L) KINGZIN.Fe: QRR NA FAVELA DPS **
** GN(4) RAPOZA_BB: VAMOS PACIFICAR A ENTRADA DA TROPA DA TURQUIA NOS INGUICA **
** GN(4) RAPOZA_BB: VAMOS PACIFICAR A ENTRADA DA TROPA DA TURQUIA NOS INGUICA **
** PF(5) 157_MTZIN4: NECESSITO DE QRR NA FAVELA DA ENGUICA **
** PF(5) 157_MTZIN4: NECESSITO DE QRR NA FAVELA DA ENGUICA **
** PF(L) KINGZIN.Fe: ALGUM PM ON? **
** PF(5) 157_MTZIN4: ALGUM PM ON? **
** IP(L) Nk_Deivid: Na escuta **
** PF(5) 157_MTZIN4: NECESSITO DE QRR NA FAVELA DA ENGUICA **
** IP(L) Nk_Deivid: MANDA /RF **
** PF(5) 157_MTZIN4: ALGUM PM ON? **
** PF(5) 157_MTZIN4: ALGUM PM ON? **
** PF(5) 157_MTZIN4: ALGUM PM ON? **
** PF(L) KINGZIN.Fe: ALGUM PM ON? **
** PF(5) 157_MTZIN4: NECESSITO DE QRR NA FAVELA DA ENGUICA **
** PF(5) 157_MTZIN4: NECESSITO DE QRR NA FAVELA DA ENGUICA **
** IP(L) Nk_Deivid: algum pm? **
** PM(4) Sr_Carloz: positivo mais fora de,ptr **
** IP(L) Nk_Deivid: ROTA ESTA EM OPERACOES EM PROCURADOS **
** IP(L) Nk_Deivid: VAI TER MUITOS /RF **
** PM(4) Sr_Carloz: qsl **
** IP(L) Nk_Deivid: QRR PERTO DALOJA DE ARMAS! **
** IP(L) Nk_Deivid: QRR PERTO DALOJA DE ARMAS! **
** PM(4) Sr_Carloz: N TO EM PTR **
** IP(L) Nk_Deivid: ALGM PRA FZR BLITZ? **
** PC(5) Rafaela_Maniok: oi **
** GN(4) RAPOZA_BB: QRR BK? **
** GN(4) RAPOZA_BB: QRR BK? **
** GN(4) RAPOZA_BB: QRR BK? **
** GN(4) RAPOZA_BB: PRECISA DE QRR ALGUEM **
** IP(L) Nk_Deivid: QAP? **
** IP(L) Nk_Deivid: QAP? **
** IP(L) Nk_Deivid: PROSSIGA. **
** IP(L) Nk_Deivid: so eu.. **
** IP(L) Nk_Deivid: MORRI O CARA TA PROCURADO POSSO VOLTAR? **
** IP(L) Nk_Deivid: PRENDI 5 PESSOAS E MAIS DE 10 ARMAS APREENDIDAS ! **
** IP(L) Nk_Deivid: NAO TEM MAIS EU ACHO **
** IP(L) Nk_Deivid: vou procurar **
** PM(5) Zuerim_Bahiano: UNIDADE DA ROCAM EM PATRULHAMENTO **
** PM(5) Zuerim_Bahiano: QUALQUER QRR OU QRU JOGA NA REDE **
** PF(2) Felipe_SG: QRR,COPOM VINEWOOD **
** PF(2) Felipe_SG: CODIGO 5 LIBERADO **
** PF(2) Felipe_SG: atualiza ai rocam **
** PC(L) David_Santos: QAP COPOM **
** PC(L) David_Santos: qap? **
** PC(L) David_Santos: alguem? **
** PM(5) Zuerim_Bahiano: UNIDADE DA ROCAM EM PATRULHAMENTO **
** PM(5) Zuerim_Bahiano: QUALQUER QRR OU QRU JOGA NA REDE **
** IP(L) Nk_Deivid: ROTA SE DESLOCANDO AO CAIXA **
** PM(5) Zuerim_Bahiano: QSL **
** PM(5) Zuerim_Bahiano: QRR CAIXA **
** PM(5) Zuerim_Bahiano: UNIDADE DA ROCAM EM PATRULHAMENTO **
** PM(5) Zuerim_Bahiano: QUALQUER QRR OU RU JOGA NA REDE **
** PM(5) Zuerim_Bahiano: QRU* **
** PM(5) Zuerim_Bahiano: qrr aqui perto da loterica loja de roupa **
** PM(5) Zuerim_Bahiano: mande 2 vtr  **
** PM(5) Zuerim_Bahiano: qap copom? **
** PM(5) Zuerim_Bahiano: qap copom? **
** PM(5) Zuerim_Bahiano: qap copom? **
** PM(5) Zuerim_Bahiano: qap copom? **
** PM(5) Zuerim_Bahiano: UNIDADE DA PM EM PATRULHAMENTO  **
** PM(5) Zuerim_Bahiano: QUALQUER QRR OU QRU JOGA NA REDE **
** GATE(L) Fael_Pro: s **
** GATE(L) Fael_Pro: VTR 001 INICANDO PTR QUALQUER QRU/QRR CHAMA NA REDE **
** PM(5) Zuerim_Bahiano: QAP COPOM? **
** PM(5) Zuerim_Bahiano: VEM CAIXA  **
** GATE(L) Fael_Pro: qap **
** PM(5) Zuerim_Bahiano: VEM CAIXA  **
** PM(5) Zuerim_Bahiano: VEM CAIXA **
** PM(5) Zuerim_Bahiano: SUSPEITOS ARMADOS ROUBANDO CAI **
** PM(5) Zuerim_Bahiano: SUSPEITOS ARMADOS ROUBANDO CAIXA **
** PM(5) Zuerim_Bahiano: QRR AQUI NO CAIXA **
** PF(5) 157_MTZIN4: ESTAMOS EM HONDA #PRF **
** PM(5) Zuerim_Bahiano: QSL BOA HONDA PARA VCS **
** GATE(L) Fael_Pro: alguma ocorencia **
** PM(5) Zuerim_Bahiano: NAO POR ENQUANTO **
** GATE(L) Fael_Pro: TKS **
** PM(5) Zuerim_Bahiano: QUANDO TIVER FALO NO COPOM QSL? **
** GATE(L) Fael_Pro: QSL **
** PF(L) KINGZIN.Fe: UNI DA PF INICIANDO PTR QUALQUER QRR/QRU JOGA NA REDE QSL? **
** GATE(L) Fael_Pro: QSL COPOM **
** PM(5) Zuerim_Bahiano: qrr no caixa **
** GATE(L) Fael_Pro: ONDE **
** PF(L) KINGZIN.Fe: QTH? **
** GATE(L) Fael_Pro: QTH? **
** PM(5) Zuerim_Bahiano: mentalize /localizarcaixa **
** PF(L) KINGZIN.Fe: QTI **
** PM(5) Zuerim_Bahiano: TEM MUITOS SUSPEITOS ARMADOS NO LOCAL **
** GATE(L) Fael_Pro: GATE A CAMINHO DO QTH **
** PF(L) KINGZIN.Fe: GUI SEU MONGO **
** PF(L) KINGZIN.Fe: ATIRANDO PQ? **
** PM(5) Zuerim_Bahiano: VENHAM AQUI ATRAS DA 24/7 **
** PM(5) Zuerim_Bahiano: OS MLK SUMIU VAI SE FERRAR MEN **
** PM(5) Zuerim_Bahiano: ALGUM QRR COPOM? **
** PM(5) Zuerim_Bahiano: ALGUM QRR COPOM? **
** GN(5) Scarface04: nao :[ **
** PM(5) Zuerim_Bahiano: QSL TKS **
** PM(5) Zuerim_Bahiano: qrr aqui do lado esquerdo da loja 24/7 **
** PM(5) Zuerim_Bahiano: TRAGA UMA VTR  **
** PM(5) Zuerim_Bahiano: CAPTUREI UM **
** PM(5) Zuerim_Bahiano: qrr aqui do lado esquerdo da loja 24/7 **
** GN(5) Scarface04: pf **
** PF(L) KINGZIN.Fe: OPA **
** GN(5) Scarface04: do lado da 24/7 **
** IP(L) Nk_Deivid: RR **
** IP(L) Nk_Deivid: QRR **
** GN(5) Scarface04: onde **
** GN(5) Scarface04: bora caixa **
** IP(L) Nk_Deivid: ROTA CAIXA **
** IP(L) Nk_Deivid: J1 **
** IP(L) Nk_Deivid: LOCAL INSEGURO **
** IP(L) Nk_Deivid: TKS EXERCITO ! **
** GN(5) Scarface04: tks vc **
** PM(5) Zuerim_Bahiano: UNIDADE DA ROCAM EM PTR QUALQUER QRR OU QRU JOGA NA REDE **
** PM(5) Zuerim_Bahiano: UNIDADE DA ROCAM SE DESLOCANDO ESPERO QUE TENHA SIDO DE GRANDE AJUDA **
** GN(5) Scarface04: pm on **
** PF(L) KINGZIN.Fe: OPA **
** GN(5) Scarface04: nem ajudo caixa **
** PF(L) KINGZIN.Fe: EU TAVA OFF  **
** GN(5) Scarface04: ok **
** PF(L) KINGZIN.Fe: AGUI SOBREVUANDO A CIDADE QUALQUER APOIO EM FUGA ESTOU AH DESPOSISAO **
** IP(L) Nk_Deivid: /procurar 19 RAPIDO QRRA **
** IP(L) Nk_Deivid: /procurar 19 RAPIDO QRR **
** PF(L) KINGZIN.Fe: OK **
** PF(L) KINGZIN.Fe: FUGA? **
** PF(L) KINGZIN.Fe: ESTOU NO QTH **
** IP(L) Nk_Deivid: algm pm? **
** PF(L) KINGZIN.Fe: AH PF **
** PM(5) Zuerim_Bahiano: UNIDADE DA ROCAM EM PTR QUALQUER QRR OU QRU JOGA NA REDE **
** PF(L) KINGZIN.Fe: QSL BOAPTR **
** PM(5) Zuerim_Bahiano: TKS **
** SA:MU(L) Gui_Vincent: BOA PTR **
** PF(4) 157_ALLzim: qrr no puteiro **
** PF(5) 157_MTZIN4: QRR NO PUTEIRO **
** PF(4) 157_ALLzim: qrr puteiro **
** PM(5) Zuerim_Bahiano: indo qth **
** PM(5) Zuerim_Bahiano: limpo dnv **
** PM(5) Zuerim_Bahiano: dessa vez vou esperar ele aqui **
** GATE(L) Fael_Pro: VAO CAIXA ? **
** PM(5) Zuerim_Bahiano: UNIDADE DA ROCAM EM PTR QUALQUER QRR OU QRU JOGA NA REDE **
** PM(5) Zuerim_Bahiano: COMANDO PM EM PTR QUALQUER QRR OU QRU JOGA NA REDE **
** GATE(L) Fael_Pro: COMO COLOCOR MEMBRO PARA SUB LIDER /OOC **
** PM(5) Zuerim_Bahiano: algum qrr?, **
** PF(L) KINGZIN.Fe: EH EU BK **
** IP(5) alan_dofernandes: e serio po **
** BOPE(5) VULGO_BK: qap **
** IP(5) alan_dofernandes: qap **
** PF(L) KINGZIN.Fe: QUEM TA DE ROCAM? **
** IP(5) alan_dofernandes: eu  **
** IP(5) alan_dofernandes: da /procurar 0 **
** BOPE(5) VULGO_BK: QAP **
** BOPE(5) VULGO_BK: ALGM PRA FZR PTR? **
** PM(5) Zuerim_Bahiano: positivo **
** BOPE(5) VULGO_BK: VEM PRACA PIT **
** PM(5) Zuerim_Bahiano: jaja **
** PM(5) Zuerim_Bahiano: UNIDADE DA ROCAM EM PTR QUALQUER QRR OU QRU JOGA NA REDE **
** PM(5) Zuerim_Bahiano: ALGUM QRR? **
** BOPE(L) Maicon_Lopes: QRR POSTO DA 24/7 **
** BOPE(L) Maicon_Lopes: QRR POSTO DA 24/7 **
** BOPE(5) VULGO_BK: QTI DO QTH **
** BOPE(L) Maicon_Lopes: MUITOS INDIVIDOS ARMADOS **
** IP(L) Nk_Deivid: pm on? **
** PC(4) Leticia_maniok: S **
** PC(5) Rafaela_Maniok: tamos indo **
** BOPE(5) VULGO_BK: qrr aonde? **
** IP(L) Nk_Deivid: QUALQUER QRR JOGA NA REDE QSL? **
** IP(L) Nk_Deivid: UMA VTR AQ NO QTH DE DOWNTOWN LOS SANTOS **
** IP(L) Nk_Deivid: QRR **
** IP(L) Nk_Deivid: AI E OSSO **
** IP(L) Nk_Deivid: QRR PENITENCIARIA **
** IP(L) Nk_Deivid: INDIVIDUOS TENTANDO LIBERTAR PRESO **
** PM(5) Zuerim_Bahiano: UNIDADE DA ROCAM EM PTR QUALQUER QRR OU QRU JOGA NA REDE **
** PM(5) Zuerim_Bahiano: ROCAM EM PTR QUALQUER QRR OU QRU JOGA NA REDE **
** PF(2) Felipe_SG: QAP COPOM UND 001 DA PF INICIANDO PTR QQ QRR QRU JG NA REDE QSL? **
** PF(5) 157_MTZIN4: QRR FUGA **
** PF(5) 157_MTZIN4: QRR FUGA MECANIC **
** PF(2) Felipe_SG: calma,le e pm **
** IP(L) Nk_Deivid: AHHHHHH TELA TA GIRANDOOOO **
** PF(2) Felipe_SG: LETICIA TA VIVA? **
** PC(4) Leticia_maniok: SIM **
** PF(2) Felipe_SG: QRR? **
** PC(4) Leticia_maniok: JA Mtei todos **
** PF(2) Felipe_SG: to a QTI **
** PF(2) Felipe_SG: TO AKI **
** PC(4) Leticia_maniok: MORRI MANO **
** PC(4) Leticia_maniok: MAIS Mtei 1 **
** PC(4) Leticia_maniok: CADE VC FELIPE **
** PF(2) Felipe_SG: MATEI O MLK **
** PF(2) Felipe_SG: TO NO CAIXA AINDA **
** PC(4) Leticia_maniok: YO,IDNO AI **
** PF(2) Felipe_SG: TOMEI DAS COSTAS **
** PC(4) Leticia_maniok: matei tudo **
** PF(2) Felipe_SG: BOAA **
** PC(4) Leticia_maniok: vem aqui **
** PF(2) Felipe_SG: to a QTI **
** PF(2) Felipe_SG: CHEGANDO **
** PF(2) Felipe_SG: kd vc leh? **
** PC(4) Leticia_maniok: e eubkkkkk **
** PF(2) Felipe_SG: ata **
** PF(L) KINGZIN.Fe: UNI DA PF EM PTR QUALQUER QRR/QRU ESTAMOS A QRV QSL? **
** PM(5) Zuerim_Bahiano: COMANDO PM EM PTR QUALQUER QRR OU QRU JOGA NA REDE **
** PM(5) Zuerim_Bahiano: COMANDO PM EM PTR **
** PM(5) Zuerim_Bahiano: QUALQUER QRR OU QRU JOGA NA REDE **
** PC(4) Leticia_maniok: agulma vtr vem no heroport **
** PM(5) Zuerim_Bahiano: qsl indo qtk **
** PM(5) Zuerim_Bahiano: qsl indo qth* **
** PC(4) Leticia_maniok: ven raido **
** PC(4) Leticia_maniok: ven rapido **
** PC(4) Leticia_maniok: cade  A VIUATURA **
** PM(5) Zuerim_Bahiano: to te cacando **
** PF(L) KINGZIN.Fe: ALGUM QRU PENDENTE COPOM? **
** PC(4) Leticia_maniok: TA AONDE **
** PM(5) Zuerim_Bahiano: em cim **
** PC(4) Leticia_maniok: FICA AI **
** PF(L) KINGZIN.Fe: SENHORES (A) ESTAO FAVELA? **
** PF(L) KINGZIN.Fe: ALGUM QRU COPOMMMM!!? **
** PM(5) Zuerim_Bahiano: NEGATIVO **
** PF(L) KINGZIN.Fe: QSL ESTOU AO QRV QSL? **
** PF(L) KINGZIN.Fe: ALGUM QRR/QRU PENDENTE? **
** PF(2) Felipe_SG: LETICIA TA AI? **
** PM(5) Zuerim_Bahiano: COMANDO PM EM PTR QUALQUER QRR OU QRU JOGA NA REDE **
** PF(L) KINGZIN.Fe: QSL BOA PTR **
** PF(2) Felipe_SG: TA NEW COPOM O CAIXA **
** PF(L) KINGZIN.Fe: PROCURADO ID: 30 **
** PF(2) Felipe_SG: QRR COPOM SBT **
** PF(2) Felipe_SG: ABATIDO COPOM  **
** PF(2) Felipe_SG: qrr,copom  **
** PF(2) Felipe_SG: mds cade os pm no caixa? so fica em abordagem mds **
** PF(4) kurt_444: QRR  PERTO HOSPITAL  **
** PF(L) KINGZIN.Fe: QRR ROCAM? **
** IP(L) Nk_Deivid: TEM SIM **
** IP(L) Nk_Deivid: CEGO **
** BOPE(L) Maicon_Lopes: TA BUGADO PRA MIM ENTAO **
** BOPE(L) Maicon_Lopes: TIRA AS COISA AI **
** IP(L) Nk_Deivid: suav **
** PM(5) Zuerim_Bahiano: COMANDO PM EM PTR **
** PM(5) Zuerim_Bahiano: UNIDADE DA PM EM PTR QUALQUER QRR OU QRU JOGA NA REDE **
** PF(L) KINGZIN.Fe: QRR **
** BOPE(L) Maicon_Lopes: QTH **
** PF(L) KINGZIN.Fe: QRR DIRECAO PISTA **
** PF(L) KINGZIN.Fe: QRR DIRECAO PISTA MOTO VERMELHA **
** PF(L) KINGZIN.Fe: PITA AGR **
** PF(L) KINGZIN.Fe: PARK **
** PF(2) Felipe_SG: new o caixa copom **
** PF(L) KINGZIN.Fe: QSL  **
** PF(2) Felipe_SG: COMANDO PF EM QTI AO CAIXA **
** PF(2) Felipe_SG: COPOM CAIXA NEW **
** PF(L) KINGZIN.Fe: QRR CAU **
** PF(L) KINGZIN.Fe: QRR CAUA **
** BOPE(L) Maicon_Lopes: QTH **
** PF(L) KINGZIN.Fe: ID 6 **
** PF(2) Felipe_SG: COMANDO PF INICIANDO PTR QQ QRR QRU JG NA REDE QSL? **
** BOPE(L) Maicon_Lopes: PF E NOIS ANIMAL **
** PF(2) Felipe_SG: NEW COPOM **
** PM(L) Wagner_Barbosa: QAP **
** PF(5) 157_MTZIN4: TKS **
** PF(2) Felipe_SG: TKS BOPE **
** PF(5) 157_MTZIN4: TKS BOPE **
** PF(2) Felipe_SG: PF A QTI DO CAIXA DO ROUBO  **
** PF(2) Felipe_SG: TKS  BOPE **
** PF(2) Felipe_SG: TA NA MAO BOPE O MESMO Q ROUBOU O VEICULO **
** PF(2) Felipe_SG: PF A QTI DO CAIXA **
** PF(2) Felipe_SG: CAIXA NEW COPOM **
** PM(L) Wagner_Barbosa: QAP COPOM **
** PM(L) Wagner_Barbosa: COMANDO PM EM PATRULHAMNETO **
** PM(L) Wagner_Barbosa: QUALQUER QRR OU QRU INFORMA NA REDE **
** PM(L) Wagner_Barbosa: aborda ele **
** PM(L) Wagner_Barbosa: QAP COPOM **
** PM(L) Wagner_Barbosa: QAO COPOM **
** PF(L) KINGZIN.Fe: QAP? **
** PF(5) 157_MTZIN4: UNI DA PF INICIANDO PTR QUALQUER QRR/QRU JOGA NA REDE QSL? **
** PF(2) Felipe_SG: PF A,QTI DO CAIXA **
** PM(L) Wagner_Barbosa: Unidade 01 da PM em patrulhamento **
** PM(L) Wagner_Barbosa: qualquer qrr ou qru so informar **
** PM(5) Caique_Lopes: atualiza pf **
** PF(5) 157_MTZIN4: SENTIDO HP **
** PF(2) Felipe_SG: LOTERICA **
** PF(5) 157_MTZIN4: SENTIDO LOTERICA **
** PF(5) 157_MTZIN4: SENTIDO BAMCO SENTRAL **
** PF(5) 157_MTZIN4: SENTIDO CONSE DE MOTO **
** PM(L) Wagner_Barbosa: Atualiza copom **
** PM(L) Wagner_Barbosa: Atualiza copom!!! **
** PF(5) 157_MTZIN4: SENTIDO  MOTEL **
** PC(4) Leticia_maniok: AGULM,AI **
** PF(L) KINGZIN.Fe: . **
** PC(4) Leticia_maniok: AONDE VC TA KINGZIN **
** PF(L) KINGZIN.Fe: EM PTR **
** PC(4) Leticia_maniok: MAIS AONDE **
** PF(L) KINGZIN.Fe: INDO MINHA BASE **
** PC(4) Leticia_maniok: OK **
** PF(2) Felipe_SG: LETICIA VEM BASE,PF **
** PC(4) Leticia_maniok: OK **
** PC(4) Leticia_maniok: matei um ja **
** PC(4) Leticia_maniok: cade vcs **
** PF(L) KINGZIN.Fe: BASE **
** PC(4) Leticia_maniok: blz to consertado o caixa **
** PF(L) KINGZIN.Fe: Q CAIXA QTH? **
** PC(4) Leticia_maniok: da pista de skeite **
** PF(L) KINGZIN.Fe: FICA AI **
** PC(4) Leticia_maniok: ja matei todos e consertei **
** PC(4) Leticia_maniok: aonde vcsta **
** PC(4) Leticia_maniok: aonde vcsta **
** PC(4) Leticia_maniok: cade vcs **
** PF(L) KINGZIN.Fe: BASE DNV KKKKK **
** PC(4) Leticia_maniok: to,indo ai **
** PF(L) KINGZIN.Fe: PDP AI NOIS VAI PTR **
** PC(4) Leticia_maniok: gica base que to indo **
** PF(L) KINGZIN.Fe: OK **
** PC(4) Leticia_maniok: chegui **
** PC(4) Leticia_maniok: abre QUI **
** PC(4) Leticia_maniok: cade vcs **
** PC(4) Leticia_maniok: abre **
** PF(L) KINGZIN.Fe: BORA SOBE AQ MAN KKKK **
** PF(L) KINGZIN.Fe: LOGO UM CARRO GIGANTE  KKKK **
** PC(4) Leticia_maniok: vcs ta aonde **
** PF(L) KINGZIN.Fe: OND C TA **
** PC(4) Leticia_maniok: base **
** PF(L) KINGZIN.Fe: FICA AI **
** PC(4) Leticia_maniok: CADE VCS **
** PF(L) KINGZIN.Fe: INDO AI **
** PM(L) Wagner_Barbosa: QAP COPOM **
** PM(L) Wagner_Barbosa: QAP COPOM **
** PF(4) kurt_444: qrr pista de skait **
** PF(L) KINGZIN.Fe: CORPORACOES ONLINE TODOS NA PF INVASAO NA FAVELA DA PCC REUNA NA BASE DA PF QSL? **
** PM(L) Wagner_Barbosa: copom **
** PF(L) KINGZIN.Fe: CORPORACOES ONLINE TODOS NA PF INVASAO NA FAVELA DA PCC REUNA NA BASE DA PF QSL? **
** GATE(L) Lucas_pinto: QSL GATE A QTI DO QTH  **
** PF(L) KINGZIN.Fe: QSL **
** PM(L) Wagner_Barbosa: POLICIA MILITAR EM QTI **
** PF(L) KINGZIN.Fe: QUEM TA A QTI? NA BASE DA PF? **
** PF(L) KINGZIN.Fe: KD OS SENHORES **
** PM(L) Wagner_Barbosa: unidsde 02 chegando **
** GATE(L) Lucas_pinto: NO PORTAO  **
** PF(L) KINGZIN.Fe: JA SAIMOS DO QTH SENHORES DA GATE **
** PF(L) KINGZIN.Fe: PROCURA O ID 4:. **
** PM(L) Wagner_Barbosa: unidsde 02 chegando **
** PF(4) kurt_444: R **
** PF(L) KINGZIN.Fe: VOLTARAO **
** PF(L) KINGZIN.Fe: PRA LS **
** PF(L) KINGZIN.Fe: ID 25 **
** PF(L) KINGZIN.Fe: ID 25 **
** PF(4) kurt_444: PODE INVADIR A FAVEPA **
** PF(4) kurt_444: PODE INVADIR A FAVELA **
** PF(L) KINGZIN.Fe: CODIGO 5 LIBERADO **
** PF(L) KINGZIN.Fe: LIMPO **
** PM(5) Caique_Lopes: TUDO? **
** PF(2) Felipe_SG: BOAAA **
** PF(L) KINGZIN.Fe: TUDO **
** PF(2) Felipe_SG: BR TIRA PRINT NA FRENTE,DA,FLV **
** PF(4) kurt_444: TKS PF ESTAMOS A TOTAL DISPOSICAO **
** PF(L) KINGZIN.Fe: TKS SENHORES ESTOU AO QRV QSL? **
** PM(L) Wagner_Barbosa: o mesmo aos senhores **
** PM(5) Caique_Lopes: QSL IGUALMENTE **
** GATE(L) Lucas_pinto: QSL ,QRV **
** PM(5) Caique_Lopes: TIRAR UMA FOTO PF? **
** PF(L) KINGZIN.Fe: CRASHEI KKKK **
** PF(L) KINGZIN.Fe: DOS MEUS CRASHO TUDO **
** PM(L) Wagner_Barbosa: nosso fico todo vivos **
** PF(L) KINGZIN.Fe: SENHORES LIDERES EU QUERIA FAZER OUTRA OPERACAO EM OUTRO DIA VCS IRIAM? **
** PM(L) Wagner_Barbosa: positivo **
** PF(L) KINGZIN.Fe: AI NOIS VE CERTINHO **
** PM(L) Wagner_Barbosa: certo **
** PF(L) KINGZIN.Fe: DPS ENTRA NO DC DA PF QSL? **
** PM(5) Caique_Lopes: QRR DP **
** PF(L) KINGZIN.Fe: EITA COISA BOA **
** PM(L) Wagner_Barbosa: TKS AOS SEMHORES **
** PF(L) KINGZIN.Fe: TKS **
** GOV(5) OROCHI_RP: OPA SENHORES **
** PM(L) Wagner_Barbosa: ATUALIZA COPOM **
** PF(2) Felipe_SG: deu cl **
** GOV(5) OROCHI_RP: pm tem um assasino de aluguel aqui podem prender **
** PM(L) Wagner_Barbosa: apoio **
** PM(L) Wagner_Barbosa: sem porte **
** PM(L) Wagner_Barbosa: pode levar **
** GOV(5) OROCHI_RP: POLICIA FAIS A ESCOLTA DO GOVERNADOR PORFAVOR **
** PF(L) KINGZIN.Fe: PF AO QTI DO QTH **
** PM(L) Wagner_Barbosa: qth **
** GOV(5) OROCHI_RP: PREFEITURA **
** PM(L) Wagner_Barbosa: qth?? **
** PM(L) Wagner_Barbosa: em qti **
** GOV(5) OROCHI_RP: QSL **
** PF(L) KINGZIN.Fe: PF NO QTH **
** GOV(5) OROCHI_RP: TAMOS E AMECA DE MORTE **
** PM(L) Wagner_Barbosa: pode matar **
** PM(L) Wagner_Barbosa: tia do carro preto ae **
** PM(L) Wagner_Barbosa: cade vcs pf??? **
** PF(L) KINGZIN.Fe: vem **
** PF(L) KINGZIN.Fe: ESPERA **
** PF(4) kurt_444: vamos na frente  **
** PF(2) Felipe_SG: QUAL,DESTINO? **
** GOV(5) OROCHI_RP: ESTAMOS PIER DANDO AUXILIO PRECISAMO DE VCS QSL **
** GOV(5) OROCHI_RP: DE MADEIRA **
** GOV(5) OROCHI_RP: PREFEITO FOI SEQUETRADO **
** GOV(5) OROCHI_RP: SOCORRO **
** GOV(5) OROCHI_RP: VAO EM LV **
** GOV(5) OROCHI_RP: PM ON! **
** GOV(5) OROCHI_RP: PM ON? **
** GOV(5) OROCHI_RP: qrr codigo 5 prefeito foi sequestrado **
** PF(L) KINGZIN.Fe: VOLTA ROCAM **
** PF(L) KINGZIN.Fe: CARLOS **
** PF(L) KINGZIN.Fe: AI NA FRENTE **
** PF(L) KINGZIN.Fe: QRR TA ROCAM RAPIDAO KK **
** PC(5) Rafaela_Maniok: FALA QTH **
** PF(L) KINGZIN.Fe: VAI **
** PF(L) KINGZIN.Fe: QRR TA ROCAM RAPIDAO KK **
** PC(5) Rafaela_Maniok: FALA QTH KKK **
** PC(5) Rafaela_Maniok: FALA QTH VC SABE OQ E QTH **
** PF(L) KINGZIN.Fe: SIM MAN CAUMA **
** PC(5) Rafaela_Maniok: vc e doidobne **
** PF(L) KINGZIN.Fe: FOI **
** PF(L) KINGZIN.Fe: TKS ROCAM **
** PC(5) Rafaela_Maniok: foi para o carai **
** PM(2) Carlos_Sales: TKS **
** PC(5) Rafaela_Maniok: QRR AQUI VEM RAPIDO **
** PF(L) KINGZIN.Fe: QTH **
** PC(5) Rafaela_Maniok: AQUI **
** PC(5) Rafaela_Maniok: AQUI NO CARAI **
** PM(5) Zuerim_Bahiano: COMANDO PM EM PTR QUALQUER QRR OU QRU JOGA NA REDE **
** PF(L) KINGZIN.Fe: QSL **
** PM(5) Zuerim_Bahiano: qap copom? **
** PF(L) KINGZIN.Fe: QAP PROSSIGA **
** PM(5) Zuerim_Bahiano: algum qrr? **
** PF(L) KINGZIN.Fe: NEGATIVO **
** PM(2) Carlos_Sales: O QRR JA FOI ENCERRADO? **
** GATE(L) Lucas_pinto: ALGUMA QRU/QRR COMPOM? **
** PF(L) KINGZIN.Fe: CHEGUEI ATRASADO KKK **
** PF(L) KINGZIN.Fe: QRR **
** PF(L) KINGZIN.Fe: CAIXINHA PARK **
** PF(L) KINGZIN.Fe: CAIXINHA GROVE* **
** PC(5) Rafaela_Maniok: onde qth **
** PF(L) KINGZIN.Fe: CAIXA DA GROVE **
** PC(4) Leonardo_Beiramar: TODOS OS PMS VEM PUTEIRO DA /GPS **
** PF(L) Gui_Vincent: ROCAM 00-1 DA PF INICIANDO PTR QQ QRR/QRU JOGA NA REDE, QSL? **
** PM(5) Zuerim_Bahiano: QUANTOS SUSPEITOS ? **
** PM(5) Zuerim_Bahiano: COMANDO PM EM PTR QUALQUER QRR OU QRU JOGA NA REDE **
** GATE(L) Lucas_pinto: QSL  **
** GATE(2) WILL_$9ANOS: matei 2 **
** GOV(5) OROCHI_RP: QAP  **
** PM(2) Carlos_Sales: SR VC NECESSITA DE ESCOLTA? **
** GOV(5) OROCHI_RP: QSL **
** PM(2) Carlos_Sales: QUAL E SEU QTH SR? **
** GOV(5) OROCHI_RP: PREFEITURA **
** PM(2) Carlos_Sales: SR ESTOU AQUI **
** GOV(5) OROCHI_RP: alguem limpa a ficha do pasaport 23! **
** PM(2) Carlos_Sales: INFELISMENTE N TENHO PERMISSAO **
** GOV(5) OROCHI_RP: EM ALGUMNS  DIAS VAMOS PACIFICAR OS BALAS **
** GOV(5) OROCHI_RP: quem matou o carioca **
** PC(L) Gabrielzin_Maniok: ELE ATIROU EM MIM SEM MOTIVO  **
** GOV(5) OROCHI_RP: COMO VC LEMBRA **
** PC(5) Rafaela_Maniok: EU LENBRO BB **
** PC(L) Gabrielzin_Maniok: MEU AMIGO ME FALOU ELE MATOU ELE **
** GOV(5) OROCHI_RP: BB NADA PRIMEIRO OLHA COM QUEM VOCE FALA **
** PC(5) Rafaela_Maniok: O DM DO SU AMIGO PRIMERO BB **
** PC(5) Rafaela_Maniok: FALA PARA ELE TBM Q NN SAMOS TAXI /OCC **
** GOV(5) OROCHI_RP: QUERO GER GABRIEL E RAFAELA AQUI NA PREFEITURA **
** PF(L) Gui_Vincent: ROCAM 001 DA PF INICIANDO PTR QQ QRR/QRU JOGA NA REDE QSL? **
** GATE(L) Lucas_pinto: QSL BOA PTR SENHORES **
** PF(L) Gui_Vincent: TKS **
** GATE(5) Kauan_Churritos: QRR QTH CAIXA PERTO PISTA DE SKATE **
** GN(L) Pedroo_999: UNIDADE ALPHA 18-001 INICIANDO PTR QUALQUER QRR JOGA NA REDE QSL? **
** GATE(5) Kauan_Churritos: QAP 1 QSV DA GATE ESTA INICIANDO PTR **
** GATE(5) Kauan_Churritos: PRECISO DE QRR PERTO PISTA SKATE COPOM **
** PM(2) Carlos_Sales: A CAMINHO **
** GOV(5) OROCHI_RP: leticia VEM PREFEITURA AGORA **
** PC(4) Leticia_maniok: ok **
** GOV(5) OROCHI_RP: LETICIA QUAL SEU QTH **
** PC(4) Leticia_maniok: prefeitura **
** GOV(5) OROCHI_RP: ONDE **
** GOV(5) OROCHI_RP: ENTRA DENTRO **
** PC(4) Leticia_maniok: prefeitura **
** PC(4) Leticia_maniok: matou em o felipe kkk **
** PC(4) Leticia_maniok: prefeito? **
** PC(4) Leticia_maniok: aonde vc ta prefeito **
** PC(4) Leticia_maniok: aonde vc ta orichi **
** PC(4) Leticia_maniok: aonde vc ta orochi **
** GOV(5) OROCHI_RP: nao lembro de nada **
** PC(4) Leticia_maniok: cade vc kka **
** GATE(5) Kauan_Churritos: QRR NA QTH DO ESGOTO DIRECAO ESTACIONAMENTO **
** GOV(5) OROCHI_RP: esses cara e foda **
** GOV(5) OROCHI_RP: esses cara e foda **
** PM(L) Wagner_Barbosa: QAP COPOM **
** GATE(5) Kauan_Churritos: PROSSIGA **
** PM(L) Wagner_Barbosa: UNIDADE 01 DA PM EM PATRULHAMENTO **
** PM(L) Wagner_Barbosa: QUALUQUER QRR OU QRU SO INFORMAR **
** GATE(L) Lucas_pinto: QSL A QRV **
** PM(L) Wagner_Barbosa: COPOM QRR **
** PM(L) Wagner_Barbosa: PM RETORNANDO PTR **
** GATE(5) Kauan_Churritos: QAP COPOM? **
** PC(4) Leonardo_Beiramar: QAP **
** GATE(L) Lucas_pinto: TATICO 001 DA GATE INICIANDO PTR,QQ QRU/QRR JOGA NA REDE QSL? **
** PM(5) Zuerim_Bahiano: UNIDADE DA ROCAM EM PTR QUALQUER QRR OU QRU JOGA NA REDE **
** GATE(5) Kauan_Churritos: QRR NA QTH PERTO DA BINCO **
** PM(5) Zuerim_Bahiano: INDO QRR **
** PM(5) Zuerim_Bahiano: CADE? **
** GATE(L) Lucas_pinto: DIRECAO PREFEITURA **
** PM(5) Zuerim_Bahiano: qsl **
** PC(4) Leonardo_Beiramar: id do individuo/ooc **
** GATE(L) Lucas_pinto: PARK GLEEN **
** GATE(L) Lucas_pinto: 2 **
** PM(5) Zuerim_Bahiano: ele aparentemente ta em um interior **
** GATE(5) Kauan_Churritos: sabe qual e ? **
** PC(4) Leonardo_Beiramar: ESTA PERTO DA IDLEWOOD **
** PM(5) Zuerim_Bahiano: saiu **
** GATE(5) Kauan_Churritos: VISH **
** PC(4) Leonardo_Beiramar: SE FOR O ID 2 NAO SAIU NAO **
** PM(5) Zuerim_Bahiano: skate **
** PC(4) Leonardo_Beiramar: /localizar 2 **
** GATE(5) Kauan_Churritos: TIVEMOS POBLEMAS COM O LIDER QUE CAIU /OOC **
** PC(4) Leonardo_Beiramar: QAP COPOM ROCAM 01 DA POLICIA CIVIL SAINDO DE PTR **
** GATE(5) Kauan_Churritos: GATE NO ACOMPANHAMENTO DO INDIVIDUO **
** GATE(5) Kauan_Churritos: VOCES SABE EM QUAL INTERIOR O INDIVIDUO ESTA? **
** PM(5) Zuerim_Bahiano: em nenhum **
** PM(5) Zuerim_Bahiano: pref **
** PM(5) Zuerim_Bahiano: UNIDADES VIM NA PREFEITURA **
** GATE(L) Lucas_pinto: GATE A QTI **
** PM(5) Zuerim_Bahiano: ELE SAIU VEI **
** PM(5) Zuerim_Bahiano: ele voltou  **
** PM(5) Zuerim_Bahiano: id 2 **
** PM(5) Zuerim_Bahiano: qap cpompo? **
** GATE(5) Kauan_Churritos: PROSSIGA **
** PM(5) Zuerim_Bahiano: quero que todas as unidades persigam o id 2 /ooc **
** GATE(5) Kauan_Churritos: SIM MAS ELE ESTA NA GUERRA DO MORRO OU ESTA TOMANDO UM CHA DE BUG **
** PM(5) Zuerim_Bahiano: qsl **
** PM(5) Zuerim_Bahiano: VCS DERAM /SU NELE? **
** PM(5) Zuerim_Bahiano: /ooc **
** PM(5) Zuerim_Bahiano: VCS DERAM /SU NELE? /ooc **
** GATE(5) Kauan_Churritos: nao podemos ante de pegar **
** GATE(5) Kauan_Churritos: QUALQUER QRR SO JOGAR NA RADIO COPOM QSL? **
** PM(5) Zuerim_Bahiano: 1 **
** PM(5) Zuerim_Bahiano: id 1: **
** PM(5) Zuerim_Bahiano: COMANDO PM EM PTR QUALQUER QRR OU QRU SO JOGAR NA REDE QSL? **
** GATE(5) Kauan_Churritos: ALGUMA OCORRENCIA COPOM? **
** PM(5) Zuerim_Bahiano: NEGATIVO **
** GATE(5) Kauan_Churritos: COPOM TEM UMA ATIVIDADE MEIO SUSPEITA DOS ENGUICA NO CAIXA DO BANCO **
** GATE(5) Kauan_Churritos: SE PUDEREM DAR UMA OLHADA **
** PM(5) Zuerim_Bahiano: qsl stamos aqui perto **
** PM(5) Zuerim_Bahiano: estamos em frente banco qsl? **
** GATE(5) Kauan_Churritos: QSL **
** GATE(5) Kauan_Churritos: MEUS MEMBROS ESTAO TOMANDO UM CHA DE CRASH MEU DEUS /OOC **
** PM(5) Zuerim_Bahiano: entendo **
** PM(3) Carlos_Sales: TENSO **
** PM(5) Zuerim_Bahiano: ESTAMOS NOS RETIRABDO DO BANCO QSL? **
** GATE(5) Kauan_Churritos: QSL NAO VIRAM NADA DE ERRADO COPOM? **
** PM(5) Zuerim_Bahiano: negativo tud certo por la **
** GATE(5) Kauan_Churritos: e que os enguica estava rodeando o banco **
** PM(L) Wagner_Barbosa: QAO COPOM **
** GATE(5) Kauan_Churritos: PROSSIGA **
** PM(L) Wagner_Barbosa: Unidade 01 da policia militar em ptr **
** GATE(5) Kauan_Churritos: QSL **
** PM(L) Wagner_Barbosa: qualquer qrr ou qru so informar **
** PM(3) Carlos_Sales: COMANDO PM EM PTR QUALQUER QRR QRU JOGA NA REDE! **
** PM(3) Carlos_Sales: PM RETORNANDO PTR **
** GATE(5) Kauan_Churritos: QAP COPOM? **
** PM(3) Carlos_Sales: QAP **
** PM(L) Wagner_Barbosa: qap prossiga **
** GATE(5) Kauan_Churritos: GATE INICIANDO PATRULHA COM O T.CORONEL DA BOPE QSL? **
** PM(3) Carlos_Sales: QSL **
** PM(L) Wagner_Barbosa: qsl,boa ptr **
** PM(L) Wagner_Barbosa: qap copom **
** GATE(5) Kauan_Churritos: PROSSIGA **
** PM(L) Wagner_Barbosa: dem /procurar 10 /occ **
** PM(L) Wagner_Barbosa: e tem muita drogas **
** PM(L) Wagner_Barbosa: dem /procurar 10 /occ **
** PM(L) Wagner_Barbosa: logo  **
** PM(L) Wagner_Barbosa: copom **
** PM(L) Wagner_Barbosa: acho q pode ser como trafico **
** PM(L) Wagner_Barbosa: algema **
** PM(L) Wagner_Barbosa: traz a vtr pivete **
** PM(L) Wagner_Barbosa: leva logo **
** PM(L) Wagner_Barbosa: traz a vtr pra perto **
** PM(3) Carlos_Sales: ROCAM UNIDADE 01 INICIANDO PTR QUALQUER QRR QRU JOGA NA REDE! **
** PM(3) Carlos_Sales: QSV DA PM INICIANDO PATRULHAMENTO QUALQUER QRR QRU JOGA NA REDE! **
** PM(3) Carlos_Sales: QRR CAIXA ASSALTAD **
** PM(3) Carlos_Sales: PM INICIANDO PTR QUALQUER QRR QRU JOGA NA REDE **
** GATE(5) Kauan_Churritos: QAP COPOM ? **
** GATE(5) Kauan_Churritos: QSV DO GATE INICIANDO PTR  **
** GATE(5) Kauan_Churritos: alguem do copom pode me buscar? o meu p1 foi de cha de crash **
** PM(5) Zuerim_Bahiano: COMANDO PM EM PTR QUALQUER QRR OU QRU JOGA NA REDE **
** PM(5) Zuerim_Bahiano: reforco caixa **
** GATE(L) Lucas_pinto: GATE A QTI **
** PM(5) Zuerim_Bahiano: MATEI UM **
** GATE(L) Lucas_pinto: QRR CAIXA MUITOS INDIVIDUOS **
** PC(5) Nex_Dm: Qual caixa? **
** PM(5) Zuerim_Bahiano: qsl no qrr **
** GATE(L) Lucas_pinto: SKAT **
** GATE(L) Lucas_pinto: TKS A TODAS UNIDADES BANDIDOS ABATIDOS!! **
** PM(5) Zuerim_Bahiano: COMANDO PM EM PTR QUALQUER QRR OU QRU JOGA NA REDE **
** GATE(4) Dias_DZ8: k **
** GATE(4) Dias_DZ8: VTR 01 DA GATE SAINDO PARA PTR QUALQUER QRR/QRU JOGA NA REDE QSL **
** PM(5) Zuerim_Bahiano: ALGUMA VTR VIM AQUI PERTO DA LOTERICA **
** PM(5) Zuerim_Bahiano: ATRAZ DA LOJA DE ARMAS **
** PM(5) Zuerim_Bahiano: QAP COPOM? **
** PM(5) Zuerim_Bahiano: QAP COPOM? **
** PM(5) Zuerim_Bahiano: EI DA GATE MANDA ELE DA /HD E ALGEMA ELE **
** GATE(L) Lucas_pinto: QRR ASSALTO A CAIXA COPOM **
** GATE(L) Lucas_pinto: QRR ASSALTO A CAIXA COPOM MUITOS BANDIDOS **
** GATE(L) Lucas_pinto: QRR ASSALTO A CAIXA COPOM MUITOS BANDIDOS MEU COMPANHEIRO MORREU **
** GATE(L) Lucas_pinto: MAIS INDIVIDOS NO CAIXA ROTA **
** PM(3) Carlos_Sales: QRR GLEN PARK **
** IP(L) novin_77: . **
** IP(L) novin_77: . **
** IP(L) novin_77: . **
** IP(5) Haridade: todos o pm **
** PF(L) Pedro_MgPK: QAP **
** GATE(L) Lucas_pinto: QSV 001 E QSV 002 DA GATE SAINDO PARA PTR  **
** PF(L) caio_marcos: ALGUMA OCORRENCIA **
** GATE(5) Kauan_Churritos: QRR QTH SKATE **
** PM(5) Zuerim_Bahiano: UNIDADE DA ROCAM EM PTR QUALQUER QRR OU QRU JOGA N REDE **
** PF(L) caio_marcos: UNIDADE 001 INICIANDO PTR QRR/QRU JOGA NA REDE **
** PM(5) Zuerim_Bahiano: QSL BOA PTR  **
** PM(5) Zuerim_Bahiano: qual o qth? **
** PM(5) Zuerim_Bahiano: qual o qth? **
** PM(5) Zuerim_Bahiano: algum qrr? **
** PM(5) Zuerim_Bahiano: QAP COPOM?? **
** GATE(5) Kauan_Churritos: PROSSIGA **
** PM(5) Zuerim_Bahiano: ALGUM QRR? **
** PM(5) Zuerim_Bahiano: LAGUM QRR COPOM? **
** PM(5) Zuerim_Bahiano: ALGUM* **
** GN(L) Bkey_DuMonster: negativo **
** PM(5) Zuerim_Bahiano: qsl tks **
** PF(5) Victor_Insanity: OPA **
** GATE(5) Kauan_Churritos: QRR NA PISTA SKATE **
** GN(3) DACUNHA: qrr **
** GN(3) DACUNHA: qrr direcao concecionaria **
** GN(3) DACUNHA: qrr direcao concecionaria  carro vermelho conversivel **
** GATE(5) Kauan_Churritos: QSL ESTAREMOS AVERIGUANDO LOCAL **
** GN(3) DACUNHA: JA PEGAMOS O INDIVIDUO **
** GATE(5) Kauan_Churritos: BOM TRABALHO **
** GATE(5) Kauan_Churritos: QAP COPOM **
** GATE(5) Kauan_Churritos: QAP COPOM, QSV 001 TERMINOU PTR **
** PM(5) Zuerim_Bahiano: qap copom? **
** PM(5) Zuerim_Bahiano: QRR NO CAIXA! **
** IP(L) novin_77: positivo **
** PM(5) Zuerim_Bahiano: COMANDO PM EM PTR QUALQUER QRR/QRU JOGA NA REDE **
** PM(5) Zuerim_Bahiano: QAP COPOM? **
** PM(5) Zuerim_Bahiano: UNIDADE ROCAM EM PTR QUALQUER QRR/QRU JOGA NA REDE **
** IP(L) novin_77: qaq? **
** IP(L) novin_77: qrr no caixa **
** PM(3) Carlos_Sales: TKS EXERCITO **
** GN(L) Bkey_DuMonster: qap copom **
** PF(L) Pedro_MgPK: QAP **
** GN(L) Bkey_DuMonster: alguma qrr? **
** PF(L) Pedro_MgPK: negativo **
** GN(L) Bkey_DuMonster: qsl **
** IP(L) novin_77: qap cupom? **
** IP(5) Sheik.ip: qsl **
** GN(4) joao_manoel_fps: opa **
** IP(5) Sheik.ip: qsl cupom **
** GN(4) joao_manoel_fps: qus **
** GN(4) joao_manoel_fps: qsl **
** GN(4) joao_manoel_fps: bk vem base **
** GN(4) joao_manoel_fps: qrr base **
** GN(4) joao_manoel_fps: qrr porto **
** GATE(L) Lucas_pinto: QRR LOJA DE ARMAS 3 **
** PM(3) Carlos_Sales: A CAMINHO DO QTH INDICADO **
** GATE(L) Lucas_pinto: NAO IREMOS ENTRAR AINDA ESTAMOS AGUARDANDO O QRR **
** GATE(L) Lucas_pinto: TKS A TODOS QUE DERAM QRR NA LOJA  DE ARMAS 3 ABATIDOS!!! **
** GATE(L) Lucas_pinto: QRR LOTERICA **
** GN(L) Bkey_DuMonster: a caminho **
** PC(L) Gabrielzin_Maniok: QAP TODAS AS UNIDADES NA LOTERICA DE LS **
** PC(L) Gabrielzin_Maniok: ESTAO ROUBANDO O COFRE  **
** PC(L) Gabrielzin_Maniok: ALGUMA UNIDADE VAI NEGOCIAR  **
** PC(L) Gabrielzin_Maniok: IREI NEGOCIAR JA QUE NAO CHEGOU NINGUEM  **
** PC(L) Gabrielzin_Maniok: QSL  **
** GN(L) Bkey_DuMonster: sniper posicionado em cima do predio **
** PC(5) Rafaela_Maniok: sniper escondido no matp **
** PC(5) Rafaela_Maniok: sniper escondido no mato **
** PM(3) Carlos_Sales: ESTOU MIRADO EM UM MELIANTE **
** GN(L) Bkey_DuMonster: qrr chegandl **
** PM(3) Carlos_Sales: ELES FORAM EMBORA PQ? **
** PM(3) Carlos_Sales: QRR CAIXA **
** GATE(L) Lucas_pinto: QRR ASSALTO A CAIXA MUITOS BANDIDOS **
** GATE(5) Kauan_Churritos: QAP COPOM? **
** GATE(L) Lucas_pinto: QRR LOTERICA **
** PF(L) Pedro_MgPK: QSL **
** PF(L) Pedro_MgPK: QTY **
** PF(L) Pedro_MgPK: todas unidades QRR loterica **
** GATE(5) Kauan_Churritos: QRR SULTAN AZUL  COM 4 INDIVIDUOS **
** PM(3) Carlos_Sales: QTH? **
** GATE(5) Kauan_Churritos: PERTO BINCO **
** PM(3) Carlos_Sales: A CAMINHO **
** GATE(5) Kauan_Churritos: QRR QTH PONTO PERTO BINCO **
** IP(5) Haridade: qrr **
** PF(L) Pedro_MgPK: estamos no caixa **
** PF(L) Pedro_MgPK: caixa da pista esta limpo **
** PM(3) Carlos_Sales: QRR CAIXA **
** PM(3) Carlos_Sales: PRECISO DE UMA QSV  **
** IP(5) Haridade: ta aonde **
** IP(5) Haridade: ta aonde carls sales **
** PF(L) Pedro_MgPK: QAP CENTRAL **
** PM(3) Carlos_Sales: QAP **
** PF(L) Pedro_MgPK: eu estou de carro descaracterizado sera que posso ir na QTH **
** PM(3) Carlos_Sales: RECOMENDARIA O SR TROCAR DE QSV **
** PF(L) Pedro_MgPK: QSL **
** PF(L) Pedro_MgPK: mas minha HQ e muito longe **
** PF(L) Pedro_MgPK: em caso de emergencia eu vou **
** PM(3) Carlos_Sales: QSL **
** PC(5) Rafaela_Maniok: o animal para de dar tk **
** GATE(2) WILL_PINTO: QRR SULTAN AMARELO 2 INDIVUDO PROXIMO A PRACA **
** GATE(L) Lucas_pinto: QRR ASSALTO A CAIXA NO SKAT **
** GATE(L) Lucas_pinto: DESCULPA SOLDADO DA POLICIA CIVIL MEU SOLDADO SE CONFUNDIU PERDAO **
** GATE(L) Lucas_pinto: QRR ASSALTO A CAIXA COPOM **
** PF(L) Pedro_MgPK: QSL **
** PF(3) Joao_KF: QTY **
** PF(L) Pedro_MgPK: o animal sabe ver tag n **
** PC(L) Gabrielzin_Maniok: MANO OS TA MATANDO OS VOU DENUNCIAR MEMO **
** PC(4) Leonardo_Beiramar: tem um vinicius me rajando  **
** PC(4) Leonardo_Beiramar: olha o tk animal  **
** PF(L) Pedro_MgPK: sou pf e tava com tag em cima e os cara ainda mato mds /occ **
** PF(L) Pedro_MgPK: QRR PISTA **
** PC(4) Leonardo_Beiramar: solicido qrr no complexo da turquia **
** PC(4) Leonardo_Beiramar: individuo perigoso se encotra dentro do local  **
** PC(4) Leonardo_Beiramar: TODAS AS VTR/ROCAM VENHAM PARA O COMPLEXO DA TURQUIA **
** GATE(2) WILL_PINTO: QSL **
** IP(L) novin_77: qsl **
** IP(5) Sheik.ip: qsl **
** GATE(2) WILL_PINTO: GATE INDO AO QTH  **
** IP(L) novin_77: ROTA INDO AO QTH **
** PC(4) Leonardo_Beiramar: ao chegar perto do local uma rocam estara parada esperem perto dela  **
** PC(4) Leonardo_Beiramar: quando for 23:23 pode abrir o codigo 5 e invadir o local **
** PC(L) Gabrielzin_Maniok: LEVA ELE PARA PENETECIARIA **
** PC(4) Leonardo_Beiramar: so atirem no Rei do R0las/ooc **
** IP(2) SNOOPY.sx: se precisar de QRR so fala **
** GN(3) DACUNHA: TAMOS EM FRWNTE DA LOJA DE ARMA 1 cuidando qsl **
** IP(2) SNOOPY.sx: QLS ESTOU A CAMINHO DO QTH **
** IP(2) SNOOPY.sx: ESTOH NO QTH ONDE VOCES ESTAO ? **
** GN(3) DACUNHA: TAMOS EM FRENTE DA LOJA DE ARMA 1 qsl **
** GN(L) Bkey_DuMonster: qsl **
** IP(2) SNOOPY.sx: FALA UM PONTE DE REFERENCIA **
** GN(3) DACUNHA: CUPOM NAO E A AMMUNATIO PRINCIPAL E A LOJA DE ARMA 1 qsl **
** IP(2) SNOOPY.sx: QUAL QUER QRR OU QRU JOGA NA REDE QSL ? **
** GN(L) Bkey_DuMonster: qsl **
** GOV(L) Gui_Vincent: Q.a.p? **
** PC(5) Rafaela_Maniok: todas as unidades colocan teg para nn tomar tk /occ **
** GOV(L) Gui_Vincent: Alguma unidade em ptr? **
** PC(5) Rafaela_Maniok: ta bem eb **
** GATE(L) Lucas_pinto: DESCULPAS ROTA O RECRUTA BRUNO SE CONFUNDIU !!! **
** IP(5) ML_santos: JAE GATE NOSSO SOLDADO SE REVOLTOU **
** GATE(L) Lucas_pinto: PECO DESCULPAS PELO OCORRIDO **
** IP(5) ML_santos: TA DESCULPADO **
** GN(L) Bkey_DuMonster: EB em ptr qualquer qrr qru qrv mandar na rede qsl **
** IP(5) Monster.WS: QUAL QRR ou QRU JOGA NA REDE QSL ? **
** IP(2) Davi_Martins: QRR  **
** IP(2) Davi_Martins: MORRO COPOM **
** IP(2) Davi_Martins: PLACA 0 **
** IP(2) Davi_Martins: PLACA 0 **
** IP(L) Haridade: codigo 5 **
** IP(5) Monster.WS: QUAL QUER QRR OU QRU JOGA NA REDE QSL ? **
** IP(L) Haridade: codigo 5 **
** IP(L) Haridade: codigo 3 **
** IP(L) Haridade: codigo 3 e,codigo 5 **
** PM(5) Zuerim_Bahiano: UNIDADE DA ROCAM EM PTR QUALQUER QRR/QRU JOGA REDE **
** PM(5) Zuerim_Bahiano: Q.A.P COPOM? **
** PM(5) Zuerim_Bahiano: UNIDADE DA ROCAM EM PTR QUALQUER QRR OU QRU JOGA NA AREDE **
** PM(5) Zuerim_Bahiano: UNIDADE DA ROCAM EM PTR QUALQUER QRR OU QRU JOGA NA REDE **
** PM(5) Zuerim_Bahiano: QAP COPOM? **
** PM(5) Zuerim_Bahiano: UNIDADE DA ROCAM EM PTR QUALQUER QRR OU QRU JOGA REDE **
** PM(5) Zuerim_Bahiano: UNIDADE DA ROCAM EM PTR QUALQUER QRR/QRU JOGA NA REDE **
** PM(5) Zuerim_Bahiano: QSL BOA PTR **
** PM(5) Zuerim_Bahiano: UNIDADE VIM LOCAL ONDE ELE CRASHOU /OOC **
** GATE(5) TREM_CHITADO: NAO ZWI **
** GATE(L) Low_FPSx: NEGATIVO ESTAMOS OUCUPADOS **
** GATE(5) TREM_CHITADO: NAO SEI **
** PM(5) Zuerim_Bahiano: QSL MAIS ELE TA AQUI PERTO DE ONDE ALUGA CARRO **
** GATE(L) Low_FPSx: QSL **
** GATE(5) TREM_CHITADO: QSL A QTI **
** GATE(L) Low_FPSx: NECESSITO DE QRR NO POSO DO CJ **
** GATE(L) Low_FPSx: QRR PISTA DE SKATE **
** PM(5) Zuerim_Bahiano: TBM PRECISO DE QRR NO ID 0 **
** GATE(5) TREM_CHITADO: QSL **
** PM(5) Zuerim_Bahiano: QRR ID 0 TENTATIVA DE FUGA **
** GATE(5) TREM_CHITADO: QSL **
** GATE(5) TREM_CHITADO: QSL **
** PM(5) Zuerim_Bahiano: ID 0 PERDEU FUGA VIM AGR PARA EU PODER ABORDAR **
** GATE(5) TREM_CHITADO: TOUNO QTH QSL COPOM **
** PM(5) Zuerim_Bahiano: EMBAIXO DE VC  **
** GATE(4) LeoziN_FPSx: VTR 001 DA GATE INICIANDO PTR QUALQUER QRR JOGA NA REDE!!! **
** PM(5) Zuerim_Bahiano: QAP COPO? **
** PM(5) Zuerim_Bahiano: QAP COPOM* **
** PM(5) Zuerim_Bahiano: UNIDADE DA ROCAM EM PTR QUALQUER QRR OU QRU JOGA REDE **
** PM(5) Zuerim_Bahiano: QAP COPOM??? **
** PM(5) Zuerim_Bahiano: QAP COPOM? **
** GATE(L) Low_FPSx: QSL **
** PM(5) Zuerim_Bahiano: QSL LIDER? **
** GATE(L) Low_FPSx: TOU COM AUSAIMER **
** PM(5) Zuerim_Bahiano: ENFIM, ALGUM QRR? **
** PM(5) Zuerim_Bahiano: UNIDADE DA ROCAM EM PTR QUALQUER QRRBOU QRU JOGA REDE **
** PM(5) Zuerim_Bahiano: MATEI **
** PF(L) ALEMAO_: QAP **
** PM(5) Zuerim_Bahiano: UNIDADE DA ROCAM EM PTR QUALQUER QRR OU QRU JOGA NA REDE **
** GATE(4) Motta: QRR COPOM PONTE DE LS A LV  **
** PM(5) Zuerim_Bahiano: QAP COPOM? **
** GATE(4) Motta: QUAP PROSIGA **
** PM(5) Zuerim_Bahiano: QRR LOTERICA **
** PM(5) Zuerim_Bahiano: ERRADO QRR PUTEIRO SOU ANAFABETO DSCLP **
** GATE(4) Motta: ELES ENTROU? **
** PM(5) Zuerim_Bahiano: nao **
** PM(5) Zuerim_Bahiano: UM ENTROU **
** PM(5) Zuerim_Bahiano: RESTO FUGIU **
** PM(5) Zuerim_Bahiano: QRF CAIXA **
** GATE(4) Motta: CAIXA AQUI PERTO DA PISTA DE SKATE VEMM **
** PM(5) Zuerim_Bahiano: QAP COPOM? **
** GATE(5) TREM_CHITADO: QAP PROSIGA **
** PM(5) Zuerim_Bahiano: ALGUM QRR? **
** GATE(5) TREM_CHITADO: NEGATIVO **
** PM(5) Zuerim_Bahiano: QSL TKS **
** GATE(5) TREM_CHITADO: EQUIPE DA GATE INICIANO PTR QUALQUE QRR/QRU JOGA NA REDE QSL COPOM  **
** PM(5) Zuerim_Bahiano: QSL BOA PTR **
** GATE(5) TREM_CHITADO: TOTAL QRV DO COPOM **
** GATE(5) TREM_CHITADO: TKS **
** GATE(5) TREM_CHITADO: QAP COPOM **
** GATE(4) Motta: QAP COPOM UNIDADE APLHA INICIADO PTR QUALQUER QRR/QRU JOGA NA REDE **
** PF(L) ALEMAO_: QAP **
** PF(L) ALEMAO_: qapppp **
** PF(L) ALEMAO_: /D PRA FALAR **
** GN(4) Trax_JK: QAP COPOM? **
** BOPE(5) The_ghost: UNI ALFA INICIANDO PTR, QUALQUER QRU/QRR JOGA NA REDE QSL? **
** BOPE(5) The_ghost: UNI ALFA 18001 FINALIZANDO PTR, TKS A TODOS. **
** GN(3) Joaozinx_ff: GATA TA NA ESCUTA? **
** GN(3) Joaozinx_ff: GATE **
** GATE(4) Motta: QSL **
** GN(3) Joaozinx_ff: TAVA SO TESTANDO AQ MESMO  **
** GN(3) Joaozinx_ff: QUALQUER COISA PASSOU O RADIO  **
** GATE(4) Motta_realN$: QAP SENTRAL A VTR DO MOTTA INICIANDO O PATRULHAMENTO QUAL QUER QRR JOGA NA REDE **
** GN(3) Joaozinx_ff: POSITIVO  **
** GATE(4) Crazy_FPSx: k **
** GN(3) Joaozinx_ff: CENTRAL A VTR DO TRASH INICIANDO O PATRULHAMENTO QUALQUER QRU QRA JOGA NA REDE **
** GATE(4) Crazy_FPSx: QSL **
** GATE(4) Crazy_FPSx: VTR DO MAJOR CRAZY EM PTR QUALQUER QRR JOGA NA REDE **
** GN(3) Joaozinx_ff: QSL **
** GN(2) Trashzx_gta3: qsl **
** GATE(4) Crazy_FPSx: TEM 2 VIATURA POLICIAL EM FRENTE DP DE LS ABONDONADA QSL? **
** GATE(4) Motta_realN$: qal **
** GN(2) Trashzx_gta3: QSL **
** GATE(4) Motta_realN$: qsl **
** GATE(4) Crazy_FPSx: E UM DE 6PORTA E UMA MOTO **
** GATE(4) Crazy_FPSx: ROCAM* **
** GN(2) Trashzx_gta3: qsl **
** GN(3) Joaozinx_ff: ALGUMA NOVIDADE AI ? **
** GATE(4) Mudinho_FPSx: nenhuma **
** GATE(4) Motta_realN$: negativo **
** GATE(4) Crazy_FPSx: POR ENQUANTO SO ASSASINATO MAIS N CONSEGUIMOS CHEGAR ATE O LOCL **
** GATE(4) Motta_realN$: QUAP SENTAL SOLICITO QRR  **
** GATE(4) Motta_realN$: QUAP SENTAL SOLICITO QRR   **
** GATE(4) Crazy_FPSx: PASSA LOC **
** GATE(4) Motta_realN$: PERTO DA GROVE **
** GN(3) Joaozinx_ff: POSITIVO A CAMINHO **
** GATE(4) Crazy_FPSx: A CAMINHO **
** GATE(4) Motta_realN$: PUTEIRO **
** GATE(4) Motta_realN$: HOTEL MORRO **
** GATE(4) Mudinho_FPSx: acaminho **
** GN(3) Joaozinx_ff: DA/RF E O ID DO MELIANTE **
** GN(2) Trashzx_gta3: QSL **
** GATE(4) Motta_realN$: HOTEL MORRO **
** GATE(4) Motta_realN$: PARK GREN **
** GATE(4) Motta_realN$: PISTA DE SKATE **
** GN(3) Joaozinx_ff: QUAL O ID DO MELIANTE  **
** GATE(4) Mudinho_FPSx: 16 **
** GATE(4) Motta_realN$: 8 **
** GATE(4) Crazy_FPSx: TA PUTEIRO **
** GATE(4) Crazy_FPSx: TAVAMOS ATRAS DELES ULTIMO CTT FOI PERTO DO PUTEIRO **
** GN(2) Trashzx_gta3: QSL **
** GATE(4) Motta: PARK GREN **
** GATE(4) Crazy_FPSx: ESTAMOS COM VISAO PISTA DE SKATE **
** GATE(4) Motta: MORRO **
** GATE(4) Crazy_FPSx: PASSANDO RUA DO MORRO **
** GATE(4) Crazy_FPSx: ATUALIZA  **
** GATE(4) Motta: PENITECIARIA **
** GATE(4) Mudinho_FPSx: atualiza qth **
** GATE(4) Motta: PISTA DE SKATE **
** GATE(4) Motta: ERTO DO POTEIRO **
** GATE(4) Crazy_FPSx: QSL TAMO COM VISUAL **
** GN(3) Joaozinx_ff: ONDE E O CAIXA **
** GATE(4) Crazy_FPSx: BOA MOTA  **
** GATE(4) Crazy_FPSx: NA 24/7 PERTO DA PIZZARIA **
** GATE(4) Motta: ALGUMA UNIDADE BUSCA EU E O MOTTA AQUI **
** GATE(4) Motta_realN$: AGULMA VTR ME DA CARONA AQUI SENTRAL **
** GATE(4) Crazy_FPSx: NECECITO QRR **
** GN(3) Joaozinx_ff: voltei **
** GATE(4) Crazy_FPSx: central qrr no caixa qsl? **
** GATE(4) Motta: qsl **
** GN(3) Joaozinx_ff: cupom vtr 001 iniciando o patrulhamento qualquer qru qra joga na rede **
** GN(3) Joaozinx_ff: alguem naescuta **
** GATE(4) Mudinho_FPSx: ss qap **
** GN(3) Joaozinx_ff: esculta **
** GATE(4) Crazy_FPSx: QSL **
** GATE(4) Crazy_FPSx: QAP CENTRAL QRR NO CAIXA QSL? **
** GN(3) Joaozinx_ff: ac caminho **
** GATE(4) Crazy_FPSx: passa qrr **
** GATE(4) Crazy_FPSx: n achamos o caixa **
** GN(2) Trashzx_gta3: 15 **
** GN(2) Trashzx_gta3: lixeiro **
** GATE(4) Crazy_FPSx: QAP CENTRAL NESSECITO DE QRR **
** GATE(4) Crazy_FPSx: QAP CENTRAL NESSECITO DE QRR **
** GATE(4) Motta: ATUALIZA COPOM **
** GN(3) Joaozinx_ff: A CAMINHO **
** GATE(4) Crazy_FPSx: INDIVIDO GUH TENTANDO DS FUGA **
** GATE(4) Crazy_FPSx: PASSANDO PREFEITURA **
** GATE(4) Motta: ATUALIZA COPOM **
** GATE(4) Crazy_FPSx: QAP CENTRAL NESSECITO DE QRR **
** GATE(4) Crazy_FPSx: QAP CENTRAL NESSECITO DE QRR **
** GN(4) Kurt_444: qual qth **
** GATE(4) Crazy_FPSx: PISTA DE SKATE **
** GATE(4) Crazy_FPSx: PISTA DE SKATE  **
** GN(3) Joaozinx_ff: ID DO INDIVIDOU **
** GATE(4) Crazy_FPSx: PUTEIRO **
** GATE(4) Crazy_FPSx: VOLTANDO PISTA DE SKATE **
** GATE(4) Crazy_FPSx: GUH E BRUNO TCP OS 2 individo **
** GATE(4) Crazy_FPSx: subio favela **
** GATE(4) Mudinho_FPSx: dois meliantes abatidos **
** GATE(4) Motta: O MESMO QUE ESTAVA EM FUGA FOI ALVEJADO **
** GATE(4) Motta: QRR  PENITECIARIA **
** GATE(4) Motta: PISTA DE SKATE **
** GN(3) Joaozinx_ff: PODE DERRUBAR **
** GN(2) Trashzx_gta3: vem posto **
** GN(4) Kurt_444: qrr posto perto da grove **
** GN(3) Joaozinx_ff: posto vem,posto **
** GN(4) Kurt_444: qrr posto perto da grove urgente **
** GN(2) Trashzx_gta3: reforco posto! **
** GATE(5) TREM_CHITADO: QAP COPOM **
** GN(3) Joaozinx_ff: OPA  **
** GN(3) Joaozinx_ff: PROSIGA **
** GATE(5) TREM_CHITADO: EQUIPE DA GATE INICIANO PTR QUALQUER QRR/QRU JOGA NA REDE QSL **
** GN(3) Joaozinx_ff: QSL **
** GN(3) Joaozinx_ff: EU TO NUMA VTR DISFARCADA **
** GATE(5) TREM_CHITADO: QSL **
** GN(3) Joaozinx_ff: TEM VAGA NA VTR DE VCS AI ? **
** GATE(5) TREM_CHITADO: NAO **
** GN(3) Joaozinx_ff: EAE CUPOM **
** GATE(4) Mudinho_FPSx: algm gate on? **
** BOPE(5) The_ghost: UNI ALFA 18001 INICIANDO PTR, QUALQUER QRU/QRR JOGA NA REDE QSL? **
** PF(L) ALEMAO_: QAP **
** BOPE(5) The_ghost: qap, prossiga **
** PF(L) ALEMAO_: QUEREM VER OS LOCAIS DA OPERACAO ? **
** BOPE(5) The_ghost: sim senhor. **
** BOPE(5) The_ghost: qap policia federal? **
** PF(L) ALEMAO_: QAP , 1 MOMENTO **
** BOPE(5) The_ghost: qsl **
** PF(L) ALEMAO_: QUANTO CUSTA O PORTE ? **
** BOPE(5) The_ghost: 50k **
** PF(L) ALEMAO_: vixxx **
** PF(L) ALEMAO_: minha sub n tem 50k **
** PF(L) ALEMAO_: QUAL O QTH DE VCS ? **
** BOPE(5) The_ghost: PREFEITURA **
** PF(L) ALEMAO_: QTH ATUALIZOU ? **
** BOPE(5) The_ghost: 24/7 **
** PF(L) ALEMAO_: problemas na mente  **
** PM(5) Zuerim_Bahiano: UNIDADE DA ROCAM EM PTR QUALQUER QRR OU QRU JOGA NA REDE **
** BOPE(5) The_ghost: qsl, boa ptr **
** PF(L) ALEMAO_: QAP PM **
** PF(L) ALEMAO_: BOPE E PM,COLA HQ DA PM **
** PM(5) Zuerim_Bahiano: POSITIVO PROSIGA **
** BOPE(5) The_ghost: qsl **
** PF(L) ALEMAO_: QAP BOPE **
** PF(L) ALEMAO_: MUITOS TIROS PISTA DE SKATE **
** PM(5) Zuerim_Bahiano: indo qrr agr **
** PF(L) ALEMAO_: AI  **
** PF(L) ALEMAO_: JA TENHO AS PROVAS PRA FAZER A OPERACAO DIA 15 **
** PF(L) ALEMAO_: IREI ANUNCIAR O DIA DA OPERACAO AGORA NO DS  **
** GN(L) KINGZIN.Fe: UNI DA EB INICIANDO PTR QUALQUER QRR/QRU JOGA NA REDE QSL? **
** BOPE(5) The_ghost: qsl, boa ptr. **
** GN(L) KINGZIN.Fe: TKS **
** GN(3) Joaozinx_ff: BOM DIA AMIGOS ALGUEM DE OUTRA CORPORACAO ON **
** BOPE(5) The_ghost: nao usem o /D para conversa paralela! **
** GN(3) Joaozinx_ff: CALMA POW RLX **
** BOPE(5) The_ghost: ALGUMA QRU CUPOM? **
** GN(3) Joaozinx_ff: NEGATIVO **
** BOPE(5) The_ghost: QSL **
** GN(4) Trax_JK: QAP COPOM **
** GN(4) Trax_JK: ALGUMA QSV PARA LEVAR UM INDIVIDUO PRESO. **
** GN(2) Joaozinx_ff: VTR DO KINGZIN INICIANDO PATRULHAMENTO QUALQUER QRR QRU JOGA NA REDE **
** BOPE(5) The_ghost: VTR DO KINGZIN E DESCONHECIDA **
** BOPE(5) The_ghost: SOLICITO QRR PUTEIRO **
** PF(4) Rafinha_Brabo: ok **
** PF(4) Rafinha_Brabo: vou tentar comparecer **
** BOPE(5) The_ghost: NAO ANUNCIA NO BATE PAPO MANO **
** GN(L) KINGZIN.Fe: /GOV **
** BOPE(5) The_ghost: FALA AQUI NO CUPOM **
** BOPE(5) The_ghost: PARCEIRO CRASHOU, CUIDA DAI EB **
** GN(5) Trax_JK: QM TIVER COM COLETE BOM ENTRA 1  **
** GN(5) Trax_JK: NEW **
** GN(5) Trax_JK: TKS EQUIPES **
** BOPE(5) The_ghost: TKS A TODOS **
** BOPE(5) The_ghost: TKS A TODOS **
** PF(4) Rafinha_Brabo: tks **
** PF(L) ALEMAO_: QAP **
** PF(L) ALEMAO_: TA DANDO MT POUCA GRANA **
** PF(L) ALEMAO_: MATAR PROCU **
** PF(L) ALEMAO_: 50 CONTO **
** PF(L) ALEMAO_: PRA TE DAR LICENCA **
** PF(L) ALEMAO_: OS ADM CONSEGUE ? **
** GATE(5) TREM_CHITADO: QAP COPOM **
** BOPE(5) The_ghost: qap, prossiga **
** GATE(5) TREM_CHITADO: PARA FALAR NO COPOM /D /OOC  **
** GATE(5) TREM_CHITADO: QAP COPOM **
** GATE(5) TREM_CHITADO: QRR POSTO **
** GN(5) Trax_JK: QSL COMANDO EB A QTI **
** GN(5) Trax_JK: QRR COPOM POTO CJ **
** GN(5) Trax_JK: QRR COPOM PERSEGUICAO A NRG **
** GN(L) KINGZIN.Fe: BANCO+? **
** GN(L) KINGZIN.Fe: BANCO ? **
** GATE(4) Guga_FPSx: loja de armas  **
** GATE(4) Guga_FPSx: pms  **
** GATE(4) Guga_FPSx: vam roubar **
** PF(L) ALEMAO_: QAP **
** GN(L) KINGZIN.Fe: QAP PROSSIGA **
** PF(L) ALEMAO_: JA FOI BANCO ? **
** GN(L) KINGZIN.Fe: N **
** PF(L) ALEMAO_: TAVA EM RECRUTAMENTO **
** PF(L) ALEMAO_: TAO ONDE **
** GN(L) KINGZIN.Fe: ESTAMOS A QTI DO QTH **
** GATE(4) Crazy_FPSx: vtr em patrulhamento **
** GATE(4) Crazy_FPSx: GATE EM PTR **
** GATE(4) Crazy_FPSx: GATE EM PTR QSL **
** GATE(4) Crazy_FPSx: precisamos de QRR NA LOTERICA DO ESTACIONAMENTO **
** GATE(4) Motta_realN$: qrr loterica **
** GATE(4) Motta_realN$: qrr loterica **
** GATE(4) Motta_realN$: qrr loterica **
** GATE(4) Motta: QAP COPOM VTR ALPHA INICIANDO PTR QUALQUER QRR/QRU JOGA NA REDE **
** BOPE(5) Isaac_David: UNI ALFA 18001 INICIANDO PTR, QUALQUER QRU/QRR JOGA NA REDE QSL? **
** BOPE(5) The_ghost: alguma qru cupom? **
** BOPE(5) The_ghost: BOPE A QTI **
** BOPE(5) The_ghost: ATUALIZA QTH **
** BOPE(L) WIKEZIM_YT: UNI ALFA INICIANDO PTR, QUALQUER QRU/QRR JOGA NA  REDE QSL? **
** GN(5) Trax_JK: COMANDO EB NO QTH DA,PISTA DE SKATE **
** BOPE(5) The_ghost: QSL **
** BOPE(5) The_ghost: BOPE IRA SE PREPARAR PARA IR **
** GATE(4) Guga_FPSx: gate a caminho da pista de sket **
** GN(5) Trax_JK: COPOM COMANDO,EB LEVOU 1 EO RESTO DEU QTQ **
** GN(5) Trax_JK: COPOM COMANDO,EB LEVOU 1 EO RESTO DEU QTA* **
** BOPE(5) The_ghost: BOPE NO QTH **
** GN(5) Trax_JK: COMANDO PE INICIANDO PTR QQ QRR QRU JG NA REDE QSL? **
** GATE(4) Guga_FPSx: gate em ptr **
** BOPE(5) The_ghost: qsl, boa ptr **
** GATE(4) Crazy_FPSx: GATE EM PTR **
** GATE(4) Guga_FPSx: gate em ptr **
** BOPE(5) Isaac_David: UNI ALFA 18001 INICIANDO PTR, QUAQUER QRU/QRR JOGA NA REDE QSL? **
** BOPE(5) The_ghost: UNI ALFA 18001 FINALIZANDO PTR, QUALQUER QRU/QRR JOGA NA REDE QSL? **
** BOPE(5) The_ghost: UNI ALFA FINALIZANDO PTR, TKS A TODOS **
** BOPE(5) The_ghost: COPIEI ERRADO PERDAO CUPOM. **
** PM(5) Zuerim_Bahiano: UNIDADE ROCAM EM PTR QUALQUER QRR OU QRU JOGA REDE **
** PM(5) Zuerim_Bahiano: QAP COPOM? **
** GATE(4) Crazy_FPSx: qrr na loterica **
** GATE(4) Crazy_FPSx: QRR LOTERICA TO SOZINHO MANO **
** BOPE(5) Isaac_David: UNI ALFA 18001 INICIANDO PTR, QUALQUER QRU/QRR JOGA NA REDE QSL? **
** BOPE(5) Isaac_David: BOPE A QTI **
** GATE(4) Crazy_FPSx: indo puteiro qsl **
** GATE(4) Crazy_FPSx: N ENTRA QUE E TRAP TA **
** BOPE(5) Isaac_David: BOPE NO LOCAL PARA QRR **
** GATE(4) Crazy_FPSx: MDS N ENTRAA **
** BOPE(5) Isaac_David: MUITA CALMA, ELES ESTAO ENCURALADOS **
** GATE(4) Crazy_FPSx: TEM CARA FORA DO PUTEIRO QUASE O CARA MORRE DO EXERCITO **
** BOPE(5) Isaac_David: CONSEGUE ME DIZER DE ONDE ELE SE ENCONTRA? **
** BOPE(5) Isaac_David: TEMOS QUANTOS AINDA? **
** BOPE(5) Isaac_David: PREFEREM INVADIR? **
** GN(2) Trashzx_gta3: vamos invadir puteiro? **
** BOPE(5) Isaac_David: PODE SER! **
** BOPE(5) Isaac_David: SOLICITO QRR, NO CAIXINHA **
** BOPE(5) Isaac_David: BOPE ROCAM A QTI DO QRR **
** GATE(5) TREM_CHITADO: GATE A QTI DO QTH **
** GATE(5) TREM_CHITADO: CPF DELE E 10 **
** BOPE(5) Isaac_David: JA CONSEGUIRAM INTERVIR O ROUBO AO CAIXA ELETRONICO? **
** GATE(5) TREM_CHITADO: DESCULPA **
** BOPE(5) Isaac_David: TRANQUILO **
** GATE(5) TREM_CHITADO: NEGATIVO TKS **
** BOPE(5) Isaac_David: adm da rc **
** BOPE(5) Isaac_David: DESCULPA MANDEI ERRADO** **
** GN(L) KINGZIN.Fe: ALGUM QRU PENDENTE CUPOM? **
** BOPE(5) The_ghost: UNI ALFA 18001 INICIANDO PTR, QUALQUER QRU/QRR JOGA NA REDE QSL? **
** BOPE(5) The_ghost: espera sair da safe **
** BOPE(5) The_ghost: ALGUMA QRU CUPOM? **
** BOPE(5) The_ghost: qrr caixinha da estacao **
** BOPE(5) The_ghost: abati um dos criminosos **
** PF(L) ALEMAO_: SO PODE MATAR C /VDP **
** PF(L) ALEMAO_: QAP **
** IP(2) hian_rocha: QAP **
** PF(L) ALEMAO_: QAP QAP,QAP **
** BOPE(5) The_ghost: QAP, PROSSIGA **
** PF(L) ALEMAO_: UM CARRO COM INDIVIDUOS PROCURADOS QSL ? **
** IP(2) hian_rocha: QLS **
** BOPE(5) The_ghost: ME DE MAIS INFORMACOES **
** PF(L) ALEMAO_: PERDI VISUAL **
** PF(L) ALEMAO_: SENTIDO HQ YKZ **
** IP(2) hian_rocha: FALO O CARRO DO,INDIVIDO **
** PF(L) ALEMAO_: SUBARU **
** PF(L) ALEMAO_: QAP **
** BOPE(5) The_ghost: QAP, PROSSIGA **
** PF(L) ALEMAO_: A ALGUMA VTR ATRAS DO 24 ? **
** BOPE(5) The_ghost: NEGATIVO **
** PF(L) ALEMAO_: QAP **
** IP(4) Bkey_DuMonster: qap **
** PF(L) ALEMAO_: APOIO,ID 24 **
** BOPE(5) The_ghost: qual o seu qth? **
** PF(L) ALEMAO_: ACHO Q BASE DO JAGATA **
** PF(L) ALEMAO_: MIRA AUTO PQP **
** BOPE(5) The_ghost: UNI ALFA 18001 FINALIZANDO PTR, TKS A TODOS **
** IP(4) Bkey_DuMonster: permissao para atirar alemao? **
** PF(L) ALEMAO_: O PAI MORREU **
** PF(L) ALEMAO_: METE XUMBO ELE JA TEM /VDP **
** PF(L) ALEMAO_: FOI D F NE ? **
** PF(L) ALEMAO_: INTERPOL ? **
** IP(4) Bkey_DuMonster: morri pai **
** PF(L) ALEMAO_: SABE A FAVELA DA TDT ? **
** PF(L) ALEMAO_: AQL NA RODOVIA **
** PF(L) ALEMAO_: QAP ? **
** GN(L) KINGZIN.Fe: QAP **
** IP(4) Bkey_DuMonster: QAP prossiga **
** PF(L) ALEMAO_: QAP  **
** PF(L) ALEMAO_: APOIO **
** GN(2) Trashzx_gta3: estou sem p2 **
** PF(L) ALEMAO_: APOIA AQ NA BASE DA LACOSTE **
** PF(L) ALEMAO_: IREMOS PEGAR PROCURADOS **
** GN(2) Trashzx_gta3: posso ir sem p2? **
** PF(L) ALEMAO_: POSITIVO **
** PF(L) ALEMAO_: TEMOS 3 MINUTOS ANTES DE ENTRAR **
** GN(2) Trashzx_gta3: positivo **
** PF(L) ALEMAO_: PRA SER MELHOR **
** PF(L) ALEMAO_: VEM NO MEU ID **
** PF(L) ALEMAO_: ID 27 **
** PF(L) ALEMAO_: QAP TA DE HELI ? **
** PF(L) ALEMAO_: VORTEI **
** PF(L) ALEMAO_: INVADIRAM ? **
** GN(2) Trashzx_gta3: to aqui alemao **
** PF(L) ALEMAO_: ESPERA **
** PF(L) ALEMAO_: MORRERAM NE **
** IP(2) Henrique_Franca: sim **
** GN(2) Trashzx_gta3: nn **
** GN(2) Trashzx_gta3: to vivo **
** PF(L) ALEMAO_: PEGUEM HELI **
** PF(L) ALEMAO_: 17;10 IVASAO **
** BOPE(L) WIKEZIM_YT: UNI ALFA 18001 INICIANDO PTR, QUALQUER QRU/QRR JOGA NA REDE QSL? **
** GN(5) Trax_JK: caixa new **
** BOPE(5) Isaac_David: BOPE A QTI DO QTH **
** GN(5) Trax_JK: caixa new **
** GN(L) KINGZIN.Fe: ALGUM QRU CUPOM!!!!!!! **
** GN(L) KINGZIN.Fe: LAGADAO **
** GN(L) KINGZIN.Fe: VOLTA BLITZ **
** PF(L) ALEMAO_: QAPPPP **
** PF(L) ALEMAO_: AI GN **
** GN(L) KINGZIN.Fe: ? **
** PF(L) ALEMAO_: TA EM QNTS AI **
** GN(L) KINGZIN.Fe: SO EU ROCAM **
** PF(L) ALEMAO_: COLA HQ PF **
** PF(L) ALEMAO_: VM FAZER UM BAGUHO **
** GN(L) KINGZIN.Fe: OK **
** GN(L) KINGZIN.Fe: A QTI DA BASE PF **
** GN(L) KINGZIN.Fe: ABRE PORTAO **
** PM(5) Zuerim_Bahiano: UNIDADE DA ROCAM EM PTR QUALQUER QRR OU QRU JOGA REDE **
** GN(L) KINGZIN.Fe: QSL **
** BOPE(L) WIKEZIM_YT: UNI ALFA 18001 INICIANDO PTR, QUALQUER QRU/QRR JOGA NA REDE QSL? **
** IP(4) Haridade: voltou assao ele **
** PF(L) ALEMAO_: QAP **
** PF(L) ALEMAO_: QAP  , ROTA OU GN NA ESCUTA ? **
** IP(L) DACUNHA: positivo **
** PF(L) ALEMAO_: QSL **
** GN(L) KINGZIN.Fe: QAP **
** IP(L) DACUNHA: prosiga **
** PF(L) ALEMAO_: INTERPOL TEMOS UMA AVERIGUACAO NA SUA DP **
** GN(L) KINGZIN.Fe: NO EB DELEGADO? **
** PF(L) ALEMAO_: QAP **
** GN(L) KINGZIN.Fe: DELEGADO ALEMAO A INVESTIGACAO E NA EB?? **
** PF(L) ALEMAO_: TAMBEM **
** GN(L) KINGZIN.Fe: FAZ LOGO SNT **
** GN(L) KINGZIN.Fe: FAZ LOGO ENT **
** PF(L) ALEMAO_: INDO QUARTEL DO EXERCITO **
** GN(L) KINGZIN.Fe: TIRA AH ARMA **
** PF(L) ALEMAO_: QAP  **
** IP(4) Haridade: prossiga **
** IP(4) Haridade: prossiga **
** PF(L) ALEMAO_: INDIVIDUO NA MAO QSL **
** PF(L) ALEMAO_: PONTO EB **
** PF(L) ALEMAO_: PONTE EB* **
** IP(L) DACUNHA: vao averiguar nos ? **
** PF(L) ALEMAO_: JAJA **
** PF(L) ALEMAO_: QAP EB **
** GN(L) KINGZIN.Fe: QAP PROSSIGA **
** PF(L) ALEMAO_: INDIVIDUO  ESTRANHO NO,FINAL DA PONTE **
** PF(L) ALEMAO_: PROBABEL AMIGO DELE **
** GN(L) KINGZIN.Fe: AH QTI **
** PF(L) ALEMAO_: QAP **
** PF(L) ALEMAO_: QAP  **
** GN(L) KINGZIN.Fe: QAP **
** PF(L) ALEMAO_: TENTATIVA DE HOMICIDIO QSL **
** PF(L) ALEMAO_: PASSAPORTE 10 **
** IP(4) Haridade: QRR **
** IP(4) Haridade: descupa erro **
** BOPE(5) Isaac_David: BORGES ESCOBAR PORQUE ME MATOU? **
** BOPE(5) The_ghost: CODIGO 5 LIBERAD **
** BOPE(5) The_ghost: CODIGO 5 LIBERADO **
** IP(4) Haridade: alguma QRR **
** BOPE(5) The_ghost: CODIGO 5 LIBERADO SENHORES **
** IP(4) Haridade: qual QRR **
** BOPE(5) The_ghost: FALA NO /D MDS **
** PF(L) ALEMAO_: EB  **
** PF(L) ALEMAO_: EXERCITO **
** BOPE(5) The_ghost: UNI ALFA 18001 INICIANDO PTR, QUALQUER QRU/QRR JOGA NA REDE QSL? **
** PF(L) ALEMAO_: Q **
** PF(L) ALEMAO_: QSL* **
** BOPE(5) The_ghost: TKS **
** PF(L) ALEMAO_: QAP EB , ESTAO NO,QUARTEL ? **
** PF(L) ALEMAO_: QAP **
** PF(L) ALEMAO_: PF NO SEQUESTRO QSL **
** PF(L) ALEMAO_: PRECISAMOS DE APOIO **
** PF(L) ALEMAO_: IREMOS INTERVIR **
** BOPE(5) The_ghost: BOPE A QTI DO QTH **
** BOPE(5) The_ghost: PERDAO, QUAL O QTH? **
** PF(L) ALEMAO_: PIER **
** BOPE(5) The_ghost: BOPE A QTI DO QTH **
** BOPE(5) The_ghost: CODIGO 5 LIBERADO? **
** PF(L) ALEMAO_: n **
** BOPE(5) The_ghost: QSL **
** PF(L) ALEMAO_: 01 deles ta cmg **
** BOPE(5) The_ghost: SNIPER POSICIONADO **
** PF(L) ALEMAO_: codigo 5 **
** BOPE(5) The_ghost: CODIGO 5 LIBERADO? **
** PF(L) ALEMAO_: s **
** IP(L) DACUNHA: QAP **
** GATE(4) Crazy_FPSx: gate em ptr qsl **
** BOPE(5) Isaac_David: QSL **
** BOPE(5) The_ghost: QSL,BOA PTR. **
** IP(5) GABRIEL_SAMP: QAP PARK GREEN **
** IP(5) GABRIEL_SAMP: QAP  **
** IP(5) Markola: iniciando ptr **
** BOPE(5) The_ghost: SOLICITO QRR LOTERICA **
** IP(5) GABRIEL_SAMP: QSL **
** GATE(4) Crazy_FPSx: QSL **
** BOPE(5) The_ghost: afasta  **
** GATE(4) Crazy_FPSx: N TEM REFEM E SO TROLL N ENTRA VAI MORRE CONFIA **
** GATE(4) Crazy_FPSx: N TEM REFEM E SO TROLL N ENTRA VAI MORRE CONFIA **
** GATE(4) Motta: TODOS PM PODE SAI ACAO CACELADA QSL? **
** BOPE(5) The_ghost: QSL, PARABENS A TODAS AS CORPORACOES QUE COMPARECERAM **
** BOPE(5) The_ghost: UNI ALFA 18001 FINALIZANDO PTR, TKS A TODOS. **
** BOPE(5) Isaac_David: UNI ROCAM ALFA INICIANDO PTR, QUALQUER QRU/QRR JOGA NA REDE QSL? **
** GATE(4) Crazy_FPSx: A VIATURA Q TAVA ATRAS ATUALIZA O QTH PF **
** GATE(4) Motta: QAP COPOM GRABIEL QUEM E ESSE CARA ? **
** BOPE(5) Isaac_David: QUAL A QTH TERMINANDO DE CONSERTAR DOU QRR **
** GATE(4) Motta: QAP COPOM QRR NO CAIXA EM LV QSL TODAS AS UNIDADE NO QTH **
** IP(5) GABRIEL_SAMP: ja matei os 2 vagabundos aki **
** IP(5) GABRIEL_SAMP: volta aki **
** IP(5) GABRIEL_SAMP: vem aki no caixa **
** GN(L) KINGZIN.Fe: QRR CAIXA GATE **
** GN(L) KINGZIN.Fe: TK MAN MDSSS **
** GATE(5) LeoziN_FPSx: confundi  **
** GN(L) KINGZIN.Fe: O GATE MDS EM MAN **
** GN(L) KINGZIN.Fe: VTNC **
** GN(5) Trax_JK: UND 001 DO EB A QTI DO CAIXA **
** GATE(4) Rafael_FPSx: alguma corp em ptr? **
** GN(L) KINGZIN.Fe: EB **
** GATE(4) Rafael_FPSx: eb n ia ser resetado? **
** GATE(4) Rafael_FPSx: NESSESITO DE REFORCO NO CAIXA **
** GN(L) KINGZIN.Fe: EB AO QTI DO QTH **
** GATE(4) Rafael_FPSx: tem mto meliante a **
** GATE(4) Rafael_FPSx: aq* **
** GN(5) Trax_JK: QTH? **
** BOPE(5) Isaac_David: UNI ALFA 18001 INICIANDO PTR, QUALQUER QRU/QRR JOGA NA REDE QSL? **
** GATE(4) Rafael_FPSx: QSL **
** GATE(L) Low_FPSx: QRR PISTA SKATE QSL~ **
** GATE(L) Low_FPSx: QRR PISTA SKATE QSL? **
** GATE(L) Low_FPSx: caixa de skate **
** GATE(4) Rafael_FPSx: TAO FUGINDO VOU ATRAS **
** GATE(L) Low_FPSx: qual id dele? **
** GATE(4) Rafael_FPSx: movimentacao estranha  perto do puteiro naquele morro e perto do park **
** GATE(4) Rafael_FPSx: gate nao conseguira chegar a tempo no caixa **
** BOPE(5) The_ghost: ALGUMA QRU CUPOM? **
** GATE(4) Rafael_FPSx: estamos atras de um individuo chamado borges escobar **
** BOPE(5) The_ghost: QUAL SEU QTH? **
** GATE(4) Rafael_FPSx: id 10 **
** BOPE(5) The_ghost: ELE JA TEM VOZ DE PRISAO CUPOM? **
** GATE(4) Rafael_FPSx: nao sei, mais esta procurado **
** BOPE(5) The_ghost: QSL **
** GATE(4) Rafael_FPSx: GATE A PROCURA DOS IDS 9 E 3 EM LV  **
** BOPE(5) The_ghost: INDIVIDUOS SUSPEITOS NA AMUNATION **
** GATE(4) Rafael_FPSx: VAI TER ASSALTO AQ PERTO DO PUTEIRO GERAL VEM **
** GATE(4) Rafael_FPSx: OS BANDIDO TA TU AQ VEM RAPIDO **
** IP(4) Haridade: jae **
** GATE(4) Rafael_FPSx: tao se preparando pra comecar **
** IP(4) Haridade: tem quantos **
** GATE(4) Rafael_FPSx: vou contar **
** GATE(4) Rafael_FPSx: 4/5 **
** GATE(4) Rafael_FPSx: morri mas matei um **
** BOPE(5) The_ghost: QRR LOTERICA **
** GATE(4) Rafael_FPSx: vcs preferem caveirao ou heli? **
** GN(L) KINGZIN.Fe: CAVERAO **
** BOPE(5) The_ghost: CAVEIRA **
** GATE(4) Rafael_FPSx: jae **
** BOPE(5) The_ghost: GERAL SE POSICIONA **
** BOPE(5) The_ghost: TEM SNIPE **
** GN(L) KINGZIN.Fe: DE CORP? **
** BOPE(5) The_ghost: TEM SNIPER **
** GATE(4) Rafael_FPSx: s **
** IP(4) Haridade: posiciona aonde **
** GATE(4) TRIPI_FPSx: sim **
** GATE(4) Rafael_FPSx: sla to tentando pegar o caveirao **
** BOPE(5) The_ghost: SO NAO FICA NO MEIO **
** IP(4) Haridade: aonde,e **
** GN(4) Bota_Fogo: estamos aqui ja **
** GATE(4) Rafael_FPSx: estamos indo **
** GATE(4) Rafael_FPSx: sempre vem alg por tras cuidado senhores **
** GATE(4) Rafael_FPSx: quebra os carro **
** GN(5) Kurt_444: para de correr em frente da porta **
** GN(L) KINGZIN.Fe: VAMOS ENTRAR!!!! **
** GATE(4) Rafael_FPSx: NAOOOO **
** GATE(4) Rafael_FPSx: GERAL VAI MORRER **
** BOPE(5) The_ghost: ATENCAO SNIPER INIMIGO POSICIONADO NA PONTE **
** GN(L) KINGZIN.Fe: SO TEM 1 **
** GATE(4) Rafael_FPSx: UM NADA **
** GATE(4) Rafael_FPSx: TEM VARIOS SNIPERS POSICIONADOS POR AI **
** GN(L) KINGZIN.Fe: 1 **
** GN(L) KINGZIN.Fe: SO **
** GATE(4) Rafael_FPSx: N ENTRA CEIS VAI MORRER **
** GATE(4) Rafael_FPSx: 2 TIRO JA MORRE **
** IP(4) Haridade: nao entra seis vao morre **
** GATE(4) TRIPI_FPSx: e **
** BOPE(5) The_ghost: CODIGO 5 LIBERADO **
** GN(L) KINGZIN.Fe: JA MATARAO **
** BOPE(5) The_ghost: CODIGO 5 LIBERADO **
** BOPE(5) The_ghost: NINGUEM ENTRA ATE EU DAR MINHA ORDEM **
** BOPE(5) The_ghost: QUANTOS TEM AQUI? **
** GN(L) KINGZIN.Fe: SAI DAI **
** GATE(4) Rafael_FPSx: n entrem **
** GN(L) KINGZIN.Fe: SE ELES SAIR VAI TOMA BAZUKADA **
** IP(4) Haridade: crlh **
** GATE(4) Rafael_FPSx: ALGUMA CORP EM PTR? **
** PC(L) Eric_Silva: positivo **
** GATE(4) Rafael_FPSx: QSL **
** GATE(4) Rafael_FPSx: na base dos senhores tem vtr? **
** PC(4) Scarface04: pq e perunta amigo **
** GATE(4) Rafael_FPSx: na da gate n tem nd so helicopero e caveirao **
** PC(4) Scarface04: oxi doideira **
** GATE(4) Rafael_FPSx: os adm n da rc **
** PF(L) ALEMAO_: QAP **
** GN(4) Bota_Fogo: unidade da eb em acao qualquer coisa qrr **
** GN(L) KINGZIN.Fe: UNI DA EB INICIANDO PT QUALQUER QRR/QRU JOGA NA REDE QSL ? **
** BOPE(5) Isaac_David: QSL **
** GN(L) KINGZIN.Fe: TKS **
** GATE(4) Rafael_FPSx: GATE EM PTR **
** GN(4) Bota_Fogo: GATE TA /PROCURAR11 E VENHA DE CARRO PRENDER  QRR **
** GN(4) Bota_Fogo: GATE TA /PROCURAR11 E VENHA DE CARRO PRENDER  QRR **
** GATE(4) TRIPI_FPSx: OK **
** GN(L) KINGZIN.Fe: QAP CUPOM **
** GN(L) KINGZIN.Fe: PRECISO DE UMA VTR **
** GATE(4) Rafael_FPSx: GATE INDO AO LOCAL **
** GN(L) KINGZIN.Fe: PARA TRANPORTAR UM PRESO QSL **
** GATE(4) Rafael_FPSx: O INDIVIDUO SAIU DO JOGO? **
** GN(L) KINGZIN.Fe: NEGATIVO **
** GN(4) Bota_Fogo: ESTA CHEGANDO GATE E ID 11 **
** GN(L) KINGZIN.Fe: ESPERANDO **
** GN(L) KINGZIN.Fe: POSITIVO **
** GATE(4) Rafael_FPSx: aaa pensava q era id 1 **
** GN(4) Bota_Fogo: ESTA CHEGANDO GATE E ID 11 **
** GATE(L) Low_FPSx: a caminho **
** GN(4) Bota_Fogo: TKS **
** PF(L) ALEMAO_: AI RAFA TU E TURISTA PRA K.C **
** PF(L) ALEMAO_: ONTEM TU TAVA TDL , HJ PF , HJ DNV ROTA **
** GN(4) Bota_Fogo: TKS GATE PELO APOIO **
** GN(4) Bota_Fogo: TKS GATE PELO APOIOW **
** GATE(4) Rafael_FPSx: individuo ta estranho **
** GATE(4) Rafael_FPSx: e meus parca kitou **
** GATE(4) Rafael_FPSx: escolta nois ai **
** GATE(4) Rafael_FPSx: suspeito preso por 21 minutos **
** GN(4) Bota_Fogo: TKS GATE MUITO OBRIGADO **
** GATE(4) TRIPI_FPSx: GATE EM PTR **
** PC(4) Scarface04: VTR01 E VTR02 EM PTR EM TODA LS **
** GN(4) Bota_Fogo: QRR **
** GN(L) KINGZIN.Fe: COMBOIO DE ROCAM   INICIANDO PTR QUALQUER QRR/QRU JOGA NA REDE QSL ? **
** GN(L) KINGZIN.Fe: QRR FAVELA DA TURQUIA **
** PC(5) Wesley_Bezerra: QTH? **
** GN(4) Bota_Fogo: LEVAMOS **
** GN(L) KINGZIN.Fe: TKS **
** GN(4) Bota_Fogo: procurar placa 4 **
** GATE(4) Alex_souza_FPS: to IMDO QTH DO CAIXA **
** GATE(4) Alex_souza_FPS: indo **
** GATE(4) Alex_souza_FPS: QRR PLACA 43 **
** PF(L) ALEMAO_: LIMPA,CALL **
** PF(L) ALEMAO_: TDE TEM GENTE PO **
** GN(L) KINGZIN.Fe: QUER AJUDA? **
** GATE(4) Alex_souza_FPS: ALGUMA QRR OU QRU? **
** GN(L) KINGZIN.Fe: DACUNHA QRR? **
** PF(L) ALEMAO_: ,VM TDE , TDT N TEM ON **
** GATE(4) Alex_souza_FPS: EXERCITO USA CODIGO Q? **
** PF(L) ALEMAO_: TDE **
** GN(L) KINGZIN.Fe: POSITIVO **
** PF(L) ALEMAO_: TDE OU TDT ? **
** PF(L) ALEMAO_: /PLAYERSON **
** GN(L) KINGZIN.Fe: DACUNHA QRR? ?  **
** PF(L) ALEMAO_: ALGUEM ME BUSCA **
** PF(L) ALEMAO_: CARRO EXPLODIU **
** GATE(4) Alex_souza_FPS: A GATE IRAR AJUDAR NA DOMINACAO QSL? **
** GN(5) Trax_JK: COMANDO EB A QTI DA TDT **
** PF(L) ALEMAO_: DA QTA DA TDT **
** PF(L) ALEMAO_: VAZIO LA **
** GATE(4) Alex_souza_FPS: IREMOS QUAL SRS? **
** GATE(4) Alex_souza_FPS: GATE EM PTR QUALQUER QRR OU QRU JOGA NA REDE **
** GN(L) KINGZIN.Fe: QRR PISTA **
** GN(L) KINGZIN.Fe: CODIGO 5 LIBERADO **
** GATE(4) Alex_souza_FPS: GATE INDO QTH DO LOCAL **
** GN(L) KINGZIN.Fe: QSL **
** GATE(4) Alex_souza_FPS: INIVIDUOS EM CIMA DE UM PREDIO EM CIMA DO CAIXA QSL **
** GATE(4) Alex_souza_FPS: INDIVIDUOS PISTA QSL **
** IP(5) GABRIEL_SAMP: QSL **
** GN(L) KINGZIN.Fe: MDS NO MEIO DA ACA **
** IP(5) GABRIEL_SAMP: QUEM IRIA DOMINAR ERA NOS NAO VC DOMINANDO SOLO **
** GATE(4) Alex_souza_FPS: ALGUMA GUANISAO EM PTR COM UMA VAGA PARA UMA PESSOA? **
** GATE(4) Alex_souza_FPS: GATE NAO PODERA PARTICIPAR DA DOMINACAO  **
** GATE(4) Alex_souza_FPS: OLHA ESSE MLK MIL BALA POR SEGUNDO **
** GATE(4) Guga_FPSx: gate em ptr **
** GATE(4) Guga_FPSx: roca da gate em ptr **
** GATE(4) Alex_souza_FPS: QRR CAIXA **
** GATE(4) Alex_souza_FPS: QRR CAIXA **
** GN(L) KINGZIN.Fe: AO QTI **
** PC(4) Scarface04: praiaaaa **
** PC(5) Wesley_Bezerra: PRAIAA **
** GATE(4) Alex_souza_FPS: INDO QTH DO PROXIMO CAIXINHA QSL **
** GATE(4) Alex_souza_FPS: QRR CAIXINHA 24/7 **
** BOPE(5) Isaac_David: QSL BOPE A QTI DO QTH **
** GATE(4) Alex_souza_FPS: QSL **
** GATE(4) Alex_souza_FPS: CAIXINHA BUGADO RAPAZIADA **
** BOPE(5) Isaac_David: ATUALIZA QTH **
** BOPE(5) Isaac_David: ATUALIZA QTH **
** GATE(4) Alex_souza_FPS: CAIXINHA BUGADO CENTRAL **
** BOPE(5) Isaac_David: PONTO DE REFERENCIA **
** GATE(4) Alex_souza_FPS: PENITENCIARIA **
** GATE(4) Alex_souza_FPS: qrr placa 20 **
** PC(5) Wesley_Bezerra: QRR CAIXINHA **
** GN(L) KINGZIN.Fe: ESTOU CAIXINHA **
** BOPE(5) Isaac_David: BOPE A QTI DO QTH **
** PC(4) Scarface04: po fogo amigo kkk **
** PC(5) Wesley_Bezerra: QUEM VAI? **
** GN(5) Trax_JK: COMANDO EB A QTI DA LOTERICA **
** GATE(4) Guga_FPSx: major da gate em qti da lotarica **
** BOPE(5) Isaac_David: INDIVIDUOS DO LADO DE FORA **
** BOPE(5) Isaac_David: DANDO TIRO **
** PC(5) Wesley_Bezerra: PC QTI LOTERICA **
** IP(4) ML_santos: ROTA ESTA SAINDO DO BATALHAO PRA IR NO QTI **
** GN(5) Trax_JK: BORA UNIDADES INVADIR **
** IP(4) ML_santos: BR **
** PC(5) Wesley_Bezerra: NO JA **
** IP(4) ML_santos: MDS BOPE MI ATIRARO **
** GN(5) Trax_JK: HELI EB SOBREVOANDO O QTH PARA INTERVIR SNIPERS **
** PC(5) Wesley_Bezerra: O HELI ATIRO EM MIM **
** GN(5) Trax_JK: O HELI DO EB MATOU O MSM DA SNIPE **
** PC(5) Wesley_Bezerra: MEU DEUS **
** PC(4) Scarface04: pq ta de heli  **
** GN(L) KINGZIN.Fe: PQ EU QUERO **
** BOPE(5) Isaac_David: ORDEM RAPAZIADA **
** BOPE(5) Isaac_David: ELES VAO TER QUE SAR **
** BOPE(5) Isaac_David: SAIR **
** PC(5) Wesley_Bezerra: ESTOU FERIDO **
** BOPE(5) Isaac_David: ELES VAO SENTIR FOME VAO SENTIR SEDE **
** GN(5) Trax_JK: QM,ESTA FERIDO,DA QTA OU VAI SE CURAR. **
** BOPE(5) Isaac_David: NOS ESTAMOS NA VANTAGEM **
** IP(L) DACUNHA: querem invadir juntos **
** PC(4) Scarface04: tem sniper por ai **
** IP(L) DACUNHA: positivo eu de sniper **
** PC(4) Scarface04: inimigo **
** PC(4) Scarface04: me matou **
** IP(L) DACUNHA: nos vai invadi **
** IP(L) DACUNHA: matei 1 **
** BOPE(5) Isaac_David: TEMOS QUANTOS NOSSOS AINDA? **
** BOPE(5) Isaac_David: TEMOS QUANTOS NOSSOS AINDA? **
** GN(L) KINGZIN.Fe: SLA **
** BOPE(5) Isaac_David: ACHO QUE ESTAMOS EM 2 **
** GN(L) KINGZIN.Fe: TO DE HELI **
** BOPE(5) Isaac_David: SE ELES SAIREM EU MORRO? **
** BOPE(5) Isaac_David: QUANTOS PMS NO QTH? **
** BOPE(5) Isaac_David: QUEM ESTIVER RESPONDE POR FAVR **
** GN(L) KINGZIN.Fe: . **
** PC(4) Scarface04: tao loteria **
** PC(5) Wesley_Bezerra: EU MORRI POR CAUSA DESSE HELI AI **
** BOPE(5) Isaac_David: OK apenas 2? **
** BOPE(5) Isaac_David: AI E FODA **
** PC(5) Wesley_Bezerra: TAMO INDO AI **
** GN(5) Trax_JK: BLINDADO DO EB CHEGWNDI **
** GN(5) Trax_JK: BLINDADO DO EB CHEGANDO NO QTH **
** BOPE(5) Isaac_David: PODE VIM PESADO TODO MUNDO **
** GN(5) Trax_JK: BLINDADO DO EB NO QTH **
** PC(4) Scarface04: pc chefou **
** PC(5) Wesley_Bezerra: BLINDADO POSICAO **
** BOPE(5) Isaac_David: TUDO CERTO NADA DE DECISOES PRECIPITADAS  **
** PC(4) Scarface04: n vaobsair? **
** BOPE(5) Isaac_David: ESSES TIROS? **
** PC(5) Wesley_Bezerra: FOI MAL **
** BOPE(5) Isaac_David: AHM KKKKKKKK **
** GN(5) Trax_JK: vcs viram algum carro ali? eu vi n **
** PC(5) Wesley_Bezerra: NE EU **
** PC(5) Wesley_Bezerra: NEM EU **
** PC(5) Wesley_Bezerra: TEM UNS CARA ALI ATRAS DE MOTO **
** BOPE(5) Isaac_David: SE CHEGAR PERTO TEM PERMISSAO PARA ATIRAR **
** PC(5) Wesley_Bezerra: OK **
** BOPE(5) Isaac_David: SE PASSAR DAS BARREIRAS* **
** BOPE(5) Isaac_David: TEM DOCINHO AQUI PRA VCS VEM PEGAR **
** BOPE(5) Isaac_David: FOI MAL  **
** GN(5) Trax_JK: VAMOS ADENTRAR **
** BOPE(5) Isaac_David: COLOQUEI ERRADO /ooc **
** GN(5) Trax_JK: VAMOS ADENTRAR **
** PC(4) Scarface04: burrao pqp **
** PC(5) Wesley_Bezerra: NE **
** GN(L) KINGZIN.Fe: PERA AI **
** BOPE(5) Isaac_David: EU DISSE SEM ATITUDE PRECIPITADA RAPAZIADA **
** PC(5) Wesley_Bezerra: SLK KKKKKKKKK **
** GN(L) KINGZIN.Fe: EH PRC **
** GN(L) KINGZIN.Fe: VAI CHEGAR MAIS UM RHINO **
** PC(5) Wesley_Bezerra: TEM CARA QUE N E D **
** PC(4) Scarface04: tem cara sem org aki **
** GN(L) KINGZIN.Fe: TO APELANDO **
** GN(5) Trax_JK: MAIS 1 TANK A QTI DA LOTERICQ **
** PC(4) Scarface04: tank ai e foda kkkkkkk **
** GN(L) KINGZIN.Fe: NAO ATIRA **
** GN(L) KINGZIN.Fe: SE ELA SAIR KKKKKKKKKKKKKK **
** PC(4) Scarface04: vou atira **
** PC(5) Wesley_Bezerra: VAMO ATIRAR N KKK SO UMA BAZUCADA NA BOCA **
** GN(L) KINGZIN.Fe: MAIS UM TANK AO QTH **
** PC(5) Wesley_Bezerra: KKKKK **
** GN(3) Trashzx_gta3: tao aonde? **
** PC(4) Scarface04: loteriaaa lsss **
** BOPE(5) Isaac_David: TA COM MEDO VA SAIR? **
** GN(5) Trax_JK: MAIS UM TANK A QTI **
** BOPE(5) Isaac_David: CODIGO 5 LIBERADO? **
** PC(5) Wesley_Bezerra: OQ VCS ACHA DE GERAL ENTRAR JUNTO? **
** GN(L) KINGZIN.Fe: ENTRA **
** BOPE(5) Isaac_David: DA RUIM **
** GN(3) Trashzx_gta3: vamo entrar **
** BOPE(5) Isaac_David: DA PRA TENTAR **
** GN(L) KINGZIN.Fe: VO CHEGAR DE BAZUKA **
** GN(5) Trax_JK: VAMOS,TOMAR MUITO **
** BOPE(5) Isaac_David: no 3 **
** BOPE(5) Isaac_David: 1 **
** BOPE(5) Isaac_David: 2 **
** BOPE(5) Isaac_David: 3 **
** BOPE(5) Isaac_David: MEU NAO ENTROU **
** PC(4) Scarface04: kkkkkkkkk **
** GN(3) Trashzx_gta3: cade vcskkk **
** BOPE(5) Isaac_David: TO RT /OOC **
** BOPE(5) Isaac_David: NAO CONSIGO ENTRAR TO RT /OOC **
** PC(5) Wesley_Bezerra: RELOGA **
** PC(5) Wesley_Bezerra: RAPIDO **
** PC(5) Wesley_Bezerra: OOC **
** BOPE(5) Isaac_David: SE PASSAR UM CARA DE BIZ PODE MATAR ESTA ATRAPALHANDO **
** BOPE(5) Isaac_David: BROTA AQUI FORA VOCES **
** BOPE(5) Isaac_David: DESCULPA CHAT ERRADO /ooc **
** BOPE(5) Isaac_David: SE ELE SAIR ATIRA **
** PC(5) Wesley_Bezerra: SOCORRO **
** BOPE(5) Isaac_David: CROCO **
** GN(5) Trax_JK: eb no qth **
** BOPE(5) Isaac_David: TRAX COLOCA A TAG /OOC **
** BOPE(5) Isaac_David: O TITULO /OOC **
** PM(5) Arcanjo_Leal: VTR 001 iniciando PTR QUALQUER QRR/QRU JOGAR NA REDE QSL **
** GATE(L) Low_FPSx: QRR PISTS SKATE **
** GN(2) Trashzx_gta3: QSL **
** PM(L) Felipe_AKR: QSL  **
** BOPE(5) Isaac_David: QSL **
** BOPE(5) Isaac_David: BOPE A QTI **
** GATE(L) Low_FPSx: QSL **
** PM(L) Felipe_AKR: Qquantos individos copom?? **
** BOPE(5) Isaac_David: BOPE NO QTH **
** PC(5) Wesley_Bezerra: ESTAMOS A CAMINHO DA PISTA **
** BOPE(5) Isaac_David: NOS DA BOPE LEVAMOS 5  **
** GATE(L) Low_FPSx: tks **
** BOPE(5) Isaac_David: MAIS ALGUEM VIVO? **
** BOPE(5) Isaac_David: BOPE NO QTH **
** BOPE(5) Isaac_David: QRR NA LOTERICA **
** GATE(L) Low_FPSx: a caminho **
** BOPE(5) Isaac_David: ESTAO ROUBANDO **
** GN(2) Trashzx_gta3: RALA **
** PM(L) Felipe_AKR: policia militar  QTI **
** GATE(L) Low_FPSx: GATE QTI **
** PM(L) Felipe_AKR: policia militar no QTH **
** GATE(L) Low_FPSx: GATE NO TH **
** GATE(L) Low_FPSx: GATE NO QTH **
** BOPE(5) Isaac_David: ORGANIZACAO POR FAVOR **
** GATE(4) Motta.xiter: qual QTH **
** PM(L) Felipe_AKR: loterica **
** BOPE(5) Isaac_David: ELE AVISOU ANTES? /ooc **
** GATE(L) Low_FPSx: NEGATIVO **
** BOPE(5) Isaac_David: BOPE A QTI DO CAIXA **
** GATE(L) Low_FPSx: TODOS STEVES BANCO **
** GATE(4) Motta.xiter: QRR NO BANCO **
** GATE(4) Motta.xiter: QSL **
** BOPE(5) Isaac_David: PRECISANDO DE QRR? **
** GATE(L) Low_FPSx: sim skate **
** GATE(4) Motta.xiter: QRR PISTA **
** BOPE(5) Isaac_David: OQUE VOCES VAO FAZER? **
** IP(4) Haridade: qrr **
** IP(4) Haridade: qrr,caixa **
** BOPE(5) Isaac_David: QSL **
** BOPE(5) Isaac_David: ESPERANDO O MEU COMPANHEIRO TO INDO **
** IP(4) Haridade: pista,skat **
** IP(4) Haridade: ? **
** BOPE(5) Isaac_David: BOPE A QTI **
** GN(5) Trax_JK: EB A QTI **
** GN(5) Trax_JK: LEVEI 3 COPOM NO,CAIXA DA PISTA **
** BOPE(5) Isaac_David: QSL, LEVAMOS 1 **
** PM(5) Arcanjo_Leal: ROCAM 001 iniciando PTR qualquer QRR/QRU jogar na rede QSL **
** BOPE(5) Isaac_David: QSL **
** GN(5) Trax_JK: ALGUMA UND PODE ME DAR UM QRR AKI POR FAVOR NO CAIXA PRA MIM CONSERTAR? **
** GN(5) Trax_JK: DA PISTA DE SKATE PQ TEM MT INDIVIDUOS AKI **
** BOPE(5) Isaac_David: BOPE A QTI **
** GN(5) Trax_JK: QSL **
** GN(5) Trax_JK: TKS BOPE PELO QRR!.. **
** GN(5) Trax_JK: COPOM RG 7 DEU FUGA QRR  **
** GN(5) Trax_JK: APLICOU **
** BOPE(5) Isaac_David: ATUALIZA QTH **
** GN(5) Trax_JK: ATRAS PISTA DE SKATE **
** GN(5) Trax_JK: MESMO AI FOI ABATIDO **
** BOPE(5) Isaac_David: MUITO BOM SENHOR **
** GN(5) Trax_JK: TKS **
** BOPE(5) Isaac_David: UNI ALFA 18001 FINALIZANDO PTR, TKS A TODOS. **
** GN(5) Trax_JK: QSL UMA BOA NOITE AOS SRS. **
** BOPE(5) Isaac_David: ROCAM 01 INCIANDO PTR, QUALQUER QRU/QRR JOGA NA REDE QSL? **
** GN(5) Trax_JK: QSL BOA PTR SRS! **
** BOPE(5) Isaac_David: TKS, PRO SENHOR TAMBEM **
** GN(5) Trax_JK: COLO **
** GN(5) Trax_JK: COPOM **
** BOPE(5) Isaac_David: QAP! **
** GN(5) Trax_JK: QRR POSTO CJ 4 MASCULINOS ARMADOS **
** BOPE(5) Isaac_David: ROCAM 01 A QTI DO QTH **
** GN(5) Trax_JK: CODIGO 5 LIBERADO **
** BOPE(5) Isaac_David: QSL **
** BOPE(5) Isaac_David: A QTI DO CAIXA **
** BOPE(5) Isaac_David: MEU GPS TRAVOU PODEM ME INFORMAR A QTH DO CAIXA? **
** GATE(4) SuecoX_FPSx: COMPOM **
** GATE(4) SuecoX_FPSx: ABATI UM INDIVIDO ARMADO  **
** GN(5) Trax_JK: EB A QTI DO CAIXA **
** GATE(4) SuecoX_FPSx: indo caixa qsl **
** GN(5) Trax_JK: CAIXA NEW COPOM **
** GATE(4) SuecoX_FPSx: preciso de reforco skate **
** GN(5) Trax_JK: EB NO QTH **
** GN(5) Trax_JK: INDIVIDUOS ARMADOS COPOM **
** GATE(4) SuecoX_FPSx: individos armados skate **
** BOPE(5) Isaac_David: ALGUEM QRR? DEI AVC AQUI **
** BOPE(5) Isaac_David: TIVE UM AVC  **
** BOPE(5) Isaac_David: ta tranquilo? **
** GN(5) Trax_JK: COPOM INDIVIDU SUSPEITO AKI NA PRACA ALGUMA QSV PRA QRR? **
** BOPE(5) Isaac_David: UNI ROCAM 01 FINALIZANDO PTR, MUITO AVC, TKS A TODOS **
** GN(5) Trax_JK: QRR PISTA **
** GATE(4) SuecoX_FPSx: to a caminho **
** GN(5) Trax_JK: PROCURA RG 7 **
** BOPE(5) Isaac_David: VOU PRESTAR QRR TAMBEM SE NAO DER AVC **
** GN(5) Trax_JK: QRR CAIXA COPOM **
** GN(5) Trax_JK: LEVEI 2 COPOM **
** GN(5) Trax_JK: CAIXA NEW MATEI OS 3 **
** GATE(4) SuecoX_FPSx: skate codigo 5 **
** GN(5) Trax_JK: EB A QTI **
** GN(5) Trax_JK: EB NO CAIXA **
** IP(4) Haridade: caixa,skat **
** GN(5) Trax_JK: 1 MESMO ABATIDO **
** GN(5) Trax_JK: QRR COPOM TROCACAO DE TIRO ONDE PULA DE LRAQ **
** GN(5) Trax_JK: PARAQUEDAS **
** BOPE(5) Isaac_David: SOLICITO QRR NO CAIXINHA **
** BOPE(5) Isaac_David: ROCAM EM PTR, QUALQUER QRU/QRR JOGA NA REDE QSL? **
** BOPE(5) Isaac_David: JA FOI? **
** GN(5) Trax_JK: LEVEI 2  **
** GATE(4) SSueco_FPSx: caixinha grove levei 1  **
** GN(5) Trax_JK: LEVEI 3 **
** GN(5) Trax_JK: EB A QTI DO CAIXA **
** BOPE(5) Isaac_David: LOCK ON ELES, PASSEI NA RUA DE MOTO UM TIRO ME MATARAM **
** BOPE(5) Isaac_David: PASSEI VOADO /ooc **
** BOPE(5) Isaac_David: /OOC*** **
** GN(5) Trax_JK: levei 1 **
** IP(4) Haridade: loterica tropa **
** BOPE(5) Isaac_David: A QTI **
** IP(4) Haridade: lorerica **
** IP(4) Haridade: loterica **
** BOPE(5) Isaac_David: ROCAM BOPE NO QTH **
** GN(5) Trax_JK: COMANDO ROCAM EB INDO ATE O QTI DO QTH **
** IP(4) Haridade: tou indo de blidado **
** BOPE(5) Isaac_David: OTIMOS **
** BOPE(5) Isaac_David: OTIMO **
** GATE(4) SSueco_FPSx: kd voces? **
** BOPE(5) Isaac_David: SOMOS 4? **
** GN(5) Trax_JK: CONTAGEM COPOM 1 **
** GN(5) Trax_JK: contagem de steves,no QTH **
** GN(5) Trax_JK: 1 eu **
** BOPE(5) Isaac_David: CODIGO 5 LIBERADO! **
** GN(5) Trax_JK: QUEREM ENTRA COPOM? **
** GATE(4) SSueco_FPSx: vamo **
** GN(5) Trax_JK: VEM 1 CMG **
** BOPE(5) Isaac_David: BOA **
** BOPE(5) Isaac_David: VAMOS,ENTRAR **
** BOPE(5) Isaac_David: LEVEI 1 /ooc **
** GN(5) Trax_JK: TBM **
** BOPE(5) Isaac_David: TA TENDO CAIXA? **
** GN(5) Trax_JK: S **
** BOPE(5) Isaac_David: A QTI **
** GN(5) Trax_JK: QRR,COPOM CAIXA **
** BOPE(5) Isaac_David: A QTI **
** GN(5) Trax_JK: TO FERIDO COPOM **
** BOPE(5) Isaac_David: AGUENTA AI **
** GATE(4) SSueco_FPSx: to a caminho **
** GN(5) Trax_JK: LEVEI 1 **
** GATE(4) SSueco_FPSx: boa **
** GATE(4) SSueco_FPSx: tem quantos? **
** GN(5) Trax_JK: LEVEI 2 **
** GN(5) Trax_JK: NEW COPOM **
** BOPE(5) Isaac_David: UM ATRAS DO PREDIO AMARELO **
** GATE(4) SSueco_FPSx: boa trax **
** GATE(4) SSueco_FPSx: a lenda  **
** GN(5) Trax_JK: ALGUMA QRU PENDENTE COPOM? **
** BOPE(5) Isaac_David: QRR NO CAIXA **
** GATE(4) SSueco_FPSx: opa **
** GN(5) Trax_JK: EB A QTI **
** IP(4) Haridade: qrr **
** IP(4) Haridade: caixa,perto,conse **
** GATE(4) SSueco_FPSx: cheguei **
** GATE(4) SSueco_FPSx: caixa NEW **
** IP(4) Haridade: levei 1 **
** GN(5) Trax_JK: EB A QTI DE HELI SOBREVOAR,O QTH **
** BOPE(5) Isaac_David: BOPE A QTI DO PUTEIRO **
** GATE(4) SSueco_FPSx: KD  **
** GATE(4) SSueco_FPSx: KD  **
** GN(5) Trax_JK: HELI NO QTH **
** GN(5) Trax_JK: 3 em cima,do telhado copom **
** IP(4) Haridade: cheguie **
** GN(5) Trax_JK: 3 em cima,do telhado copom **
** GN(5) Trax_JK: VAMOS,INVADIR?, **
** GN(5) Trax_JK: QRR CAIXA COPOM **
** GN(5) Trax_JK: COVER BOPE **
** GN(5) Trax_JK: QRR CAIXA GROOVE  **
** GN(5) Trax_JK: qrr,caixa **
** GATE(4) SSueco_FPSx: hari **
** IP(4) Haridade: oi **
** GATE(4) SSueco_FPSx: a mira do mano puxo ze **
** IP(4) Haridade: eu vie **
** IP(4) Haridade: e o poze ne **
** GATE(4) SSueco_FPSx: ss **
** GATE(4) SSueco_FPSx: so queria ta gravando agr **
** IP(4) Haridade: depois fala que nois usa lock **
** IP(4) Haridade: tb queria ta gravado **
** GATE(4) SSueco_FPSx: neh **
** IP(4) Haridade: vou baixa o grava hj di mnha **
** GATE(4) SSueco_FPSx: coisa boa  **
** GATE(4) SSueco_FPSx: os cara nao guento ativo mira slk **
** GATE(4) SSueco_FPSx: -.- **
** IP(4) Haridade: na hr q eu ir pro caixinha vou grava **
** GATE(4) SSueco_FPSx: blz **
** IP(4) Haridade: qrr **
** PM(L) Felipe_AKR: inidade bravo iniciando rocam qualquer QRR ou QRU joga na rede QSL!! **
** PM(L) Felipe_AKR: QRR caixo onde blinda o carro QSL? **
** IP(4) Haridade: eles estao,aonde **
** PM(L) Felipe_AKR: estao em cima de uma casa  QSL **
** BOPE(5) The_ghost: UNI ALFA 18001 INICIANDO PTR, QUALQUER QRU/QRR JOGA NA REDE QSL? **
** BOPE(5) The_ghost: ALGUMA QRU CUPOM? **
** IP(L) DACUNHA: negativo **
** BOPE(5) The_ghost: QSL **
** BOPE(5) The_ghost: MDS **
** IP(L) DACUNHA: PERDAO DESCULPA FUI ACERTA EL **
** IP(L) DACUNHA: PERDAO DESCULPA FUI ACERTA ELE 1mil perdoes **
** BOPE(5) The_ghost: KKKKKK ACONTECE **
** IP(L) DACUNHA: DESCULPA AI **
** BOPE(5) The_ghost: EU TINHA FECHADO ELES **
** PC(5) Wesley_Bezerra: QRR CAIXA **
** BOPE(5) The_ghost: QUAL QTH? **
** PC(5) Wesley_Bezerra: CAIXA **
** BOPE(5) The_ghost: QUAL O QTH? **
** PC(5) Wesley_Bezerra: CAIXA **
** PC(5) Wesley_Bezerra: PRESCISA DE AJUDA AI? **
** BOPE(5) The_ghost: SIM **
** IP(L) DACUNHA: ALGUMA QRR **
** IP(L) DACUNHA: ALGUMA QRR **
** PC(5) Wesley_Bezerra: NEGATIVO **
** IP(L) DACUNHA: QSL **
** IP(L) DACUNHA: qrr caixa **
** IP(L) DACUNHA: qrr caixa **
** PC(L) Eric_Silva: foi todos ? **
** GN(4) Bota_Fogo: TKS POR TODAS CORP  **
** BOPE(5) The_ghost: TKS **
** BOPE(5) Isaac_David: UNI ROCAM INICIANDO PTR, QUALQUER QRU/QRR JOGA NA REDE QSL? **
** GN(4) Bota_Fogo: QSL **
** IP(4) Haridade: qrr **
** BOPE(5) Isaac_David: SUA QTH? **
** BOPE(5) Isaac_David: QUAL SUA QTH? **
** PC(5) Wesley_Bezerra: QTH? **
** BOPE(5) Isaac_David: QTH? **
** PC(5) Wesley_Bezerra: TKS **
** BOPE(5) Isaac_David: OUE FOI O OCORRIDO **
** BOPE(5) Isaac_David: ? **
** BOPE(5) Isaac_David: EU NAO ESTAVA **
** PC(5) Wesley_Bezerra: FUGA **
** BOPE(5) Isaac_David: A SIM **
** IP(4) Haridade: qrr **
** BOPE(5) Isaac_David: QUEREM SNIPER NA MIRA? **
** IP(4) Haridade: JA **
** IP(4) Haridade: JAE **
** BOPE(5) Isaac_David: SEM VISAO DOS INDIVIDUOS **
** BOPE(5) Isaac_David: VOU NEGOCIAR **
** GN(3) Borges_Escobar: /d chat corporativo. **
** IP(L) DACUNHA: to,indo negociar **
** BOPE(5) Isaac_David: QSL **
** GN(3) Borges_Escobar: vou assumir dacunha, ja estamos no local **
** IP(L) DACUNHA: tbm to no local,qsl **
** GN(3) Borges_Escobar: Nao tem ninguem pier, qsl? **
** IP(L) DACUNHA: TODOS NO PIER ?  **
** GN(3) Borges_Escobar: Sequestro fake. **
** IP(5) GABRIEL_SAMP: pier quero escolta **
** IP(5) GABRIEL_SAMP: para aprender uma moto QSL  **
** BOPE(5) Isaac_David: QSL A CAMINHO **
** IP(5) GABRIEL_SAMP: TKS **
** IP(L) DACUNHA: QAP **
** GN(4) Bota_Fogo: QAP COPOM **
** IP(5) GABRIEL_SAMP: QAP NA ESCUTA **
** IP(L) DACUNHA: PROSSIGA **
** IP(5) GABRIEL_SAMP: PROSSIGA **
** GN(3) Borges_Escobar: kkkkkkkkkkk **
** IP(5) GABRIEL_SAMP: FALA AI POW **
** IP(L) DACUNHA: ALGUMA QRR? **
** GN(4) Bota_Fogo: PLACA 4 **
** GN(4) Bota_Fogo: PLACA 4 **
** GN(4) Bota_Fogo: PLACA 4 **
** IP(L) DACUNHA: QAP **
** IP(L) DACUNHA: QAP **
** IP(L) DACUNHA: qrr placa 7 **
** GN(5) Trax_JK: CAIXA NEW **
** IP(L) DACUNHA: MANO COMO O CARA TAVA ENCIMA E EU EMBAIXO COMO ELE,ME,MATOU **
** IP(L) DACUNHA: QAP CUPOU **
** IP(L) DACUNHA: QAP CUPOM **
** IP(L) DACUNHA: QRR PLACA 9 **
** IP(L) DACUNHA: QRR PLACA 9 **
** PC(5) Wesley_Bezerra: QRR CAIXA **
** PC(5) Wesley_Bezerra: QRR CAIXA **
** IP(4) Haridade: qrr,caixa **
** PC(L) Eric_Silva: QTH **
** IP(4) Haridade: qrr,caixa,perto,conse **
** PC(5) Wesley_Bezerra: CAIXA **
** PC(L) Eric_Silva: QSL **
** PC(5) Wesley_Bezerra: SO TEM UM **
** PC(5) Wesley_Bezerra: QRR **
** PC(4) Scarface04: QRR CAIXAAAAAAA **
** GN(4) Bota_Fogo: qth **
** PC(5) Wesley_Bezerra: QTI PC **
** PC(L) Eric_Silva: QRR Loterica possilvelmente roubo **
** IP(4) Haridade: tou de pe br da turquia **
** PC(4) Scarface04: QRR LOTERIA **
** IP(4) Haridade: tou de pe br da turquia **
** PC(4) Scarface04: QRR LOTERIA **
** IP(4) Haridade: QRR loterica **
** PC(5) Wesley_Bezerra: BORA INVANDIR **
** PC(5) Wesley_Bezerra: so tem 4 cara **
** PC(L) Eric_Silva: espera **
** IP(4) Haridade: jae **
** PC(5) Wesley_Bezerra: no ja **
** PC(L) Eric_Silva: vamos invadir **
** PC(L) Eric_Silva: no 3!! **
** PC(L) Eric_Silva: 1 **
** PC(L) Eric_Silva: 2 **
** PC(L) Eric_Silva: 3 **
** PC(L) Eric_Silva: tem 1, no canto **
** IP(4) Haridade: explode,os,carro **
** IP(4) Haridade: explode,os,carro **
** PC(5) Wesley_Bezerra: negativo **
** IP(4) Haridade: vou fica d snp la atraz **
** PC(5) Wesley_Bezerra: SO TEM UM **
** PC(5) Wesley_Bezerra: TA COM UM TRISCO DE VIDA **
** IP(4) Haridade: tem quantos,la dentro **
** PC(5) Wesley_Bezerra: 1 **
** PC(4) Scarface04: FACINNN **
** GN(4) Bota_Fogo: levei 3 **
** BOPE(5) Isaac_David: ACABOU? **
** GN(L) KINGZIN.Fe: PLACA 36 **
** GN(L) KINGZIN.Fe: QRR **
** IP(4) Haridade: onde **
** GN(L) KINGZIN.Fe: PLACA 36 QRR **
** IP(4) Haridade: jae **
** GN(L) KINGZIN.Fe: E  VG  **
** GN(3) Borges_Escobar: Rua da loterica **
** GN(L) KINGZIN.Fe: LOTERICA **
** GN(3) Borges_Escobar: Indo parque green **
** IP(4) Haridade: ele,e,adm **
** GN(L) KINGZIN.Fe: N EM TRABALHO **
** IP(4) Haridade: aonde,tao **
** GN(L) KINGZIN.Fe: ONDE BLINDA **
** BOPE(5) Isaac_David: QRR AONDE? **
** PC(4) Scarface04: PEGO? **
** GN(L) KINGZIN.Fe: NEGATIVO **
** PC(4) Scarface04: onde **
** PC(4) Scarface04: ?? **
** IP(4) Haridade: aonde,tao **
** IP(4) Haridade: aonde,tao **
** PC(5) Wesley_Bezerra: DIGITEI,ERRADO **
** PC(5) Wesley_Bezerra: FOI MAL KING **
** PC(4) Scarface04: QRR CAIXAAA **
** GN(L) KINGZIN.Fe: PODEMOS INTERVIR? **
** GN(L) KINGZIN.Fe: PODEMOS INTERVIR? **
** GN(3) Borges_Escobar: a **
** PC(4) brasilfpss: qap copom **
** PC(4) brasilfpss: copom indivisuo em um carro azul dando fuga, placa 5 **
** IP(5) alemao_noguira: quem vai vim loterica? **
** IP(3) BOBI.ImT: EU **
** IP(5) alemao_noguira: vem logo **
** IP(3) BOBI.ImT: TEM LOTERICA NAO E **
** IP(5) alemao_noguira: nn **
** IP(5) alemao_noguira: nao atira se sair **
** PM(5) Arcanjo_Leal: ATENCAO TODAS UNIDADES AS 22:00 HR IREMOS FAZER BLITZ NA ENTRADA DE LS POR FAVOR COMPARECAM SE PUDER TKS** BOPE(5) Isaac_David: BOPE A QTI DO QTH **
** IP(5) alemao_noguira: quem vai putero? **
** BOPE(5) Isaac_David: BOPE VAI **
** PC(4) Scarface04: pc vai **
** IP(5) alemao_noguira: estou aqui ja **
** IP(5) alemao_noguira: nao consigo da ang  **
** IP(5) alemao_noguira: da ang  e fala a corp que vai intervir ai **
** IP(5) alemao_noguira: bopw **
** BOPE(5) Isaac_David: ? **
** PC(4) Scarface04: QRR PUTEIRO **
** BOPE(5) Isaac_David: BOPE NO QTH **
** IP(5) alemao_noguira: bope quem comanda e voces **
** BOPE(5) Isaac_David: OK **
** BOPE(5) Isaac_David: DEIXA COMIGO **
** PC(4) Scarface04: DEVE TER QUANTOS LA DENTRO? **
** PC(4) Scarface04: GG? **
** PC(4) Scarface04: gg **
** PC(4) Scarface04: TKS **
** PC(4) Scarface04: caixaaaa **
** IP(4) ML_santos: PRESISAMOD DE AJUDA BANCO CENTRAL **
** IP(3) BOBI.ImT: BLZ **
** IP(3) BOBI.ImT: VCS ETA BANCO **
** IP(L) DACUNHA: TODOS DO BANCO FOI ABATIDO,PELA ROTW QSL **
** GN(3) Borges_Escobar: acefalos **
** GN(3) Borges_Escobar: voces sao dontes? **
** IP(L) DACUNHA: PQ VC ATIROU NELE **
** GN(3) Borges_Escobar: eu tava consertando a porr do caixa **
** GN(3) Borges_Escobar: Acefalos **
** GN(L) KINGZIN.Fe: GUERRA? **
** GN(L) KINGZIN.Fe: OK ENT **
** GN(L) KINGZIN.Fe: GUERRA ROTA ? **
** BOPE(5) Isaac_David: UNI ROCAM INICIANDO PTR, QUALQUER QRU/QRR JOGA NA REDE QSL? **
** IP(2) Motta: QSL **
** IP(L) DACUNHA: QSL **
** GN(3) Borges_Escobar: para de ser doente rota **
** IP(L) DACUNHA: para de aplicar em,nos **
** GN(L) KINGZIN.Fe: BOA ROTA **
** GN(L) KINGZIN.Fe: SEUS MONGO **
** GN(3) Borges_Escobar: tamos gravando. **
** GN(L) KINGZIN.Fe: SO AS CRIANCA **
** GN(3) Borges_Escobar: tamos gravando. **
** GN(3) Borges_Escobar: tudo gravado dacunha. **
** GN(L) KINGZIN.Fe: TMNC **
** GN(3) Borges_Escobar: 2 vez ja que vcs fazem isso **
** GN(L) KINGZIN.Fe: TMNC DACUNHA  **
** IP(4) renan_tga: VC SO DA TK **
** GN(L) KINGZIN.Fe: NOIS? **
** IP(4) Motta_realN$: nois veio conserta o caixa e vcs atirou e nois mn mds  **
** GN(L) KINGZIN.Fe: VCS MATARAO NOIS,DUAS VEZ **
** IP(4) Motta_realN$: MDS **
** GN(L) KINGZIN.Fe: TA GRAVADO MOTA **
** IP(4) renan_tga: EXERCITO TD **
** GN(L) KINGZIN.Fe: VC ATIRANDO NO CARA TIU **
** GN(L) KINGZIN.Fe: SEM MOTIVO **
** GN(3) Borges_Escobar: ja e a 2 vez que nos ta no caixa e vcs vem matando nos **
** GN(L) KINGZIN.Fe: NOIS TAVA CONSERTANDO O CAIXA **
** IP(4) Motta_realN$: BLZ  **
** GN(L) KINGZIN.Fe: PDP DEIXA EU TE VER **
** IP(4) Motta_realN$: VCS POCA NOIS DUNAD **
** IP(4) Motta_realN$: VCS POCA NOIS DUNADA **
** GN(L) KINGZIN.Fe: TA GRAVDO **
** GN(L) KINGZIN.Fe: VCS ATIROU **
** IP(4) Motta_realN$: E ISSO  **
** GN(L) KINGZIN.Fe: E ISSO MOTTA **
** GN(L) KINGZIN.Fe: DEIXA EU TE VER **
** GN(L) KINGZIN.Fe: SUA CORP JA VAI DE F **
** IP(4) Motta_realN$: E ISSO PO FALA DE MIS **
** IP(4) Motta_realN$: A CORP NE E MINHA ? **
** IP(4) renan_tga: A SUA SO DA TK TODA HR  **
** IP(4) Motta_realN$: A CORP NE E MINHA ! **
** GN(L) KINGZIN.Fe: OK TA GRAVADO VC ATIRANDO EM NOIS NO CAIXA MLK **
** GN(L) KINGZIN.Fe: OK TA GRAVADO VC ATIRANDO EM NOIS NO CAIXA MLK **
** GN(L) KINGZIN.Fe: OK TA GRAVADO VC ATIRANDO EM NOIS NO CAIXA MLK **
** IP(4) Motta_realN$: blz e isso fala muito **
** IP(2) Motta: MDS CARA PM BRINGADO COM PM  **
** GN(L) KINGZIN.Fe: OK ENCONTRA NO CAIXINHA LA ENT **
** IP(4) renan_tga: VCS ABRIU FOGO CONTRA NOIS **
** GN(5) Kurt_444: mano tu e mongo motta **
** GN(L) KINGZIN.Fe: O ENGRACADO Q SO VCS VIU ISSO **
** IP(4) Motta_realN$: e isso **
** GATE(4) SSueco_FPSx: KKKK **
** IP(4) Motta_realN$: e issoo  **
** IP(4) Motta_realN$: blz  **
** GN(L) KINGZIN.Fe: BOA **
** IP(4) Motta_realN$: nois nem ia aplicar **
** GN(5) Kurt_444: boa **
** IP(4) Motta_realN$: sem choro vcs aplocou primeiro **
** IP(4) renan_tga: SO MATEI PQ VCS MATO MEU PARCERO **
** BOPE(5) Isaac_David: BOPE A QTI DO QTH **
** GN(L) KINGZIN.Fe: SUAVE A TRETA NAO E COM VC **
** GN(L) KINGZIN.Fe: DEIXA O MOTTA **
** GN(L) KINGZIN.Fe: IA ATIRAR SIM **
** GN(5) Kurt_444: nao agora nois tem que ir de faca pra um caixinha **
** IP(4) Motta_realN$: blz mn nois n quer treta **
** GN(3) Borges_Escobar: ja arranjou. **
** IP(4) Motta_realN$: aqui n e lugar para brigar **
** GN(L) KINGZIN.Fe: BLZ PARO ENT? **
** IP(4) Motta_realN$: S **
** GN(L) KINGZIN.Fe: PDP ENT JA SABE **
** IP(4) Motta_realN$: PESSO DISCUPA PELO OS TKS DE ENTES E VCS TBM PEDE  **
** GN(L) KINGZIN.Fe: QSL **
** BOPE(5) Isaac_David: UNI ALFA 18001 FINALIZANDO PTR, TKS A TODOS! **
** GN(L) KINGZIN.Fe: QSL **
** GN(L) KINGZIN.Fe: BOM DISCANSO **
** BOPE(5) Isaac_David: TKS! VOCES BOA PTR **
** GN(L) KINGZIN.Fe: EB AO QTI DO CAIXA **
** GN(3) Borges_Escobar: todos mortos do caixa **
** GATE(4) SSueco_FPSx: individos armados na pista de skate **
** GN(L) KINGZIN.Fe: QSL **
** GN(3) Borges_Escobar: todos do caixa abatidos **
** GN(L) KINGZIN.Fe: AO QTI DA,LOTERICA QSL ? **
** GN(L) KINGZIN.Fe: QRR LOTERICA **
** GN(L) KINGZIN.Fe: VO SAIR E ENTRAR **
** GN(L) KINGZIN.Fe: CODIGO 5 LIBERADO **
** GN(L) KINGZIN.Fe: VEM **
** IP(L) DACUNHA: QAP CUPOM NA ESCUTA **
** IP(L) DACUNHA: SUECO,BORA PUTEIRO **
** IP(L) DACUNHA: sueco bora consertar o caixa la? **
** GATE(4) SSueco_FPSx: blz **
** IP(L) DACUNHA: eles tao ali,ainda **
** IP(L) DACUNHA: QSL **
** IP(L) DACUNHA: seuco vem no caixa ligero qsl **
** GATE(4) SSueco_FPSx: to sem vtr QSL **
** IP(L) DACUNHA: QSL **
** GATE(4) SSueco_FPSx: TO,INDO **
** IP(L) DACUNHA: QSL **
** GATE(4) SSueco_FPSx: ONDE E? **
** IP(L) DACUNHA: PISTA DE SKAT **
** IP(L) DACUNHA: TA VINDO **
** GATE(4) SSueco_FPSx: sim **
** GATE(4) SSueco_FPSx: cheguei **
** IP(L) DACUNHA: CADE VOCES **
** GATE(4) SSueco_FPSx: voltei **
** IP(L) DACUNHA: TAMOS INDO NA BASE TUA AI SUECO **
** GATE(4) SSueco_FPSx: ok **
** GATE(4) SSueco_FPSx: ja volto /occ **
** IP(L) DACUNHA: MORREU ? /ooc **
** GATE(4) SSueco_FPSx: voltei **
** IP(L) DACUNHA: tou indo na tua base sueco **
** GATE(4) SSueco_FPSx: ok **
** GATE(4) SSueco_FPSx: pode vim call? **
** IP(L) DACUNHA: sim **
** GATE(4) SSueco_FPSx: vamo entt **
** GATE(4) SSueco_FPSx: qual call? **
** IP(L) DACUNHA: jogando 3 **
** IP(L) DACUNHA: qrr ixa **
** IP(L) DACUNHA: qrr caixinha **
** IP(L) DACUNHA: PTR INICIANDO JUNTAMENTO,COM,A PM QUAL QRR/QRU JOGA NA REDE **
** PM(L) Felipe_AKR: QRR no caixa da pista de skate QSL **
** IP(L) DACUNHA: GERAL VEM ENTRADA DE LS **
** PM(L) Felipe_AKR: QSL copom **
** PC(4) Scarface04: caixaaa **
** PC(4) Scarface04: QRR CAIXA **
** PC(4) Scarface04: QRR CAIXA **
** PC(4) Scarface04: QRR CAIXA **
** PC(4) Scarface04: QRR CAIXA **
** PC(4) Scarface04: QRR CAIXA **
** GN(5) Kurt_444: alguem em ptr pra conduzir um meliante **
** GN(5) Kurt_444: parque perto da pista **
** GN(5) Kurt_444: atras do hospital da pista de skait **
** PM(L) Felipe_AKR: unidade bravo iniciando rocam qulaquer QRR ou QRU joga na rede QSL **
** GN(L) KINGZIN.Fe: JA FOI **
** GN(L) KINGZIN.Fe: QUEM PEGO MINHA MOTO **
** GN(L) KINGZIN.Fe: PEGARO MINHA NRG **
** GATE(4) SSueco_FPSx: preciso de reforco **
** PC(4) Scarface04: QAP **
** GN(L) KINGZIN.Fe: QA **
** GN(L) KINGZIN.Fe: QAP **
** PC(4) Scarface04: QRL **
** PC(4) Scarface04: QTH **
** PC(4) Scarface04: QTH **
** GATE(4) SSueco_FPSx: procurado 17 **
** GN(L) KINGZIN.Fe: QAP CUPOM ? **
** GN(L) KINGZIN.Fe: UNI DA ROCAM INICIANDO PTR QUALQUER QRR/QRU JOGA NA REDE QSL ? **
** IP(L) DACUNHA: qap **
** GATE(4) SSueco_FPSx: opa **
** IP(L) DACUNHA: OPA **
** GATE(4) SSueco_FPSx: vai call? **
** IP(L) DACUNHA: tou call,no dc da rota /ooc **
** GATE(4) SSueco_FPSx: tanto faz /occ **
** IP(L) DACUNHA: ENTRA LA **
** GATE(4) SSueco_FPSx: blz /occ **
** PC(4) brasilfpss: alguma qru? **
** IP(L) DACUNHA: NEGATIVO **
** IP(L) DACUNHA: QSL **
** PC(4) brasilfpss: qsl **
** GATE(4) SSueco_FPSx: QRR CAIXA **
** GATE(4) SSueco_FPSx: QRR CAIXA **
** IP(4) Haridade: QRR CAIXA **
** GATE(4) SSueco_FPSx: to call do pm de ontem /pcc **
** GATE(4) SSueco_FPSx: /occ **
** PC(4) brasilfpss: individo armado no posto **
** PC(4) brasilfpss: saiu do local  **
** PC(4) brasilfpss: placa 8 central **
** PC(4) brasilfpss: qrr **
** GN(L) KINGZIN.Fe: QTH **
** PC(4) brasilfpss: codigo 5 **
** GN(L) KINGZIN.Fe: QTH **
** BOPE(5) Isaac_David: QTH? **
** PC(4) brasilfpss: posto qrrrrr **
** PC(4) brasilfpss: qrrrr **
** GN(3) Borges_Escobar: a qti **
** BOPE(5) Isaac_David: A QTI, AINDA QUER QRR? **
** PC(4) brasilfpss: qrr caixinha **
** GN(L) KINGZIN.Fe: LIMPO **
** GATE(4) SSueco_FPSx: vem call dacunha /occ **
** PC(4) brasilfpss: copom **
** IP(4) Haridade: QRR caixa **
** PC(4) brasilfpss: qti **
** BOPE(5) Isaac_David: BOPE A QTI **
** GATE(4) SSueco_FPSx: qrr skate **
** PC(4) brasilfpss: qti **
** GN(3) Borges_Escobar: A qti **
** BOPE(5) Isaac_David: NO QTH **
** GATE(4) SSueco_FPSx: vazar **
** GATE(4) SSueco_FPSx: vazaram **
** IP(4) Haridade: ta corredo **
** IP(4) Haridade: de traz da arvore **
** IP(L) DACUNHA: BR BLITZ GERAL **
** BOPE(5) Isaac_David: QTH DA BLITZ **
** BOPE(5) Isaac_David: QTH DA BLITZ **
** BOPE(5) Isaac_David: QTH DA BLITZ??????? **
** IP(L) DACUNHA: LADO DA LOTERICA **
** BOPE(5) Isaac_David: QSL **
** IP(L) DACUNHA: CADE VCS CUPOM **
** GN(3) Borges_Escobar: cupom **
** BOPE(5) Isaac_David: MOTIVO DOS TIROS? **
** BOPE(5) Isaac_David: NAO E TK NAO NE /OOC **
** IP(L) DACUNHA: nao **
** IP(L) DACUNHA: QUAL SU DE MACONHA **
** PC(4) Scarface04: trafico **
** IP(L) DACUNHA: prende esse cara ai **
** PC(4) Scarface04: prende ai **
** IP(L) DACUNHA: como prende **
** IP(L) DACUNHA: me esqueci **
** IP(L) DACUNHA: alguem me ajuda aqui **
** PC(4) Scarface04: /prender id minuto **
** PM(L) Felipe_AKR: leva na prisao  **
** IP(L) DACUNHA: levei ja **
** PC(4) Scarface04: /prender id minuto **
** IP(L) DACUNHA: vem aqui na prisao **
** PM(L) Felipe_AKR: leva na prisao  **
** PM(L) Felipe_AKR: QRR caixinha do glen park QSL **
** PM(L) Felipe_AKR: QRR caixa da pista de sakate **
** PM(L) Felipe_AKR: rks **
** PM(L) Felipe_AKR: tks ** **
** GATE(4) Guga_FPSx: roca da gate en ptr **
** PM(L) Felipe_AKR: boa PTR **
** PM(L) Felipe_AKR: atirei em um pm foi mal tu apareceu na frente **
** PC(4) Scarface04: QUASE ME MATOU MAS BLZ **
** PM(L) Felipe_AKR: foi mal desculpa **
** PM(L) Felipe_AKR: ageito o caixa? **
** PC(4) Scarface04: SS **
** PM(L) Felipe_AKR: QSL **
** PC(4) Scarface04: TKS **
** GATE(4) SSueco_FPSx: to o individo aqui levo a onde? **
** GATE(4) SSueco_FPSx: com* **
** PM(L) Felipe_AKR: prinsao e /prender id e minutos **
** PM(L) Felipe_AKR: prisao** **
** IP(L) DACUNHA: prende ai scarface **
** PC(4) Scarface04: ss **
** IP(L) DACUNHA: qual,comndo tu usa scarface **
** PM(L) Felipe_AKR: TKS  **
** GATE(4) SSueco_FPSx: alguem me busca skate **
** GATE(4) SSueco_FPSx: dacunha tais onde? **
** PC(4) Scarface04: QRR LOTERIAAAAA **
** IP(L) DACUNHA: qrr loterica **
** IP(4) Haridade: QRR loterica **
** PC(4) Scarface04: GG LOTERICA **
** IP(3) BOBI.ImT: . **
** PC(4) Scarface04: hack e foda ne **
** IP(3) BOBI.ImT: ss tem loterica ainda **
** PC(4) Scarface04: acabou **
** PC(4) Scarface04: matei 2 **
** IP(3) BOBI.ImT: boa kk **
** PC(4) brasilfpss: ALGUMA QRU?? **
** PC(4) brasilfpss: QRR CAIXINHA **
** PM(L) Felipe_AKR: QTH? **
** PM(L) Felipe_AKR: ?? **
** PC(4) brasilfpss: CODIGO 5 **
** PM(L) Felipe_AKR: policia militar iniciando rocam qualquer QRR ou QRU joga na rede QSL **
** PC(4) brasilfpss: QRR **
** PM(L) Felipe_AKR: policia militar a QTI **
** PM(L) Felipe_AKR: tks **
** GATE(4) SSueco_FPSx: qrr loterica **
** PM(L) Felipe_AKR: QSL **
** PC(4) brasilfpss: QTII **
** IP(3) BOBI.ImT: loterica e **
** GATE(4) SSueco_FPSx: sim **
** PM(L) Felipe_AKR: ja estou no QTH os individo esta dentro da loterica ?? **
** GN(L) KINGZIN.Fe: QAP COPOM? **
** GN(L) KINGZIN.Fe: ALGUM QRU PENDENTE? **
** PM(L) Felipe_AKR: QAP prossiga **
** PM(L) Felipe_AKR: QRR loterica **
** PC(4) brasilfpss: TO NA MIRA CENTRAL **
** GN(L) KINGZIN.Fe: QSL AO QTI DO QTH **
** IP(3) BOBI.ImT: to indo **
** PC(4) brasilfpss: EM LOCAL QUE NINGUEM VVE **
** PC(4) brasilfpss: NAO TOU VOLTANDO ACAO **
** PM(L) Felipe_AKR: QRR caixa pista de skate **
** GN(L) KINGZIN.Fe: QAP CUPOM ESTOU NO CAIXA NESSECITO DE UM APOIA **
** GATE(4) SSueco_FPSx: levei 1 **
** GN(L) KINGZIN.Fe: TKS SENHORES **
** GN(L) KINGZIN.Fe: PARO **
** GATE(4) SSueco_FPSx: ok **
** GATE(4) SSueco_FPSx: eles provoca n resisto **
** IP(3) BOBI.ImT: onde vcs esta **
** PM(L) Felipe_AKR: pm bacao  **
** PM(L) Felipe_AKR: bracao** **
** GN(L) KINGZIN.Fe: QRR **
** GN(L) KINGZIN.Fe: SULTAN AZUL **
** IP(5) GABRIEL_SAMP: id **
** GN(L) KINGZIN.Fe: 12 **
** IP(3) BOBI.ImT: 12 **
** IP(3) BOBI.ImT: qrr **
** IP(3) BOBI.ImT: qrr na rua perto da base da locoste **
** GN(L) KINGZIN.Fe: NEM VAI BOBI **
** IP(3) BOBI.ImT: qrr ele tao vindo **
** GN(L) KINGZIN.Fe: QTH **
** IP(3) BOBI.ImT: qrr moto perto do park **
** IP(3) BOBI.ImT: qrr park moto **
** GN(L) KINGZIN.Fe: QAP CUPOM ALGUM QRR/QRU PENDENTE ? **
** IP(2) Motta: NEGATIVO **
** GN(L) KINGZIN.Fe: QSL **
** IP(3) BOBI.ImT: qrr id 5 **
** IP(3) BOBI.ImT: vai vim **
** GN(L) KINGZIN.Fe: Q QTI **
** IP(3) BOBI.ImT: vem id 5 **
** IP(3) BOBI.ImT: perto da mec **
** IP(3) BOBI.ImT: perto da ladeira **
** GATE(4) SSueco_FPSx: guizin abatido **
** IP(3) BOBI.ImT: ALGEM QUER AJUDA **
** GATE(4) SSueco_FPSx: oq foi? **
** IP(L) DACUNHA: nos vai invadi a favela da lacoste **
** IP(3) BOBI.ImT: AGORA E **
** GATE(4) SSueco_FPSx: ok **
** IP(L) DACUNHA: sim **
** IP(3) BOBI.ImT: PODE ENVADIR JA E **
** IP(L) DACUNHA: LEVA NOS NA FEVALA DA LACOSTE **
** IP(3) BOBI.ImT: BORA INVADIR TA NOIS MATA ELES **
** IP(4) Haridade: ande e a tropa,da lacoste **
** GN(L) KINGZIN.Fe: /GPS **
** IP(3) BOBI.ImT: PERTO DA ROTA **
** IP(L) DACUNHA: nao pega a hq dele **
** GN(L) KINGZIN.Fe: SO VAI A ROTA **
** IP(4) Haridade: o gps,nao ta indo **
** IP(L) DACUNHA: sim **
** GN(L) KINGZIN.Fe: KKKKKKKKKKKK **
** IP(3) BOBI.ImT: E PRA ENVADIR E **
** IP(3) BOBI.ImT: VO INVADIR **
** GN(L) KINGZIN.Fe: KKKKKKKKKKKKKKKKK **
** IP(3) BOBI.ImT: VOUTA AQ **
** IP(3) BOBI.ImT: QRR CARRO VERMELHO PERTO DA PISTA DE SKET **
** IP(5) BOBI.ImT: QRR LOTERICA **
** PC(4) Scarface04: CHORIN KKKKKKK **
** PC(4) Scarface04: OPA **
** GATE(4) SSueco_FPSx: slv **
** GATE(4) SSueco_FPSx: qrr skate **
** GATE(4) SSueco_FPSx: individos armados **
** PC(L) Eric_Silva: QSL A QTHI **
** PC(L) Eric_Silva: QTI** **
** GATE(4) SSueco_FPSx: skate **
** IP(5) THCURUBANGO_ESTAF: QSL FILHA DA POLICIA **
** PC(4) Scarface04: amigo **
** PC(4) Scarface04: mdss **
** PC(4) Scarface04: presta atencao **
** PC(5) Scarface04: suco **
** GATE(4) SSueco_FPSx: desculpa **
** GATE(4) SSueco_FPSx: to a caminho  **
** GATE(4) SSueco_FPSx: to a caminho  **
** IP(5) THCURUBANGO_ESTAF: QSL A CAMINHO **
** GATE(4) SSueco_FPSx: qrr **
** GATE(4) SSueco_FPSx: em frente hospital **
** GATE(4) SSueco_FPSx: em frente hospital **
** GATE(4) SSueco_FPSx: individos armados **
** PM(5) Arcanjo_Leal: VTR001 iniciando ptr qualquer QRR/QRU JOGAR NA REDE QSL  **
** GATE(4) SSueco_FPSx: qrr skate **
** GATE(4) SSueco_FPSx: qrr skate **
** PC(5) Scarface04: QRR CAIXA **
** BOPE(5) Isaac_David: UNI ALFA 18001 INICIANDO PTR, QUALQUER QRU/QRR JOGA NA REDE QSL? **
** BOPE(5) Isaac_David: A QTI DO CAIXA **
** PC(5) Scarface04: conserta caixaa **
** BOPE(5) Isaac_David: UNI ALFA 18001 FINALIZANDO PTR, TKS A TODOS **
** BOPE(5) Isaac_David: ROCAM BOPE INICIANDO PTR, QUALQUER QRU/QRR JOGA NA REDE QSL? **
** PM(4) insane_: ROCAM INICIANDO RONDA QUALQUER QRR/QEE **
** PM(4) insane_: ROCAM INICIANDO RONDA QUALQUER QRR/QRU JOGA NA REDE QSL? **
** PM(4) insane_: ROCAM INICIANDO RONDA QUALQUER QRR/QRU JOGA NA REDE QSL? **
