[28/11/2018 - 08:51:50] - ADMIN CMD: O Admin BerN está dando R$555555 para BerN.
[28/02/2020 - 12:29:32] - ADMIN CMD: O Admin winRAR está dando R$20000000 para winRAR.
[28/02/2020 - 23:25:06] - ADMIN CMD: O Admin winRAR está dando R$320000000 para winRAR.
[29/02/2020 - 00:05:40] - ADMIN CMD: O Admin winRAR está dando R$-42000000 para cloZe.
[29/02/2020 - 00:05:59] - ADMIN CMD: O Admin winRAR está dando R$-4200000 para cloZe.
[29/02/2020 - 00:06:18] - ADMIN CMD: O Admin winRAR está dando R$3094464 para cloZe.
[29/02/2020 - 00:07:17] - * winRAR deu alguma grana para cloZe.
[23/03/2020 - 00:12:07] - ADMIN CMD: O Admin cloZe está dando R$1215752192 para cloZe.
[21/06/2021 - 04:00:46] - ADMIN CMD: O Admin Nike_exe está dando R$10000000 para Nike_exe.
[21/06/2021 - 20:18:17] - ADMIN CMD: O Admin Vgzinn está dando R$10000 para Vgzinn.
[21/06/2021 - 20:18:20] - ADMIN CMD: O Admin Vgzinn está dando R$1000000 para Vgzinn.
[21/06/2021 - 22:32:46] - ADMIN CMD: O Admin Riquelme_Emanuel está dando R$100000 para GROVE_BAIXINHOO.
[22/06/2021 - 00:57:17] - * GROVE_BAIXINN deu alguma grana para jaozinho.
[22/06/2021 - 00:57:25] - * GROVE_BAIXINN deu alguma grana para jaozinho.
[22/06/2021 - 00:57:31] - * GROVE_BAIXINN deu alguma grana para jaozinho.
[22/06/2021 - 00:58:54] - * jaozinho deu alguma grana para GROVE_BAIXINN.
[22/06/2021 - 00:58:55] - * jaozinho deu alguma grana para GROVE_BAIXINN.
[22/06/2021 - 00:58:57] - * jaozinho deu alguma grana para GROVE_BAIXINN.
[22/06/2021 - 00:59:19] - * GROVE_BAIXINN deu alguma grana para jaozinho.
[22/06/2021 - 00:59:24] - * GROVE_BAIXINN deu alguma grana para jaozinho.
[22/06/2021 - 00:59:30] - * GROVE_BAIXINN deu alguma grana para jaozinho.
[22/06/2021 - 15:24:25] - * GROVE_BAIXINN deu alguma grana para tk_gg.
[22/06/2021 - 15:24:54] - * GROVE_BAIXINN deu alguma grana para tk_gg.
[22/06/2021 - 15:24:59] - * GROVE_BAIXINN deu alguma grana para tk_gg.
[22/06/2021 - 15:25:04] - * GROVE_BAIXINN deu alguma grana para tk_gg.
[22/06/2021 - 15:25:11] - * GROVE_BAIXINN deu alguma grana para tk_gg.
[22/06/2021 - 15:25:17] - * GROVE_BAIXINN deu alguma grana para tk_gg.
[22/06/2021 - 15:25:26] - * GROVE_BAIXINN deu alguma grana para tk_gg.
[22/06/2021 - 15:25:31] - * GROVE_BAIXINN deu alguma grana para tk_gg.
[22/06/2021 - 18:16:34] - * GROVE_BAIXINN deu alguma grana para tk_gg.
[22/06/2021 - 18:16:41] - * GROVE_BAIXINN deu alguma grana para tk_gg.
[22/06/2021 - 18:16:51] - * GROVE_BAIXINN deu alguma grana para tk_gg.
[22/06/2021 - 18:17:03] - * GROVE_BAIXINN deu alguma grana para tk_gg.
[22/06/2021 - 18:17:11] - * GROVE_BAIXINN deu alguma grana para tk_gg.
[22/06/2021 - 18:17:15] - * GROVE_BAIXINN deu alguma grana para tk_gg.
[22/06/2021 - 18:17:23] - * GROVE_BAIXINN deu alguma grana para tk_gg.
[22/06/2021 - 18:17:28] - * GROVE_BAIXINN deu alguma grana para tk_gg.
[22/06/2021 - 18:17:36] - * GROVE_BAIXINN deu alguma grana para tk_gg.
[22/06/2021 - 18:17:43] - * GROVE_BAIXINN deu alguma grana para tk_gg.
[22/06/2021 - 18:18:49] - * GROVE_BAIXINN deu alguma grana para tk_gg.
[22/06/2021 - 18:18:57] - * GROVE_BAIXINN deu alguma grana para tk_gg.
[22/06/2021 - 18:19:02] - * GROVE_BAIXINN deu alguma grana para tk_gg.
[22/06/2021 - 18:19:16] - * GROVE_BAIXINN deu alguma grana para tk_gg.
[23/06/2021 - 01:08:43] - * KDooNi_SouZa deu alguma grana para LK_TRAJADO157.
[23/06/2021 - 01:08:45] - * KDooNi_SouZa deu alguma grana para LK_TRAJADO157.
[23/06/2021 - 01:08:47] - * KDooNi_SouZa deu alguma grana para LK_TRAJADO157.
[23/06/2021 - 01:08:49] - * KDooNi_SouZa deu alguma grana para LK_TRAJADO157.
[23/06/2021 - 01:08:50] - * KDooNi_SouZa deu alguma grana para LK_TRAJADO157.
[23/06/2021 - 12:08:30] - ADMIN CMD: O Admin Riquelme_Emanuel está dando R$30000 para Guizinho_lima.
[23/06/2021 - 12:12:02] - ADMIN CMD: O Admin Riquelme_Emanuel está dando R$-1530494976 para Riquelme_Emanuel.
[23/06/2021 - 12:12:08] - ADMIN CMD: O Admin Riquelme_Emanuel está dando R$1410065408 para Riquelme_Emanuel.
[23/06/2021 - 12:13:23] - ADMIN CMD: O Admin Riquelme_Emanuel está dando R$1 para Riquelme_Emanuel.
[23/06/2021 - 12:13:34] - ADMIN CMD: O Admin Riquelme_Emanuel está dando R$100000 para Riquelme_Emanuel.
[23/06/2021 - 12:13:39] - ADMIN CMD: O Admin Riquelme_Emanuel está dando R$1215752192 para Riquelme_Emanuel.
[23/06/2021 - 12:15:42] - ADMIN CMD: O Admin Riquelme_Emanuel está dando R$1215752192 para Riquelme_Emanuel.
[23/06/2021 - 12:15:54] - ADMIN CMD: O Admin Riquelme_Emanuel está dando R$1000000000 para Riquelme_Emanuel.
[23/06/2021 - 14:00:47] - ADMIN CMD: O Admin Riquelme_Emanuel está dando R$100000000 para Riquelme_Emanuel.
[23/06/2021 - 14:00:56] - ADMIN CMD: O Admin Riquelme_Emanuel está dando R$10000000 para Riquelme_Emanuel.
[23/06/2021 - 14:03:04] - Administrador Dono: Riquelme_Emanuel setou 10000 de money para Riquelme_Emanuel.
[23/06/2021 - 14:03:13] - Administrador Dono: Riquelme_Emanuel setou 1000000 de money para Riquelme_Emanuel.
[23/06/2021 - 14:07:24] - Administrador Dono: Riquelme_Emanuel setou 10000000 de money para Riquelme_Emanuel.
[23/06/2021 - 14:07:34] - Administrador Dono: Riquelme_Emanuel setou 100000000 de money para Riquelme_Emanuel.
[23/06/2021 - 21:26:29] - * Riquelme_Emanuel deu alguma grana para Connor.Legends.
[23/06/2021 - 21:26:30] - * Riquelme_Emanuel deu alguma grana para Connor.Legends.
[23/06/2021 - 21:26:31] - * Riquelme_Emanuel deu alguma grana para Connor.Legends.
[23/06/2021 - 21:26:31] - * Riquelme_Emanuel deu alguma grana para Connor.Legends.
[23/06/2021 - 21:26:32] - * Riquelme_Emanuel deu alguma grana para Connor.Legends.
[23/06/2021 - 21:26:46] - ADMIN CMD: O Admin Riquelme_Emanuel está dando R$10000000 para Connor.Legends.
[24/06/2021 - 13:08:12] - ADMIN CMD: O Admin Riquelme_Emanuel está dando R$200000 para Fumassa.
[24/06/2021 - 19:53:42] - ADMIN CMD: O Admin Riquelme_Emanuel está dando R$2000 para Kauan_Santos.
[24/06/2021 - 19:54:05] - * Kauan_Santos deu alguma grana para Riquelme_Emanuel.
[24/06/2021 - 23:22:56] - * Riquelme_Emanuel deu alguma grana para Natan_Insane.
[24/06/2021 - 23:23:02] - * Riquelme_Emanuel deu alguma grana para Natan_Insane.
[24/06/2021 - 23:23:02] - * Riquelme_Emanuel deu alguma grana para Natan_Insane.
[24/06/2021 - 23:23:03] - * Riquelme_Emanuel deu alguma grana para Natan_Insane.
[24/06/2021 - 23:23:03] - * Riquelme_Emanuel deu alguma grana para Natan_Insane.
[24/06/2021 - 23:23:04] - * Riquelme_Emanuel deu alguma grana para Natan_Insane.
[24/06/2021 - 23:23:04] - * Riquelme_Emanuel deu alguma grana para Natan_Insane.
[24/06/2021 - 23:23:06] - * Riquelme_Emanuel deu alguma grana para Natan_Insane.
[24/06/2021 - 23:23:06] - * Riquelme_Emanuel deu alguma grana para Natan_Insane.
[24/06/2021 - 23:23:07] - * Riquelme_Emanuel deu alguma grana para Natan_Insane.
[24/06/2021 - 23:23:07] - * Riquelme_Emanuel deu alguma grana para Natan_Insane.
[24/06/2021 - 23:23:08] - * Riquelme_Emanuel deu alguma grana para Natan_Insane.
[24/06/2021 - 23:23:08] - * Riquelme_Emanuel deu alguma grana para Natan_Insane.
[24/06/2021 - 23:23:09] - * Riquelme_Emanuel deu alguma grana para Natan_Insane.
[24/06/2021 - 23:23:09] - * Riquelme_Emanuel deu alguma grana para Natan_Insane.
[24/06/2021 - 23:23:10] - * Riquelme_Emanuel deu alguma grana para Natan_Insane.
[24/06/2021 - 23:23:11] - * Riquelme_Emanuel deu alguma grana para Natan_Insane.
[24/06/2021 - 23:23:12] - * Riquelme_Emanuel deu alguma grana para Natan_Insane.
[24/06/2021 - 23:23:13] - * Riquelme_Emanuel deu alguma grana para Natan_Insane.
[24/06/2021 - 23:23:15] - * Riquelme_Emanuel deu alguma grana para Natan_Insane.
[24/06/2021 - 23:23:16] - * Riquelme_Emanuel deu alguma grana para Natan_Insane.
[24/06/2021 - 23:23:17] - * Riquelme_Emanuel deu alguma grana para Natan_Insane.
[25/06/2021 - 00:45:22] - ADMIN CMD: O Admin Riquelme_Emanuel está dando R$200000 para Willian_Robert.
[25/06/2021 - 00:47:03] - ADMIN CMD: O Admin Riquelme_Emanuel está dando R$200000 para Fumassa.
[25/06/2021 - 00:50:39] - * Riquelme_Emanuel deu alguma grana para Kauan_Santos.
[25/06/2021 - 00:50:43] - * Riquelme_Emanuel deu alguma grana para Kauan_Santos.
[25/06/2021 - 01:10:39] - * Fumassa deu alguma grana para jaozinho.
[25/06/2021 - 01:10:41] - * Fumassa deu alguma grana para jaozinho.
[25/06/2021 - 01:11:04] - * jaozinho deu alguma grana para Fumassa.
[25/06/2021 - 01:11:05] - * jaozinho deu alguma grana para Fumassa.
[25/06/2021 - 02:05:50] - ADMIN CMD: O Admin Riquelme_Emanuel está dando R$200000 para Kauan_Santos.
[25/06/2021 - 02:08:47] - ADMIN CMD: O Admin Riquelme_Emanuel está dando R$200000 para Kauan_Santos.
[25/06/2021 - 02:18:39] - ADMIN CMD: O Admin Riquelme_Emanuel está dando R$500000 para Willian_Robert.
[25/06/2021 - 02:52:44] - * Kauan_Santos deu alguma grana para jaozinho.
[25/06/2021 - 11:08:45] - Alerrandro_Cunha comprou armas por R$4800 na empresa 6
[25/06/2021 - 13:48:30] - * lukill_4 deu alguma grana para Fumassa.
[25/06/2021 - 13:58:39] - * lukill_4 deu alguma grana para Fumassa.
[25/06/2021 - 14:12:20] - * caiokkj deu alguma grana para Fumassa.
[25/06/2021 - 14:17:35] - * Kauan_Santos deu alguma grana para caiokkj.
[25/06/2021 - 14:17:36] - * Kauan_Santos deu alguma grana para caiokkj.
[25/06/2021 - 14:17:37] - * Kauan_Santos deu alguma grana para caiokkj.
[25/06/2021 - 14:17:38] - * Kauan_Santos deu alguma grana para caiokkj.
[25/06/2021 - 14:17:39] - * Kauan_Santos deu alguma grana para caiokkj.
[25/06/2021 - 14:17:40] - * Kauan_Santos deu alguma grana para caiokkj.
[25/06/2021 - 14:17:41] - * Kauan_Santos deu alguma grana para caiokkj.
[25/06/2021 - 14:17:42] - * Kauan_Santos deu alguma grana para caiokkj.
[25/06/2021 - 14:17:44] - * Kauan_Santos deu alguma grana para caiokkj.
[25/06/2021 - 14:17:46] - * Kauan_Santos deu alguma grana para caiokkj.
[25/06/2021 - 14:17:50] - * Kauan_Santos deu alguma grana para caiokkj.
[25/06/2021 - 14:17:52] - * Kauan_Santos deu alguma grana para caiokkj.
[25/06/2021 - 14:17:53] - * Kauan_Santos deu alguma grana para caiokkj.
[25/06/2021 - 14:17:55] - * Kauan_Santos deu alguma grana para caiokkj.
[25/06/2021 - 15:48:41] - * lukill_4 deu alguma grana para Kauan_Santos.
[25/06/2021 - 15:49:04] - * lukill_4 deu alguma grana para jaozinho.
[25/06/2021 - 15:55:52] - ADMIN CMD: O Admin Riquelme_Emanuel está dando R$200000 para Pedrin_..
[25/06/2021 - 16:50:01] - ADMIN CMD: O Admin Vgzinn_Zs está dando R$100 para Vgzinn_Zs.
[25/06/2021 - 16:50:05] - ADMIN CMD: O Admin Vgzinn_Zs está dando R$100 para Vgzinn_Zs.
[25/06/2021 - 16:50:09] - ADMIN CMD: O Admin Vgzinn_Zs está dando R$1410065408 para Vgzinn_Zs.
[25/06/2021 - 16:51:56] - ADMIN CMD: O Admin Vgzinn_Zs está dando R$200000 para Kira_Do_Moster.
[25/06/2021 - 17:09:27] - * Fumassa deu alguma grana para Bellah_Alvesx.
[25/06/2021 - 17:09:28] - * Fumassa deu alguma grana para Bellah_Alvesx.
[25/06/2021 - 17:23:57] - * iilegal_elemts deu alguma grana para Kauan_Santos.
[25/06/2021 - 17:24:31] - * Kauan_Santos deu alguma grana para iilegal_elemts.
[25/06/2021 - 17:24:33] - * Kauan_Santos deu alguma grana para iilegal_elemts.
[25/06/2021 - 17:24:34] - * Kauan_Santos deu alguma grana para iilegal_elemts.
[25/06/2021 - 17:24:35] - * Kauan_Santos deu alguma grana para iilegal_elemts.
[25/06/2021 - 17:24:36] - * Kauan_Santos deu alguma grana para iilegal_elemts.
[25/06/2021 - 17:24:40] - * Kauan_Santos deu alguma grana para iilegal_elemts.
[25/06/2021 - 17:24:41] - * Kauan_Santos deu alguma grana para iilegal_elemts.
[25/06/2021 - 17:24:47] - * Kauan_Santos deu alguma grana para iilegal_elemts.
[25/06/2021 - 17:24:48] - * Kauan_Santos deu alguma grana para iilegal_elemts.
[25/06/2021 - 17:24:49] - * Kauan_Santos deu alguma grana para iilegal_elemts.
[25/06/2021 - 17:24:50] - * Kauan_Santos deu alguma grana para iilegal_elemts.
[25/06/2021 - 17:24:51] - * Kauan_Santos deu alguma grana para iilegal_elemts.
[25/06/2021 - 17:24:53] - * Kauan_Santos deu alguma grana para iilegal_elemts.
[25/06/2021 - 17:24:54] - * Kauan_Santos deu alguma grana para iilegal_elemts.
[25/06/2021 - 17:24:59] - * Kauan_Santos deu alguma grana para iilegal_elemts.
[25/06/2021 - 18:04:37] - * texugo_gg deu alguma grana para Fumassa.
[25/06/2021 - 18:04:39] - * texugo_gg deu alguma grana para Fumassa.
[25/06/2021 - 18:04:41] - * texugo_gg deu alguma grana para Fumassa.
[25/06/2021 - 18:04:44] - * texugo_gg deu alguma grana para Fumassa.
[25/06/2021 - 18:04:47] - * texugo_gg deu alguma grana para Fumassa.
[25/06/2021 - 18:12:17] - * jaozinho deu alguma grana para Kauan_Santos.
[25/06/2021 - 18:12:19] - * jaozinho deu alguma grana para Kauan_Santos.
[25/06/2021 - 18:32:23] - * iilegal_elemts deu alguma grana para jaozinho.
[25/06/2021 - 19:25:37] - * Fumassa deu alguma grana para Bellah_Alvesx.
[25/06/2021 - 19:44:36] - ADMIN CMD: O Admin Riquelme_Emanuel está dando R$5000000 para ChavoYTS1k.
[25/06/2021 - 20:44:54] - * lukill_4 deu alguma grana para samu_4.
[25/06/2021 - 20:44:56] - * lukill_4 deu alguma grana para samu_4.
[25/06/2021 - 20:44:58] - * lukill_4 deu alguma grana para samu_4.
[25/06/2021 - 20:45:00] - * lukill_4 deu alguma grana para samu_4.
[25/06/2021 - 20:49:57] - * Alerrandro_Cunha deu alguma grana para itz_eduardo.
[25/06/2021 - 20:49:59] - * Alerrandro_Cunha deu alguma grana para itz_eduardo.
[25/06/2021 - 20:50:01] - * Alerrandro_Cunha deu alguma grana para itz_eduardo.
[25/06/2021 - 20:50:05] - * Alerrandro_Cunha deu alguma grana para itz_eduardo.
[25/06/2021 - 20:50:07] - * Alerrandro_Cunha deu alguma grana para itz_eduardo.
[25/06/2021 - 20:50:13] - * Alerrandro_Cunha deu alguma grana para itz_eduardo.
[25/06/2021 - 20:51:19] - lukill_4 comprou armas por R$100 na empresa 6
[25/06/2021 - 21:21:33] - ADMIN CMD: O Admin Riquelme_Emanuel está dando R$500000 para Fumassa.
[25/06/2021 - 21:26:16] - ADMIN CMD: O Admin Riquelme_Emanuel está dando R$500000 para itz_eduardo.
[25/06/2021 - 21:40:29] - * iilegal_elemts deu alguma grana para Kauan_Santos.
[25/06/2021 - 21:43:37] - * iilegal_elemts deu alguma grana para jaozinho.
[25/06/2021 - 21:43:58] - * iilegal_elemts deu alguma grana para jaozinho.
[25/06/2021 - 21:44:33] - * iilegal_elemts deu alguma grana para jaozinho.
[25/06/2021 - 21:44:48] - * iilegal_elemts deu alguma grana para jaozinho.
[26/06/2021 - 03:49:57] - ADMIN CMD: O Admin Vgzinn está dando R$30000000 para jao_vral.
[26/06/2021 - 06:11:15] - * Alerrandro_Cunha deu alguma grana para Kauan_Santos.
[26/06/2021 - 06:14:40] - * Kauan_Santos deu alguma grana para Alerrandro_Cunha.
[26/06/2021 - 06:28:32] - kink_rp comprou armas por R$1700 na empresa 6
[26/06/2021 - 06:28:45] - * Alerrandro_Cunha deu alguma grana para Kauan_Santos.
[26/06/2021 - 06:48:57] - * Kauan_Santos deu alguma grana para itz_eduardo.
[26/06/2021 - 06:48:59] - * Kauan_Santos deu alguma grana para itz_eduardo.
[26/06/2021 - 06:49:02] - * Kauan_Santos deu alguma grana para itz_eduardo.
[26/06/2021 - 06:49:03] - * Kauan_Santos deu alguma grana para itz_eduardo.
[26/06/2021 - 06:49:07] - * Kauan_Santos deu alguma grana para itz_eduardo.
[26/06/2021 - 06:49:08] - * Kauan_Santos deu alguma grana para itz_eduardo.
[26/06/2021 - 06:49:11] - * Kauan_Santos deu alguma grana para itz_eduardo.
[26/06/2021 - 06:49:12] - * Kauan_Santos deu alguma grana para itz_eduardo.
[26/06/2021 - 06:49:15] - * Kauan_Santos deu alguma grana para itz_eduardo.
[26/06/2021 - 06:49:16] - * Kauan_Santos deu alguma grana para itz_eduardo.
[26/06/2021 - 06:49:19] - * Kauan_Santos deu alguma grana para itz_eduardo.
[26/06/2021 - 06:49:21] - * Kauan_Santos deu alguma grana para itz_eduardo.
[26/06/2021 - 13:18:14] - * texugo_gg deu alguma grana para Eo_Fabricio.
[26/06/2021 - 13:18:18] - * texugo_gg deu alguma grana para Eo_Fabricio.
[26/06/2021 - 13:18:19] - * texugo_gg deu alguma grana para Eo_Fabricio.
[26/06/2021 - 13:18:21] - * texugo_gg deu alguma grana para Eo_Fabricio.
[26/06/2021 - 13:18:24] - * texugo_gg deu alguma grana para Eo_Fabricio.
[26/06/2021 - 14:23:06] - RAPOZA_BB comprou armas por R$6800 na empresa 0
[26/06/2021 - 16:04:40] - Administrador Dono: Menor_vl setou 10000000 de money para Menor_vl.
[26/06/2021 - 16:45:39] - * Fumassa deu alguma grana para Natan_Insane.
[26/06/2021 - 16:45:40] - * Fumassa deu alguma grana para Natan_Insane.
[26/06/2021 - 16:45:41] - * Fumassa deu alguma grana para Natan_Insane.
[26/06/2021 - 16:45:42] - * Fumassa deu alguma grana para Natan_Insane.
[26/06/2021 - 16:45:42] - * Fumassa deu alguma grana para Natan_Insane.
[26/06/2021 - 16:45:43] - * Fumassa deu alguma grana para Natan_Insane.
[26/06/2021 - 16:45:44] - * Fumassa deu alguma grana para Natan_Insane.
[26/06/2021 - 16:45:45] - * Fumassa deu alguma grana para Natan_Insane.
[26/06/2021 - 16:45:45] - * Fumassa deu alguma grana para Natan_Insane.
[26/06/2021 - 16:45:46] - * Fumassa deu alguma grana para Natan_Insane.
[26/06/2021 - 16:45:47] - * Fumassa deu alguma grana para Natan_Insane.
[26/06/2021 - 16:45:48] - * Fumassa deu alguma grana para Natan_Insane.
[26/06/2021 - 16:45:50] - * Fumassa deu alguma grana para Natan_Insane.
[26/06/2021 - 16:45:51] - * Fumassa deu alguma grana para Natan_Insane.
[26/06/2021 - 16:45:52] - * Fumassa deu alguma grana para Natan_Insane.
[26/06/2021 - 16:45:53] - * Fumassa deu alguma grana para Natan_Insane.
[26/06/2021 - 16:45:54] - * Fumassa deu alguma grana para Natan_Insane.
[26/06/2021 - 16:45:56] - * Fumassa deu alguma grana para Natan_Insane.
[26/06/2021 - 16:45:57] - * Fumassa deu alguma grana para Natan_Insane.
[26/06/2021 - 16:45:59] - * Fumassa deu alguma grana para Natan_Insane.
[26/06/2021 - 16:47:17] - * Fumassa deu alguma grana para Willian_Robert.
[26/06/2021 - 16:47:18] - * Fumassa deu alguma grana para Willian_Robert.
[26/06/2021 - 16:47:19] - * Fumassa deu alguma grana para Willian_Robert.
[26/06/2021 - 16:47:21] - * Fumassa deu alguma grana para Willian_Robert.
[26/06/2021 - 16:47:21] - * Fumassa deu alguma grana para Willian_Robert.
[26/06/2021 - 16:47:22] - * Fumassa deu alguma grana para Willian_Robert.
[26/06/2021 - 16:47:23] - * Fumassa deu alguma grana para Willian_Robert.
[26/06/2021 - 16:47:24] - * Fumassa deu alguma grana para Willian_Robert.
[26/06/2021 - 16:47:25] - * Fumassa deu alguma grana para Willian_Robert.
[26/06/2021 - 16:47:25] - * Fumassa deu alguma grana para Willian_Robert.
[26/06/2021 - 16:47:27] - * Fumassa deu alguma grana para Willian_Robert.
[26/06/2021 - 16:48:22] - * Fumassa deu alguma grana para Lucas_Barcas.
[26/06/2021 - 16:48:25] - * Fumassa deu alguma grana para Lucas_Barcas.
[26/06/2021 - 16:48:33] - * Fumassa deu alguma grana para SMOKE_ZX.
[26/06/2021 - 16:48:37] - * Fumassa deu alguma grana para SMOKE_ZX.
[26/06/2021 - 16:48:43] - * Fumassa deu alguma grana para katchau_sad.
[26/06/2021 - 16:48:44] - * Fumassa deu alguma grana para katchau_sad.
[26/06/2021 - 16:58:34] - * Riquelme_Emanuel deu alguma grana para Fumassa.
[26/06/2021 - 16:58:35] - * Riquelme_Emanuel deu alguma grana para Fumassa.
[26/06/2021 - 16:58:38] - * Riquelme_Emanuel deu alguma grana para Fumassa.
[26/06/2021 - 16:58:40] - * Riquelme_Emanuel deu alguma grana para Fumassa.
[26/06/2021 - 16:58:41] - * Riquelme_Emanuel deu alguma grana para Fumassa.
[26/06/2021 - 16:58:47] - * Riquelme_Emanuel deu alguma grana para Fumassa.
[26/06/2021 - 16:58:49] - * Riquelme_Emanuel deu alguma grana para Fumassa.
[26/06/2021 - 16:58:49] - * Riquelme_Emanuel deu alguma grana para Fumassa.
[26/06/2021 - 16:58:50] - * Riquelme_Emanuel deu alguma grana para Fumassa.
[26/06/2021 - 16:58:50] - * Riquelme_Emanuel deu alguma grana para Fumassa.
[26/06/2021 - 16:58:52] - * Riquelme_Emanuel deu alguma grana para Fumassa.
[26/06/2021 - 16:58:53] - * Riquelme_Emanuel deu alguma grana para Fumassa.
[26/06/2021 - 16:58:53] - * Riquelme_Emanuel deu alguma grana para Fumassa.
[26/06/2021 - 16:58:54] - * Riquelme_Emanuel deu alguma grana para Fumassa.
[26/06/2021 - 16:58:55] - * Riquelme_Emanuel deu alguma grana para Fumassa.
[26/06/2021 - 16:58:55] - * Riquelme_Emanuel deu alguma grana para Fumassa.
[26/06/2021 - 16:58:56] - * Riquelme_Emanuel deu alguma grana para Fumassa.
[26/06/2021 - 16:58:56] - * Riquelme_Emanuel deu alguma grana para Fumassa.
[26/06/2021 - 16:58:57] - * Riquelme_Emanuel deu alguma grana para Fumassa.
[26/06/2021 - 16:58:57] - * Riquelme_Emanuel deu alguma grana para Fumassa.
[26/06/2021 - 16:58:58] - * Riquelme_Emanuel deu alguma grana para Fumassa.
[26/06/2021 - 16:58:58] - * Riquelme_Emanuel deu alguma grana para Fumassa.
[26/06/2021 - 16:58:59] - * Riquelme_Emanuel deu alguma grana para Fumassa.
[26/06/2021 - 16:58:59] - * Riquelme_Emanuel deu alguma grana para Fumassa.
[26/06/2021 - 16:59:00] - * Riquelme_Emanuel deu alguma grana para Fumassa.
[26/06/2021 - 16:59:00] - * Riquelme_Emanuel deu alguma grana para Fumassa.
[26/06/2021 - 16:59:01] - * Riquelme_Emanuel deu alguma grana para Fumassa.
[26/06/2021 - 16:59:01] - * Riquelme_Emanuel deu alguma grana para Fumassa.
[26/06/2021 - 16:59:02] - * Riquelme_Emanuel deu alguma grana para Fumassa.
[26/06/2021 - 16:59:03] - * Riquelme_Emanuel deu alguma grana para Fumassa.
[26/06/2021 - 16:59:03] - * Riquelme_Emanuel deu alguma grana para Fumassa.
[26/06/2021 - 16:59:04] - * Riquelme_Emanuel deu alguma grana para Fumassa.
[26/06/2021 - 16:59:04] - * Riquelme_Emanuel deu alguma grana para Fumassa.
[26/06/2021 - 16:59:05] - * Riquelme_Emanuel deu alguma grana para Fumassa.
[26/06/2021 - 16:59:05] - * Riquelme_Emanuel deu alguma grana para Fumassa.
[26/06/2021 - 16:59:06] - * Riquelme_Emanuel deu alguma grana para Fumassa.
[26/06/2021 - 16:59:08] - * Riquelme_Emanuel deu alguma grana para Fumassa.
[26/06/2021 - 16:59:09] - * Riquelme_Emanuel deu alguma grana para Fumassa.
[26/06/2021 - 16:59:13] - * Riquelme_Emanuel deu alguma grana para Fumassa.
[26/06/2021 - 16:59:14] - * Riquelme_Emanuel deu alguma grana para Fumassa.
[26/06/2021 - 16:59:18] - * Riquelme_Emanuel deu alguma grana para Fumassa.
[26/06/2021 - 16:59:18] - * Riquelme_Emanuel deu alguma grana para Fumassa.
[26/06/2021 - 16:59:19] - * Riquelme_Emanuel deu alguma grana para Fumassa.
[26/06/2021 - 16:59:19] - * Riquelme_Emanuel deu alguma grana para Fumassa.
[26/06/2021 - 16:59:20] - * Riquelme_Emanuel deu alguma grana para Fumassa.
[26/06/2021 - 16:59:20] - * Riquelme_Emanuel deu alguma grana para Fumassa.
[26/06/2021 - 16:59:21] - * Riquelme_Emanuel deu alguma grana para Fumassa.
[26/06/2021 - 16:59:23] - * Riquelme_Emanuel deu alguma grana para Fumassa.
[26/06/2021 - 16:59:24] - * Riquelme_Emanuel deu alguma grana para Fumassa.
[26/06/2021 - 16:59:25] - * Riquelme_Emanuel deu alguma grana para Fumassa.
[26/06/2021 - 16:59:26] - * Riquelme_Emanuel deu alguma grana para Fumassa.
[26/06/2021 - 16:59:26] - * Riquelme_Emanuel deu alguma grana para Fumassa.
[26/06/2021 - 16:59:26] - * Riquelme_Emanuel deu alguma grana para Fumassa.
[26/06/2021 - 16:59:27] - * Riquelme_Emanuel deu alguma grana para Fumassa.
[26/06/2021 - 16:59:27] - * Riquelme_Emanuel deu alguma grana para Fumassa.
[26/06/2021 - 16:59:28] - * Riquelme_Emanuel deu alguma grana para Fumassa.
[26/06/2021 - 16:59:28] - * Riquelme_Emanuel deu alguma grana para Fumassa.
[26/06/2021 - 16:59:29] - * Riquelme_Emanuel deu alguma grana para Fumassa.
[26/06/2021 - 16:59:31] - * Riquelme_Emanuel deu alguma grana para Fumassa.
[26/06/2021 - 16:59:33] - * Riquelme_Emanuel deu alguma grana para Fumassa.
[26/06/2021 - 16:59:33] - * Riquelme_Emanuel deu alguma grana para Fumassa.
[26/06/2021 - 16:59:34] - * Riquelme_Emanuel deu alguma grana para Fumassa.
[26/06/2021 - 16:59:35] - * Riquelme_Emanuel deu alguma grana para Fumassa.
[26/06/2021 - 16:59:35] - * Riquelme_Emanuel deu alguma grana para Fumassa.
[26/06/2021 - 16:59:36] - * Riquelme_Emanuel deu alguma grana para Fumassa.
[26/06/2021 - 16:59:36] - * Riquelme_Emanuel deu alguma grana para Fumassa.
[26/06/2021 - 16:59:38] - * Riquelme_Emanuel deu alguma grana para Fumassa.
[26/06/2021 - 16:59:39] - * Riquelme_Emanuel deu alguma grana para Fumassa.
[26/06/2021 - 17:00:40] - * Riquelme_Emanuel deu alguma grana para Kauan_Santos.
[26/06/2021 - 17:01:19] - * Riquelme_Emanuel deu alguma grana para Willian_Robert.
[26/06/2021 - 17:36:56] - * Vgzinn deu alguma grana para Natan_Insane.
[26/06/2021 - 17:36:57] - * Vgzinn deu alguma grana para Natan_Insane.
[26/06/2021 - 17:37:03] - * Vgzinn deu alguma grana para Willian_Robert.
[26/06/2021 - 17:37:04] - * Vgzinn deu alguma grana para Willian_Robert.
[26/06/2021 - 17:41:30] - * Riquelme_Emanuel deu alguma grana para Natan_Insane.
[26/06/2021 - 17:41:31] - * Riquelme_Emanuel deu alguma grana para Natan_Insane.
[26/06/2021 - 17:41:32] - * Riquelme_Emanuel deu alguma grana para Natan_Insane.
[26/06/2021 - 17:41:34] - * Riquelme_Emanuel deu alguma grana para Natan_Insane.
[26/06/2021 - 17:41:43] - * Riquelme_Emanuel deu alguma grana para Willian_Robert.
[26/06/2021 - 17:41:45] - * Riquelme_Emanuel deu alguma grana para Willian_Robert.
[26/06/2021 - 17:41:46] - * Riquelme_Emanuel deu alguma grana para Willian_Robert.
[26/06/2021 - 17:41:48] - * Riquelme_Emanuel deu alguma grana para Willian_Robert.
[26/06/2021 - 17:41:49] - * Riquelme_Emanuel deu alguma grana para Willian_Robert.
[26/06/2021 - 17:46:00] - Kauan_Santos comprou armas por R$3100 na empresa 6
[26/06/2021 - 17:54:55] - ADMIN CMD: O Admin Riquelme_Emanuel está dando R$500000 para Natan_Insane.
[26/06/2021 - 18:51:24] - * Riquelme_Emanuel deu alguma grana para Miguel_Pinheiro.
[26/06/2021 - 18:51:43] - * Riquelme_Emanuel deu alguma grana para Willian_Robert.
[26/06/2021 - 18:59:13] - * Riquelme_Emanuel deu alguma grana para Miguel_Pinheiro.
[26/06/2021 - 18:59:22] - * Riquelme_Emanuel deu alguma grana para Cleitao_Moura.
[26/06/2021 - 19:06:32] - Ezequiel_Saffo comprou armas por R$820 na empresa 6
[26/06/2021 - 19:07:06] - Ezequiel_Saffo comprou armas por R$4800 na empresa 6
[26/06/2021 - 19:07:25] - Ezequiel_Saffo comprou armas por R$3800 na empresa 6
[26/06/2021 - 21:31:32] - * Fumassa deu alguma grana para Kauan_Santos.
[26/06/2021 - 21:31:33] - * Fumassa deu alguma grana para Kauan_Santos.
[26/06/2021 - 21:31:35] - * Fumassa deu alguma grana para Kauan_Santos.
[26/06/2021 - 21:31:37] - * Fumassa deu alguma grana para Kauan_Santos.
[26/06/2021 - 21:31:39] - * Fumassa deu alguma grana para Kauan_Santos.
[26/06/2021 - 21:31:41] - * Fumassa deu alguma grana para Kauan_Santos.
[26/06/2021 - 21:31:44] - * Fumassa deu alguma grana para Kauan_Santos.
[26/06/2021 - 21:31:46] - * Fumassa deu alguma grana para Kauan_Santos.
[26/06/2021 - 21:31:47] - * Fumassa deu alguma grana para Kauan_Santos.
[26/06/2021 - 21:34:30] - * Fumassa deu alguma grana para texugo_gg.
[26/06/2021 - 21:34:31] - * Fumassa deu alguma grana para texugo_gg.
[26/06/2021 - 21:34:32] - * Fumassa deu alguma grana para texugo_gg.
[26/06/2021 - 21:34:34] - * Fumassa deu alguma grana para texugo_gg.
[26/06/2021 - 21:34:35] - * Fumassa deu alguma grana para texugo_gg.
[26/06/2021 - 21:34:36] - * Fumassa deu alguma grana para texugo_gg.
[26/06/2021 - 21:34:36] - * Fumassa deu alguma grana para texugo_gg.
[26/06/2021 - 21:34:37] - * Fumassa deu alguma grana para texugo_gg.
[26/06/2021 - 21:34:38] - * Fumassa deu alguma grana para texugo_gg.
[26/06/2021 - 21:34:39] - * Fumassa deu alguma grana para texugo_gg.
[26/06/2021 - 21:34:40] - * Fumassa deu alguma grana para texugo_gg.
[26/06/2021 - 21:54:20] - RAPOZA_BB comprou armas por R$6800 na empresa 6
[26/06/2021 - 22:10:20] - * Fumassa deu alguma grana para texugo_gg.
[26/06/2021 - 22:10:22] - * Fumassa deu alguma grana para texugo_gg.
[26/06/2021 - 22:10:24] - * Fumassa deu alguma grana para texugo_gg.
[26/06/2021 - 22:10:26] - * Fumassa deu alguma grana para texugo_gg.
[26/06/2021 - 22:10:29] - * Fumassa deu alguma grana para texugo_gg.
[26/06/2021 - 22:10:31] - * Fumassa deu alguma grana para texugo_gg.
[26/06/2021 - 22:10:33] - * Fumassa deu alguma grana para texugo_gg.
[26/06/2021 - 22:10:39] - * Fumassa deu alguma grana para texugo_gg.
[26/06/2021 - 22:10:40] - * Fumassa deu alguma grana para texugo_gg.
[26/06/2021 - 22:10:41] - * Fumassa deu alguma grana para texugo_gg.
[26/06/2021 - 22:11:52] - * Fumassa deu alguma grana para MADRAKINHO.
[26/06/2021 - 22:11:53] - * Fumassa deu alguma grana para MADRAKINHO.
[26/06/2021 - 22:11:55] - * Fumassa deu alguma grana para MADRAKINHO.
[26/06/2021 - 22:11:56] - * Fumassa deu alguma grana para MADRAKINHO.
[26/06/2021 - 22:11:58] - * Fumassa deu alguma grana para MADRAKINHO.
[26/06/2021 - 22:11:59] - * Fumassa deu alguma grana para MADRAKINHO.
[26/06/2021 - 22:12:01] - * Fumassa deu alguma grana para MADRAKINHO.
[26/06/2021 - 22:12:02] - * Fumassa deu alguma grana para MADRAKINHO.
[26/06/2021 - 22:12:04] - * Fumassa deu alguma grana para MADRAKINHO.
[26/06/2021 - 22:12:05] - * Fumassa deu alguma grana para MADRAKINHO.
[26/06/2021 - 22:19:40] - * SMOKE_ZX deu alguma grana para ruanno_beiramar.
[26/06/2021 - 22:19:40] - * SMOKE_ZX deu alguma grana para ruanno_beiramar.
[26/06/2021 - 22:19:41] - * SMOKE_ZX deu alguma grana para ruanno_beiramar.
[26/06/2021 - 22:19:41] - * SMOKE_ZX deu alguma grana para ruanno_beiramar.
[26/06/2021 - 22:19:41] - * SMOKE_ZX deu alguma grana para ruanno_beiramar.
[26/06/2021 - 22:19:42] - * SMOKE_ZX deu alguma grana para ruanno_beiramar.
[26/06/2021 - 22:19:42] - * SMOKE_ZX deu alguma grana para ruanno_beiramar.
[26/06/2021 - 22:19:42] - * SMOKE_ZX deu alguma grana para ruanno_beiramar.
[26/06/2021 - 22:19:43] - * SMOKE_ZX deu alguma grana para ruanno_beiramar.
[26/06/2021 - 22:19:43] - * SMOKE_ZX deu alguma grana para ruanno_beiramar.
[26/06/2021 - 22:19:44] - * SMOKE_ZX deu alguma grana para ruanno_beiramar.
[26/06/2021 - 22:19:44] - * SMOKE_ZX deu alguma grana para ruanno_beiramar.
[26/06/2021 - 22:37:42] - * Fumassa deu alguma grana para ruanno_beiramar.
[26/06/2021 - 22:37:43] - * Fumassa deu alguma grana para ruanno_beiramar.
[26/06/2021 - 22:37:44] - * Fumassa deu alguma grana para ruanno_beiramar.
[26/06/2021 - 22:37:46] - * Fumassa deu alguma grana para ruanno_beiramar.
[26/06/2021 - 22:37:46] - * Fumassa deu alguma grana para ruanno_beiramar.
[26/06/2021 - 22:37:47] - * Fumassa deu alguma grana para ruanno_beiramar.
[26/06/2021 - 22:37:48] - * Fumassa deu alguma grana para ruanno_beiramar.
[26/06/2021 - 22:37:49] - * Fumassa deu alguma grana para ruanno_beiramar.
[26/06/2021 - 22:37:50] - * Fumassa deu alguma grana para ruanno_beiramar.
[26/06/2021 - 22:37:51] - * Fumassa deu alguma grana para ruanno_beiramar.
[26/06/2021 - 22:37:54] - * Fumassa deu alguma grana para ruanno_beiramar.
[26/06/2021 - 22:37:55] - * Fumassa deu alguma grana para ruanno_beiramar.
[26/06/2021 - 22:37:56] - * Fumassa deu alguma grana para ruanno_beiramar.
[26/06/2021 - 22:37:57] - * Fumassa deu alguma grana para ruanno_beiramar.
[26/06/2021 - 22:37:58] - * Fumassa deu alguma grana para ruanno_beiramar.
[26/06/2021 - 22:37:59] - * Fumassa deu alguma grana para ruanno_beiramar.
[26/06/2021 - 22:38:00] - * Fumassa deu alguma grana para ruanno_beiramar.
[26/06/2021 - 22:38:01] - * Fumassa deu alguma grana para ruanno_beiramar.
[26/06/2021 - 22:38:05] - * Fumassa deu alguma grana para ruanno_beiramar.
[26/06/2021 - 22:38:08] - * Fumassa deu alguma grana para ruanno_beiramar.
[26/06/2021 - 22:38:18] - * Fumassa deu alguma grana para Lucas_Barcas.
[26/06/2021 - 22:38:20] - * Fumassa deu alguma grana para Lucas_Barcas.
[26/06/2021 - 22:38:21] - * Fumassa deu alguma grana para Lucas_Barcas.
[26/06/2021 - 22:38:23] - * Fumassa deu alguma grana para Lucas_Barcas.
[26/06/2021 - 22:38:24] - * Fumassa deu alguma grana para Lucas_Barcas.
[26/06/2021 - 22:38:26] - * Fumassa deu alguma grana para Lucas_Barcas.
[26/06/2021 - 22:38:27] - * Fumassa deu alguma grana para Lucas_Barcas.
[26/06/2021 - 22:38:28] - * Fumassa deu alguma grana para Lucas_Barcas.
[26/06/2021 - 22:38:29] - * Fumassa deu alguma grana para Lucas_Barcas.
[26/06/2021 - 22:38:29] - * Fumassa deu alguma grana para Lucas_Barcas.
[26/06/2021 - 22:38:30] - * Fumassa deu alguma grana para Lucas_Barcas.
[26/06/2021 - 22:38:31] - * Fumassa deu alguma grana para Lucas_Barcas.
[26/06/2021 - 22:38:32] - * Fumassa deu alguma grana para Lucas_Barcas.
[26/06/2021 - 22:38:33] - * Fumassa deu alguma grana para Lucas_Barcas.
[26/06/2021 - 22:38:33] - * Fumassa deu alguma grana para Lucas_Barcas.
[26/06/2021 - 22:38:34] - * Fumassa deu alguma grana para Lucas_Barcas.
[26/06/2021 - 22:38:35] - * Fumassa deu alguma grana para Lucas_Barcas.
[26/06/2021 - 22:38:36] - * Fumassa deu alguma grana para Lucas_Barcas.
[26/06/2021 - 22:38:40] - * Fumassa deu alguma grana para Lucas_Barcas.
[26/06/2021 - 22:38:43] - * Fumassa deu alguma grana para Lucas_Barcas.
[26/06/2021 - 22:39:06] - * Fumassa deu alguma grana para SMOKE_ZX.
[26/06/2021 - 22:39:08] - * Fumassa deu alguma grana para SMOKE_ZX.
[26/06/2021 - 22:39:09] - * Fumassa deu alguma grana para SMOKE_ZX.
[26/06/2021 - 22:39:10] - * Fumassa deu alguma grana para SMOKE_ZX.
[26/06/2021 - 22:39:10] - * Fumassa deu alguma grana para SMOKE_ZX.
[26/06/2021 - 22:39:11] - * Fumassa deu alguma grana para SMOKE_ZX.
[26/06/2021 - 22:39:12] - * Fumassa deu alguma grana para SMOKE_ZX.
[26/06/2021 - 22:39:13] - * Fumassa deu alguma grana para SMOKE_ZX.
[26/06/2021 - 22:39:14] - * Fumassa deu alguma grana para SMOKE_ZX.
[26/06/2021 - 22:39:18] - * Fumassa deu alguma grana para SMOKE_ZX.
[26/06/2021 - 22:39:18] - * Fumassa deu alguma grana para SMOKE_ZX.
[26/06/2021 - 22:39:18] - * Fumassa deu alguma grana para SMOKE_ZX.
[26/06/2021 - 22:39:18] - * Fumassa deu alguma grana para SMOKE_ZX.
[26/06/2021 - 22:39:19] - * Fumassa deu alguma grana para SMOKE_ZX.
[26/06/2021 - 22:39:20] - * Fumassa deu alguma grana para SMOKE_ZX.
[26/06/2021 - 22:39:20] - * Fumassa deu alguma grana para SMOKE_ZX.
[26/06/2021 - 22:39:22] - * Fumassa deu alguma grana para SMOKE_ZX.
[26/06/2021 - 22:39:23] - * Fumassa deu alguma grana para SMOKE_ZX.
[26/06/2021 - 22:39:27] - * Fumassa deu alguma grana para SMOKE_ZX.
[26/06/2021 - 22:39:31] - * Fumassa deu alguma grana para SMOKE_ZX.
[26/06/2021 - 22:48:09] - RAPOZA_BB comprou armas por R$6800 na empresa 0
[26/06/2021 - 22:48:31] - RAPOZA_BB comprou armas por R$6000 na empresa 0
[26/06/2021 - 23:03:09] - * Lucas_Barcas deu alguma grana para texugo_gg.
[26/06/2021 - 23:03:11] - * Lucas_Barcas deu alguma grana para texugo_gg.
[26/06/2021 - 23:03:12] - * Lucas_Barcas deu alguma grana para texugo_gg.
[26/06/2021 - 23:03:13] - * Lucas_Barcas deu alguma grana para texugo_gg.
[26/06/2021 - 23:03:14] - * Lucas_Barcas deu alguma grana para texugo_gg.
[26/06/2021 - 23:03:14] - * Lucas_Barcas deu alguma grana para texugo_gg.
[26/06/2021 - 23:03:15] - * Lucas_Barcas deu alguma grana para texugo_gg.
[26/06/2021 - 23:03:16] - * Lucas_Barcas deu alguma grana para texugo_gg.
[26/06/2021 - 23:03:18] - * Lucas_Barcas deu alguma grana para texugo_gg.
[26/06/2021 - 23:05:39] - RAPOZA_BB comprou armas por R$6800 na empresa 0
[26/06/2021 - 23:06:32] - VIXTOE comprou armas por R$2800 na empresa 6
[26/06/2021 - 23:11:39] - * SMOKE_ZX deu alguma grana para katchau_sad.
[26/06/2021 - 23:11:40] - * SMOKE_ZX deu alguma grana para katchau_sad.
[26/06/2021 - 23:11:40] - * SMOKE_ZX deu alguma grana para katchau_sad.
[26/06/2021 - 23:11:41] - * SMOKE_ZX deu alguma grana para katchau_sad.
[26/06/2021 - 23:11:41] - * SMOKE_ZX deu alguma grana para katchau_sad.
[26/06/2021 - 23:11:43] - * SMOKE_ZX deu alguma grana para katchau_sad.
[26/06/2021 - 23:11:43] - * SMOKE_ZX deu alguma grana para katchau_sad.
[26/06/2021 - 23:11:43] - * SMOKE_ZX deu alguma grana para katchau_sad.
[26/06/2021 - 23:11:44] - * SMOKE_ZX deu alguma grana para katchau_sad.
[26/06/2021 - 23:11:44] - * SMOKE_ZX deu alguma grana para katchau_sad.
[26/06/2021 - 23:11:45] - * SMOKE_ZX deu alguma grana para katchau_sad.
[26/06/2021 - 23:11:45] - * SMOKE_ZX deu alguma grana para katchau_sad.
[26/06/2021 - 23:11:45] - * SMOKE_ZX deu alguma grana para katchau_sad.
[27/06/2021 - 00:37:11] - ADMIN CMD: O Admin Vgzinn está dando R$500000 para ruanno_beiramar.
[27/06/2021 - 00:37:31] - ADMIN CMD: O Admin Vgzinn está dando R$500000 para VIXTOE.
[27/06/2021 - 00:38:49] - Administrador Dono: Vgzinn setou 20000 de money para VIXTOE.
[27/06/2021 - 00:39:37] - ADMIN CMD: O Admin Vgzinn está dando R$500000 para SMOKE_ZX.
[27/06/2021 - 00:40:42] - ADMIN CMD: O Admin Vgzinn está dando R$600000 para iilegal_elemts.
[27/06/2021 - 00:43:52] - * Fumassa deu alguma grana para Kira_Do_Moster.
[27/06/2021 - 00:43:54] - * Fumassa deu alguma grana para Kira_Do_Moster.
[27/06/2021 - 00:43:56] - * Fumassa deu alguma grana para Kira_Do_Moster.
[27/06/2021 - 00:43:57] - * Fumassa deu alguma grana para Kira_Do_Moster.
[27/06/2021 - 00:43:57] - * Fumassa deu alguma grana para Kira_Do_Moster.
[27/06/2021 - 00:43:58] - * Fumassa deu alguma grana para Kira_Do_Moster.
[27/06/2021 - 00:43:59] - * Fumassa deu alguma grana para Kira_Do_Moster.
[27/06/2021 - 00:43:59] - * Fumassa deu alguma grana para Kira_Do_Moster.
[27/06/2021 - 00:44:01] - * Fumassa deu alguma grana para Kira_Do_Moster.
[27/06/2021 - 00:44:02] - * Fumassa deu alguma grana para Kira_Do_Moster.
[27/06/2021 - 00:46:20] - * Fumassa deu alguma grana para jaozinho.
[27/06/2021 - 00:46:20] - * Fumassa deu alguma grana para jaozinho.
[27/06/2021 - 00:46:21] - * Fumassa deu alguma grana para jaozinho.
[27/06/2021 - 00:46:22] - * Fumassa deu alguma grana para jaozinho.
[27/06/2021 - 00:46:23] - * Fumassa deu alguma grana para jaozinho.
[27/06/2021 - 00:46:24] - * Fumassa deu alguma grana para jaozinho.
[27/06/2021 - 00:46:25] - * Fumassa deu alguma grana para jaozinho.
[27/06/2021 - 00:46:25] - * Fumassa deu alguma grana para jaozinho.
[27/06/2021 - 00:46:26] - * Fumassa deu alguma grana para jaozinho.
[27/06/2021 - 00:50:55] - * Fumassa deu alguma grana para SMOKE_ZX.
[27/06/2021 - 00:50:56] - * Fumassa deu alguma grana para SMOKE_ZX.
[27/06/2021 - 00:50:58] - * Fumassa deu alguma grana para SMOKE_ZX.
[27/06/2021 - 00:51:07] - * Fumassa deu alguma grana para SMOKE_ZX.
[27/06/2021 - 00:51:09] - * Fumassa deu alguma grana para SMOKE_ZX.
[27/06/2021 - 00:51:21] - * Fumassa deu alguma grana para Cleitao_Moura.
[27/06/2021 - 00:51:22] - * Fumassa deu alguma grana para Cleitao_Moura.
[27/06/2021 - 00:51:23] - * Fumassa deu alguma grana para Cleitao_Moura.
[27/06/2021 - 00:51:24] - * Fumassa deu alguma grana para Cleitao_Moura.
[27/06/2021 - 00:51:25] - * Fumassa deu alguma grana para Cleitao_Moura.
[27/06/2021 - 00:51:26] - * Fumassa deu alguma grana para Cleitao_Moura.
[27/06/2021 - 00:51:38] - * Fumassa deu alguma grana para Scarface04.
[27/06/2021 - 00:51:40] - * Fumassa deu alguma grana para Scarface04.
[27/06/2021 - 00:51:41] - * Fumassa deu alguma grana para Scarface04.
[27/06/2021 - 00:51:42] - * Fumassa deu alguma grana para Scarface04.
[27/06/2021 - 00:51:42] - * Fumassa deu alguma grana para Scarface04.
[27/06/2021 - 00:51:43] - * Fumassa deu alguma grana para Scarface04.
[27/06/2021 - 00:51:44] - * Fumassa deu alguma grana para Scarface04.
[27/06/2021 - 00:51:46] - * Fumassa deu alguma grana para Scarface04.
[27/06/2021 - 00:52:26] - * Fumassa deu alguma grana para zEverton_Silva.
[27/06/2021 - 00:52:28] - * Fumassa deu alguma grana para zEverton_Silva.
[27/06/2021 - 00:52:29] - * Fumassa deu alguma grana para zEverton_Silva.
[27/06/2021 - 00:52:30] - * Fumassa deu alguma grana para zEverton_Silva.
[27/06/2021 - 00:52:48] - * Fumassa deu alguma grana para zEverton_Silva.
[27/06/2021 - 00:52:49] - * Fumassa deu alguma grana para zEverton_Silva.
[27/06/2021 - 00:52:50] - * Fumassa deu alguma grana para zEverton_Silva.
[27/06/2021 - 00:52:51] - * Fumassa deu alguma grana para zEverton_Silva.
[27/06/2021 - 00:53:14] - * Fumassa deu alguma grana para Eric_Silva.
[27/06/2021 - 00:53:15] - * Fumassa deu alguma grana para Eric_Silva.
[27/06/2021 - 00:53:16] - * Fumassa deu alguma grana para Eric_Silva.
[27/06/2021 - 00:53:17] - * Fumassa deu alguma grana para Eric_Silva.
[27/06/2021 - 00:53:18] - * Fumassa deu alguma grana para Eric_Silva.
[27/06/2021 - 00:53:19] - * Fumassa deu alguma grana para Eric_Silva.
[27/06/2021 - 00:53:19] - * Fumassa deu alguma grana para Eric_Silva.
[27/06/2021 - 00:53:20] - * Fumassa deu alguma grana para Eric_Silva.
[27/06/2021 - 00:53:21] - * Fumassa deu alguma grana para Eric_Silva.
[27/06/2021 - 00:53:22] - * Fumassa deu alguma grana para Eric_Silva.
[27/06/2021 - 13:43:35] - * Fumassa deu alguma grana para iilegal_elemts.
[27/06/2021 - 14:24:57] - * Riquelme_Emanuel deu alguma grana para Kauan_Churritos.
[27/06/2021 - 14:24:58] - * Riquelme_Emanuel deu alguma grana para Kauan_Churritos.
[27/06/2021 - 14:24:58] - * Riquelme_Emanuel deu alguma grana para Kauan_Churritos.
[27/06/2021 - 14:24:59] - * Riquelme_Emanuel deu alguma grana para Kauan_Churritos.
[27/06/2021 - 14:24:59] - * Riquelme_Emanuel deu alguma grana para Kauan_Churritos.
[27/06/2021 - 14:25:00] - * Riquelme_Emanuel deu alguma grana para Kauan_Churritos.
[27/06/2021 - 14:25:01] - * Riquelme_Emanuel deu alguma grana para Kauan_Churritos.
[27/06/2021 - 14:25:01] - * Riquelme_Emanuel deu alguma grana para Kauan_Churritos.
[27/06/2021 - 14:25:02] - * Riquelme_Emanuel deu alguma grana para Kauan_Churritos.
[27/06/2021 - 14:25:02] - * Riquelme_Emanuel deu alguma grana para Kauan_Churritos.
[27/06/2021 - 14:25:04] - * Riquelme_Emanuel deu alguma grana para Kauan_Churritos.
[27/06/2021 - 14:25:41] - * Riquelme_Emanuel deu alguma grana para Kauan_Churritos.
[27/06/2021 - 14:25:42] - * Riquelme_Emanuel deu alguma grana para Kauan_Churritos.
[27/06/2021 - 14:25:43] - * Riquelme_Emanuel deu alguma grana para Kauan_Churritos.
[27/06/2021 - 14:25:43] - * Riquelme_Emanuel deu alguma grana para Kauan_Churritos.
[27/06/2021 - 14:25:44] - * Riquelme_Emanuel deu alguma grana para Kauan_Churritos.
[27/06/2021 - 14:25:44] - * Riquelme_Emanuel deu alguma grana para Kauan_Churritos.
[27/06/2021 - 14:25:45] - * Riquelme_Emanuel deu alguma grana para Kauan_Churritos.
[27/06/2021 - 14:25:47] - * Riquelme_Emanuel deu alguma grana para Kauan_Churritos.
[27/06/2021 - 14:25:48] - * Riquelme_Emanuel deu alguma grana para Kauan_Churritos.
[27/06/2021 - 14:25:48] - * Riquelme_Emanuel deu alguma grana para Kauan_Churritos.
[27/06/2021 - 14:25:49] - * Riquelme_Emanuel deu alguma grana para Kauan_Churritos.
[27/06/2021 - 14:25:49] - * Riquelme_Emanuel deu alguma grana para Kauan_Churritos.
[27/06/2021 - 14:25:50] - * Riquelme_Emanuel deu alguma grana para Kauan_Churritos.
[27/06/2021 - 14:25:51] - * Riquelme_Emanuel deu alguma grana para Kauan_Churritos.
[27/06/2021 - 14:25:51] - * Riquelme_Emanuel deu alguma grana para Kauan_Churritos.
[27/06/2021 - 14:25:52] - * Riquelme_Emanuel deu alguma grana para Kauan_Churritos.
[27/06/2021 - 14:27:03] - * Riquelme_Emanuel deu alguma grana para Kauan_Churritos.
[27/06/2021 - 14:27:04] - * Riquelme_Emanuel deu alguma grana para Kauan_Churritos.
[27/06/2021 - 14:27:05] - * Riquelme_Emanuel deu alguma grana para Kauan_Churritos.
[27/06/2021 - 14:27:05] - * Riquelme_Emanuel deu alguma grana para Kauan_Churritos.
[27/06/2021 - 14:27:06] - * Riquelme_Emanuel deu alguma grana para Kauan_Churritos.
[27/06/2021 - 14:27:07] - * Riquelme_Emanuel deu alguma grana para Kauan_Churritos.
[27/06/2021 - 14:27:07] - * Riquelme_Emanuel deu alguma grana para Kauan_Churritos.
[27/06/2021 - 14:27:08] - * Riquelme_Emanuel deu alguma grana para Kauan_Churritos.
[27/06/2021 - 14:27:08] - * Riquelme_Emanuel deu alguma grana para Kauan_Churritos.
[27/06/2021 - 14:27:09] - * Riquelme_Emanuel deu alguma grana para Kauan_Churritos.
[27/06/2021 - 14:27:09] - * Riquelme_Emanuel deu alguma grana para Kauan_Churritos.
[27/06/2021 - 14:27:10] - * Riquelme_Emanuel deu alguma grana para Kauan_Churritos.
[27/06/2021 - 14:27:10] - * Riquelme_Emanuel deu alguma grana para Kauan_Churritos.
[27/06/2021 - 14:27:11] - * Riquelme_Emanuel deu alguma grana para Kauan_Churritos.
[27/06/2021 - 14:27:11] - * Riquelme_Emanuel deu alguma grana para Kauan_Churritos.
[27/06/2021 - 14:27:12] - * Riquelme_Emanuel deu alguma grana para Kauan_Churritos.
[27/06/2021 - 14:27:12] - * Riquelme_Emanuel deu alguma grana para Kauan_Churritos.
[27/06/2021 - 14:27:13] - * Riquelme_Emanuel deu alguma grana para Kauan_Churritos.
[27/06/2021 - 14:27:13] - * Riquelme_Emanuel deu alguma grana para Kauan_Churritos.
[27/06/2021 - 14:27:14] - * Riquelme_Emanuel deu alguma grana para Kauan_Churritos.
[27/06/2021 - 14:27:14] - * Riquelme_Emanuel deu alguma grana para Kauan_Churritos.
[27/06/2021 - 14:27:15] - * Riquelme_Emanuel deu alguma grana para Kauan_Churritos.
[27/06/2021 - 14:27:16] - * Riquelme_Emanuel deu alguma grana para Kauan_Churritos.
[27/06/2021 - 14:27:53] - * Riquelme_Emanuel deu alguma grana para Kauan_Churritos.
[27/06/2021 - 14:27:54] - * Riquelme_Emanuel deu alguma grana para Kauan_Churritos.
[27/06/2021 - 14:27:54] - * Riquelme_Emanuel deu alguma grana para Kauan_Churritos.
[27/06/2021 - 14:27:55] - * Riquelme_Emanuel deu alguma grana para Kauan_Churritos.
[27/06/2021 - 14:27:56] - * Riquelme_Emanuel deu alguma grana para Kauan_Churritos.
[27/06/2021 - 14:27:56] - * Riquelme_Emanuel deu alguma grana para Kauan_Churritos.
[27/06/2021 - 14:27:57] - * Riquelme_Emanuel deu alguma grana para Kauan_Churritos.
[27/06/2021 - 14:27:57] - * Riquelme_Emanuel deu alguma grana para Kauan_Churritos.
[27/06/2021 - 14:27:58] - * Riquelme_Emanuel deu alguma grana para Kauan_Churritos.
[27/06/2021 - 14:27:58] - * Riquelme_Emanuel deu alguma grana para Kauan_Churritos.
[27/06/2021 - 14:27:59] - * Riquelme_Emanuel deu alguma grana para Kauan_Churritos.
[27/06/2021 - 14:28:01] - * Riquelme_Emanuel deu alguma grana para Kauan_Churritos.
[27/06/2021 - 14:28:01] - * Riquelme_Emanuel deu alguma grana para Kauan_Churritos.
[27/06/2021 - 14:28:02] - * Riquelme_Emanuel deu alguma grana para Kauan_Churritos.
[27/06/2021 - 14:28:03] - * Riquelme_Emanuel deu alguma grana para Kauan_Churritos.
[27/06/2021 - 14:28:03] - * Riquelme_Emanuel deu alguma grana para Kauan_Churritos.
[27/06/2021 - 14:28:04] - * Riquelme_Emanuel deu alguma grana para Kauan_Churritos.
[27/06/2021 - 14:28:04] - * Riquelme_Emanuel deu alguma grana para Kauan_Churritos.
[27/06/2021 - 14:28:12] - * Riquelme_Emanuel deu alguma grana para Kauan_Churritos.
[27/06/2021 - 14:28:13] - * Riquelme_Emanuel deu alguma grana para Kauan_Churritos.
[27/06/2021 - 14:28:13] - * Riquelme_Emanuel deu alguma grana para Kauan_Churritos.
[27/06/2021 - 14:28:14] - * Riquelme_Emanuel deu alguma grana para Kauan_Churritos.
[27/06/2021 - 14:28:14] - * Riquelme_Emanuel deu alguma grana para Kauan_Churritos.
[27/06/2021 - 14:28:15] - * Riquelme_Emanuel deu alguma grana para Kauan_Churritos.
[27/06/2021 - 14:28:16] - * Riquelme_Emanuel deu alguma grana para Kauan_Churritos.
[27/06/2021 - 14:29:37] - * Riquelme_Emanuel deu alguma grana para Kauan_Churritos.
[27/06/2021 - 14:29:39] - * Riquelme_Emanuel deu alguma grana para Kauan_Churritos.
[27/06/2021 - 14:29:40] - * Riquelme_Emanuel deu alguma grana para Kauan_Churritos.
[27/06/2021 - 14:29:41] - * Riquelme_Emanuel deu alguma grana para Kauan_Churritos.
[27/06/2021 - 14:29:41] - * Riquelme_Emanuel deu alguma grana para Kauan_Churritos.
[27/06/2021 - 14:29:43] - * Riquelme_Emanuel deu alguma grana para Kauan_Churritos.
[27/06/2021 - 14:29:45] - * Riquelme_Emanuel deu alguma grana para Kauan_Churritos.
[27/06/2021 - 14:29:46] - * Riquelme_Emanuel deu alguma grana para Kauan_Churritos.
[27/06/2021 - 14:29:46] - * Riquelme_Emanuel deu alguma grana para Kauan_Churritos.
[27/06/2021 - 14:29:47] - * Riquelme_Emanuel deu alguma grana para Kauan_Churritos.
[27/06/2021 - 14:29:47] - * Riquelme_Emanuel deu alguma grana para Kauan_Churritos.
[27/06/2021 - 14:29:48] - * Riquelme_Emanuel deu alguma grana para Kauan_Churritos.
[27/06/2021 - 14:29:48] - * Riquelme_Emanuel deu alguma grana para Kauan_Churritos.
[27/06/2021 - 14:29:49] - * Riquelme_Emanuel deu alguma grana para Kauan_Churritos.
[27/06/2021 - 14:29:49] - * Riquelme_Emanuel deu alguma grana para Kauan_Churritos.
[27/06/2021 - 14:31:15] - * Riquelme_Emanuel deu alguma grana para Kauan_Churritos.
[27/06/2021 - 14:31:16] - * Riquelme_Emanuel deu alguma grana para Kauan_Churritos.
[27/06/2021 - 14:31:17] - * Riquelme_Emanuel deu alguma grana para Kauan_Churritos.
[27/06/2021 - 14:31:17] - * Riquelme_Emanuel deu alguma grana para Kauan_Churritos.
[27/06/2021 - 14:31:18] - * Riquelme_Emanuel deu alguma grana para Kauan_Churritos.
[27/06/2021 - 14:31:18] - * Riquelme_Emanuel deu alguma grana para Kauan_Churritos.
[27/06/2021 - 14:31:20] - * Riquelme_Emanuel deu alguma grana para Kauan_Churritos.
[27/06/2021 - 14:31:23] - * Riquelme_Emanuel deu alguma grana para Kauan_Churritos.
[27/06/2021 - 14:31:24] - * Riquelme_Emanuel deu alguma grana para Kauan_Churritos.
[27/06/2021 - 14:31:25] - * Riquelme_Emanuel deu alguma grana para Kauan_Churritos.
[27/06/2021 - 14:31:25] - * Riquelme_Emanuel deu alguma grana para Kauan_Churritos.
[27/06/2021 - 14:31:26] - * Riquelme_Emanuel deu alguma grana para Kauan_Churritos.
[27/06/2021 - 14:31:26] - * Riquelme_Emanuel deu alguma grana para Kauan_Churritos.
[27/06/2021 - 14:31:27] - * Riquelme_Emanuel deu alguma grana para Kauan_Churritos.
[27/06/2021 - 14:31:27] - * Riquelme_Emanuel deu alguma grana para Kauan_Churritos.
[27/06/2021 - 14:31:28] - * Riquelme_Emanuel deu alguma grana para Kauan_Churritos.
[27/06/2021 - 14:31:29] - * Riquelme_Emanuel deu alguma grana para Kauan_Churritos.
[27/06/2021 - 14:50:06] - * Kauan_Churritos deu alguma grana para Kira_Do_Moster.
[27/06/2021 - 14:50:07] - * Kauan_Churritos deu alguma grana para Kira_Do_Moster.
[27/06/2021 - 14:50:08] - * Kauan_Churritos deu alguma grana para Kira_Do_Moster.
[27/06/2021 - 14:50:09] - * Kauan_Churritos deu alguma grana para Kira_Do_Moster.
[27/06/2021 - 14:50:10] - * Kauan_Churritos deu alguma grana para Kira_Do_Moster.
[27/06/2021 - 14:50:11] - * Kauan_Churritos deu alguma grana para Kira_Do_Moster.
[27/06/2021 - 14:50:13] - * Kauan_Churritos deu alguma grana para Kira_Do_Moster.
[27/06/2021 - 14:50:15] - * Kauan_Churritos deu alguma grana para Kira_Do_Moster.
[27/06/2021 - 14:50:16] - * Kauan_Churritos deu alguma grana para Kira_Do_Moster.
[27/06/2021 - 14:50:17] - * Kauan_Churritos deu alguma grana para Kira_Do_Moster.
[27/06/2021 - 14:50:39] - * Kira_Do_Moster deu alguma grana para MADRAKINHO.
[27/06/2021 - 14:52:08] - * Riquelme_Emanuel deu alguma grana para zEverton_Silva.
[27/06/2021 - 14:52:10] - * Riquelme_Emanuel deu alguma grana para zEverton_Silva.
[27/06/2021 - 14:52:11] - * Riquelme_Emanuel deu alguma grana para zEverton_Silva.
[27/06/2021 - 14:52:12] - * Riquelme_Emanuel deu alguma grana para zEverton_Silva.
[27/06/2021 - 14:52:14] - * Riquelme_Emanuel deu alguma grana para zEverton_Silva.
[27/06/2021 - 14:52:15] - * Riquelme_Emanuel deu alguma grana para zEverton_Silva.
[27/06/2021 - 14:52:17] - * Riquelme_Emanuel deu alguma grana para zEverton_Silva.
[27/06/2021 - 14:52:17] - * Riquelme_Emanuel deu alguma grana para zEverton_Silva.
[27/06/2021 - 14:52:19] - * Riquelme_Emanuel deu alguma grana para zEverton_Silva.
[27/06/2021 - 14:52:20] - * Riquelme_Emanuel deu alguma grana para zEverton_Silva.
[27/06/2021 - 14:53:08] - * Riquelme_Emanuel deu alguma grana para zEverton_Silva.
[27/06/2021 - 14:53:09] - * Riquelme_Emanuel deu alguma grana para zEverton_Silva.
[27/06/2021 - 14:53:09] - * Riquelme_Emanuel deu alguma grana para zEverton_Silva.
[27/06/2021 - 14:53:10] - * Riquelme_Emanuel deu alguma grana para zEverton_Silva.
[27/06/2021 - 14:53:10] - * Riquelme_Emanuel deu alguma grana para zEverton_Silva.
[27/06/2021 - 14:53:11] - * Riquelme_Emanuel deu alguma grana para zEverton_Silva.
[27/06/2021 - 14:53:20] - * Riquelme_Emanuel deu alguma grana para Scarface04.
[27/06/2021 - 14:53:22] - * Riquelme_Emanuel deu alguma grana para Scarface04.
[27/06/2021 - 14:53:22] - * Riquelme_Emanuel deu alguma grana para Scarface04.
[27/06/2021 - 14:53:23] - * Riquelme_Emanuel deu alguma grana para Scarface04.
[27/06/2021 - 14:53:24] - * Riquelme_Emanuel deu alguma grana para Scarface04.
[27/06/2021 - 14:53:25] - * Riquelme_Emanuel deu alguma grana para Scarface04.
[27/06/2021 - 14:53:26] - * Riquelme_Emanuel deu alguma grana para Scarface04.
[27/06/2021 - 14:53:27] - * Riquelme_Emanuel deu alguma grana para Scarface04.
[27/06/2021 - 14:53:28] - * Riquelme_Emanuel deu alguma grana para Scarface04.
[27/06/2021 - 14:53:29] - * Riquelme_Emanuel deu alguma grana para Scarface04.
[27/06/2021 - 15:35:03] - * Riquelme_Emanuel deu alguma grana para SMOKE_ZX.
[27/06/2021 - 15:35:04] - * Riquelme_Emanuel deu alguma grana para SMOKE_ZX.
[27/06/2021 - 15:35:05] - * Riquelme_Emanuel deu alguma grana para SMOKE_ZX.
[27/06/2021 - 15:35:06] - * Riquelme_Emanuel deu alguma grana para SMOKE_ZX.
[27/06/2021 - 15:35:07] - * Riquelme_Emanuel deu alguma grana para SMOKE_ZX.
[27/06/2021 - 15:35:12] - * Riquelme_Emanuel deu alguma grana para marcos_leao.
[27/06/2021 - 15:35:13] - * Riquelme_Emanuel deu alguma grana para marcos_leao.
[27/06/2021 - 15:35:14] - * Riquelme_Emanuel deu alguma grana para marcos_leao.
[27/06/2021 - 15:35:15] - * Riquelme_Emanuel deu alguma grana para marcos_leao.
[27/06/2021 - 15:35:16] - * Riquelme_Emanuel deu alguma grana para marcos_leao.
[27/06/2021 - 15:37:03] - * Riquelme_Emanuel deu alguma grana para Miguel_Pinheiro.
[27/06/2021 - 15:37:04] - * Riquelme_Emanuel deu alguma grana para Miguel_Pinheiro.
[27/06/2021 - 15:37:05] - * Riquelme_Emanuel deu alguma grana para Miguel_Pinheiro.
[27/06/2021 - 15:37:05] - * Riquelme_Emanuel deu alguma grana para Miguel_Pinheiro.
[27/06/2021 - 15:37:06] - * Riquelme_Emanuel deu alguma grana para Miguel_Pinheiro.
[27/06/2021 - 15:59:04] - jaozinho comprou armas por R$6800 na empresa 6
[27/06/2021 - 16:24:25] - * Riquelme_Emanuel deu alguma grana para texugo_gg.
[27/06/2021 - 16:24:26] - * Riquelme_Emanuel deu alguma grana para texugo_gg.
[27/06/2021 - 16:24:28] - * Riquelme_Emanuel deu alguma grana para texugo_gg.
[27/06/2021 - 16:24:28] - * Riquelme_Emanuel deu alguma grana para texugo_gg.
[27/06/2021 - 16:24:29] - * Riquelme_Emanuel deu alguma grana para texugo_gg.
[27/06/2021 - 16:43:45] - * iilegal_elemts deu alguma grana para Kauan_Santos.
[27/06/2021 - 16:44:32] - * texugo_gg deu alguma grana para Victor_Insanity.
[27/06/2021 - 16:44:34] - * texugo_gg deu alguma grana para Victor_Insanity.
[27/06/2021 - 16:44:35] - * texugo_gg deu alguma grana para Victor_Insanity.
[27/06/2021 - 16:44:36] - * texugo_gg deu alguma grana para Victor_Insanity.
[27/06/2021 - 16:44:37] - * texugo_gg deu alguma grana para Victor_Insanity.
[27/06/2021 - 16:44:38] - * texugo_gg deu alguma grana para Victor_Insanity.
[27/06/2021 - 16:44:38] - * texugo_gg deu alguma grana para Victor_Insanity.
[27/06/2021 - 16:44:40] - * texugo_gg deu alguma grana para Victor_Insanity.
[27/06/2021 - 16:44:40] - * texugo_gg deu alguma grana para Victor_Insanity.
[27/06/2021 - 16:44:41] - * texugo_gg deu alguma grana para Victor_Insanity.
[27/06/2021 - 16:44:42] - * texugo_gg deu alguma grana para Victor_Insanity.
[27/06/2021 - 16:44:42] - * texugo_gg deu alguma grana para Victor_Insanity.
[27/06/2021 - 16:44:43] - * texugo_gg deu alguma grana para Victor_Insanity.
[27/06/2021 - 16:44:45] - * texugo_gg deu alguma grana para Victor_Insanity.
[27/06/2021 - 16:44:50] - * texugo_gg deu alguma grana para Victor_Insanity.
[27/06/2021 - 16:51:49] - * SMOKE_ZX deu alguma grana para KPZIN_EXE.
[27/06/2021 - 16:51:49] - * SMOKE_ZX deu alguma grana para KPZIN_EXE.
[27/06/2021 - 16:51:50] - * SMOKE_ZX deu alguma grana para KPZIN_EXE.
[27/06/2021 - 16:51:50] - * SMOKE_ZX deu alguma grana para KPZIN_EXE.
[27/06/2021 - 16:51:51] - * SMOKE_ZX deu alguma grana para KPZIN_EXE.
[27/06/2021 - 16:51:52] - * SMOKE_ZX deu alguma grana para KPZIN_EXE.
[27/06/2021 - 16:51:52] - * SMOKE_ZX deu alguma grana para KPZIN_EXE.
[27/06/2021 - 16:51:52] - * SMOKE_ZX deu alguma grana para KPZIN_EXE.
[27/06/2021 - 16:51:53] - * SMOKE_ZX deu alguma grana para KPZIN_EXE.
[27/06/2021 - 16:51:53] - * SMOKE_ZX deu alguma grana para KPZIN_EXE.
[27/06/2021 - 16:51:53] - * SMOKE_ZX deu alguma grana para KPZIN_EXE.
[27/06/2021 - 16:51:54] - * SMOKE_ZX deu alguma grana para KPZIN_EXE.
[27/06/2021 - 16:51:55] - * SMOKE_ZX deu alguma grana para KPZIN_EXE.
[27/06/2021 - 16:51:55] - * SMOKE_ZX deu alguma grana para KPZIN_EXE.
[27/06/2021 - 16:51:55] - * SMOKE_ZX deu alguma grana para KPZIN_EXE.
[27/06/2021 - 16:51:56] - * SMOKE_ZX deu alguma grana para KPZIN_EXE.
[27/06/2021 - 16:51:56] - * SMOKE_ZX deu alguma grana para KPZIN_EXE.
[27/06/2021 - 16:51:57] - * SMOKE_ZX deu alguma grana para KPZIN_EXE.
[27/06/2021 - 16:51:57] - * SMOKE_ZX deu alguma grana para KPZIN_EXE.
[27/06/2021 - 16:51:57] - * SMOKE_ZX deu alguma grana para KPZIN_EXE.
[27/06/2021 - 16:51:58] - * SMOKE_ZX deu alguma grana para KPZIN_EXE.
[27/06/2021 - 16:51:58] - * SMOKE_ZX deu alguma grana para KPZIN_EXE.
[27/06/2021 - 16:51:58] - * SMOKE_ZX deu alguma grana para KPZIN_EXE.
[27/06/2021 - 16:51:59] - * SMOKE_ZX deu alguma grana para KPZIN_EXE.
[27/06/2021 - 16:51:59] - * SMOKE_ZX deu alguma grana para KPZIN_EXE.
[27/06/2021 - 16:51:59] - * SMOKE_ZX deu alguma grana para KPZIN_EXE.
[27/06/2021 - 16:52:00] - * SMOKE_ZX deu alguma grana para KPZIN_EXE.
[27/06/2021 - 16:52:00] - * SMOKE_ZX deu alguma grana para KPZIN_EXE.
[27/06/2021 - 16:52:01] - * SMOKE_ZX deu alguma grana para KPZIN_EXE.
[27/06/2021 - 16:52:05] - * SMOKE_ZX deu alguma grana para KPZIN_EXE.
[27/06/2021 - 16:52:06] - * SMOKE_ZX deu alguma grana para KPZIN_EXE.
[27/06/2021 - 16:52:06] - * SMOKE_ZX deu alguma grana para KPZIN_EXE.
[27/06/2021 - 16:52:06] - * SMOKE_ZX deu alguma grana para KPZIN_EXE.
[27/06/2021 - 16:52:07] - * SMOKE_ZX deu alguma grana para KPZIN_EXE.
[27/06/2021 - 16:52:07] - * SMOKE_ZX deu alguma grana para KPZIN_EXE.
[27/06/2021 - 16:52:08] - * SMOKE_ZX deu alguma grana para KPZIN_EXE.
[27/06/2021 - 16:52:09] - * SMOKE_ZX deu alguma grana para KPZIN_EXE.
[27/06/2021 - 16:52:09] - * SMOKE_ZX deu alguma grana para KPZIN_EXE.
[27/06/2021 - 16:52:09] - * SMOKE_ZX deu alguma grana para KPZIN_EXE.
[27/06/2021 - 16:52:10] - * SMOKE_ZX deu alguma grana para KPZIN_EXE.
[27/06/2021 - 16:52:10] - * SMOKE_ZX deu alguma grana para KPZIN_EXE.
[27/06/2021 - 16:52:11] - * SMOKE_ZX deu alguma grana para KPZIN_EXE.
[27/06/2021 - 16:52:13] - * SMOKE_ZX deu alguma grana para KPZIN_EXE.
[27/06/2021 - 16:52:13] - * SMOKE_ZX deu alguma grana para KPZIN_EXE.
[27/06/2021 - 16:52:14] - * SMOKE_ZX deu alguma grana para KPZIN_EXE.
[27/06/2021 - 16:52:14] - * SMOKE_ZX deu alguma grana para KPZIN_EXE.
[27/06/2021 - 16:52:15] - * SMOKE_ZX deu alguma grana para KPZIN_EXE.
[27/06/2021 - 16:52:15] - * SMOKE_ZX deu alguma grana para KPZIN_EXE.
[27/06/2021 - 16:52:15] - * SMOKE_ZX deu alguma grana para KPZIN_EXE.
[27/06/2021 - 16:52:16] - * SMOKE_ZX deu alguma grana para KPZIN_EXE.
[27/06/2021 - 16:52:16] - * SMOKE_ZX deu alguma grana para KPZIN_EXE.
[27/06/2021 - 16:52:19] - * SMOKE_ZX deu alguma grana para KPZIN_EXE.
[27/06/2021 - 16:52:19] - * SMOKE_ZX deu alguma grana para KPZIN_EXE.
[27/06/2021 - 16:52:20] - * SMOKE_ZX deu alguma grana para KPZIN_EXE.
[27/06/2021 - 16:52:20] - * SMOKE_ZX deu alguma grana para KPZIN_EXE.
[27/06/2021 - 16:52:21] - * SMOKE_ZX deu alguma grana para KPZIN_EXE.
[27/06/2021 - 16:52:21] - * SMOKE_ZX deu alguma grana para KPZIN_EXE.
[27/06/2021 - 16:52:21] - * SMOKE_ZX deu alguma grana para KPZIN_EXE.
[27/06/2021 - 16:52:22] - * SMOKE_ZX deu alguma grana para KPZIN_EXE.
[27/06/2021 - 16:52:22] - * SMOKE_ZX deu alguma grana para KPZIN_EXE.
[27/06/2021 - 17:46:12] - * MADRAKINHO deu alguma grana para LUPPEX_GAMING.
[27/06/2021 - 17:46:14] - * MADRAKINHO deu alguma grana para LUPPEX_GAMING.
[27/06/2021 - 17:46:15] - * MADRAKINHO deu alguma grana para LUPPEX_GAMING.
[27/06/2021 - 17:46:16] - * MADRAKINHO deu alguma grana para LUPPEX_GAMING.
[27/06/2021 - 17:46:17] - * MADRAKINHO deu alguma grana para LUPPEX_GAMING.
[27/06/2021 - 17:46:18] - * MADRAKINHO deu alguma grana para LUPPEX_GAMING.
[27/06/2021 - 17:46:19] - * MADRAKINHO deu alguma grana para LUPPEX_GAMING.
[27/06/2021 - 17:46:22] - * MADRAKINHO deu alguma grana para LUPPEX_GAMING.
[27/06/2021 - 17:46:24] - * MADRAKINHO deu alguma grana para LUPPEX_GAMING.
[27/06/2021 - 17:46:26] - * MADRAKINHO deu alguma grana para LUPPEX_GAMING.
[27/06/2021 - 17:46:27] - * MADRAKINHO deu alguma grana para LUPPEX_GAMING.
[27/06/2021 - 17:46:28] - * MADRAKINHO deu alguma grana para LUPPEX_GAMING.
[27/06/2021 - 17:46:40] - * MADRAKINHO deu alguma grana para LUPPEX_GAMING.
[27/06/2021 - 17:46:44] - * MADRAKINHO deu alguma grana para LUPPEX_GAMING.
[27/06/2021 - 17:46:48] - * MADRAKINHO deu alguma grana para LUPPEX_GAMING.
[27/06/2021 - 17:46:48] - * Fumassa deu alguma grana para Brabo_Fps.
[27/06/2021 - 17:46:49] - * Fumassa deu alguma grana para Brabo_Fps.
[27/06/2021 - 17:46:50] - * MADRAKINHO deu alguma grana para LUPPEX_GAMING.
[27/06/2021 - 17:46:51] - * Fumassa deu alguma grana para Brabo_Fps.
[27/06/2021 - 17:46:52] - * Fumassa deu alguma grana para Brabo_Fps.
[27/06/2021 - 17:49:00] - * Fumassa deu alguma grana para LUPPEX_GAMING.
[27/06/2021 - 17:49:02] - * Fumassa deu alguma grana para LUPPEX_GAMING.
[27/06/2021 - 17:49:03] - * Fumassa deu alguma grana para LUPPEX_GAMING.
[27/06/2021 - 17:49:06] - * Fumassa deu alguma grana para LUPPEX_GAMING.
[27/06/2021 - 17:49:07] - * Fumassa deu alguma grana para LUPPEX_GAMING.
[27/06/2021 - 17:49:08] - * Fumassa deu alguma grana para LUPPEX_GAMING.
[27/06/2021 - 17:49:12] - * Fumassa deu alguma grana para LUPPEX_GAMING.
[27/06/2021 - 17:54:21] - * Fumassa deu alguma grana para Eric_Silva.
[27/06/2021 - 17:54:22] - * Fumassa deu alguma grana para Eric_Silva.
[27/06/2021 - 17:54:23] - * Fumassa deu alguma grana para Eric_Silva.
[27/06/2021 - 17:54:25] - * Fumassa deu alguma grana para Eric_Silva.
[27/06/2021 - 17:54:26] - * Fumassa deu alguma grana para Eric_Silva.
[27/06/2021 - 17:54:30] - * Fumassa deu alguma grana para Eric_Silva.
[27/06/2021 - 17:54:37] - * Fumassa deu alguma grana para Scarface04.
[27/06/2021 - 17:54:39] - * Fumassa deu alguma grana para Scarface04.
[27/06/2021 - 17:54:40] - * Fumassa deu alguma grana para Scarface04.
[27/06/2021 - 17:54:40] - * Fumassa deu alguma grana para Scarface04.
[27/06/2021 - 17:54:41] - * Fumassa deu alguma grana para Scarface04.
[27/06/2021 - 18:18:45] - * Ezequiel_Saffo deu alguma grana para Kauan_Churritos.
[27/06/2021 - 18:20:19] - * Ezequiel_Saffo deu alguma grana para Kauan_Churritos.
[27/06/2021 - 19:23:03] - * SMOKE_ZX deu alguma grana para HARIDADE_skull.
[27/06/2021 - 19:23:04] - * SMOKE_ZX deu alguma grana para HARIDADE_skull.
[27/06/2021 - 19:23:04] - * SMOKE_ZX deu alguma grana para HARIDADE_skull.
[27/06/2021 - 19:23:04] - * SMOKE_ZX deu alguma grana para HARIDADE_skull.
[27/06/2021 - 19:23:05] - * SMOKE_ZX deu alguma grana para HARIDADE_skull.
[27/06/2021 - 19:23:05] - * SMOKE_ZX deu alguma grana para HARIDADE_skull.
[27/06/2021 - 19:23:05] - * SMOKE_ZX deu alguma grana para HARIDADE_skull.
[27/06/2021 - 19:23:06] - * SMOKE_ZX deu alguma grana para HARIDADE_skull.
[27/06/2021 - 19:23:06] - * SMOKE_ZX deu alguma grana para HARIDADE_skull.
[27/06/2021 - 19:23:06] - * SMOKE_ZX deu alguma grana para HARIDADE_skull.
[27/06/2021 - 19:23:07] - * SMOKE_ZX deu alguma grana para HARIDADE_skull.
[27/06/2021 - 19:23:07] - * SMOKE_ZX deu alguma grana para HARIDADE_skull.
[27/06/2021 - 19:23:08] - * SMOKE_ZX deu alguma grana para HARIDADE_skull.
[27/06/2021 - 19:23:08] - * SMOKE_ZX deu alguma grana para HARIDADE_skull.
[27/06/2021 - 19:23:08] - * SMOKE_ZX deu alguma grana para HARIDADE_skull.
[27/06/2021 - 19:23:09] - * SMOKE_ZX deu alguma grana para HARIDADE_skull.
[27/06/2021 - 19:23:09] - * SMOKE_ZX deu alguma grana para HARIDADE_skull.
[27/06/2021 - 19:23:10] - * SMOKE_ZX deu alguma grana para HARIDADE_skull.
[27/06/2021 - 19:23:10] - * SMOKE_ZX deu alguma grana para HARIDADE_skull.
[27/06/2021 - 19:23:10] - * SMOKE_ZX deu alguma grana para HARIDADE_skull.
[27/06/2021 - 19:23:11] - * SMOKE_ZX deu alguma grana para HARIDADE_skull.
[27/06/2021 - 19:23:11] - * SMOKE_ZX deu alguma grana para HARIDADE_skull.
[27/06/2021 - 19:23:11] - * SMOKE_ZX deu alguma grana para HARIDADE_skull.
[27/06/2021 - 19:23:12] - * SMOKE_ZX deu alguma grana para HARIDADE_skull.
[27/06/2021 - 19:23:12] - * SMOKE_ZX deu alguma grana para HARIDADE_skull.
[27/06/2021 - 19:23:13] - * SMOKE_ZX deu alguma grana para HARIDADE_skull.
[27/06/2021 - 19:23:13] - * SMOKE_ZX deu alguma grana para HARIDADE_skull.
[27/06/2021 - 19:23:13] - * SMOKE_ZX deu alguma grana para HARIDADE_skull.
[27/06/2021 - 19:23:14] - * SMOKE_ZX deu alguma grana para HARIDADE_skull.
[27/06/2021 - 19:23:14] - * SMOKE_ZX deu alguma grana para HARIDADE_skull.
[27/06/2021 - 19:23:14] - * SMOKE_ZX deu alguma grana para HARIDADE_skull.
[27/06/2021 - 19:23:15] - * SMOKE_ZX deu alguma grana para HARIDADE_skull.
[27/06/2021 - 19:23:15] - * SMOKE_ZX deu alguma grana para HARIDADE_skull.
[27/06/2021 - 19:23:16] - * SMOKE_ZX deu alguma grana para HARIDADE_skull.
[27/06/2021 - 19:23:16] - * SMOKE_ZX deu alguma grana para HARIDADE_skull.
[27/06/2021 - 19:23:16] - * SMOKE_ZX deu alguma grana para HARIDADE_skull.
[27/06/2021 - 19:23:18] - * SMOKE_ZX deu alguma grana para HARIDADE_skull.
[27/06/2021 - 19:23:18] - * SMOKE_ZX deu alguma grana para HARIDADE_skull.
[27/06/2021 - 19:23:19] - * SMOKE_ZX deu alguma grana para HARIDADE_skull.
[27/06/2021 - 19:23:19] - * SMOKE_ZX deu alguma grana para HARIDADE_skull.
[27/06/2021 - 19:23:19] - * SMOKE_ZX deu alguma grana para HARIDADE_skull.
[27/06/2021 - 19:23:20] - * SMOKE_ZX deu alguma grana para HARIDADE_skull.
[27/06/2021 - 19:33:54] - * Fumassa deu alguma grana para Kauan_Santos.
[27/06/2021 - 19:33:55] - * Fumassa deu alguma grana para Kauan_Santos.
[27/06/2021 - 19:33:56] - * Fumassa deu alguma grana para Kauan_Santos.
[27/06/2021 - 19:33:58] - * Fumassa deu alguma grana para Kauan_Santos.
[27/06/2021 - 19:33:59] - * Fumassa deu alguma grana para Kauan_Santos.
[27/06/2021 - 19:36:01] - * Fumassa deu alguma grana para Scarface04.
[27/06/2021 - 20:11:09] - Kauan_Churritos comprou armas por R$20780 na empresa 6
[27/06/2021 - 22:07:17] - * Ezequiel_Saffo deu alguma grana para CHAPAX_FXL.
[27/06/2021 - 22:07:20] - * Ezequiel_Saffo deu alguma grana para CHAPAX_FXL.
[27/06/2021 - 22:07:21] - * Ezequiel_Saffo deu alguma grana para CHAPAX_FXL.
[27/06/2021 - 22:07:23] - * Ezequiel_Saffo deu alguma grana para CHAPAX_FXL.
[27/06/2021 - 22:07:25] - * Ezequiel_Saffo deu alguma grana para CHAPAX_FXL.
[27/06/2021 - 22:07:25] - * Ezequiel_Saffo deu alguma grana para CHAPAX_FXL.
[27/06/2021 - 22:07:27] - * Ezequiel_Saffo deu alguma grana para CHAPAX_FXL.
[27/06/2021 - 22:45:14] - * Ezequiel_Saffo deu alguma grana para Carlos_Sales.
[27/06/2021 - 22:45:16] - * Ezequiel_Saffo deu alguma grana para Carlos_Sales.
[27/06/2021 - 22:45:17] - * Ezequiel_Saffo deu alguma grana para Carlos_Sales.
[27/06/2021 - 22:45:19] - * Ezequiel_Saffo deu alguma grana para Carlos_Sales.
[27/06/2021 - 22:45:23] - * Ezequiel_Saffo deu alguma grana para Carlos_Sales.
[27/06/2021 - 22:45:24] - * Ezequiel_Saffo deu alguma grana para Carlos_Sales.
[27/06/2021 - 22:45:26] - * Ezequiel_Saffo deu alguma grana para Carlos_Sales.
[27/06/2021 - 23:00:43] - * Kauan_Santos deu alguma grana para Kira_Do_Moster.
[27/06/2021 - 23:00:44] - * Kauan_Santos deu alguma grana para Kira_Do_Moster.
[27/06/2021 - 23:17:56] - * iilegal_elemts deu alguma grana para texugo_gg.
[27/06/2021 - 23:18:34] - * iilegal_elemts deu alguma grana para texugo_gg.
[27/06/2021 - 23:18:53] - * iilegal_elemts deu alguma grana para texugo_gg.
[28/06/2021 - 00:17:09] - * ruanno_beiramar deu alguma grana para SMOKE_ZX.
[28/06/2021 - 02:02:16] - ADMIN CMD: O Admin Vgzinn está dando R$1000000 para Kauan_Santos.
[28/06/2021 - 02:04:11] - ADMIN CMD: O Admin Vgzinn está dando R$500000 para RAPOZA_BB.
[28/06/2021 - 03:47:12] - * Natan_Insane deu alguma grana para CHAPAX_FXL.
[28/06/2021 - 03:47:14] - * Natan_Insane deu alguma grana para CHAPAX_FXL.
[28/06/2021 - 03:47:15] - * Natan_Insane deu alguma grana para CHAPAX_FXL.
[28/06/2021 - 03:47:16] - * Natan_Insane deu alguma grana para CHAPAX_FXL.
[28/06/2021 - 03:47:17] - * Natan_Insane deu alguma grana para CHAPAX_FXL.
[28/06/2021 - 03:47:39] - * Natan_Insane deu alguma grana para CHAPAX_FXL.
[28/06/2021 - 03:47:40] - * Natan_Insane deu alguma grana para CHAPAX_FXL.
[28/06/2021 - 03:47:42] - * Natan_Insane deu alguma grana para CHAPAX_FXL.
[28/06/2021 - 03:47:42] - * Natan_Insane deu alguma grana para CHAPAX_FXL.
[28/06/2021 - 03:47:43] - * Natan_Insane deu alguma grana para CHAPAX_FXL.
[28/06/2021 - 03:47:44] - * Natan_Insane deu alguma grana para CHAPAX_FXL.
[28/06/2021 - 03:47:46] - * Natan_Insane deu alguma grana para CHAPAX_FXL.
[28/06/2021 - 07:49:00] - * CHAPAX_FXL deu alguma grana para EmT.Haridade.
[28/06/2021 - 07:49:06] - * CHAPAX_FXL deu alguma grana para EmT.Haridade.
[28/06/2021 - 07:49:08] - * CHAPAX_FXL deu alguma grana para EmT.Haridade.
[28/06/2021 - 07:49:10] - * CHAPAX_FXL deu alguma grana para EmT.Haridade.
[28/06/2021 - 07:49:13] - * CHAPAX_FXL deu alguma grana para EmT.Haridade.
[28/06/2021 - 11:40:51] - RAPOZA_BB comprou armas por R$4800 na empresa 0
[28/06/2021 - 13:32:29] - Kira_Do_Moster comprou armas por R$3800 na empresa 0
[28/06/2021 - 13:32:51] - Kira_Do_Moster comprou armas por R$2250 na empresa 0
[28/06/2021 - 13:34:35] - Kira_Do_Moster comprou armas por R$2800 na empresa 0
[28/06/2021 - 13:50:01] - * RENAN_VIDA deu alguma grana para Kira_Do_Moster.
[28/06/2021 - 13:50:10] - * RENAN_VIDA deu alguma grana para Kira_Do_Moster.
[28/06/2021 - 13:50:20] - * RENAN_VIDA deu alguma grana para Kira_Do_Moster.
[28/06/2021 - 14:43:44] - * Kira_Do_Moster deu alguma grana para RENAN_VIDA.
[28/06/2021 - 14:47:33] - * Kira_Do_Moster deu alguma grana para RENAN_VIDA.
[28/06/2021 - 14:47:34] - * Kira_Do_Moster deu alguma grana para RENAN_VIDA.
[28/06/2021 - 14:47:37] - * Kira_Do_Moster deu alguma grana para RENAN_VIDA.
[28/06/2021 - 15:07:19] - * texugo_gg deu alguma grana para MADRAKINHO.
[28/06/2021 - 15:07:25] - * texugo_gg deu alguma grana para MADRAKINHO.
[28/06/2021 - 15:07:28] - * texugo_gg deu alguma grana para MADRAKINHO.
[28/06/2021 - 15:07:29] - * texugo_gg deu alguma grana para MADRAKINHO.
[28/06/2021 - 15:07:30] - * texugo_gg deu alguma grana para MADRAKINHO.
[28/06/2021 - 15:07:31] - * texugo_gg deu alguma grana para MADRAKINHO.
[28/06/2021 - 15:07:32] - * texugo_gg deu alguma grana para MADRAKINHO.
[28/06/2021 - 15:07:33] - * texugo_gg deu alguma grana para MADRAKINHO.
[28/06/2021 - 15:07:34] - * texugo_gg deu alguma grana para MADRAKINHO.
[28/06/2021 - 15:07:34] - * texugo_gg deu alguma grana para MADRAKINHO.
[28/06/2021 - 15:07:35] - * texugo_gg deu alguma grana para MADRAKINHO.
[28/06/2021 - 16:04:40] - RENAN_VIDA comprou armas por R$1900 na empresa 6
[28/06/2021 - 16:05:09] - * Fumassa deu alguma grana para Kira_Do_Moster.
[28/06/2021 - 17:56:21] - * VIXTOE deu alguma grana para texugo_gg.
[28/06/2021 - 17:56:24] - * VIXTOE deu alguma grana para texugo_gg.
[28/06/2021 - 17:56:25] - * VIXTOE deu alguma grana para texugo_gg.
[28/06/2021 - 17:56:25] - * VIXTOE deu alguma grana para texugo_gg.
[28/06/2021 - 18:50:05] - * zEVERTON_TracK deu alguma grana para andre_domi.
[28/06/2021 - 18:50:06] - * zEVERTON_TracK deu alguma grana para andre_domi.
[28/06/2021 - 18:50:15] - * zEVERTON_TracK deu alguma grana para andre_domi.
[28/06/2021 - 18:50:18] - * zEVERTON_TracK deu alguma grana para andre_domi.
[28/06/2021 - 18:50:18] - * zEVERTON_TracK deu alguma grana para andre_domi.
[28/06/2021 - 19:11:39] - * andre_domi deu alguma grana para zEVERTON_TracK.
[28/06/2021 - 19:11:49] - * zEVERTON_TracK deu alguma grana para andre_domi.
[28/06/2021 - 19:12:43] - * zEVERTON_TracK deu alguma grana para andre_domi.
[28/06/2021 - 22:42:06] - * Kira_Do_Moster deu alguma grana para ruanno_beiramar.
[28/06/2021 - 22:42:09] - * Kira_Do_Moster deu alguma grana para SMOKE_ZX.
[28/06/2021 - 23:01:48] - * Fumassa deu alguma grana para Red_beiramar.
[28/06/2021 - 23:37:08] - * Lucas_Barcas deu alguma grana para Fumassa.
[28/06/2021 - 23:42:38] - * Natan_Insane deu alguma grana para Fumassa.
[28/06/2021 - 23:42:40] - * Natan_Insane deu alguma grana para Fumassa.
[28/06/2021 - 23:54:50] - * MADRAKINHO deu alguma grana para RENAN_VIDA.
[28/06/2021 - 23:54:52] - * MADRAKINHO deu alguma grana para RENAN_VIDA.
[28/06/2021 - 23:54:53] - * MADRAKINHO deu alguma grana para RENAN_VIDA.
[28/06/2021 - 23:54:55] - * MADRAKINHO deu alguma grana para RENAN_VIDA.
[28/06/2021 - 23:54:57] - * MADRAKINHO deu alguma grana para RENAN_VIDA.
[28/06/2021 - 23:54:58] - * MADRAKINHO deu alguma grana para RENAN_VIDA.
[28/06/2021 - 23:55:05] - * MADRAKINHO deu alguma grana para RENAN_VIDA.
[28/06/2021 - 23:55:07] - * MADRAKINHO deu alguma grana para RENAN_VIDA.
[28/06/2021 - 23:55:09] - * MADRAKINHO deu alguma grana para RENAN_VIDA.
[28/06/2021 - 23:55:10] - * MADRAKINHO deu alguma grana para RENAN_VIDA.
[28/06/2021 - 23:55:11] - * MADRAKINHO deu alguma grana para RENAN_VIDA.
[28/06/2021 - 23:55:12] - * MADRAKINHO deu alguma grana para RENAN_VIDA.
[28/06/2021 - 23:55:14] - * MADRAKINHO deu alguma grana para RENAN_VIDA.
[28/06/2021 - 23:55:15] - * MADRAKINHO deu alguma grana para RENAN_VIDA.
[28/06/2021 - 23:55:18] - * MADRAKINHO deu alguma grana para RENAN_VIDA.
[28/06/2021 - 23:55:20] - * MADRAKINHO deu alguma grana para RENAN_VIDA.
[28/06/2021 - 23:55:21] - * MADRAKINHO deu alguma grana para RENAN_VIDA.
[28/06/2021 - 23:55:23] - * MADRAKINHO deu alguma grana para RENAN_VIDA.
[28/06/2021 - 23:55:24] - * MADRAKINHO deu alguma grana para RENAN_VIDA.
[28/06/2021 - 23:55:25] - * MADRAKINHO deu alguma grana para RENAN_VIDA.
[28/06/2021 - 23:55:27] - * MADRAKINHO deu alguma grana para RENAN_VIDA.
[28/06/2021 - 23:55:28] - * MADRAKINHO deu alguma grana para RENAN_VIDA.
[28/06/2021 - 23:55:29] - * MADRAKINHO deu alguma grana para RENAN_VIDA.
[28/06/2021 - 23:55:33] - * MADRAKINHO deu alguma grana para RENAN_VIDA.
[28/06/2021 - 23:55:43] - * MADRAKINHO deu alguma grana para RENAN_VIDA.
[28/06/2021 - 23:55:45] - * MADRAKINHO deu alguma grana para RENAN_VIDA.
[28/06/2021 - 23:55:47] - * MADRAKINHO deu alguma grana para RENAN_VIDA.
[28/06/2021 - 23:55:48] - * MADRAKINHO deu alguma grana para RENAN_VIDA.
[28/06/2021 - 23:55:49] - * MADRAKINHO deu alguma grana para RENAN_VIDA.
[28/06/2021 - 23:55:50] - * MADRAKINHO deu alguma grana para RENAN_VIDA.
[28/06/2021 - 23:55:51] - * MADRAKINHO deu alguma grana para RENAN_VIDA.
[28/06/2021 - 23:55:52] - * MADRAKINHO deu alguma grana para RENAN_VIDA.
[29/06/2021 - 00:11:55] - Administrador Dono: Vgzinn setou 2000 de money para Vgzinn.
[29/06/2021 - 00:36:21] - * Vgzinn deu alguma grana para KPZIN_EXE.
[29/06/2021 - 00:47:55] - Administrador Dono: Vgzinn setou 3000 de money para Vgzinn.
[29/06/2021 - 04:59:44] - CHAPAX_FXL comprou armas por R$820 na empresa 6
[29/06/2021 - 13:15:26] - ADMIN CMD: O Admin Menor_vl está dando R$100000 para texugo_gg.
[29/06/2021 - 13:16:30] - ADMIN CMD: O Admin Menor_vl está dando R$10000 para texugo_gg.
[29/06/2021 - 13:17:07] - ADMIN CMD: O Admin Menor_vl está dando R$10000 para texugo_gg.
[29/06/2021 - 13:17:08] - ADMIN CMD: O Admin Menor_vl está dando R$10000 para texugo_gg.
[29/06/2021 - 13:17:09] - ADMIN CMD: O Admin Menor_vl está dando R$10000 para texugo_gg.
[29/06/2021 - 13:17:11] - ADMIN CMD: O Admin Menor_vl está dando R$10000 para texugo_gg.
[29/06/2021 - 13:17:12] - ADMIN CMD: O Admin Menor_vl está dando R$10000 para texugo_gg.
[29/06/2021 - 14:44:06] - * jaozinho deu alguma grana para MANDRAKA.
[29/06/2021 - 14:46:44] - * Kira_Do_Moster deu alguma grana para MANDRAKA.
[29/06/2021 - 15:40:09] - ADMIN CMD: O Admin Riquelme_Emanuel está dando R$500000 para Red_beiramar.
[29/06/2021 - 15:40:51] - ADMIN CMD: O Admin Riquelme_Emanuel está dando R$1 para katchau_sad.
[29/06/2021 - 16:36:20] - * RENAN_VIDA deu alguma grana para MADRAKINHO.
[29/06/2021 - 16:36:49] - * RENAN_VIDA deu alguma grana para MADRAKINHO.
[29/06/2021 - 16:38:20] - ADMIN CMD: O Admin Riquelme_Emanuel está dando R$100000 para Red_beiramar.
[29/06/2021 - 17:37:24] - * Natan_Insane deu alguma grana para RENAN_VIDA.
[29/06/2021 - 18:03:45] - * ruanno_beiramar deu alguma grana para KABUTO_TRALHA.
[29/06/2021 - 18:03:46] - * ruanno_beiramar deu alguma grana para KABUTO_TRALHA.
[29/06/2021 - 18:03:47] - * ruanno_beiramar deu alguma grana para KABUTO_TRALHA.
[29/06/2021 - 18:03:48] - * ruanno_beiramar deu alguma grana para KABUTO_TRALHA.
[29/06/2021 - 18:03:50] - * ruanno_beiramar deu alguma grana para KABUTO_TRALHA.
[29/06/2021 - 18:03:51] - * ruanno_beiramar deu alguma grana para KABUTO_TRALHA.
[29/06/2021 - 18:03:56] - * ruanno_beiramar deu alguma grana para KABUTO_TRALHA.
[29/06/2021 - 18:03:57] - * ruanno_beiramar deu alguma grana para KABUTO_TRALHA.
[29/06/2021 - 18:04:00] - * ruanno_beiramar deu alguma grana para KABUTO_TRALHA.
[29/06/2021 - 18:04:06] - * ruanno_beiramar deu alguma grana para KABUTO_TRALHA.
[29/06/2021 - 18:04:07] - * ruanno_beiramar deu alguma grana para KABUTO_TRALHA.
[29/06/2021 - 18:04:08] - * ruanno_beiramar deu alguma grana para KABUTO_TRALHA.
[29/06/2021 - 18:04:10] - * ruanno_beiramar deu alguma grana para KABUTO_TRALHA.
[29/06/2021 - 18:04:11] - * ruanno_beiramar deu alguma grana para KABUTO_TRALHA.
[29/06/2021 - 18:04:12] - * ruanno_beiramar deu alguma grana para KABUTO_TRALHA.
[29/06/2021 - 18:04:13] - * ruanno_beiramar deu alguma grana para KABUTO_TRALHA.
[29/06/2021 - 18:04:14] - * ruanno_beiramar deu alguma grana para KABUTO_TRALHA.
[29/06/2021 - 18:04:19] - * ruanno_beiramar deu alguma grana para KABUTO_TRALHA.
[29/06/2021 - 18:04:20] - * ruanno_beiramar deu alguma grana para KABUTO_TRALHA.
[29/06/2021 - 18:04:21] - * ruanno_beiramar deu alguma grana para KABUTO_TRALHA.
[29/06/2021 - 18:04:23] - * ruanno_beiramar deu alguma grana para KABUTO_TRALHA.
[29/06/2021 - 18:04:24] - * ruanno_beiramar deu alguma grana para KABUTO_TRALHA.
[29/06/2021 - 19:40:12] - * KPZIN_EXE deu alguma grana para sharinrp.
[29/06/2021 - 19:40:21] - * KPZIN_EXE deu alguma grana para sharinrp.
[29/06/2021 - 19:56:22] - * KPZIN_EXE deu alguma grana para sharinrp.
[29/06/2021 - 22:42:34] - * SMOKE_ZX deu alguma grana para Pedrinho_Molk.
[29/06/2021 - 22:42:35] - * SMOKE_ZX deu alguma grana para Pedrinho_Molk.
[29/06/2021 - 22:42:35] - * SMOKE_ZX deu alguma grana para Pedrinho_Molk.
[29/06/2021 - 22:42:35] - * SMOKE_ZX deu alguma grana para Pedrinho_Molk.
[29/06/2021 - 22:42:36] - * SMOKE_ZX deu alguma grana para Pedrinho_Molk.
[29/06/2021 - 22:42:36] - * SMOKE_ZX deu alguma grana para Pedrinho_Molk.
[29/06/2021 - 22:42:36] - * SMOKE_ZX deu alguma grana para Pedrinho_Molk.
[29/06/2021 - 22:42:37] - * SMOKE_ZX deu alguma grana para Pedrinho_Molk.
[29/06/2021 - 22:42:37] - * SMOKE_ZX deu alguma grana para Pedrinho_Molk.
[29/06/2021 - 22:42:41] - * KPZIN_EXE deu alguma grana para Pedrinho_Molk.
[29/06/2021 - 22:42:41] - * RENAN_VIDA deu alguma grana para Pedrinho_Molk.
[29/06/2021 - 22:42:50] - * KPZIN_EXE deu alguma grana para Pedrinho_Molk.
[29/06/2021 - 22:42:54] - * katchau_sad deu alguma grana para Pedrinho_Molk.
[29/06/2021 - 22:42:56] - * katchau_sad deu alguma grana para Pedrinho_Molk.
[29/06/2021 - 22:42:58] - * katchau_sad deu alguma grana para Pedrinho_Molk.
[29/06/2021 - 22:42:58] - * KPZIN_EXE deu alguma grana para Pedrinho_Molk.
[29/06/2021 - 22:43:04] - * katchau_sad deu alguma grana para Pedrinho_Molk.
[29/06/2021 - 23:32:11] - ADMIN CMD: O Admin Riquelme_Emanuel está dando R$100000 para Vinicius_Russef.
[29/06/2021 - 23:33:35] - ADMIN CMD: O Admin Riquelme_Emanuel está dando R$100000 para Vinicius_Russef.
[29/06/2021 - 23:34:19] - ADMIN CMD: O Admin Riquelme_Emanuel está dando R$100000 para Vinicius_Russef.
[29/06/2021 - 23:34:31] - ADMIN CMD: O Admin Riquelme_Emanuel está dando R$100000 para Vinicius_Russef.
[29/06/2021 - 23:34:32] - ADMIN CMD: O Admin Riquelme_Emanuel está dando R$100000 para Vinicius_Russef.
[29/06/2021 - 23:34:46] - ADMIN CMD: O Admin Riquelme_Emanuel está dando R$100000 para Vinicius_Russef.
[29/06/2021 - 23:34:46] - ADMIN CMD: O Admin Riquelme_Emanuel está dando R$100000 para Vinicius_Russef.
[30/06/2021 - 00:11:25] - * Victor_Insanity deu alguma grana para Pedrin_..
[30/06/2021 - 00:12:00] - * zEverton_Silva deu alguma grana para Scarface04.
[30/06/2021 - 00:12:08] - * zEverton_Silva deu alguma grana para Scarface04.
[30/06/2021 - 01:59:29] - * texugo_gg deu alguma grana para Fumassa.
[30/06/2021 - 01:59:31] - * texugo_gg deu alguma grana para Fumassa.
[30/06/2021 - 01:59:32] - * texugo_gg deu alguma grana para Fumassa.
[30/06/2021 - 02:06:37] - * Fumassa deu alguma grana para Yeh_Noah.
[30/06/2021 - 02:06:43] - * Fumassa deu alguma grana para Yeh_Noah.
[30/06/2021 - 02:06:52] - * Fumassa deu alguma grana para Natan_Insane.
[30/06/2021 - 02:20:07] - * VIXTOE deu alguma grana para Fumassa.
[30/06/2021 - 02:20:08] - * VIXTOE deu alguma grana para Fumassa.
[30/06/2021 - 02:20:09] - * VIXTOE deu alguma grana para Fumassa.
[30/06/2021 - 02:20:19] - * VIXTOE deu alguma grana para Fumassa.
[30/06/2021 - 03:38:25] - * Natan_Insane deu alguma grana para SAMUEL_GC.
[30/06/2021 - 03:38:26] - * Natan_Insane deu alguma grana para SAMUEL_GC.
[30/06/2021 - 03:38:27] - * Natan_Insane deu alguma grana para SAMUEL_GC.
[30/06/2021 - 04:47:51] - * cidnei_elementos deu alguma grana para texugo_gg.
[30/06/2021 - 05:17:31] - * Davi.xxx deu alguma grana para TDT_Davi.
[30/06/2021 - 05:17:35] - * Davi.xxx deu alguma grana para TDT_Davi.
[30/06/2021 - 05:17:36] - * Davi.xxx deu alguma grana para TDT_Davi.
[30/06/2021 - 05:17:40] - * Davi.xxx deu alguma grana para TDT_Davi.
[30/06/2021 - 05:17:43] - * Davi.xxx deu alguma grana para TDT_Davi.
[30/06/2021 - 05:17:44] - * Davi.xxx deu alguma grana para TDT_Davi.
[30/06/2021 - 05:17:50] - * Davi.xxx deu alguma grana para TDT_Davi.
[30/06/2021 - 05:19:53] - * Di.xxxxx deu alguma grana para TDT_Davi.
[30/06/2021 - 05:19:54] - * Di.xxxxx deu alguma grana para TDT_Davi.
[30/06/2021 - 05:19:56] - * Di.xxxxx deu alguma grana para TDT_Davi.
[30/06/2021 - 05:19:57] - * Di.xxxxx deu alguma grana para TDT_Davi.
[30/06/2021 - 05:20:00] - * Di.xxxxx deu alguma grana para TDT_Davi.
[30/06/2021 - 05:20:01] - * Di.xxxxx deu alguma grana para TDT_Davi.
[30/06/2021 - 05:20:22] - * Vinicius_Russef deu alguma grana para texugo_gg.
[30/06/2021 - 05:20:23] - * Vinicius_Russef deu alguma grana para texugo_gg.
[30/06/2021 - 05:20:23] - * Vinicius_Russef deu alguma grana para texugo_gg.
[30/06/2021 - 05:20:24] - * Vinicius_Russef deu alguma grana para texugo_gg.
[30/06/2021 - 05:20:25] - * Vinicius_Russef deu alguma grana para texugo_gg.
[30/06/2021 - 05:20:25] - * Vinicius_Russef deu alguma grana para texugo_gg.
[30/06/2021 - 05:20:26] - * Vinicius_Russef deu alguma grana para texugo_gg.
[30/06/2021 - 05:20:30] - * Vinicius_Russef deu alguma grana para texugo_gg.
[30/06/2021 - 05:20:31] - * Vinicius_Russef deu alguma grana para texugo_gg.
[30/06/2021 - 05:20:32] - * Vinicius_Russef deu alguma grana para texugo_gg.
[30/06/2021 - 05:20:33] - * Vinicius_Russef deu alguma grana para texugo_gg.
[30/06/2021 - 05:20:34] - * Vinicius_Russef deu alguma grana para texugo_gg.
[30/06/2021 - 05:20:34] - * Vinicius_Russef deu alguma grana para texugo_gg.
[30/06/2021 - 05:20:35] - * Vinicius_Russef deu alguma grana para texugo_gg.
[30/06/2021 - 05:20:36] - * Vinicius_Russef deu alguma grana para texugo_gg.
[30/06/2021 - 05:20:36] - * Vinicius_Russef deu alguma grana para texugo_gg.
[30/06/2021 - 05:20:37] - * Vinicius_Russef deu alguma grana para texugo_gg.
[30/06/2021 - 05:20:38] - * Vinicius_Russef deu alguma grana para texugo_gg.
[30/06/2021 - 05:20:40] - * Vinicius_Russef deu alguma grana para texugo_gg.
[30/06/2021 - 05:20:41] - * Vinicius_Russef deu alguma grana para texugo_gg.
[30/06/2021 - 05:20:42] - * Vinicius_Russef deu alguma grana para texugo_gg.
[30/06/2021 - 05:20:43] - * Vinicius_Russef deu alguma grana para texugo_gg.
[30/06/2021 - 05:20:44] - * Vinicius_Russef deu alguma grana para texugo_gg.
[30/06/2021 - 05:20:44] - * Vinicius_Russef deu alguma grana para texugo_gg.
[30/06/2021 - 05:20:45] - * Vinicius_Russef deu alguma grana para texugo_gg.
[30/06/2021 - 05:20:49] - * Vinicius_Russef deu alguma grana para texugo_gg.
[30/06/2021 - 05:20:49] - * Vinicius_Russef deu alguma grana para texugo_gg.
[30/06/2021 - 05:20:50] - * Vinicius_Russef deu alguma grana para texugo_gg.
[30/06/2021 - 05:20:51] - * Vinicius_Russef deu alguma grana para texugo_gg.
[30/06/2021 - 05:20:52] - * Vinicius_Russef deu alguma grana para texugo_gg.
[30/06/2021 - 05:20:52] - * Vinicius_Russef deu alguma grana para texugo_gg.
[30/06/2021 - 05:20:53] - * Vinicius_Russef deu alguma grana para texugo_gg.
[30/06/2021 - 05:20:54] - * Vinicius_Russef deu alguma grana para texugo_gg.
[30/06/2021 - 05:20:55] - * Vinicius_Russef deu alguma grana para texugo_gg.
[30/06/2021 - 05:20:55] - * Vinicius_Russef deu alguma grana para texugo_gg.
[30/06/2021 - 05:20:56] - * Vinicius_Russef deu alguma grana para texugo_gg.
[30/06/2021 - 05:20:57] - * Vinicius_Russef deu alguma grana para texugo_gg.
[30/06/2021 - 05:20:57] - * Vinicius_Russef deu alguma grana para texugo_gg.
[30/06/2021 - 05:20:58] - * Vinicius_Russef deu alguma grana para texugo_gg.
[30/06/2021 - 05:20:59] - * Vinicius_Russef deu alguma grana para texugo_gg.
[30/06/2021 - 05:20:59] - * Vinicius_Russef deu alguma grana para texugo_gg.
[30/06/2021 - 05:21:00] - * Vinicius_Russef deu alguma grana para texugo_gg.
[30/06/2021 - 05:21:02] - * Vinicius_Russef deu alguma grana para texugo_gg.
[30/06/2021 - 05:21:11] - * Vinicius_Russef deu alguma grana para texugo_gg.
[30/06/2021 - 05:21:12] - * Vinicius_Russef deu alguma grana para texugo_gg.
[30/06/2021 - 05:21:13] - * Vinicius_Russef deu alguma grana para texugo_gg.
[30/06/2021 - 05:21:14] - * Vinicius_Russef deu alguma grana para texugo_gg.
[30/06/2021 - 05:21:14] - * Vinicius_Russef deu alguma grana para texugo_gg.
[30/06/2021 - 05:21:15] - * Vinicius_Russef deu alguma grana para texugo_gg.
[30/06/2021 - 05:21:16] - * Vinicius_Russef deu alguma grana para texugo_gg.
[30/06/2021 - 05:21:17] - * Vinicius_Russef deu alguma grana para texugo_gg.
[30/06/2021 - 05:21:18] - * Vinicius_Russef deu alguma grana para texugo_gg.
[30/06/2021 - 05:21:18] - * Vinicius_Russef deu alguma grana para texugo_gg.
[30/06/2021 - 05:21:20] - * Vinicius_Russef deu alguma grana para texugo_gg.
[30/06/2021 - 05:21:21] - * Vinicius_Russef deu alguma grana para texugo_gg.
[30/06/2021 - 05:21:22] - * Vinicius_Russef deu alguma grana para texugo_gg.
[30/06/2021 - 05:21:34] - * Vinicius_Russef deu alguma grana para texugo_gg.
[30/06/2021 - 05:21:35] - * Vinicius_Russef deu alguma grana para texugo_gg.
[30/06/2021 - 05:21:35] - * Vinicius_Russef deu alguma grana para texugo_gg.
[30/06/2021 - 05:21:36] - * Vinicius_Russef deu alguma grana para texugo_gg.
[30/06/2021 - 05:21:37] - * Vinicius_Russef deu alguma grana para texugo_gg.
[30/06/2021 - 05:21:37] - * Vinicius_Russef deu alguma grana para texugo_gg.
[30/06/2021 - 05:21:38] - * Vinicius_Russef deu alguma grana para texugo_gg.
[30/06/2021 - 05:21:40] - * Vinicius_Russef deu alguma grana para texugo_gg.
[30/06/2021 - 05:21:41] - * Vinicius_Russef deu alguma grana para texugo_gg.
[30/06/2021 - 05:21:42] - * Vinicius_Russef deu alguma grana para texugo_gg.
[30/06/2021 - 05:21:42] - * Vinicius_Russef deu alguma grana para texugo_gg.
[30/06/2021 - 05:21:43] - * Vinicius_Russef deu alguma grana para texugo_gg.
[30/06/2021 - 05:21:44] - * Vinicius_Russef deu alguma grana para texugo_gg.
[30/06/2021 - 05:21:44] - * Vinicius_Russef deu alguma grana para texugo_gg.
[30/06/2021 - 05:21:45] - * Vinicius_Russef deu alguma grana para texugo_gg.
[30/06/2021 - 05:21:46] - * Vinicius_Russef deu alguma grana para texugo_gg.
[30/06/2021 - 05:21:46] - * Vinicius_Russef deu alguma grana para texugo_gg.
[30/06/2021 - 05:21:47] - * Vinicius_Russef deu alguma grana para texugo_gg.
[30/06/2021 - 05:21:48] - * Vinicius_Russef deu alguma grana para texugo_gg.
[30/06/2021 - 05:21:48] - * Vinicius_Russef deu alguma grana para texugo_gg.
[30/06/2021 - 05:21:49] - * Vinicius_Russef deu alguma grana para texugo_gg.
[30/06/2021 - 05:21:50] - * Vinicius_Russef deu alguma grana para texugo_gg.
[30/06/2021 - 05:21:51] - * Vinicius_Russef deu alguma grana para texugo_gg.
[30/06/2021 - 05:21:52] - * Vinicius_Russef deu alguma grana para texugo_gg.
[30/06/2021 - 05:21:53] - * Vinicius_Russef deu alguma grana para texugo_gg.
[30/06/2021 - 05:21:54] - * Vinicius_Russef deu alguma grana para texugo_gg.
[30/06/2021 - 05:21:55] - * Vinicius_Russef deu alguma grana para texugo_gg.
[30/06/2021 - 05:21:55] - * Vinicius_Russef deu alguma grana para texugo_gg.
[30/06/2021 - 05:21:56] - * Vinicius_Russef deu alguma grana para texugo_gg.
[30/06/2021 - 05:21:57] - * Vinicius_Russef deu alguma grana para texugo_gg.
[30/06/2021 - 05:21:58] - * Vinicius_Russef deu alguma grana para texugo_gg.
[30/06/2021 - 05:21:58] - * Vinicius_Russef deu alguma grana para texugo_gg.
[30/06/2021 - 05:21:59] - * Vinicius_Russef deu alguma grana para texugo_gg.
[30/06/2021 - 05:22:00] - * Vinicius_Russef deu alguma grana para texugo_gg.
[30/06/2021 - 05:22:03] - * Vinicius_Russef deu alguma grana para texugo_gg.
[30/06/2021 - 05:22:04] - * Vinicius_Russef deu alguma grana para texugo_gg.
[30/06/2021 - 05:22:05] - * Vinicius_Russef deu alguma grana para texugo_gg.
[30/06/2021 - 05:22:06] - * Vinicius_Russef deu alguma grana para texugo_gg.
[30/06/2021 - 05:22:06] - * Vinicius_Russef deu alguma grana para texugo_gg.
[30/06/2021 - 05:22:07] - * Vinicius_Russef deu alguma grana para texugo_gg.
[30/06/2021 - 05:22:07] - * Vinicius_Russef deu alguma grana para texugo_gg.
[30/06/2021 - 05:22:08] - * Vinicius_Russef deu alguma grana para texugo_gg.
[30/06/2021 - 05:22:09] - * Vinicius_Russef deu alguma grana para texugo_gg.
[30/06/2021 - 05:22:09] - * Vinicius_Russef deu alguma grana para texugo_gg.
[30/06/2021 - 05:22:15] - * Vinicius_Russef deu alguma grana para texugo_gg.
[30/06/2021 - 05:22:16] - * Vinicius_Russef deu alguma grana para texugo_gg.
[30/06/2021 - 05:22:17] - * Vinicius_Russef deu alguma grana para texugo_gg.
[30/06/2021 - 05:22:17] - * Vinicius_Russef deu alguma grana para texugo_gg.
[30/06/2021 - 05:22:18] - * Vinicius_Russef deu alguma grana para texugo_gg.
[30/06/2021 - 05:22:19] - * Vinicius_Russef deu alguma grana para texugo_gg.
[30/06/2021 - 05:22:20] - * Vinicius_Russef deu alguma grana para texugo_gg.
[30/06/2021 - 05:22:20] - * Vinicius_Russef deu alguma grana para texugo_gg.
[30/06/2021 - 05:22:21] - * Vinicius_Russef deu alguma grana para texugo_gg.
[30/06/2021 - 05:22:22] - * Vinicius_Russef deu alguma grana para texugo_gg.
[30/06/2021 - 05:22:23] - * Vinicius_Russef deu alguma grana para texugo_gg.
[30/06/2021 - 05:22:24] - * Vinicius_Russef deu alguma grana para texugo_gg.
[30/06/2021 - 05:22:24] - * Vinicius_Russef deu alguma grana para texugo_gg.
[30/06/2021 - 05:22:25] - * Vinicius_Russef deu alguma grana para texugo_gg.
[30/06/2021 - 05:22:26] - * Vinicius_Russef deu alguma grana para texugo_gg.
[30/06/2021 - 05:22:26] - * Vinicius_Russef deu alguma grana para texugo_gg.
[30/06/2021 - 05:22:30] - * Vinicius_Russef deu alguma grana para texugo_gg.
[30/06/2021 - 05:22:31] - * Vinicius_Russef deu alguma grana para texugo_gg.
[30/06/2021 - 05:22:49] - * Vinicius_Russef deu alguma grana para texugo_gg.
[30/06/2021 - 05:22:49] - * Vinicius_Russef deu alguma grana para texugo_gg.
[30/06/2021 - 05:22:50] - * Vinicius_Russef deu alguma grana para texugo_gg.
[30/06/2021 - 05:22:51] - * Vinicius_Russef deu alguma grana para texugo_gg.
[30/06/2021 - 05:22:51] - * Vinicius_Russef deu alguma grana para texugo_gg.
[30/06/2021 - 05:22:52] - * Vinicius_Russef deu alguma grana para texugo_gg.
[30/06/2021 - 05:22:52] - * Vinicius_Russef deu alguma grana para texugo_gg.
[30/06/2021 - 05:22:53] - * Vinicius_Russef deu alguma grana para texugo_gg.
[30/06/2021 - 05:22:53] - * Vinicius_Russef deu alguma grana para texugo_gg.
[30/06/2021 - 05:22:54] - * Vinicius_Russef deu alguma grana para texugo_gg.
[30/06/2021 - 05:22:54] - * Vinicius_Russef deu alguma grana para texugo_gg.
[30/06/2021 - 05:22:55] - * Vinicius_Russef deu alguma grana para texugo_gg.
[30/06/2021 - 05:22:55] - * Vinicius_Russef deu alguma grana para texugo_gg.
[30/06/2021 - 05:22:57] - * Vinicius_Russef deu alguma grana para texugo_gg.
[30/06/2021 - 05:22:58] - * Vinicius_Russef deu alguma grana para texugo_gg.
[30/06/2021 - 05:22:58] - * Vinicius_Russef deu alguma grana para texugo_gg.
[30/06/2021 - 05:22:59] - * Vinicius_Russef deu alguma grana para texugo_gg.
[30/06/2021 - 05:22:59] - * Vinicius_Russef deu alguma grana para texugo_gg.
[30/06/2021 - 05:23:03] - * Vinicius_Russef deu alguma grana para texugo_gg.
[30/06/2021 - 05:23:03] - * Vinicius_Russef deu alguma grana para texugo_gg.
[30/06/2021 - 05:23:04] - * Vinicius_Russef deu alguma grana para texugo_gg.
[30/06/2021 - 05:23:05] - * Vinicius_Russef deu alguma grana para texugo_gg.
[30/06/2021 - 05:23:05] - * Vinicius_Russef deu alguma grana para texugo_gg.
[30/06/2021 - 05:23:06] - * Vinicius_Russef deu alguma grana para texugo_gg.
[30/06/2021 - 05:23:07] - * Vinicius_Russef deu alguma grana para texugo_gg.
[30/06/2021 - 05:23:07] - * davi_bn deu alguma grana para TDT_Davi.
[30/06/2021 - 05:23:07] - * Vinicius_Russef deu alguma grana para texugo_gg.
[30/06/2021 - 05:23:08] - * Vinicius_Russef deu alguma grana para texugo_gg.
[30/06/2021 - 05:23:08] - * Vinicius_Russef deu alguma grana para texugo_gg.
[30/06/2021 - 05:23:09] - * Vinicius_Russef deu alguma grana para texugo_gg.
[30/06/2021 - 05:23:10] - * Vinicius_Russef deu alguma grana para texugo_gg.
[30/06/2021 - 05:23:10] - * Vinicius_Russef deu alguma grana para texugo_gg.
[30/06/2021 - 05:23:11] - * Vinicius_Russef deu alguma grana para texugo_gg.
[30/06/2021 - 05:23:14] - * Vinicius_Russef deu alguma grana para texugo_gg.
[30/06/2021 - 05:23:14] - * davi_bn deu alguma grana para TDT_Davi.
[30/06/2021 - 05:23:15] - * davi_bn deu alguma grana para TDT_Davi.
[30/06/2021 - 05:23:17] - * davi_bn deu alguma grana para TDT_Davi.
[30/06/2021 - 05:23:18] - * davi_bn deu alguma grana para TDT_Davi.
[30/06/2021 - 05:23:19] - * davi_bn deu alguma grana para TDT_Davi.
[30/06/2021 - 05:23:39] - * Vinicius_Russef deu alguma grana para texugo_gg.
[30/06/2021 - 05:23:40] - * Vinicius_Russef deu alguma grana para texugo_gg.
[30/06/2021 - 05:23:41] - * Vinicius_Russef deu alguma grana para texugo_gg.
[30/06/2021 - 05:23:45] - * Vinicius_Russef deu alguma grana para texugo_gg.
[30/06/2021 - 05:23:47] - * Vinicius_Russef deu alguma grana para texugo_gg.
[30/06/2021 - 05:23:53] - * Vinicius_Russef deu alguma grana para texugo_gg.
[30/06/2021 - 05:23:55] - * Vinicius_Russef deu alguma grana para texugo_gg.
[30/06/2021 - 05:23:55] - * Vinicius_Russef deu alguma grana para texugo_gg.
[30/06/2021 - 05:23:56] - * Vinicius_Russef deu alguma grana para texugo_gg.
[30/06/2021 - 05:23:57] - * Vinicius_Russef deu alguma grana para texugo_gg.
[30/06/2021 - 05:23:57] - * Vinicius_Russef deu alguma grana para texugo_gg.
[30/06/2021 - 05:23:58] - * Vinicius_Russef deu alguma grana para texugo_gg.
[30/06/2021 - 05:23:59] - * Vinicius_Russef deu alguma grana para texugo_gg.
[30/06/2021 - 05:24:00] - * Vinicius_Russef deu alguma grana para texugo_gg.
[30/06/2021 - 05:24:00] - * Vinicius_Russef deu alguma grana para texugo_gg.
[30/06/2021 - 05:24:01] - * Vinicius_Russef deu alguma grana para texugo_gg.
[30/06/2021 - 05:24:02] - * Vinicius_Russef deu alguma grana para texugo_gg.
[30/06/2021 - 05:24:02] - * Vinicius_Russef deu alguma grana para texugo_gg.
[30/06/2021 - 05:24:03] - * Vinicius_Russef deu alguma grana para texugo_gg.
[30/06/2021 - 05:24:04] - * Vinicius_Russef deu alguma grana para texugo_gg.
[30/06/2021 - 05:24:04] - * Vinicius_Russef deu alguma grana para texugo_gg.
[30/06/2021 - 05:24:05] - * Vinicius_Russef deu alguma grana para texugo_gg.
[30/06/2021 - 05:24:05] - * Vinicius_Russef deu alguma grana para texugo_gg.
[30/06/2021 - 05:24:07] - * Vinicius_Russef deu alguma grana para texugo_gg.
[30/06/2021 - 05:24:09] - * Vinicius_Russef deu alguma grana para texugo_gg.
[30/06/2021 - 05:24:10] - * Vinicius_Russef deu alguma grana para texugo_gg.
[30/06/2021 - 05:24:11] - * Vinicius_Russef deu alguma grana para texugo_gg.
[30/06/2021 - 05:24:11] - * Vinicius_Russef deu alguma grana para texugo_gg.
[30/06/2021 - 05:24:12] - * Vinicius_Russef deu alguma grana para texugo_gg.
[30/06/2021 - 05:24:13] - * Vinicius_Russef deu alguma grana para texugo_gg.
[30/06/2021 - 05:24:14] - * Vinicius_Russef deu alguma grana para texugo_gg.
[30/06/2021 - 05:24:15] - * Vinicius_Russef deu alguma grana para texugo_gg.
[30/06/2021 - 05:24:16] - * Vinicius_Russef deu alguma grana para texugo_gg.
[30/06/2021 - 05:24:17] - * Vinicius_Russef deu alguma grana para texugo_gg.
[30/06/2021 - 05:24:18] - * Vinicius_Russef deu alguma grana para texugo_gg.
[30/06/2021 - 05:24:19] - * Vinicius_Russef deu alguma grana para texugo_gg.
[30/06/2021 - 05:24:19] - * Vinicius_Russef deu alguma grana para texugo_gg.
[30/06/2021 - 05:24:20] - * Vinicius_Russef deu alguma grana para texugo_gg.
[30/06/2021 - 05:24:21] - * Vinicius_Russef deu alguma grana para texugo_gg.
[30/06/2021 - 05:24:22] - * Vinicius_Russef deu alguma grana para texugo_gg.
[30/06/2021 - 05:24:23] - * Vinicius_Russef deu alguma grana para texugo_gg.
[30/06/2021 - 05:24:24] - * Vinicius_Russef deu alguma grana para texugo_gg.
[30/06/2021 - 05:24:24] - * Vinicius_Russef deu alguma grana para texugo_gg.
[30/06/2021 - 05:24:25] - * Vinicius_Russef deu alguma grana para texugo_gg.
[30/06/2021 - 05:24:26] - * Vinicius_Russef deu alguma grana para texugo_gg.
[30/06/2021 - 05:24:26] - * Vinicius_Russef deu alguma grana para texugo_gg.
[30/06/2021 - 05:24:27] - * Vinicius_Russef deu alguma grana para texugo_gg.
[30/06/2021 - 05:24:28] - * Vinicius_Russef deu alguma grana para texugo_gg.
[30/06/2021 - 05:24:28] - * Vinicius_Russef deu alguma grana para texugo_gg.
[30/06/2021 - 05:24:29] - * Vinicius_Russef deu alguma grana para texugo_gg.
[30/06/2021 - 05:24:33] - * Vinicius_Russef deu alguma grana para texugo_gg.
[30/06/2021 - 05:24:37] - * davi_bnghg deu alguma grana para TDT_Davi.
[30/06/2021 - 05:24:38] - * davi_bnghg deu alguma grana para TDT_Davi.
[30/06/2021 - 05:24:40] - * davi_bnghg deu alguma grana para TDT_Davi.
[30/06/2021 - 05:24:41] - * davi_bnghg deu alguma grana para TDT_Davi.
[30/06/2021 - 05:24:42] - * davi_bnghg deu alguma grana para TDT_Davi.
[30/06/2021 - 05:24:43] - * davi_bnghg deu alguma grana para TDT_Davi.
[30/06/2021 - 05:24:48] - * Vinicius_Russef deu alguma grana para texugo_gg.
[30/06/2021 - 05:25:00] - * Vinicius_Russef deu alguma grana para texugo_gg.
[30/06/2021 - 05:25:01] - * Vinicius_Russef deu alguma grana para texugo_gg.
[30/06/2021 - 05:25:02] - * Vinicius_Russef deu alguma grana para texugo_gg.
[30/06/2021 - 05:25:02] - * Vinicius_Russef deu alguma grana para texugo_gg.
[30/06/2021 - 05:25:03] - * Vinicius_Russef deu alguma grana para texugo_gg.
[30/06/2021 - 05:25:04] - * Vinicius_Russef deu alguma grana para texugo_gg.
[30/06/2021 - 05:25:04] - * Vinicius_Russef deu alguma grana para texugo_gg.
[30/06/2021 - 05:25:05] - * Vinicius_Russef deu alguma grana para texugo_gg.
[30/06/2021 - 05:25:12] - * Vinicius_Russef deu alguma grana para texugo_gg.
[30/06/2021 - 05:25:13] - * Vinicius_Russef deu alguma grana para texugo_gg.
[30/06/2021 - 05:26:01] - * davi_bng deu alguma grana para TDT_Davi.
[30/06/2021 - 05:26:04] - * davi_bng deu alguma grana para TDT_Davi.
[30/06/2021 - 05:26:05] - * davi_bng deu alguma grana para TDT_Davi.
[30/06/2021 - 05:26:05] - * davi_bng deu alguma grana para TDT_Davi.
[30/06/2021 - 05:26:07] - * davi_bng deu alguma grana para TDT_Davi.
[30/06/2021 - 05:26:08] - * davi_bng deu alguma grana para TDT_Davi.
[30/06/2021 - 05:27:34] - * texugo_gg deu alguma grana para cidnei_elementos.
[30/06/2021 - 05:27:37] - * texugo_gg deu alguma grana para cidnei_elementos.
[30/06/2021 - 05:27:38] - * texugo_gg deu alguma grana para cidnei_elementos.
[30/06/2021 - 05:27:43] - * texugo_gg deu alguma grana para cidnei_elementos.
[30/06/2021 - 05:27:44] - * texugo_gg deu alguma grana para cidnei_elementos.
[30/06/2021 - 05:27:46] - * texugo_gg deu alguma grana para cidnei_elementos.
[30/06/2021 - 05:27:47] - * texugo_gg deu alguma grana para cidnei_elementos.
[30/06/2021 - 05:27:48] - * texugo_gg deu alguma grana para cidnei_elementos.
[30/06/2021 - 05:27:49] - * texugo_gg deu alguma grana para cidnei_elementos.
[30/06/2021 - 05:27:50] - * texugo_gg deu alguma grana para cidnei_elementos.
[30/06/2021 - 05:27:51] - * texugo_gg deu alguma grana para cidnei_elementos.
[30/06/2021 - 05:27:52] - * texugo_gg deu alguma grana para cidnei_elementos.
[30/06/2021 - 05:27:53] - * texugo_gg deu alguma grana para cidnei_elementos.
[30/06/2021 - 05:27:54] - * texugo_gg deu alguma grana para cidnei_elementos.
[30/06/2021 - 05:27:56] - * texugo_gg deu alguma grana para cidnei_elementos.
[30/06/2021 - 05:27:58] - * texugo_gg deu alguma grana para cidnei_elementos.
[30/06/2021 - 05:28:29] - * Vinicius_Russef deu alguma grana para TDT_Davi.
[30/06/2021 - 05:28:30] - * Vinicius_Russef deu alguma grana para TDT_Davi.
[30/06/2021 - 05:28:30] - * Vinicius_Russef deu alguma grana para TDT_Davi.
[30/06/2021 - 05:28:31] - * Vinicius_Russef deu alguma grana para TDT_Davi.
[30/06/2021 - 05:28:31] - * Vinicius_Russef deu alguma grana para TDT_Davi.
[30/06/2021 - 05:28:32] - * Vinicius_Russef deu alguma grana para TDT_Davi.
[30/06/2021 - 05:28:32] - * Vinicius_Russef deu alguma grana para TDT_Davi.
[30/06/2021 - 05:28:33] - * Vinicius_Russef deu alguma grana para TDT_Davi.
[30/06/2021 - 05:28:33] - * Vinicius_Russef deu alguma grana para TDT_Davi.
[30/06/2021 - 05:28:34] - * Vinicius_Russef deu alguma grana para TDT_Davi.
[30/06/2021 - 05:28:35] - * Vinicius_Russef deu alguma grana para TDT_Davi.
[30/06/2021 - 05:28:35] - * Vinicius_Russef deu alguma grana para TDT_Davi.
[30/06/2021 - 05:28:36] - * Vinicius_Russef deu alguma grana para TDT_Davi.
[30/06/2021 - 05:28:36] - * Vinicius_Russef deu alguma grana para TDT_Davi.
[30/06/2021 - 05:28:37] - * Vinicius_Russef deu alguma grana para TDT_Davi.
[30/06/2021 - 05:28:37] - * Vinicius_Russef deu alguma grana para TDT_Davi.
[30/06/2021 - 05:28:38] - * Vinicius_Russef deu alguma grana para TDT_Davi.
[30/06/2021 - 05:28:39] - * Vinicius_Russef deu alguma grana para TDT_Davi.
[30/06/2021 - 05:28:39] - * Vinicius_Russef deu alguma grana para TDT_Davi.
[30/06/2021 - 05:28:40] - * Vinicius_Russef deu alguma grana para TDT_Davi.
[30/06/2021 - 05:28:41] - * Vinicius_Russef deu alguma grana para TDT_Davi.
[30/06/2021 - 05:28:41] - * Vinicius_Russef deu alguma grana para TDT_Davi.
[30/06/2021 - 05:28:42] - * Vinicius_Russef deu alguma grana para TDT_Davi.
[30/06/2021 - 05:28:45] - * Vinicius_Russef deu alguma grana para TDT_Davi.
[30/06/2021 - 05:28:46] - * Vinicius_Russef deu alguma grana para TDT_Davi.
[30/06/2021 - 05:28:46] - * Vinicius_Russef deu alguma grana para TDT_Davi.
[30/06/2021 - 05:28:47] - * Vinicius_Russef deu alguma grana para TDT_Davi.
[30/06/2021 - 05:28:47] - * Vinicius_Russef deu alguma grana para TDT_Davi.
[30/06/2021 - 05:28:49] - * Vinicius_Russef deu alguma grana para TDT_Davi.
[30/06/2021 - 05:28:50] - * Vinicius_Russef deu alguma grana para TDT_Davi.
[30/06/2021 - 05:28:51] - * Vinicius_Russef deu alguma grana para TDT_Davi.
[30/06/2021 - 05:28:51] - * Vinicius_Russef deu alguma grana para TDT_Davi.
[30/06/2021 - 05:29:02] - * Vinicius_Russef deu alguma grana para davi_bngnvv.
[30/06/2021 - 05:29:03] - * Vinicius_Russef deu alguma grana para davi_bngnvv.
[30/06/2021 - 05:29:03] - * Vinicius_Russef deu alguma grana para davi_bngnvv.
[30/06/2021 - 05:29:04] - * Vinicius_Russef deu alguma grana para davi_bngnvv.
[30/06/2021 - 05:29:04] - * Vinicius_Russef deu alguma grana para davi_bngnvv.
[30/06/2021 - 05:29:05] - * Vinicius_Russef deu alguma grana para davi_bngnvv.
[30/06/2021 - 05:29:06] - * Vinicius_Russef deu alguma grana para davi_bngnvv.
[30/06/2021 - 05:29:06] - * Vinicius_Russef deu alguma grana para davi_bngnvv.
[30/06/2021 - 05:29:07] - * Vinicius_Russef deu alguma grana para davi_bngnvv.
[30/06/2021 - 05:29:07] - * Vinicius_Russef deu alguma grana para davi_bngnvv.
[30/06/2021 - 05:29:08] - * Vinicius_Russef deu alguma grana para davi_bngnvv.
[30/06/2021 - 05:29:09] - * Vinicius_Russef deu alguma grana para davi_bngnvv.
[30/06/2021 - 05:29:37] - * davi_bngnvv deu alguma grana para TDT_Davi.
[30/06/2021 - 05:29:56] - * davi_bngnvv deu alguma grana para TDT_Davi.
[30/06/2021 - 05:29:58] - * davi_bngnvv deu alguma grana para TDT_Davi.
[30/06/2021 - 05:29:59] - * davi_bngnvv deu alguma grana para TDT_Davi.
[30/06/2021 - 05:30:01] - * davi_bngnvv deu alguma grana para TDT_Davi.
[30/06/2021 - 05:30:03] - * davi_bngnvv deu alguma grana para TDT_Davi.
[30/06/2021 - 05:30:04] - * davi_bngnvv deu alguma grana para TDT_Davi.
[30/06/2021 - 05:30:07] - * davi_bngnvv deu alguma grana para TDT_Davi.
[30/06/2021 - 05:30:09] - * davi_bngnvv deu alguma grana para TDT_Davi.
[30/06/2021 - 05:30:11] - * davi_bngnvv deu alguma grana para TDT_Davi.
[30/06/2021 - 05:30:14] - * davi_bngnvv deu alguma grana para TDT_Davi.
[30/06/2021 - 05:30:15] - * davi_bngnvv deu alguma grana para TDT_Davi.
[30/06/2021 - 05:30:16] - * davi_bngnvv deu alguma grana para TDT_Davi.
[30/06/2021 - 05:30:17] - * davi_bngnvv deu alguma grana para TDT_Davi.
[30/06/2021 - 05:30:18] - * davi_bngnvv deu alguma grana para TDT_Davi.
[30/06/2021 - 05:30:18] - * davi_bngnvv deu alguma grana para TDT_Davi.
[30/06/2021 - 05:30:19] - * davi_bngnvv deu alguma grana para TDT_Davi.
[30/06/2021 - 05:30:20] - * davi_bngnvv deu alguma grana para TDT_Davi.
[30/06/2021 - 05:30:25] - * davi_bngnvv deu alguma grana para TDT_Davi.
[30/06/2021 - 12:52:17] - * Fumassa deu alguma grana para Wagner_Barbosa.
[30/06/2021 - 14:15:21] - * Terrorista_Mobile deu alguma grana para Haridade.
[30/06/2021 - 14:15:25] - * Terrorista_Mobile deu alguma grana para Haridade.
[30/06/2021 - 15:22:52] - * Victor_Insanity deu alguma grana para Pedrin_..
[30/06/2021 - 15:32:19] - * KPZIN_EXE deu alguma grana para CHAPAX_FXL.
[30/06/2021 - 15:38:03] - * Kauan_Santos deu alguma grana para Pedrin_..
[30/06/2021 - 15:51:48] - * Kauan_Santos deu alguma grana para Romeo_fj.
[30/06/2021 - 16:10:56] - * KPZIN_EXE deu alguma grana para Haridade.
[30/06/2021 - 16:11:04] - * KPZIN_EXE deu alguma grana para Haridade.
[30/06/2021 - 16:11:07] - * KPZIN_EXE deu alguma grana para Haridade.
[30/06/2021 - 16:11:08] - * KPZIN_EXE deu alguma grana para Haridade.
[30/06/2021 - 16:11:09] - * KPZIN_EXE deu alguma grana para Haridade.
[30/06/2021 - 16:11:11] - * KPZIN_EXE deu alguma grana para Haridade.
[30/06/2021 - 16:11:12] - * KPZIN_EXE deu alguma grana para Haridade.
[30/06/2021 - 16:11:13] - * KPZIN_EXE deu alguma grana para Haridade.
[30/06/2021 - 16:11:15] - * KPZIN_EXE deu alguma grana para Haridade.
[30/06/2021 - 16:11:16] - * KPZIN_EXE deu alguma grana para Haridade.
[30/06/2021 - 16:11:17] - * KPZIN_EXE deu alguma grana para Haridade.
[30/06/2021 - 16:11:18] - * KPZIN_EXE deu alguma grana para Haridade.
[30/06/2021 - 16:11:19] - * KPZIN_EXE deu alguma grana para Haridade.
[30/06/2021 - 16:11:20] - * KPZIN_EXE deu alguma grana para Haridade.
[30/06/2021 - 16:11:21] - * KPZIN_EXE deu alguma grana para Haridade.
[30/06/2021 - 16:11:23] - * KPZIN_EXE deu alguma grana para Haridade.
[30/06/2021 - 16:11:26] - * KPZIN_EXE deu alguma grana para Haridade.
[30/06/2021 - 16:11:28] - * KPZIN_EXE deu alguma grana para Haridade.
[30/06/2021 - 16:11:29] - * KPZIN_EXE deu alguma grana para Haridade.
[30/06/2021 - 16:11:31] - * KPZIN_EXE deu alguma grana para Haridade.
[30/06/2021 - 16:19:14] - * Kira_Do_Moster deu alguma grana para KPZIN_EXE.
[30/06/2021 - 16:51:25] - * Fumassa deu alguma grana para Vinicius_Santos.
[30/06/2021 - 17:25:34] - * SMOKE_ZX deu alguma grana para katchau_sad.
[30/06/2021 - 18:08:45] - ADMIN CMD: O Admin Vgzinn está dando R$20000 para SMOKE_ZX.
[30/06/2021 - 19:21:44] - * KABUTO_TRALHA deu alguma grana para jc04.
[30/06/2021 - 19:58:44] - ADMIN CMD: O Admin Vgzinn está dando R$1000000 para Vinicius_Russef.
[30/06/2021 - 20:04:46] - * Vinicius_Russef deu alguma grana para FK_LUFFY.
[30/06/2021 - 20:04:48] - * Vinicius_Russef deu alguma grana para FK_LUFFY.
[30/06/2021 - 20:04:54] - * Vinicius_Russef deu alguma grana para FK_LUFFY.
[30/06/2021 - 20:04:55] - * Vinicius_Russef deu alguma grana para FK_LUFFY.
[30/06/2021 - 20:04:56] - * Vinicius_Russef deu alguma grana para FK_LUFFY.
[30/06/2021 - 20:04:59] - * Vinicius_Russef deu alguma grana para FK_LUFFY.
[30/06/2021 - 20:05:48] - * Vinicius_Russef deu alguma grana para VULGO_BK.
[30/06/2021 - 20:05:49] - * Vinicius_Russef deu alguma grana para VULGO_BK.
[30/06/2021 - 20:05:53] - * Vinicius_Russef deu alguma grana para VULGO_BK.
[30/06/2021 - 20:05:54] - * Vinicius_Russef deu alguma grana para VULGO_BK.
[30/06/2021 - 20:05:55] - * Vinicius_Russef deu alguma grana para VULGO_BK.
[30/06/2021 - 20:05:57] - * Vinicius_Russef deu alguma grana para VULGO_BK.
[30/06/2021 - 20:06:35] - * Vinicius_Russef deu alguma grana para Surtado_ff.
[30/06/2021 - 20:06:36] - * Vinicius_Russef deu alguma grana para Surtado_ff.
[30/06/2021 - 20:06:42] - * Vinicius_Russef deu alguma grana para Surtado_ff.
[30/06/2021 - 20:06:43] - * Vinicius_Russef deu alguma grana para Surtado_ff.
[30/06/2021 - 20:06:45] - * Vinicius_Russef deu alguma grana para Surtado_ff.
[30/06/2021 - 20:06:46] - * Vinicius_Russef deu alguma grana para Surtado_ff.
[30/06/2021 - 20:07:37] - * Vinicius_Russef deu alguma grana para SMOKE_ZX.
[30/06/2021 - 20:07:37] - * Vinicius_Russef deu alguma grana para SMOKE_ZX.
[30/06/2021 - 20:07:42] - * Vinicius_Russef deu alguma grana para SMOKE_ZX.
[30/06/2021 - 20:07:43] - * Vinicius_Russef deu alguma grana para SMOKE_ZX.
[30/06/2021 - 20:07:44] - * Vinicius_Russef deu alguma grana para SMOKE_ZX.
[30/06/2021 - 20:07:45] - * Vinicius_Russef deu alguma grana para SMOKE_ZX.
[30/06/2021 - 20:09:18] - * Vinicius_Russef deu alguma grana para KABUTO_TRALHA.
[30/06/2021 - 20:09:19] - * Vinicius_Russef deu alguma grana para KABUTO_TRALHA.
[30/06/2021 - 20:09:23] - * Vinicius_Russef deu alguma grana para KABUTO_TRALHA.
[30/06/2021 - 20:09:24] - * Vinicius_Russef deu alguma grana para KABUTO_TRALHA.
[30/06/2021 - 20:09:25] - * Vinicius_Russef deu alguma grana para KABUTO_TRALHA.
[30/06/2021 - 20:09:27] - * Vinicius_Russef deu alguma grana para KABUTO_TRALHA.
[30/06/2021 - 20:10:27] - * Vinicius_Russef deu alguma grana para Victor_Insanity.
[30/06/2021 - 20:10:28] - * Vinicius_Russef deu alguma grana para Victor_Insanity.
[30/06/2021 - 20:10:32] - * Vinicius_Russef deu alguma grana para Victor_Insanity.
[30/06/2021 - 20:10:34] - * Vinicius_Russef deu alguma grana para Victor_Insanity.
[30/06/2021 - 20:10:35] - * Vinicius_Russef deu alguma grana para Victor_Insanity.
[30/06/2021 - 20:10:37] - * Vinicius_Russef deu alguma grana para Victor_Insanity.
[30/06/2021 - 20:11:34] - * Vinicius_Russef deu alguma grana para Riquelme_Emanuel.
[30/06/2021 - 20:11:35] - * Vinicius_Russef deu alguma grana para Riquelme_Emanuel.
[30/06/2021 - 20:11:38] - * Vinicius_Russef deu alguma grana para Riquelme_Emanuel.
[30/06/2021 - 20:11:40] - * Vinicius_Russef deu alguma grana para Riquelme_Emanuel.
[30/06/2021 - 20:11:42] - * Vinicius_Russef deu alguma grana para Riquelme_Emanuel.
[30/06/2021 - 20:12:21] - * Vinicius_Russef deu alguma grana para LIPINHO.
[30/06/2021 - 20:12:22] - * Vinicius_Russef deu alguma grana para LIPINHO.
[30/06/2021 - 20:12:25] - * Vinicius_Russef deu alguma grana para LIPINHO.
[30/06/2021 - 20:12:26] - * Vinicius_Russef deu alguma grana para LIPINHO.
[30/06/2021 - 20:12:28] - * Vinicius_Russef deu alguma grana para LIPINHO.
[30/06/2021 - 20:12:30] - * Vinicius_Russef deu alguma grana para LIPINHO.
[30/06/2021 - 20:12:45] - * Vinicius_Russef deu alguma grana para LIPINHO.
[30/06/2021 - 20:13:32] - * Vinicius_Russef deu alguma grana para jaozinho.
[30/06/2021 - 20:13:34] - * Vinicius_Russef deu alguma grana para jaozinho.
[30/06/2021 - 20:13:38] - * Vinicius_Russef deu alguma grana para jaozinho.
[30/06/2021 - 20:13:39] - * Vinicius_Russef deu alguma grana para jaozinho.
[30/06/2021 - 20:13:41] - * Vinicius_Russef deu alguma grana para jaozinho.
[30/06/2021 - 20:13:43] - * Vinicius_Russef deu alguma grana para jaozinho.
[30/06/2021 - 20:14:19] - * Vinicius_Russef deu alguma grana para leandro_lara.
[30/06/2021 - 20:14:21] - * Vinicius_Russef deu alguma grana para leandro_lara.
[30/06/2021 - 20:14:27] - * Vinicius_Russef deu alguma grana para leandro_lara.
[30/06/2021 - 20:14:29] - * Vinicius_Russef deu alguma grana para leandro_lara.
[30/06/2021 - 20:14:31] - * Vinicius_Russef deu alguma grana para leandro_lara.
[30/06/2021 - 20:14:33] - * Vinicius_Russef deu alguma grana para leandro_lara.
[30/06/2021 - 20:15:50] - LIPE_EXE comprou armas por R$1060 na empresa 0
[30/06/2021 - 20:25:13] - * SMOKE_ZX deu alguma grana para LIPE_EXE.
[30/06/2021 - 20:25:13] - * SMOKE_ZX deu alguma grana para LIPE_EXE.
[30/06/2021 - 20:25:13] - * SMOKE_ZX deu alguma grana para LIPE_EXE.
[30/06/2021 - 20:25:14] - * SMOKE_ZX deu alguma grana para LIPE_EXE.
[30/06/2021 - 20:25:14] - * SMOKE_ZX deu alguma grana para LIPE_EXE.
[30/06/2021 - 20:25:14] - * SMOKE_ZX deu alguma grana para LIPE_EXE.
[30/06/2021 - 20:25:15] - * SMOKE_ZX deu alguma grana para LIPE_EXE.
[30/06/2021 - 20:25:15] - * SMOKE_ZX deu alguma grana para LIPE_EXE.
[30/06/2021 - 20:25:15] - * SMOKE_ZX deu alguma grana para LIPE_EXE.
[30/06/2021 - 20:25:16] - * SMOKE_ZX deu alguma grana para LIPE_EXE.
[30/06/2021 - 20:25:16] - * SMOKE_ZX deu alguma grana para LIPE_EXE.
[30/06/2021 - 20:25:16] - * SMOKE_ZX deu alguma grana para LIPE_EXE.
[30/06/2021 - 20:25:17] - * SMOKE_ZX deu alguma grana para LIPE_EXE.
[30/06/2021 - 20:25:17] - * SMOKE_ZX deu alguma grana para LIPE_EXE.
[30/06/2021 - 20:25:17] - * SMOKE_ZX deu alguma grana para LIPE_EXE.
[30/06/2021 - 20:25:18] - * SMOKE_ZX deu alguma grana para LIPE_EXE.
[30/06/2021 - 20:25:18] - * SMOKE_ZX deu alguma grana para LIPE_EXE.
[30/06/2021 - 20:25:18] - * SMOKE_ZX deu alguma grana para LIPE_EXE.
[30/06/2021 - 20:25:19] - * SMOKE_ZX deu alguma grana para LIPE_EXE.
[30/06/2021 - 20:25:19] - * SMOKE_ZX deu alguma grana para LIPE_EXE.
[30/06/2021 - 20:25:19] - * SMOKE_ZX deu alguma grana para LIPE_EXE.
[30/06/2021 - 20:25:20] - * SMOKE_ZX deu alguma grana para LIPE_EXE.
[30/06/2021 - 20:25:20] - * KABUTO_TRALHA deu alguma grana para LIPE_EXE.
[30/06/2021 - 20:25:20] - * SMOKE_ZX deu alguma grana para LIPE_EXE.
[30/06/2021 - 20:25:20] - * SMOKE_ZX deu alguma grana para LIPE_EXE.
[30/06/2021 - 20:25:21] - * SMOKE_ZX deu alguma grana para LIPE_EXE.
[30/06/2021 - 20:25:21] - * SMOKE_ZX deu alguma grana para LIPE_EXE.
[30/06/2021 - 20:25:21] - * SMOKE_ZX deu alguma grana para LIPE_EXE.
[30/06/2021 - 20:25:22] - * SMOKE_ZX deu alguma grana para LIPE_EXE.
[30/06/2021 - 20:25:22] - * SMOKE_ZX deu alguma grana para LIPE_EXE.
[30/06/2021 - 20:25:22] - * SMOKE_ZX deu alguma grana para LIPE_EXE.
[30/06/2021 - 20:25:22] - * SMOKE_ZX deu alguma grana para LIPE_EXE.
[30/06/2021 - 20:25:22] - * KABUTO_TRALHA deu alguma grana para LIPE_EXE.
[30/06/2021 - 20:25:23] - * SMOKE_ZX deu alguma grana para LIPE_EXE.
[30/06/2021 - 20:25:23] - * SMOKE_ZX deu alguma grana para LIPE_EXE.
[30/06/2021 - 20:25:23] - * SMOKE_ZX deu alguma grana para LIPE_EXE.
[30/06/2021 - 20:25:24] - * SMOKE_ZX deu alguma grana para LIPE_EXE.
[30/06/2021 - 20:25:24] - * KABUTO_TRALHA deu alguma grana para LIPE_EXE.
[30/06/2021 - 20:25:24] - * SMOKE_ZX deu alguma grana para LIPE_EXE.
[30/06/2021 - 20:25:24] - * SMOKE_ZX deu alguma grana para LIPE_EXE.
[30/06/2021 - 20:25:25] - * SMOKE_ZX deu alguma grana para LIPE_EXE.
[30/06/2021 - 20:25:25] - * KABUTO_TRALHA deu alguma grana para LIPE_EXE.
[30/06/2021 - 20:25:25] - * SMOKE_ZX deu alguma grana para LIPE_EXE.
[30/06/2021 - 20:25:26] - * KABUTO_TRALHA deu alguma grana para LIPE_EXE.
[30/06/2021 - 20:25:27] - * KABUTO_TRALHA deu alguma grana para LIPE_EXE.
[30/06/2021 - 20:25:33] - * SMOKE_ZX deu alguma grana para LIPE_EXE.
[30/06/2021 - 20:25:34] - * SMOKE_ZX deu alguma grana para LIPE_EXE.
[30/06/2021 - 20:25:34] - * SMOKE_ZX deu alguma grana para LIPE_EXE.
[30/06/2021 - 20:25:34] - * SMOKE_ZX deu alguma grana para LIPE_EXE.
[30/06/2021 - 20:25:35] - * SMOKE_ZX deu alguma grana para LIPE_EXE.
[30/06/2021 - 20:25:35] - * SMOKE_ZX deu alguma grana para LIPE_EXE.
[30/06/2021 - 20:25:36] - * SMOKE_ZX deu alguma grana para LIPE_EXE.
[30/06/2021 - 20:25:36] - * SMOKE_ZX deu alguma grana para LIPE_EXE.
[30/06/2021 - 20:25:36] - * SMOKE_ZX deu alguma grana para LIPE_EXE.
[30/06/2021 - 20:25:37] - * SMOKE_ZX deu alguma grana para LIPE_EXE.
[30/06/2021 - 20:25:37] - * SMOKE_ZX deu alguma grana para LIPE_EXE.
[30/06/2021 - 21:16:21] - * Terrorista_Mobile deu alguma grana para sharinrp.
[30/06/2021 - 21:19:44] - * KABUTO_TRALHA deu alguma grana para sharinrp.
[30/06/2021 - 21:19:47] - * KABUTO_TRALHA deu alguma grana para sharinrp.
[30/06/2021 - 21:19:55] - * KABUTO_TRALHA deu alguma grana para sharinrp.
[30/06/2021 - 21:19:58] - * SMOKE_ZX deu alguma grana para sharinrp.
[30/06/2021 - 21:19:59] - * SMOKE_ZX deu alguma grana para sharinrp.
[30/06/2021 - 21:19:59] - * SMOKE_ZX deu alguma grana para sharinrp.
[30/06/2021 - 21:19:59] - * SMOKE_ZX deu alguma grana para sharinrp.
[30/06/2021 - 21:20:00] - * SMOKE_ZX deu alguma grana para sharinrp.
[30/06/2021 - 21:20:00] - * SMOKE_ZX deu alguma grana para sharinrp.
[30/06/2021 - 21:20:00] - * SMOKE_ZX deu alguma grana para sharinrp.
[30/06/2021 - 21:20:11] - * SMOKE_ZX deu alguma grana para sharinrp.
[30/06/2021 - 21:20:11] - * SMOKE_ZX deu alguma grana para sharinrp.
[30/06/2021 - 21:20:12] - * SMOKE_ZX deu alguma grana para sharinrp.
[30/06/2021 - 21:54:02] - * Kauan_Santos deu alguma grana para Carlos_Sales.
[30/06/2021 - 22:43:24] - * katchau_sad deu alguma grana para GT4zin_RP.
[30/06/2021 - 22:43:26] - * katchau_sad deu alguma grana para GT4zin_RP.
[30/06/2021 - 22:43:34] - * katchau_sad deu alguma grana para GT4zin_RP.
[30/06/2021 - 22:43:43] - * katchau_sad deu alguma grana para GT4zin_RP.
[30/06/2021 - 22:43:56] - * katchau_sad deu alguma grana para GT4zin_RP.
[30/06/2021 - 22:44:13] - * katchau_sad deu alguma grana para GT4zin_RP.
[30/06/2021 - 22:44:20] - * katchau_sad deu alguma grana para GT4zin_RP.
[30/06/2021 - 22:44:28] - * katchau_sad deu alguma grana para GT4zin_RP.
[30/06/2021 - 22:44:37] - * katchau_sad deu alguma grana para GT4zin_RP.
[30/06/2021 - 22:44:47] - * katchau_sad deu alguma grana para GT4zin_RP.
[30/06/2021 - 22:44:55] - * katchau_sad deu alguma grana para GT4zin_RP.
[30/06/2021 - 22:45:00] - * katchau_sad deu alguma grana para GT4zin_RP.
[30/06/2021 - 22:45:06] - * katchau_sad deu alguma grana para GT4zin_RP.
[30/06/2021 - 22:45:11] - * katchau_sad deu alguma grana para GT4zin_RP.
[30/06/2021 - 22:45:17] - * katchau_sad deu alguma grana para GT4zin_RP.
[30/06/2021 - 22:45:24] - * katchau_sad deu alguma grana para GT4zin_RP.
[30/06/2021 - 22:45:32] - * katchau_sad deu alguma grana para GT4zin_RP.
[30/06/2021 - 22:45:37] - * katchau_sad deu alguma grana para GT4zin_RP.
[30/06/2021 - 22:45:43] - * katchau_sad deu alguma grana para GT4zin_RP.
[30/06/2021 - 22:45:58] - * katchau_sad deu alguma grana para GT4zin_RP.
[30/06/2021 - 22:46:04] - * katchau_sad deu alguma grana para GT4zin_RP.
[30/06/2021 - 23:33:28] - * Lucas_Barcas deu alguma grana para KABUTO_TRALHA.
[30/06/2021 - 23:33:30] - * Lucas_Barcas deu alguma grana para KABUTO_TRALHA.
[30/06/2021 - 23:33:31] - * Lucas_Barcas deu alguma grana para KABUTO_TRALHA.
[30/06/2021 - 23:33:32] - * Lucas_Barcas deu alguma grana para KABUTO_TRALHA.
[30/06/2021 - 23:33:33] - * Lucas_Barcas deu alguma grana para KABUTO_TRALHA.
[30/06/2021 - 23:33:37] - * Lucas_Barcas deu alguma grana para KABUTO_TRALHA.
[30/06/2021 - 23:33:38] - * Lucas_Barcas deu alguma grana para KABUTO_TRALHA.
[30/06/2021 - 23:33:39] - * Lucas_Barcas deu alguma grana para KABUTO_TRALHA.
[30/06/2021 - 23:33:40] - * Lucas_Barcas deu alguma grana para KABUTO_TRALHA.
[30/06/2021 - 23:33:41] - * Lucas_Barcas deu alguma grana para KABUTO_TRALHA.
[30/06/2021 - 23:33:41] - * Lucas_Barcas deu alguma grana para KABUTO_TRALHA.
[30/06/2021 - 23:33:42] - * Lucas_Barcas deu alguma grana para KABUTO_TRALHA.
[30/06/2021 - 23:33:43] - * Lucas_Barcas deu alguma grana para KABUTO_TRALHA.
[30/06/2021 - 23:33:44] - * Lucas_Barcas deu alguma grana para KABUTO_TRALHA.
[30/06/2021 - 23:33:45] - * Lucas_Barcas deu alguma grana para KABUTO_TRALHA.
[30/06/2021 - 23:33:45] - * Lucas_Barcas deu alguma grana para KABUTO_TRALHA.
[30/06/2021 - 23:33:46] - * Lucas_Barcas deu alguma grana para KABUTO_TRALHA.
[30/06/2021 - 23:33:47] - * Lucas_Barcas deu alguma grana para KABUTO_TRALHA.
[30/06/2021 - 23:33:48] - * Lucas_Barcas deu alguma grana para KABUTO_TRALHA.
[30/06/2021 - 23:33:49] - * Lucas_Barcas deu alguma grana para KABUTO_TRALHA.
[30/06/2021 - 23:33:50] - * Lucas_Barcas deu alguma grana para KABUTO_TRALHA.
[30/06/2021 - 23:33:51] - * Lucas_Barcas deu alguma grana para KABUTO_TRALHA.
[30/06/2021 - 23:33:52] - * Lucas_Barcas deu alguma grana para KABUTO_TRALHA.
[30/06/2021 - 23:33:54] - * Lucas_Barcas deu alguma grana para KABUTO_TRALHA.
[30/06/2021 - 23:33:55] - * Lucas_Barcas deu alguma grana para KABUTO_TRALHA.
[30/06/2021 - 23:33:56] - * Lucas_Barcas deu alguma grana para KABUTO_TRALHA.
[30/06/2021 - 23:33:57] - * Lucas_Barcas deu alguma grana para KABUTO_TRALHA.
[30/06/2021 - 23:33:57] - * Lucas_Barcas deu alguma grana para KABUTO_TRALHA.
[30/06/2021 - 23:33:58] - * Lucas_Barcas deu alguma grana para KABUTO_TRALHA.
[30/06/2021 - 23:33:59] - * Lucas_Barcas deu alguma grana para KABUTO_TRALHA.
[30/06/2021 - 23:34:01] - * Lucas_Barcas deu alguma grana para KABUTO_TRALHA.
[30/06/2021 - 23:34:03] - * Lucas_Barcas deu alguma grana para KABUTO_TRALHA.
[30/06/2021 - 23:34:04] - * Lucas_Barcas deu alguma grana para KABUTO_TRALHA.
[30/06/2021 - 23:34:05] - * Lucas_Barcas deu alguma grana para KABUTO_TRALHA.
[30/06/2021 - 23:34:06] - * Lucas_Barcas deu alguma grana para KABUTO_TRALHA.
[30/06/2021 - 23:34:06] - * Lucas_Barcas deu alguma grana para KABUTO_TRALHA.
[30/06/2021 - 23:34:07] - * Lucas_Barcas deu alguma grana para KABUTO_TRALHA.
[30/06/2021 - 23:34:09] - * Lucas_Barcas deu alguma grana para KABUTO_TRALHA.
[30/06/2021 - 23:34:10] - * Lucas_Barcas deu alguma grana para KABUTO_TRALHA.
[30/06/2021 - 23:34:11] - * Lucas_Barcas deu alguma grana para KABUTO_TRALHA.
[30/06/2021 - 23:34:13] - * Lucas_Barcas deu alguma grana para KABUTO_TRALHA.
[30/06/2021 - 23:34:14] - * Lucas_Barcas deu alguma grana para KABUTO_TRALHA.
[30/06/2021 - 23:34:16] - * Lucas_Barcas deu alguma grana para KABUTO_TRALHA.
[30/06/2021 - 23:34:17] - * Lucas_Barcas deu alguma grana para KABUTO_TRALHA.
[30/06/2021 - 23:34:17] - * Lucas_Barcas deu alguma grana para KABUTO_TRALHA.
[30/06/2021 - 23:34:18] - * Lucas_Barcas deu alguma grana para KABUTO_TRALHA.
[30/06/2021 - 23:34:19] - * Lucas_Barcas deu alguma grana para KABUTO_TRALHA.
[30/06/2021 - 23:34:20] - * Lucas_Barcas deu alguma grana para KABUTO_TRALHA.
[30/06/2021 - 23:34:21] - * Lucas_Barcas deu alguma grana para KABUTO_TRALHA.
[30/06/2021 - 23:34:22] - * Lucas_Barcas deu alguma grana para KABUTO_TRALHA.
[30/06/2021 - 23:34:23] - * Lucas_Barcas deu alguma grana para KABUTO_TRALHA.
[30/06/2021 - 23:34:24] - * Lucas_Barcas deu alguma grana para KABUTO_TRALHA.
[30/06/2021 - 23:34:25] - * Lucas_Barcas deu alguma grana para KABUTO_TRALHA.
[30/06/2021 - 23:34:27] - * Lucas_Barcas deu alguma grana para KABUTO_TRALHA.
[30/06/2021 - 23:34:29] - * Lucas_Barcas deu alguma grana para KABUTO_TRALHA.
[30/06/2021 - 23:34:30] - * Lucas_Barcas deu alguma grana para KABUTO_TRALHA.
[30/06/2021 - 23:34:31] - * Lucas_Barcas deu alguma grana para KABUTO_TRALHA.
[30/06/2021 - 23:34:32] - * Lucas_Barcas deu alguma grana para KABUTO_TRALHA.
[30/06/2021 - 23:34:32] - * Lucas_Barcas deu alguma grana para KABUTO_TRALHA.
[30/06/2021 - 23:34:33] - * Lucas_Barcas deu alguma grana para KABUTO_TRALHA.
[30/06/2021 - 23:34:35] - * Lucas_Barcas deu alguma grana para KABUTO_TRALHA.
[30/06/2021 - 23:34:42] - * Lucas_Barcas deu alguma grana para KABUTO_TRALHA.
[30/06/2021 - 23:34:43] - * Lucas_Barcas deu alguma grana para KABUTO_TRALHA.
[30/06/2021 - 23:34:44] - * Lucas_Barcas deu alguma grana para KABUTO_TRALHA.
[30/06/2021 - 23:34:45] - * Lucas_Barcas deu alguma grana para KABUTO_TRALHA.
[30/06/2021 - 23:34:47] - * Lucas_Barcas deu alguma grana para KABUTO_TRALHA.
[30/06/2021 - 23:34:47] - * Lucas_Barcas deu alguma grana para KABUTO_TRALHA.
[30/06/2021 - 23:34:48] - * Lucas_Barcas deu alguma grana para KABUTO_TRALHA.
[30/06/2021 - 23:34:49] - * Lucas_Barcas deu alguma grana para KABUTO_TRALHA.
[30/06/2021 - 23:34:50] - * Lucas_Barcas deu alguma grana para KABUTO_TRALHA.
[30/06/2021 - 23:34:51] - * Lucas_Barcas deu alguma grana para KABUTO_TRALHA.
[30/06/2021 - 23:34:52] - * Lucas_Barcas deu alguma grana para KABUTO_TRALHA.
[30/06/2021 - 23:34:53] - * Lucas_Barcas deu alguma grana para KABUTO_TRALHA.
[30/06/2021 - 23:34:54] - * Lucas_Barcas deu alguma grana para KABUTO_TRALHA.
[30/06/2021 - 23:34:55] - * Lucas_Barcas deu alguma grana para KABUTO_TRALHA.
[30/06/2021 - 23:34:56] - * Lucas_Barcas deu alguma grana para KABUTO_TRALHA.
[30/06/2021 - 23:34:58] - * Lucas_Barcas deu alguma grana para KABUTO_TRALHA.
[30/06/2021 - 23:34:59] - * Lucas_Barcas deu alguma grana para KABUTO_TRALHA.
[30/06/2021 - 23:35:00] - * Lucas_Barcas deu alguma grana para KABUTO_TRALHA.
[30/06/2021 - 23:35:02] - * Lucas_Barcas deu alguma grana para KABUTO_TRALHA.
[30/06/2021 - 23:35:02] - * Lucas_Barcas deu alguma grana para KABUTO_TRALHA.
[30/06/2021 - 23:35:03] - * Lucas_Barcas deu alguma grana para KABUTO_TRALHA.
[30/06/2021 - 23:35:04] - * Lucas_Barcas deu alguma grana para KABUTO_TRALHA.
[30/06/2021 - 23:35:05] - * Lucas_Barcas deu alguma grana para KABUTO_TRALHA.
[30/06/2021 - 23:35:06] - * Lucas_Barcas deu alguma grana para KABUTO_TRALHA.
[30/06/2021 - 23:35:08] - * Lucas_Barcas deu alguma grana para KABUTO_TRALHA.
[30/06/2021 - 23:35:09] - * Lucas_Barcas deu alguma grana para KABUTO_TRALHA.
[30/06/2021 - 23:35:09] - * Lucas_Barcas deu alguma grana para KABUTO_TRALHA.
[30/06/2021 - 23:35:10] - * Lucas_Barcas deu alguma grana para KABUTO_TRALHA.
[30/06/2021 - 23:35:11] - * Lucas_Barcas deu alguma grana para KABUTO_TRALHA.
[30/06/2021 - 23:35:12] - * Lucas_Barcas deu alguma grana para KABUTO_TRALHA.
[30/06/2021 - 23:35:13] - * Lucas_Barcas deu alguma grana para KABUTO_TRALHA.
[30/06/2021 - 23:35:14] - * Lucas_Barcas deu alguma grana para KABUTO_TRALHA.
[30/06/2021 - 23:35:15] - * Lucas_Barcas deu alguma grana para KABUTO_TRALHA.
[30/06/2021 - 23:35:19] - * Lucas_Barcas deu alguma grana para KABUTO_TRALHA.
[30/06/2021 - 23:35:20] - * Lucas_Barcas deu alguma grana para KABUTO_TRALHA.
[30/06/2021 - 23:35:21] - * Lucas_Barcas deu alguma grana para KABUTO_TRALHA.
[30/06/2021 - 23:35:23] - * Lucas_Barcas deu alguma grana para KABUTO_TRALHA.
[30/06/2021 - 23:35:25] - * Lucas_Barcas deu alguma grana para KABUTO_TRALHA.
[30/06/2021 - 23:35:26] - * Lucas_Barcas deu alguma grana para KABUTO_TRALHA.
[30/06/2021 - 23:35:26] - * Lucas_Barcas deu alguma grana para KABUTO_TRALHA.
[30/06/2021 - 23:35:27] - * Lucas_Barcas deu alguma grana para KABUTO_TRALHA.
[30/06/2021 - 23:35:29] - * Lucas_Barcas deu alguma grana para KABUTO_TRALHA.
[30/06/2021 - 23:35:30] - * Lucas_Barcas deu alguma grana para KABUTO_TRALHA.
[30/06/2021 - 23:35:30] - * Lucas_Barcas deu alguma grana para KABUTO_TRALHA.
[30/06/2021 - 23:35:31] - * Lucas_Barcas deu alguma grana para KABUTO_TRALHA.
[30/06/2021 - 23:35:32] - * Lucas_Barcas deu alguma grana para KABUTO_TRALHA.
[30/06/2021 - 23:35:33] - * Lucas_Barcas deu alguma grana para KABUTO_TRALHA.
[30/06/2021 - 23:35:34] - * Lucas_Barcas deu alguma grana para KABUTO_TRALHA.
[30/06/2021 - 23:35:35] - * Lucas_Barcas deu alguma grana para KABUTO_TRALHA.
[30/06/2021 - 23:35:36] - * Lucas_Barcas deu alguma grana para KABUTO_TRALHA.
[30/06/2021 - 23:35:37] - * Lucas_Barcas deu alguma grana para KABUTO_TRALHA.
[30/06/2021 - 23:35:38] - * Lucas_Barcas deu alguma grana para KABUTO_TRALHA.
[30/06/2021 - 23:35:39] - * Lucas_Barcas deu alguma grana para KABUTO_TRALHA.
[30/06/2021 - 23:35:40] - * Lucas_Barcas deu alguma grana para KABUTO_TRALHA.
[30/06/2021 - 23:35:41] - * Lucas_Barcas deu alguma grana para KABUTO_TRALHA.
[30/06/2021 - 23:35:41] - * Lucas_Barcas deu alguma grana para KABUTO_TRALHA.
[30/06/2021 - 23:35:42] - * Lucas_Barcas deu alguma grana para KABUTO_TRALHA.
[30/06/2021 - 23:35:43] - * Lucas_Barcas deu alguma grana para KABUTO_TRALHA.
[30/06/2021 - 23:35:44] - * Lucas_Barcas deu alguma grana para KABUTO_TRALHA.
[30/06/2021 - 23:35:47] - * Lucas_Barcas deu alguma grana para KABUTO_TRALHA.
[30/06/2021 - 23:35:48] - * Lucas_Barcas deu alguma grana para KABUTO_TRALHA.
[30/06/2021 - 23:35:49] - * Lucas_Barcas deu alguma grana para KABUTO_TRALHA.
[30/06/2021 - 23:35:50] - * Lucas_Barcas deu alguma grana para KABUTO_TRALHA.
[30/06/2021 - 23:35:50] - * Lucas_Barcas deu alguma grana para KABUTO_TRALHA.
[30/06/2021 - 23:35:51] - * Lucas_Barcas deu alguma grana para KABUTO_TRALHA.
[30/06/2021 - 23:35:52] - * Lucas_Barcas deu alguma grana para KABUTO_TRALHA.
[30/06/2021 - 23:35:53] - * Lucas_Barcas deu alguma grana para KABUTO_TRALHA.
[30/06/2021 - 23:35:54] - * Lucas_Barcas deu alguma grana para KABUTO_TRALHA.
[30/06/2021 - 23:35:54] - * Lucas_Barcas deu alguma grana para KABUTO_TRALHA.
[30/06/2021 - 23:35:56] - * Lucas_Barcas deu alguma grana para KABUTO_TRALHA.
[30/06/2021 - 23:35:56] - * Lucas_Barcas deu alguma grana para KABUTO_TRALHA.
[30/06/2021 - 23:35:57] - * Lucas_Barcas deu alguma grana para KABUTO_TRALHA.
[30/06/2021 - 23:35:58] - * Lucas_Barcas deu alguma grana para KABUTO_TRALHA.
[30/06/2021 - 23:35:58] - * Lucas_Barcas deu alguma grana para KABUTO_TRALHA.
[30/06/2021 - 23:35:59] - * Lucas_Barcas deu alguma grana para KABUTO_TRALHA.
[30/06/2021 - 23:36:00] - * Lucas_Barcas deu alguma grana para KABUTO_TRALHA.
[30/06/2021 - 23:36:01] - * Lucas_Barcas deu alguma grana para KABUTO_TRALHA.
[30/06/2021 - 23:36:01] - * Lucas_Barcas deu alguma grana para KABUTO_TRALHA.
[30/06/2021 - 23:36:03] - * Lucas_Barcas deu alguma grana para KABUTO_TRALHA.
[30/06/2021 - 23:36:03] - * Lucas_Barcas deu alguma grana para KABUTO_TRALHA.
[30/06/2021 - 23:36:04] - * Lucas_Barcas deu alguma grana para KABUTO_TRALHA.
[30/06/2021 - 23:36:06] - * Lucas_Barcas deu alguma grana para KABUTO_TRALHA.
[30/06/2021 - 23:36:06] - * SMOKE_ZX deu alguma grana para KABUTO_TRALHA.
[30/06/2021 - 23:36:07] - * SMOKE_ZX deu alguma grana para KABUTO_TRALHA.
[30/06/2021 - 23:36:07] - * SMOKE_ZX deu alguma grana para KABUTO_TRALHA.
[30/06/2021 - 23:36:07] - * SMOKE_ZX deu alguma grana para KABUTO_TRALHA.
[30/06/2021 - 23:36:08] - * SMOKE_ZX deu alguma grana para KABUTO_TRALHA.
[30/06/2021 - 23:36:08] - * SMOKE_ZX deu alguma grana para KABUTO_TRALHA.
[30/06/2021 - 23:36:08] - * SMOKE_ZX deu alguma grana para KABUTO_TRALHA.
[30/06/2021 - 23:36:09] - * SMOKE_ZX deu alguma grana para KABUTO_TRALHA.
[30/06/2021 - 23:36:09] - * SMOKE_ZX deu alguma grana para KABUTO_TRALHA.
[30/06/2021 - 23:36:09] - * Lucas_Barcas deu alguma grana para KABUTO_TRALHA.
[30/06/2021 - 23:36:09] - * SMOKE_ZX deu alguma grana para KABUTO_TRALHA.
[30/06/2021 - 23:36:10] - * SMOKE_ZX deu alguma grana para KABUTO_TRALHA.
[30/06/2021 - 23:36:10] - * SMOKE_ZX deu alguma grana para KABUTO_TRALHA.
[30/06/2021 - 23:36:10] - * SMOKE_ZX deu alguma grana para KABUTO_TRALHA.
[30/06/2021 - 23:36:11] - * SMOKE_ZX deu alguma grana para KABUTO_TRALHA.
[30/06/2021 - 23:36:11] - * Lucas_Barcas deu alguma grana para KABUTO_TRALHA.
[30/06/2021 - 23:36:11] - * SMOKE_ZX deu alguma grana para KABUTO_TRALHA.
[30/06/2021 - 23:36:11] - * SMOKE_ZX deu alguma grana para KABUTO_TRALHA.
[30/06/2021 - 23:36:12] - * SMOKE_ZX deu alguma grana para KABUTO_TRALHA.
[30/06/2021 - 23:36:12] - * Lucas_Barcas deu alguma grana para KABUTO_TRALHA.
[30/06/2021 - 23:36:12] - * SMOKE_ZX deu alguma grana para KABUTO_TRALHA.
[30/06/2021 - 23:36:12] - * Lucas_Barcas deu alguma grana para KABUTO_TRALHA.
[30/06/2021 - 23:36:13] - * Lucas_Barcas deu alguma grana para KABUTO_TRALHA.
[30/06/2021 - 23:36:14] - * Lucas_Barcas deu alguma grana para KABUTO_TRALHA.
[30/06/2021 - 23:36:15] - * Lucas_Barcas deu alguma grana para KABUTO_TRALHA.
[30/06/2021 - 23:36:16] - * Lucas_Barcas deu alguma grana para KABUTO_TRALHA.
[30/06/2021 - 23:36:17] - * Lucas_Barcas deu alguma grana para KABUTO_TRALHA.
[30/06/2021 - 23:36:18] - * Lucas_Barcas deu alguma grana para KABUTO_TRALHA.
[30/06/2021 - 23:36:19] - * Lucas_Barcas deu alguma grana para KABUTO_TRALHA.
[30/06/2021 - 23:36:20] - * SMOKE_ZX deu alguma grana para KABUTO_TRALHA.
[30/06/2021 - 23:36:20] - * SMOKE_ZX deu alguma grana para KABUTO_TRALHA.
[30/06/2021 - 23:36:20] - * Lucas_Barcas deu alguma grana para KABUTO_TRALHA.
[30/06/2021 - 23:36:21] - * SMOKE_ZX deu alguma grana para KABUTO_TRALHA.
[30/06/2021 - 23:36:21] - * Lucas_Barcas deu alguma grana para KABUTO_TRALHA.
[30/06/2021 - 23:36:21] - * SMOKE_ZX deu alguma grana para KABUTO_TRALHA.
[30/06/2021 - 23:36:22] - * SMOKE_ZX deu alguma grana para KABUTO_TRALHA.
[30/06/2021 - 23:36:22] - * Lucas_Barcas deu alguma grana para KABUTO_TRALHA.
[30/06/2021 - 23:36:23] - * SMOKE_ZX deu alguma grana para KABUTO_TRALHA.
[30/06/2021 - 23:36:24] - * SMOKE_ZX deu alguma grana para KABUTO_TRALHA.
[30/06/2021 - 23:36:24] - * Lucas_Barcas deu alguma grana para KABUTO_TRALHA.
[30/06/2021 - 23:36:24] - * SMOKE_ZX deu alguma grana para KABUTO_TRALHA.
[30/06/2021 - 23:36:24] - * SMOKE_ZX deu alguma grana para KABUTO_TRALHA.
[30/06/2021 - 23:36:25] - * Lucas_Barcas deu alguma grana para KABUTO_TRALHA.
[30/06/2021 - 23:36:26] - * Lucas_Barcas deu alguma grana para KABUTO_TRALHA.
[30/06/2021 - 23:36:27] - * Lucas_Barcas deu alguma grana para KABUTO_TRALHA.
[30/06/2021 - 23:36:28] - * Lucas_Barcas deu alguma grana para KABUTO_TRALHA.
[30/06/2021 - 23:36:28] - * Lucas_Barcas deu alguma grana para KABUTO_TRALHA.
[30/06/2021 - 23:36:29] - * Lucas_Barcas deu alguma grana para KABUTO_TRALHA.
[30/06/2021 - 23:36:30] - * Lucas_Barcas deu alguma grana para KABUTO_TRALHA.
[30/06/2021 - 23:36:32] - * SMOKE_ZX deu alguma grana para KABUTO_TRALHA.
[30/06/2021 - 23:36:32] - * SMOKE_ZX deu alguma grana para KABUTO_TRALHA.
[30/06/2021 - 23:36:32] - * SMOKE_ZX deu alguma grana para KABUTO_TRALHA.
[30/06/2021 - 23:36:33] - * SMOKE_ZX deu alguma grana para KABUTO_TRALHA.
[30/06/2021 - 23:36:33] - * SMOKE_ZX deu alguma grana para KABUTO_TRALHA.
[30/06/2021 - 23:36:33] - * SMOKE_ZX deu alguma grana para KABUTO_TRALHA.
[30/06/2021 - 23:36:33] - * Lucas_Barcas deu alguma grana para KABUTO_TRALHA.
[30/06/2021 - 23:36:34] - * SMOKE_ZX deu alguma grana para KABUTO_TRALHA.
[30/06/2021 - 23:36:34] - * Lucas_Barcas deu alguma grana para KABUTO_TRALHA.
[30/06/2021 - 23:36:34] - * SMOKE_ZX deu alguma grana para KABUTO_TRALHA.
[30/06/2021 - 23:36:34] - * SMOKE_ZX deu alguma grana para KABUTO_TRALHA.
[30/06/2021 - 23:36:35] - * SMOKE_ZX deu alguma grana para KABUTO_TRALHA.
[30/06/2021 - 23:36:35] - * Lucas_Barcas deu alguma grana para KABUTO_TRALHA.
[30/06/2021 - 23:36:35] - * SMOKE_ZX deu alguma grana para KABUTO_TRALHA.
[30/06/2021 - 23:36:36] - * Lucas_Barcas deu alguma grana para KABUTO_TRALHA.
[30/06/2021 - 23:36:37] - * Lucas_Barcas deu alguma grana para KABUTO_TRALHA.
[30/06/2021 - 23:36:37] - * SMOKE_ZX deu alguma grana para KABUTO_TRALHA.
[30/06/2021 - 23:36:38] - * Lucas_Barcas deu alguma grana para KABUTO_TRALHA.
[30/06/2021 - 23:36:38] - * SMOKE_ZX deu alguma grana para KABUTO_TRALHA.
[30/06/2021 - 23:36:38] - * Lucas_Barcas deu alguma grana para KABUTO_TRALHA.
[30/06/2021 - 23:36:39] - * Lucas_Barcas deu alguma grana para KABUTO_TRALHA.
[30/06/2021 - 23:36:40] - * Lucas_Barcas deu alguma grana para KABUTO_TRALHA.
[30/06/2021 - 23:36:40] - * SMOKE_ZX deu alguma grana para KABUTO_TRALHA.
[30/06/2021 - 23:36:40] - * Lucas_Barcas deu alguma grana para KABUTO_TRALHA.
[30/06/2021 - 23:36:42] - * Lucas_Barcas deu alguma grana para KABUTO_TRALHA.
[30/06/2021 - 23:36:43] - * SMOKE_ZX deu alguma grana para KABUTO_TRALHA.
[30/06/2021 - 23:36:44] - * SMOKE_ZX deu alguma grana para KABUTO_TRALHA.
[30/06/2021 - 23:36:44] - * SMOKE_ZX deu alguma grana para KABUTO_TRALHA.
[30/06/2021 - 23:36:44] - * Lucas_Barcas deu alguma grana para KABUTO_TRALHA.
[30/06/2021 - 23:36:44] - * SMOKE_ZX deu alguma grana para KABUTO_TRALHA.
[30/06/2021 - 23:36:45] - * SMOKE_ZX deu alguma grana para KABUTO_TRALHA.
[30/06/2021 - 23:36:45] - * Lucas_Barcas deu alguma grana para KABUTO_TRALHA.
[30/06/2021 - 23:36:45] - * SMOKE_ZX deu alguma grana para KABUTO_TRALHA.
[30/06/2021 - 23:36:45] - * SMOKE_ZX deu alguma grana para KABUTO_TRALHA.
[30/06/2021 - 23:36:46] - * SMOKE_ZX deu alguma grana para KABUTO_TRALHA.
[30/06/2021 - 23:36:46] - * Lucas_Barcas deu alguma grana para KABUTO_TRALHA.
[30/06/2021 - 23:36:46] - * SMOKE_ZX deu alguma grana para KABUTO_TRALHA.
[30/06/2021 - 23:36:46] - * SMOKE_ZX deu alguma grana para KABUTO_TRALHA.
[30/06/2021 - 23:36:47] - * Lucas_Barcas deu alguma grana para KABUTO_TRALHA.
[30/06/2021 - 23:36:47] - * SMOKE_ZX deu alguma grana para KABUTO_TRALHA.
[30/06/2021 - 23:36:47] - * SMOKE_ZX deu alguma grana para KABUTO_TRALHA.
[30/06/2021 - 23:36:47] - * Lucas_Barcas deu alguma grana para KABUTO_TRALHA.
[30/06/2021 - 23:36:47] - * SMOKE_ZX deu alguma grana para KABUTO_TRALHA.
[30/06/2021 - 23:36:48] - * SMOKE_ZX deu alguma grana para KABUTO_TRALHA.
[30/06/2021 - 23:36:48] - * SMOKE_ZX deu alguma grana para KABUTO_TRALHA.
[30/06/2021 - 23:36:48] - * SMOKE_ZX deu alguma grana para KABUTO_TRALHA.
[30/06/2021 - 23:36:49] - * Lucas_Barcas deu alguma grana para KABUTO_TRALHA.
[30/06/2021 - 23:36:50] - * Lucas_Barcas deu alguma grana para KABUTO_TRALHA.
[30/06/2021 - 23:36:50] - * Lucas_Barcas deu alguma grana para KABUTO_TRALHA.
[30/06/2021 - 23:36:51] - * Lucas_Barcas deu alguma grana para KABUTO_TRALHA.
[30/06/2021 - 23:36:51] - * SMOKE_ZX deu alguma grana para KABUTO_TRALHA.
[30/06/2021 - 23:36:52] - * Lucas_Barcas deu alguma grana para KABUTO_TRALHA.
[30/06/2021 - 23:36:53] - * Lucas_Barcas deu alguma grana para KABUTO_TRALHA.
[30/06/2021 - 23:36:54] - * Lucas_Barcas deu alguma grana para KABUTO_TRALHA.
[30/06/2021 - 23:36:56] - * Lucas_Barcas deu alguma grana para KABUTO_TRALHA.
[30/06/2021 - 23:36:57] - * SMOKE_ZX deu alguma grana para KABUTO_TRALHA.
[30/06/2021 - 23:36:57] - * SMOKE_ZX deu alguma grana para KABUTO_TRALHA.
[30/06/2021 - 23:36:58] - * Lucas_Barcas deu alguma grana para KABUTO_TRALHA.
[30/06/2021 - 23:36:58] - * SMOKE_ZX deu alguma grana para KABUTO_TRALHA.
[30/06/2021 - 23:36:58] - * SMOKE_ZX deu alguma grana para KABUTO_TRALHA.
[30/06/2021 - 23:36:58] - * Lucas_Barcas deu alguma grana para KABUTO_TRALHA.
[30/06/2021 - 23:36:59] - * SMOKE_ZX deu alguma grana para KABUTO_TRALHA.
[30/06/2021 - 23:36:59] - * Lucas_Barcas deu alguma grana para KABUTO_TRALHA.
[30/06/2021 - 23:37:00] - * SMOKE_ZX deu alguma grana para KABUTO_TRALHA.
[30/06/2021 - 23:37:00] - * Lucas_Barcas deu alguma grana para KABUTO_TRALHA.
[30/06/2021 - 23:37:01] - * SMOKE_ZX deu alguma grana para KABUTO_TRALHA.
[30/06/2021 - 23:37:01] - * Lucas_Barcas deu alguma grana para KABUTO_TRALHA.
[30/06/2021 - 23:37:02] - * SMOKE_ZX deu alguma grana para KABUTO_TRALHA.
[30/06/2021 - 23:37:02] - * SMOKE_ZX deu alguma grana para KABUTO_TRALHA.
[30/06/2021 - 23:37:02] - * Lucas_Barcas deu alguma grana para KABUTO_TRALHA.
[30/06/2021 - 23:37:02] - * SMOKE_ZX deu alguma grana para KABUTO_TRALHA.
[30/06/2021 - 23:37:03] - * SMOKE_ZX deu alguma grana para KABUTO_TRALHA.
[30/06/2021 - 23:37:03] - * SMOKE_ZX deu alguma grana para KABUTO_TRALHA.
[30/06/2021 - 23:37:03] - * Lucas_Barcas deu alguma grana para KABUTO_TRALHA.
[30/06/2021 - 23:37:05] - * Lucas_Barcas deu alguma grana para KABUTO_TRALHA.
[30/06/2021 - 23:37:06] - * Lucas_Barcas deu alguma grana para KABUTO_TRALHA.
[30/06/2021 - 23:37:07] - * Lucas_Barcas deu alguma grana para KABUTO_TRALHA.
[30/06/2021 - 23:37:08] - * Lucas_Barcas deu alguma grana para KABUTO_TRALHA.
[30/06/2021 - 23:37:09] - * Lucas_Barcas deu alguma grana para KABUTO_TRALHA.
[30/06/2021 - 23:37:10] - * Lucas_Barcas deu alguma grana para KABUTO_TRALHA.
[30/06/2021 - 23:37:10] - * Lucas_Barcas deu alguma grana para KABUTO_TRALHA.
[30/06/2021 - 23:37:10] - * SMOKE_ZX deu alguma grana para KABUTO_TRALHA.
[30/06/2021 - 23:37:11] - * SMOKE_ZX deu alguma grana para KABUTO_TRALHA.
[30/06/2021 - 23:37:11] - * SMOKE_ZX deu alguma grana para KABUTO_TRALHA.
[30/06/2021 - 23:37:11] - * Lucas_Barcas deu alguma grana para KABUTO_TRALHA.
[30/06/2021 - 23:37:12] - * SMOKE_ZX deu alguma grana para KABUTO_TRALHA.
[30/06/2021 - 23:37:12] - * SMOKE_ZX deu alguma grana para KABUTO_TRALHA.
[30/06/2021 - 23:37:12] - * Lucas_Barcas deu alguma grana para KABUTO_TRALHA.
[30/06/2021 - 23:37:13] - * Lucas_Barcas deu alguma grana para KABUTO_TRALHA.
[30/06/2021 - 23:37:14] - * Lucas_Barcas deu alguma grana para KABUTO_TRALHA.
[30/06/2021 - 23:37:15] - * Lucas_Barcas deu alguma grana para KABUTO_TRALHA.
[30/06/2021 - 23:37:16] - * Lucas_Barcas deu alguma grana para KABUTO_TRALHA.
[30/06/2021 - 23:37:16] - * Lucas_Barcas deu alguma grana para KABUTO_TRALHA.
[30/06/2021 - 23:37:17] - * Lucas_Barcas deu alguma grana para KABUTO_TRALHA.
[30/06/2021 - 23:37:18] - * Lucas_Barcas deu alguma grana para KABUTO_TRALHA.
[30/06/2021 - 23:37:19] - * Lucas_Barcas deu alguma grana para KABUTO_TRALHA.
[30/06/2021 - 23:37:21] - * Lucas_Barcas deu alguma grana para KABUTO_TRALHA.
[30/06/2021 - 23:37:22] - * Lucas_Barcas deu alguma grana para KABUTO_TRALHA.
[30/06/2021 - 23:37:23] - * Lucas_Barcas deu alguma grana para KABUTO_TRALHA.
[30/06/2021 - 23:37:24] - * Lucas_Barcas deu alguma grana para KABUTO_TRALHA.
[30/06/2021 - 23:37:25] - * Lucas_Barcas deu alguma grana para KABUTO_TRALHA.
[30/06/2021 - 23:37:26] - * SMOKE_ZX deu alguma grana para KABUTO_TRALHA.
[30/06/2021 - 23:37:26] - * SMOKE_ZX deu alguma grana para KABUTO_TRALHA.
[30/06/2021 - 23:37:26] - * Lucas_Barcas deu alguma grana para KABUTO_TRALHA.
[30/06/2021 - 23:37:27] - * SMOKE_ZX deu alguma grana para KABUTO_TRALHA.
[30/06/2021 - 23:37:27] - * SMOKE_ZX deu alguma grana para KABUTO_TRALHA.
[30/06/2021 - 23:37:27] - * SMOKE_ZX deu alguma grana para KABUTO_TRALHA.
[30/06/2021 - 23:37:27] - * Lucas_Barcas deu alguma grana para KABUTO_TRALHA.
[30/06/2021 - 23:37:28] - * SMOKE_ZX deu alguma grana para KABUTO_TRALHA.
[30/06/2021 - 23:37:28] - * SMOKE_ZX deu alguma grana para KABUTO_TRALHA.
[30/06/2021 - 23:37:28] - * Lucas_Barcas deu alguma grana para KABUTO_TRALHA.
[30/06/2021 - 23:37:28] - * SMOKE_ZX deu alguma grana para KABUTO_TRALHA.
[30/06/2021 - 23:37:29] - * SMOKE_ZX deu alguma grana para KABUTO_TRALHA.
[30/06/2021 - 23:37:29] - * SMOKE_ZX deu alguma grana para KABUTO_TRALHA.
[30/06/2021 - 23:37:29] - * SMOKE_ZX deu alguma grana para KABUTO_TRALHA.
[30/06/2021 - 23:37:29] - * Lucas_Barcas deu alguma grana para KABUTO_TRALHA.
[30/06/2021 - 23:37:30] - * SMOKE_ZX deu alguma grana para KABUTO_TRALHA.
[30/06/2021 - 23:37:31] - * Lucas_Barcas deu alguma grana para KABUTO_TRALHA.
[30/06/2021 - 23:37:31] - * SMOKE_ZX deu alguma grana para KABUTO_TRALHA.
[30/06/2021 - 23:37:31] - * SMOKE_ZX deu alguma grana para KABUTO_TRALHA.
[30/06/2021 - 23:37:32] - * SMOKE_ZX deu alguma grana para KABUTO_TRALHA.
[30/06/2021 - 23:37:32] - * SMOKE_ZX deu alguma grana para KABUTO_TRALHA.
[30/06/2021 - 23:37:32] - * Lucas_Barcas deu alguma grana para KABUTO_TRALHA.
[30/06/2021 - 23:37:32] - * SMOKE_ZX deu alguma grana para KABUTO_TRALHA.
[30/06/2021 - 23:37:33] - * SMOKE_ZX deu alguma grana para KABUTO_TRALHA.
[30/06/2021 - 23:37:33] - * SMOKE_ZX deu alguma grana para KABUTO_TRALHA.
[30/06/2021 - 23:37:33] - * Lucas_Barcas deu alguma grana para KABUTO_TRALHA.
[30/06/2021 - 23:37:34] - * SMOKE_ZX deu alguma grana para KABUTO_TRALHA.
[30/06/2021 - 23:37:35] - * SMOKE_ZX deu alguma grana para KABUTO_TRALHA.
[30/06/2021 - 23:37:35] - * Lucas_Barcas deu alguma grana para KABUTO_TRALHA.
[30/06/2021 - 23:37:36] - * Lucas_Barcas deu alguma grana para KABUTO_TRALHA.
[30/06/2021 - 23:37:37] - * Lucas_Barcas deu alguma grana para KABUTO_TRALHA.
[30/06/2021 - 23:37:38] - * Lucas_Barcas deu alguma grana para KABUTO_TRALHA.
[30/06/2021 - 23:37:39] - * Lucas_Barcas deu alguma grana para KABUTO_TRALHA.
[30/06/2021 - 23:37:40] - * Lucas_Barcas deu alguma grana para KABUTO_TRALHA.
[30/06/2021 - 23:37:41] - * Lucas_Barcas deu alguma grana para KABUTO_TRALHA.
[30/06/2021 - 23:37:41] - * Lucas_Barcas deu alguma grana para KABUTO_TRALHA.
[30/06/2021 - 23:37:42] - * Lucas_Barcas deu alguma grana para KABUTO_TRALHA.
[30/06/2021 - 23:37:43] - * Lucas_Barcas deu alguma grana para KABUTO_TRALHA.
[30/06/2021 - 23:37:44] - * Lucas_Barcas deu alguma grana para KABUTO_TRALHA.
[30/06/2021 - 23:37:45] - * Lucas_Barcas deu alguma grana para KABUTO_TRALHA.
[30/06/2021 - 23:37:45] - * Lucas_Barcas deu alguma grana para KABUTO_TRALHA.
[30/06/2021 - 23:37:46] - * Lucas_Barcas deu alguma grana para KABUTO_TRALHA.
[30/06/2021 - 23:37:47] - * Lucas_Barcas deu alguma grana para KABUTO_TRALHA.
[30/06/2021 - 23:37:48] - * Lucas_Barcas deu alguma grana para KABUTO_TRALHA.
[30/06/2021 - 23:37:48] - * Lucas_Barcas deu alguma grana para KABUTO_TRALHA.
[30/06/2021 - 23:37:49] - * Lucas_Barcas deu alguma grana para KABUTO_TRALHA.
[30/06/2021 - 23:37:50] - * Lucas_Barcas deu alguma grana para KABUTO_TRALHA.
[30/06/2021 - 23:37:51] - * Lucas_Barcas deu alguma grana para KABUTO_TRALHA.
[30/06/2021 - 23:37:52] - * Lucas_Barcas deu alguma grana para KABUTO_TRALHA.
[30/06/2021 - 23:37:55] - * Lucas_Barcas deu alguma grana para KABUTO_TRALHA.
[30/06/2021 - 23:37:56] - * Lucas_Barcas deu alguma grana para KABUTO_TRALHA.
[30/06/2021 - 23:37:57] - * Lucas_Barcas deu alguma grana para KABUTO_TRALHA.
[30/06/2021 - 23:37:58] - * Lucas_Barcas deu alguma grana para KABUTO_TRALHA.
[30/06/2021 - 23:37:58] - * Lucas_Barcas deu alguma grana para KABUTO_TRALHA.
[30/06/2021 - 23:37:59] - * Lucas_Barcas deu alguma grana para KABUTO_TRALHA.
[30/06/2021 - 23:38:00] - * Lucas_Barcas deu alguma grana para KABUTO_TRALHA.
[30/06/2021 - 23:38:02] - * Lucas_Barcas deu alguma grana para KABUTO_TRALHA.
[30/06/2021 - 23:38:03] - * Lucas_Barcas deu alguma grana para KABUTO_TRALHA.
[30/06/2021 - 23:38:05] - * Lucas_Barcas deu alguma grana para KABUTO_TRALHA.
[30/06/2021 - 23:38:06] - * Lucas_Barcas deu alguma grana para KABUTO_TRALHA.
[30/06/2021 - 23:38:06] - * Lucas_Barcas deu alguma grana para KABUTO_TRALHA.
[30/06/2021 - 23:38:07] - * Lucas_Barcas deu alguma grana para KABUTO_TRALHA.
[30/06/2021 - 23:38:08] - * Lucas_Barcas deu alguma grana para KABUTO_TRALHA.
[30/06/2021 - 23:38:08] - * Lucas_Barcas deu alguma grana para KABUTO_TRALHA.
[30/06/2021 - 23:38:09] - * Lucas_Barcas deu alguma grana para KABUTO_TRALHA.
[30/06/2021 - 23:38:10] - * Lucas_Barcas deu alguma grana para KABUTO_TRALHA.
[30/06/2021 - 23:38:11] - * Lucas_Barcas deu alguma grana para KABUTO_TRALHA.
[30/06/2021 - 23:38:12] - * Lucas_Barcas deu alguma grana para KABUTO_TRALHA.
[30/06/2021 - 23:38:13] - * Lucas_Barcas deu alguma grana para KABUTO_TRALHA.
[30/06/2021 - 23:38:14] - * Lucas_Barcas deu alguma grana para KABUTO_TRALHA.
[30/06/2021 - 23:38:15] - * Lucas_Barcas deu alguma grana para KABUTO_TRALHA.
[30/06/2021 - 23:38:16] - * Lucas_Barcas deu alguma grana para KABUTO_TRALHA.
[30/06/2021 - 23:38:17] - * Lucas_Barcas deu alguma grana para KABUTO_TRALHA.
[30/06/2021 - 23:38:18] - * Lucas_Barcas deu alguma grana para KABUTO_TRALHA.
[30/06/2021 - 23:38:18] - * Lucas_Barcas deu alguma grana para KABUTO_TRALHA.
[30/06/2021 - 23:38:20] - * Lucas_Barcas deu alguma grana para KABUTO_TRALHA.
[30/06/2021 - 23:38:21] - * Lucas_Barcas deu alguma grana para KABUTO_TRALHA.
[30/06/2021 - 23:38:22] - * Lucas_Barcas deu alguma grana para KABUTO_TRALHA.
[30/06/2021 - 23:38:23] - * Lucas_Barcas deu alguma grana para KABUTO_TRALHA.
[30/06/2021 - 23:38:23] - * Lucas_Barcas deu alguma grana para KABUTO_TRALHA.
[30/06/2021 - 23:38:24] - * Lucas_Barcas deu alguma grana para KABUTO_TRALHA.
[30/06/2021 - 23:38:25] - * Lucas_Barcas deu alguma grana para KABUTO_TRALHA.
[30/06/2021 - 23:38:26] - * Lucas_Barcas deu alguma grana para KABUTO_TRALHA.
[30/06/2021 - 23:38:28] - * Lucas_Barcas deu alguma grana para KABUTO_TRALHA.
[30/06/2021 - 23:38:29] - * Lucas_Barcas deu alguma grana para KABUTO_TRALHA.
[30/06/2021 - 23:38:30] - * Lucas_Barcas deu alguma grana para KABUTO_TRALHA.
[30/06/2021 - 23:38:31] - * Lucas_Barcas deu alguma grana para KABUTO_TRALHA.
[30/06/2021 - 23:38:32] - * Lucas_Barcas deu alguma grana para KABUTO_TRALHA.
[30/06/2021 - 23:38:33] - * Lucas_Barcas deu alguma grana para KABUTO_TRALHA.
[30/06/2021 - 23:38:34] - * Lucas_Barcas deu alguma grana para KABUTO_TRALHA.
[30/06/2021 - 23:38:35] - * Lucas_Barcas deu alguma grana para KABUTO_TRALHA.
[30/06/2021 - 23:38:36] - * Lucas_Barcas deu alguma grana para KABUTO_TRALHA.
[30/06/2021 - 23:38:37] - * Lucas_Barcas deu alguma grana para KABUTO_TRALHA.
[30/06/2021 - 23:38:37] - * Lucas_Barcas deu alguma grana para KABUTO_TRALHA.
[30/06/2021 - 23:38:38] - * Lucas_Barcas deu alguma grana para KABUTO_TRALHA.
[30/06/2021 - 23:38:39] - * Lucas_Barcas deu alguma grana para KABUTO_TRALHA.
[30/06/2021 - 23:38:40] - * Lucas_Barcas deu alguma grana para KABUTO_TRALHA.
[30/06/2021 - 23:38:41] - * Lucas_Barcas deu alguma grana para KABUTO_TRALHA.
[30/06/2021 - 23:38:42] - * Lucas_Barcas deu alguma grana para KABUTO_TRALHA.
[30/06/2021 - 23:38:43] - * Lucas_Barcas deu alguma grana para KABUTO_TRALHA.
[30/06/2021 - 23:38:44] - * Lucas_Barcas deu alguma grana para KABUTO_TRALHA.
[30/06/2021 - 23:38:45] - * Lucas_Barcas deu alguma grana para KABUTO_TRALHA.
[30/06/2021 - 23:38:45] - * Lucas_Barcas deu alguma grana para KABUTO_TRALHA.
[01/07/2021 - 00:06:15] - * Kira_Do_Moster deu alguma grana para iilegal_elemts.
[01/07/2021 - 00:39:31] - ADMIN CMD: O Admin Vgzinn está dando R$100 para Vgzinn.
[01/07/2021 - 00:39:33] - ADMIN CMD: O Admin Vgzinn está dando R$100 para Vgzinn.
[01/07/2021 - 00:39:34] - ADMIN CMD: O Admin Vgzinn está dando R$100 para Vgzinn.
[01/07/2021 - 00:39:34] - ADMIN CMD: O Admin Vgzinn está dando R$100 para Vgzinn.
[01/07/2021 - 00:39:35] - ADMIN CMD: O Admin Vgzinn está dando R$100 para Vgzinn.
[01/07/2021 - 00:39:35] - ADMIN CMD: O Admin Vgzinn está dando R$100 para Vgzinn.
[01/07/2021 - 01:04:39] - * CJ_DO_PNEUu deu alguma grana para MenorzinX_s2.
[01/07/2021 - 02:02:44] - * Kauan_Santos deu alguma grana para Daniel_Zinhoo.
[01/07/2021 - 02:19:44] - * Kauan_Santos deu alguma grana para Daniel_Zinhoo.
[01/07/2021 - 02:19:46] - * Kauan_Santos deu alguma grana para Daniel_Zinhoo.
[01/07/2021 - 02:19:51] - * Kauan_Santos deu alguma grana para Daniel_Zinhoo.
[01/07/2021 - 02:19:57] - * Kauan_Santos deu alguma grana para Daniel_Zinhoo.
[01/07/2021 - 02:32:21] - * Victor_Insanity deu alguma grana para Daniel_Zinhoo.
[01/07/2021 - 02:32:23] - * Victor_Insanity deu alguma grana para Daniel_Zinhoo.
[01/07/2021 - 02:32:24] - * Victor_Insanity deu alguma grana para Daniel_Zinhoo.
[01/07/2021 - 02:32:25] - * Victor_Insanity deu alguma grana para Daniel_Zinhoo.
[01/07/2021 - 02:32:26] - * Victor_Insanity deu alguma grana para Daniel_Zinhoo.
[01/07/2021 - 02:32:27] - * Victor_Insanity deu alguma grana para Daniel_Zinhoo.
[01/07/2021 - 02:32:28] - * Victor_Insanity deu alguma grana para Daniel_Zinhoo.
[01/07/2021 - 02:32:29] - * Victor_Insanity deu alguma grana para Daniel_Zinhoo.
[01/07/2021 - 02:32:30] - * Victor_Insanity deu alguma grana para Daniel_Zinhoo.
[01/07/2021 - 02:32:31] - * Victor_Insanity deu alguma grana para Daniel_Zinhoo.
[01/07/2021 - 02:32:32] - * Victor_Insanity deu alguma grana para Daniel_Zinhoo.
[01/07/2021 - 02:32:33] - * Victor_Insanity deu alguma grana para Daniel_Zinhoo.
[01/07/2021 - 02:32:34] - * Victor_Insanity deu alguma grana para Daniel_Zinhoo.
[01/07/2021 - 02:32:35] - * Victor_Insanity deu alguma grana para Daniel_Zinhoo.
[01/07/2021 - 02:32:36] - * Victor_Insanity deu alguma grana para Daniel_Zinhoo.
[01/07/2021 - 02:32:37] - * Victor_Insanity deu alguma grana para Daniel_Zinhoo.
[01/07/2021 - 02:32:40] - * Victor_Insanity deu alguma grana para Daniel_Zinhoo.
[01/07/2021 - 02:32:41] - * Victor_Insanity deu alguma grana para Daniel_Zinhoo.
[01/07/2021 - 02:32:42] - * Victor_Insanity deu alguma grana para Daniel_Zinhoo.
[01/07/2021 - 02:32:43] - * Victor_Insanity deu alguma grana para Daniel_Zinhoo.
[01/07/2021 - 02:32:44] - * Victor_Insanity deu alguma grana para Daniel_Zinhoo.
[01/07/2021 - 02:32:45] - * Victor_Insanity deu alguma grana para Daniel_Zinhoo.
[01/07/2021 - 02:32:46] - * Victor_Insanity deu alguma grana para Daniel_Zinhoo.
[01/07/2021 - 02:32:47] - * Victor_Insanity deu alguma grana para Daniel_Zinhoo.
[01/07/2021 - 02:32:49] - * Victor_Insanity deu alguma grana para Daniel_Zinhoo.
[01/07/2021 - 02:32:50] - * Victor_Insanity deu alguma grana para Daniel_Zinhoo.
[01/07/2021 - 02:32:51] - * Victor_Insanity deu alguma grana para Daniel_Zinhoo.
[01/07/2021 - 02:32:52] - * Victor_Insanity deu alguma grana para Daniel_Zinhoo.
[01/07/2021 - 02:32:53] - * Victor_Insanity deu alguma grana para Daniel_Zinhoo.
[01/07/2021 - 02:32:54] - * Victor_Insanity deu alguma grana para Daniel_Zinhoo.
[01/07/2021 - 02:32:55] - * Victor_Insanity deu alguma grana para Daniel_Zinhoo.
[01/07/2021 - 02:32:57] - * Victor_Insanity deu alguma grana para Daniel_Zinhoo.
[01/07/2021 - 02:32:57] - * Victor_Insanity deu alguma grana para Daniel_Zinhoo.
[01/07/2021 - 02:32:58] - * Victor_Insanity deu alguma grana para Daniel_Zinhoo.
[01/07/2021 - 02:32:59] - * Victor_Insanity deu alguma grana para Daniel_Zinhoo.
[01/07/2021 - 02:33:00] - * Victor_Insanity deu alguma grana para Daniel_Zinhoo.
[01/07/2021 - 02:33:01] - * Victor_Insanity deu alguma grana para Daniel_Zinhoo.
[01/07/2021 - 02:33:02] - * Victor_Insanity deu alguma grana para Daniel_Zinhoo.
[01/07/2021 - 02:33:03] - * Victor_Insanity deu alguma grana para Daniel_Zinhoo.
[01/07/2021 - 02:33:04] - * Victor_Insanity deu alguma grana para Daniel_Zinhoo.
[01/07/2021 - 02:33:06] - * Victor_Insanity deu alguma grana para Daniel_Zinhoo.
[01/07/2021 - 02:33:07] - * Victor_Insanity deu alguma grana para Daniel_Zinhoo.
[01/07/2021 - 02:33:08] - * Victor_Insanity deu alguma grana para Daniel_Zinhoo.
[01/07/2021 - 02:33:09] - * Victor_Insanity deu alguma grana para Daniel_Zinhoo.
[01/07/2021 - 02:33:10] - * Victor_Insanity deu alguma grana para Daniel_Zinhoo.
[01/07/2021 - 02:33:11] - * Victor_Insanity deu alguma grana para Daniel_Zinhoo.
[01/07/2021 - 02:33:12] - * Victor_Insanity deu alguma grana para Daniel_Zinhoo.
[01/07/2021 - 02:33:13] - * Victor_Insanity deu alguma grana para Daniel_Zinhoo.
[01/07/2021 - 02:33:33] - * Victor_Insanity deu alguma grana para Daniel_Zinhoo.
[01/07/2021 - 02:33:35] - * Victor_Insanity deu alguma grana para Daniel_Zinhoo.
[01/07/2021 - 02:33:36] - * Victor_Insanity deu alguma grana para Daniel_Zinhoo.
[01/07/2021 - 02:33:37] - * Victor_Insanity deu alguma grana para Daniel_Zinhoo.
[01/07/2021 - 02:33:38] - * Victor_Insanity deu alguma grana para Daniel_Zinhoo.
[01/07/2021 - 02:33:38] - * Victor_Insanity deu alguma grana para Daniel_Zinhoo.
[01/07/2021 - 02:33:39] - * Victor_Insanity deu alguma grana para Daniel_Zinhoo.
[01/07/2021 - 02:33:40] - * Victor_Insanity deu alguma grana para Daniel_Zinhoo.
[01/07/2021 - 02:33:41] - * Victor_Insanity deu alguma grana para Daniel_Zinhoo.
[01/07/2021 - 02:33:42] - * Victor_Insanity deu alguma grana para Daniel_Zinhoo.
[01/07/2021 - 02:33:43] - * Victor_Insanity deu alguma grana para Daniel_Zinhoo.
[01/07/2021 - 02:33:44] - * Victor_Insanity deu alguma grana para Daniel_Zinhoo.
[01/07/2021 - 02:33:45] - * Victor_Insanity deu alguma grana para Daniel_Zinhoo.
[01/07/2021 - 02:33:46] - * Victor_Insanity deu alguma grana para Daniel_Zinhoo.
[01/07/2021 - 02:33:48] - * Victor_Insanity deu alguma grana para Daniel_Zinhoo.
[01/07/2021 - 02:33:49] - * Victor_Insanity deu alguma grana para Daniel_Zinhoo.
[01/07/2021 - 02:33:53] - * Victor_Insanity deu alguma grana para Daniel_Zinhoo.
[01/07/2021 - 02:33:54] - * Victor_Insanity deu alguma grana para Daniel_Zinhoo.
[01/07/2021 - 02:33:55] - * Victor_Insanity deu alguma grana para Daniel_Zinhoo.
[01/07/2021 - 02:33:56] - * Victor_Insanity deu alguma grana para Daniel_Zinhoo.
[01/07/2021 - 02:34:02] - * Victor_Insanity deu alguma grana para Daniel_Zinhoo.
[01/07/2021 - 02:34:05] - * Victor_Insanity deu alguma grana para Daniel_Zinhoo.
[01/07/2021 - 02:34:07] - * Victor_Insanity deu alguma grana para Daniel_Zinhoo.
[01/07/2021 - 02:34:08] - * Victor_Insanity deu alguma grana para Daniel_Zinhoo.
[01/07/2021 - 02:34:10] - * Victor_Insanity deu alguma grana para Daniel_Zinhoo.
[01/07/2021 - 02:34:11] - * Victor_Insanity deu alguma grana para Daniel_Zinhoo.
[01/07/2021 - 02:34:12] - * Victor_Insanity deu alguma grana para Daniel_Zinhoo.
[01/07/2021 - 02:34:14] - * Victor_Insanity deu alguma grana para Daniel_Zinhoo.
[01/07/2021 - 02:34:14] - * Victor_Insanity deu alguma grana para Daniel_Zinhoo.
[01/07/2021 - 02:34:15] - * Victor_Insanity deu alguma grana para Daniel_Zinhoo.
[01/07/2021 - 02:34:16] - * Victor_Insanity deu alguma grana para Daniel_Zinhoo.
[01/07/2021 - 11:48:24] - ADMIN CMD: O Admin Vgzinn está dando R$1 para Gefin_DAboca.
[01/07/2021 - 11:48:37] - ADMIN CMD: O Admin Vgzinn está dando R$150000 para Gefin_DAboca.
[01/07/2021 - 12:26:32] - marcos_leao comprou armas por R$100 na empresa 6
[01/07/2021 - 13:08:03] - * Sr_Valzera deu alguma grana para gui_lokoo.
[01/07/2021 - 13:08:22] - * MIRO_MAR deu alguma grana para Menor_vl.
[01/07/2021 - 13:39:51] - * CONNOR_CJ deu alguma grana para Gefin_DAboca.
[01/07/2021 - 14:05:00] - * texugo_gg deu alguma grana para japa_gfm.
[01/07/2021 - 14:05:03] - * texugo_gg deu alguma grana para japa_gfm.
[01/07/2021 - 14:05:04] - * texugo_gg deu alguma grana para japa_gfm.
[01/07/2021 - 14:05:05] - * texugo_gg deu alguma grana para japa_gfm.
[01/07/2021 - 14:05:05] - * texugo_gg deu alguma grana para japa_gfm.
[01/07/2021 - 14:05:06] - * texugo_gg deu alguma grana para japa_gfm.
[01/07/2021 - 14:05:07] - * texugo_gg deu alguma grana para japa_gfm.
[01/07/2021 - 14:05:07] - * texugo_gg deu alguma grana para japa_gfm.
[01/07/2021 - 14:05:24] - * texugo_gg deu alguma grana para japa_gfm.
[01/07/2021 - 14:30:19] - * jaozinho deu alguma grana para MANDRAKA.
[01/07/2021 - 14:30:25] - * jaozinho deu alguma grana para MANDRAKA.
[01/07/2021 - 14:32:54] - * jaozinho deu alguma grana para MANDRAKA.
[01/07/2021 - 14:32:59] - * jaozinho deu alguma grana para MANDRAKA.
[01/07/2021 - 14:33:51] - * ruanno_beiramar deu alguma grana para jc04.
[01/07/2021 - 14:33:52] - * ruanno_beiramar deu alguma grana para jc04.
[01/07/2021 - 14:33:54] - * ruanno_beiramar deu alguma grana para jc04.
[01/07/2021 - 14:33:56] - * ruanno_beiramar deu alguma grana para jc04.
[01/07/2021 - 14:33:57] - * ruanno_beiramar deu alguma grana para jc04.
[01/07/2021 - 14:34:00] - * ruanno_beiramar deu alguma grana para jc04.
[01/07/2021 - 14:34:02] - * ruanno_beiramar deu alguma grana para jc04.
[01/07/2021 - 14:34:07] - * ruanno_beiramar deu alguma grana para jc04.
[01/07/2021 - 14:34:09] - * ruanno_beiramar deu alguma grana para jc04.
[01/07/2021 - 14:34:10] - * ruanno_beiramar deu alguma grana para jc04.
[01/07/2021 - 14:34:11] - * ruanno_beiramar deu alguma grana para jc04.
[01/07/2021 - 14:34:13] - * ruanno_beiramar deu alguma grana para jc04.
[01/07/2021 - 14:34:14] - * ruanno_beiramar deu alguma grana para jc04.
[01/07/2021 - 14:51:30] - * KPZIN_EXE deu alguma grana para pdrinx_zika.
[01/07/2021 - 14:51:34] - * KPZIN_EXE deu alguma grana para pdrinx_zika.
[01/07/2021 - 14:51:35] - * KPZIN_EXE deu alguma grana para pdrinx_zika.
[01/07/2021 - 14:51:36] - * KPZIN_EXE deu alguma grana para pdrinx_zika.
[01/07/2021 - 14:51:37] - * KPZIN_EXE deu alguma grana para pdrinx_zika.
[01/07/2021 - 14:51:37] - * KPZIN_EXE deu alguma grana para pdrinx_zika.
[01/07/2021 - 14:51:39] - * KPZIN_EXE deu alguma grana para pdrinx_zika.
[01/07/2021 - 14:51:40] - * KPZIN_EXE deu alguma grana para pdrinx_zika.
[01/07/2021 - 14:51:41] - * KPZIN_EXE deu alguma grana para pdrinx_zika.
[01/07/2021 - 14:51:42] - * KPZIN_EXE deu alguma grana para pdrinx_zika.
[01/07/2021 - 14:51:43] - * KPZIN_EXE deu alguma grana para pdrinx_zika.
[01/07/2021 - 14:51:45] - * KPZIN_EXE deu alguma grana para pdrinx_zika.
[01/07/2021 - 14:51:46] - * KPZIN_EXE deu alguma grana para pdrinx_zika.
[01/07/2021 - 14:51:47] - * KPZIN_EXE deu alguma grana para pdrinx_zika.
[01/07/2021 - 14:51:48] - * KPZIN_EXE deu alguma grana para pdrinx_zika.
[01/07/2021 - 14:51:50] - * KPZIN_EXE deu alguma grana para pdrinx_zika.
[01/07/2021 - 14:51:52] - * KPZIN_EXE deu alguma grana para pdrinx_zika.
[01/07/2021 - 14:51:53] - * KPZIN_EXE deu alguma grana para pdrinx_zika.
[01/07/2021 - 14:51:54] - * KPZIN_EXE deu alguma grana para pdrinx_zika.
[01/07/2021 - 14:51:55] - * KPZIN_EXE deu alguma grana para pdrinx_zika.
[01/07/2021 - 15:28:32] - * marcos_leao deu alguma grana para ruanno_beiramar.
[01/07/2021 - 15:46:50] - * VULGO_BK deu alguma grana para David_Santos.
[01/07/2021 - 15:46:50] - * VULGO_BK deu alguma grana para David_Santos.
[01/07/2021 - 15:46:51] - * VULGO_BK deu alguma grana para David_Santos.
[01/07/2021 - 15:46:57] - * VULGO_BK deu alguma grana para David_Santos.
[01/07/2021 - 15:47:02] - * VULGO_BK deu alguma grana para David_Santos.
[01/07/2021 - 16:49:31] - * VULGO_BK deu alguma grana para LITTLE_cyp.
[01/07/2021 - 16:49:49] - * texugo_gg deu alguma grana para LITTLE_cyp.
[01/07/2021 - 16:49:51] - * texugo_gg deu alguma grana para LITTLE_cyp.
[01/07/2021 - 16:49:54] - * texugo_gg deu alguma grana para LITTLE_cyp.
[01/07/2021 - 16:49:57] - * VULGO_BK deu alguma grana para LITTLE_cyp.
[01/07/2021 - 16:56:38] - * jaozinho deu alguma grana para LITTLE_cyp.
[01/07/2021 - 16:56:58] - * jaozinho deu alguma grana para LITTLE_cyp.
[01/07/2021 - 17:28:25] - * SMOKE_ZX deu alguma grana para flavinho_tralha.
[01/07/2021 - 17:28:25] - * SMOKE_ZX deu alguma grana para flavinho_tralha.
[01/07/2021 - 17:28:26] - * SMOKE_ZX deu alguma grana para flavinho_tralha.
[01/07/2021 - 17:28:26] - * SMOKE_ZX deu alguma grana para flavinho_tralha.
[01/07/2021 - 17:28:26] - * SMOKE_ZX deu alguma grana para flavinho_tralha.
[01/07/2021 - 17:28:27] - * texugo_gg deu alguma grana para Lord_Gut_.
[01/07/2021 - 17:28:27] - * SMOKE_ZX deu alguma grana para flavinho_tralha.
[01/07/2021 - 17:28:27] - * SMOKE_ZX deu alguma grana para flavinho_tralha.
[01/07/2021 - 17:28:28] - * SMOKE_ZX deu alguma grana para flavinho_tralha.
[01/07/2021 - 17:28:28] - * SMOKE_ZX deu alguma grana para flavinho_tralha.
[01/07/2021 - 17:28:28] - Vulgo_Malvadao comprou armas por R$2800 na empresa 0
[01/07/2021 - 17:28:28] - * SMOKE_ZX deu alguma grana para flavinho_tralha.
[01/07/2021 - 17:28:29] - * SMOKE_ZX deu alguma grana para flavinho_tralha.
[01/07/2021 - 17:28:31] - * texugo_gg deu alguma grana para Lord_Gut_.
[01/07/2021 - 17:28:32] - * texugo_gg deu alguma grana para Lord_Gut_.
[01/07/2021 - 17:28:33] - * texugo_gg deu alguma grana para Lord_Gut_.
[01/07/2021 - 17:28:34] - * SMOKE_ZX deu alguma grana para flavinho_tralha.
[01/07/2021 - 17:28:35] - * SMOKE_ZX deu alguma grana para flavinho_tralha.
[01/07/2021 - 17:28:35] - * texugo_gg deu alguma grana para Lord_Gut_.
[01/07/2021 - 17:28:35] - * SMOKE_ZX deu alguma grana para flavinho_tralha.
[01/07/2021 - 17:28:35] - * SMOKE_ZX deu alguma grana para flavinho_tralha.
[01/07/2021 - 17:28:36] - * SMOKE_ZX deu alguma grana para flavinho_tralha.
[01/07/2021 - 17:28:36] - * SMOKE_ZX deu alguma grana para flavinho_tralha.
[01/07/2021 - 17:28:37] - * SMOKE_ZX deu alguma grana para flavinho_tralha.
[01/07/2021 - 17:28:37] - * texugo_gg deu alguma grana para Lord_Gut_.
[01/07/2021 - 17:28:38] - * texugo_gg deu alguma grana para Lord_Gut_.
[01/07/2021 - 17:28:57] - Vulgo_Malvadao comprou armas por R$2800 na empresa 0
[01/07/2021 - 18:02:23] - LIPE_EXE comprou armas por R$1800 na empresa 0
[01/07/2021 - 18:04:36] - LIPE_EXE comprou armas por R$1420 na empresa 0
[01/07/2021 - 18:04:50] - LIPE_EXE comprou armas por R$2000 na empresa 0
[01/07/2021 - 18:42:43] - * LITTLE_cyp deu alguma grana para texugo_gg.
[01/07/2021 - 18:42:45] - * LITTLE_cyp deu alguma grana para texugo_gg.
[01/07/2021 - 18:42:46] - * LITTLE_cyp deu alguma grana para texugo_gg.
[01/07/2021 - 18:42:48] - * LITTLE_cyp deu alguma grana para texugo_gg.
[01/07/2021 - 18:42:49] - * LITTLE_cyp deu alguma grana para texugo_gg.
[01/07/2021 - 18:42:51] - * LITTLE_cyp deu alguma grana para texugo_gg.
[01/07/2021 - 18:42:52] - * LITTLE_cyp deu alguma grana para texugo_gg.
[01/07/2021 - 18:42:54] - * LITTLE_cyp deu alguma grana para texugo_gg.
[01/07/2021 - 18:42:55] - * LITTLE_cyp deu alguma grana para texugo_gg.
[01/07/2021 - 18:42:57] - * LITTLE_cyp deu alguma grana para texugo_gg.
[01/07/2021 - 18:42:58] - * LITTLE_cyp deu alguma grana para texugo_gg.
[01/07/2021 - 18:43:06] - * LITTLE_cyp deu alguma grana para texugo_gg.
[01/07/2021 - 18:43:09] - * LITTLE_cyp deu alguma grana para texugo_gg.
[01/07/2021 - 18:43:10] - * LITTLE_cyp deu alguma grana para texugo_gg.
[01/07/2021 - 18:43:13] - * LITTLE_cyp deu alguma grana para texugo_gg.
[01/07/2021 - 18:43:14] - * LITTLE_cyp deu alguma grana para texugo_gg.
[01/07/2021 - 18:43:16] - * LITTLE_cyp deu alguma grana para texugo_gg.
[01/07/2021 - 18:43:17] - * LITTLE_cyp deu alguma grana para texugo_gg.
[01/07/2021 - 18:43:19] - * LITTLE_cyp deu alguma grana para texugo_gg.
[01/07/2021 - 18:43:20] - * LITTLE_cyp deu alguma grana para texugo_gg.
[01/07/2021 - 18:43:22] - * LITTLE_cyp deu alguma grana para texugo_gg.
[01/07/2021 - 18:43:23] - * LITTLE_cyp deu alguma grana para texugo_gg.
[01/07/2021 - 18:43:24] - * texugo_gg deu alguma grana para VIXTOE.
[01/07/2021 - 18:43:24] - * LITTLE_cyp deu alguma grana para texugo_gg.
[01/07/2021 - 18:43:26] - * LITTLE_cyp deu alguma grana para texugo_gg.
[01/07/2021 - 18:43:27] - * LITTLE_cyp deu alguma grana para texugo_gg.
[01/07/2021 - 18:43:28] - * texugo_gg deu alguma grana para VIXTOE.
[01/07/2021 - 18:43:28] - * LITTLE_cyp deu alguma grana para texugo_gg.
[01/07/2021 - 18:43:30] - * texugo_gg deu alguma grana para VIXTOE.
[01/07/2021 - 18:43:30] - * LITTLE_cyp deu alguma grana para texugo_gg.
[01/07/2021 - 18:43:31] - * texugo_gg deu alguma grana para VIXTOE.
[01/07/2021 - 18:43:32] - * LITTLE_cyp deu alguma grana para texugo_gg.
[01/07/2021 - 18:43:33] - * LITTLE_cyp deu alguma grana para texugo_gg.
[01/07/2021 - 18:43:35] - * LITTLE_cyp deu alguma grana para texugo_gg.
[01/07/2021 - 18:43:36] - * LITTLE_cyp deu alguma grana para texugo_gg.
[01/07/2021 - 18:43:40] - * LITTLE_cyp deu alguma grana para texugo_gg.
[01/07/2021 - 18:43:43] - * LITTLE_cyp deu alguma grana para texugo_gg.
[01/07/2021 - 18:43:44] - * LITTLE_cyp deu alguma grana para texugo_gg.
[01/07/2021 - 18:43:46] - * LITTLE_cyp deu alguma grana para texugo_gg.
[01/07/2021 - 18:43:47] - * texugo_gg deu alguma grana para kaiozinff.
[01/07/2021 - 18:43:47] - * LITTLE_cyp deu alguma grana para texugo_gg.
[01/07/2021 - 18:43:48] - * LITTLE_cyp deu alguma grana para texugo_gg.
[01/07/2021 - 18:43:49] - * texugo_gg deu alguma grana para kaiozinff.
[01/07/2021 - 18:43:49] - * LITTLE_cyp deu alguma grana para texugo_gg.
[01/07/2021 - 18:43:51] - * LITTLE_cyp deu alguma grana para texugo_gg.
[01/07/2021 - 18:43:51] - * texugo_gg deu alguma grana para kaiozinff.
[01/07/2021 - 18:43:53] - * texugo_gg deu alguma grana para kaiozinff.
[01/07/2021 - 18:43:55] - * LITTLE_cyp deu alguma grana para texugo_gg.
[01/07/2021 - 18:43:57] - * LITTLE_cyp deu alguma grana para texugo_gg.
[01/07/2021 - 18:43:58] - * LITTLE_cyp deu alguma grana para texugo_gg.
[01/07/2021 - 18:44:00] - * LITTLE_cyp deu alguma grana para texugo_gg.
[01/07/2021 - 18:44:02] - * LITTLE_cyp deu alguma grana para texugo_gg.
[01/07/2021 - 18:44:04] - * LITTLE_cyp deu alguma grana para texugo_gg.
[01/07/2021 - 18:44:18] - * LITTLE_cyp deu alguma grana para texugo_gg.
[01/07/2021 - 18:44:19] - * LITTLE_cyp deu alguma grana para texugo_gg.
[01/07/2021 - 18:44:21] - * LITTLE_cyp deu alguma grana para texugo_gg.
[01/07/2021 - 18:44:22] - * LITTLE_cyp deu alguma grana para texugo_gg.
[01/07/2021 - 18:44:24] - * LITTLE_cyp deu alguma grana para texugo_gg.
[01/07/2021 - 18:44:26] - * LITTLE_cyp deu alguma grana para texugo_gg.
[01/07/2021 - 18:44:27] - * LITTLE_cyp deu alguma grana para texugo_gg.
[01/07/2021 - 18:44:28] - * LITTLE_cyp deu alguma grana para texugo_gg.
[01/07/2021 - 18:44:29] - * LITTLE_cyp deu alguma grana para texugo_gg.
[01/07/2021 - 18:44:30] - * LITTLE_cyp deu alguma grana para texugo_gg.
[01/07/2021 - 18:44:32] - * LITTLE_cyp deu alguma grana para texugo_gg.
[01/07/2021 - 18:44:33] - * LITTLE_cyp deu alguma grana para texugo_gg.
[01/07/2021 - 18:44:35] - * LITTLE_cyp deu alguma grana para texugo_gg.
[01/07/2021 - 18:44:36] - * LITTLE_cyp deu alguma grana para texugo_gg.
[01/07/2021 - 18:44:38] - * LITTLE_cyp deu alguma grana para texugo_gg.
[01/07/2021 - 18:44:39] - * LITTLE_cyp deu alguma grana para texugo_gg.
[01/07/2021 - 18:44:41] - * LITTLE_cyp deu alguma grana para texugo_gg.
[01/07/2021 - 18:44:42] - * LITTLE_cyp deu alguma grana para texugo_gg.
[01/07/2021 - 18:44:43] - * LITTLE_cyp deu alguma grana para texugo_gg.
[01/07/2021 - 18:44:45] - * LITTLE_cyp deu alguma grana para texugo_gg.
[01/07/2021 - 18:44:46] - * LITTLE_cyp deu alguma grana para texugo_gg.
[01/07/2021 - 18:44:47] - * LITTLE_cyp deu alguma grana para texugo_gg.
[01/07/2021 - 18:44:48] - * LITTLE_cyp deu alguma grana para texugo_gg.
[01/07/2021 - 18:44:51] - * LITTLE_cyp deu alguma grana para texugo_gg.
[01/07/2021 - 18:44:52] - * LITTLE_cyp deu alguma grana para texugo_gg.
[01/07/2021 - 18:44:53] - * LITTLE_cyp deu alguma grana para texugo_gg.
[01/07/2021 - 18:44:55] - * LITTLE_cyp deu alguma grana para texugo_gg.
[01/07/2021 - 18:44:57] - * LITTLE_cyp deu alguma grana para texugo_gg.
[01/07/2021 - 18:45:00] - * LITTLE_cyp deu alguma grana para texugo_gg.
[01/07/2021 - 18:45:01] - * LITTLE_cyp deu alguma grana para texugo_gg.
[01/07/2021 - 18:45:06] - * LITTLE_cyp deu alguma grana para texugo_gg.
[01/07/2021 - 18:45:10] - * LITTLE_cyp deu alguma grana para texugo_gg.
[01/07/2021 - 18:45:12] - * LITTLE_cyp deu alguma grana para texugo_gg.
[01/07/2021 - 18:45:14] - * LITTLE_cyp deu alguma grana para texugo_gg.
[01/07/2021 - 18:45:15] - * LITTLE_cyp deu alguma grana para texugo_gg.
[01/07/2021 - 18:45:16] - * LITTLE_cyp deu alguma grana para texugo_gg.
[01/07/2021 - 18:45:18] - * LITTLE_cyp deu alguma grana para texugo_gg.
[01/07/2021 - 18:45:19] - * LITTLE_cyp deu alguma grana para texugo_gg.
[01/07/2021 - 18:45:20] - * LITTLE_cyp deu alguma grana para texugo_gg.
[01/07/2021 - 18:45:22] - * LITTLE_cyp deu alguma grana para texugo_gg.
[01/07/2021 - 18:45:24] - * LITTLE_cyp deu alguma grana para texugo_gg.
[01/07/2021 - 18:45:27] - * LITTLE_cyp deu alguma grana para texugo_gg.
[01/07/2021 - 18:45:34] - * LITTLE_cyp deu alguma grana para texugo_gg.
[01/07/2021 - 18:45:35] - * LITTLE_cyp deu alguma grana para texugo_gg.
[01/07/2021 - 18:46:58] - * LITTLE_cyp deu alguma grana para texugo_gg.
[01/07/2021 - 18:46:59] - * LITTLE_cyp deu alguma grana para texugo_gg.
[01/07/2021 - 18:47:00] - * LITTLE_cyp deu alguma grana para texugo_gg.
[01/07/2021 - 18:47:02] - * LITTLE_cyp deu alguma grana para texugo_gg.
[01/07/2021 - 18:47:03] - * LITTLE_cyp deu alguma grana para texugo_gg.
[01/07/2021 - 18:47:05] - * LITTLE_cyp deu alguma grana para texugo_gg.
[01/07/2021 - 18:47:07] - * LITTLE_cyp deu alguma grana para texugo_gg.
[01/07/2021 - 18:47:08] - * LITTLE_cyp deu alguma grana para texugo_gg.
[01/07/2021 - 18:47:10] - * LITTLE_cyp deu alguma grana para texugo_gg.
[01/07/2021 - 18:47:12] - * LITTLE_cyp deu alguma grana para texugo_gg.
[01/07/2021 - 18:47:13] - * LITTLE_cyp deu alguma grana para texugo_gg.
[01/07/2021 - 18:47:15] - * LITTLE_cyp deu alguma grana para texugo_gg.
[01/07/2021 - 18:47:16] - * LITTLE_cyp deu alguma grana para texugo_gg.
[01/07/2021 - 18:49:23] - * texugo_gg deu alguma grana para Kauan_Churritos.
[01/07/2021 - 18:49:25] - * texugo_gg deu alguma grana para Kauan_Churritos.
[01/07/2021 - 18:49:28] - * texugo_gg deu alguma grana para Kauan_Churritos.
[01/07/2021 - 18:49:29] - * texugo_gg deu alguma grana para Kauan_Churritos.
[01/07/2021 - 18:49:32] - * texugo_gg deu alguma grana para Kauan_Churritos.
[01/07/2021 - 18:49:34] - * texugo_gg deu alguma grana para Kauan_Churritos.
[01/07/2021 - 18:50:34] - * texugo_gg deu alguma grana para Maicon_Lopes.
[01/07/2021 - 18:50:38] - * texugo_gg deu alguma grana para Maicon_Lopes.
[01/07/2021 - 18:50:39] - * texugo_gg deu alguma grana para Maicon_Lopes.
[01/07/2021 - 18:50:41] - * texugo_gg deu alguma grana para Maicon_Lopes.
[01/07/2021 - 19:51:23] - * LITTLE_cyp deu alguma grana para texugo_gg.
[01/07/2021 - 19:51:36] - * LITTLE_cyp deu alguma grana para Kauan_Churritos.
[01/07/2021 - 20:37:02] - Surtado_ff comprou armas por R$1200 na empresa 0
[01/07/2021 - 20:41:27] - * KABUTO_TRALHA deu alguma grana para Sr_Valzera.
[01/07/2021 - 20:43:35] - Surtado_ff comprou armas por R$2800 na empresa 0
[01/07/2021 - 20:43:43] - Surtado_ff comprou armas por R$1900 na empresa 0
[01/07/2021 - 21:43:41] - * Maicon_Lopes deu alguma grana para jaozinho.
[01/07/2021 - 21:43:43] - * Maicon_Lopes deu alguma grana para jaozinho.
[01/07/2021 - 21:43:44] - * Maicon_Lopes deu alguma grana para jaozinho.
[01/07/2021 - 21:43:46] - * Maicon_Lopes deu alguma grana para jaozinho.
[01/07/2021 - 21:43:47] - * Maicon_Lopes deu alguma grana para jaozinho.
[01/07/2021 - 21:43:48] - * Maicon_Lopes deu alguma grana para jaozinho.
[01/07/2021 - 21:43:50] - * Maicon_Lopes deu alguma grana para jaozinho.
[01/07/2021 - 21:43:51] - * Maicon_Lopes deu alguma grana para jaozinho.
[01/07/2021 - 21:43:53] - * Maicon_Lopes deu alguma grana para jaozinho.
[01/07/2021 - 21:43:55] - * Maicon_Lopes deu alguma grana para jaozinho.
[01/07/2021 - 21:46:09] - * MANDRAK_DELA$ deu alguma grana para Sr_Valzera.
[01/07/2021 - 21:46:13] - * MANDRAK_DELA$ deu alguma grana para Sr_Valzera.
[01/07/2021 - 21:46:15] - * MANDRAK_DELA$ deu alguma grana para Sr_Valzera.
[01/07/2021 - 21:46:16] - * MANDRAK_DELA$ deu alguma grana para Sr_Valzera.
[01/07/2021 - 21:52:35] - * Rei_Do_Rolas deu alguma grana para errieme.
[01/07/2021 - 21:52:54] - * Rei_Do_Rolas deu alguma grana para errieme.
[01/07/2021 - 22:12:16] - * BOPE_ARTHUR deu alguma grana para Paulinho_Davi.
[01/07/2021 - 22:12:18] - * BOPE_ARTHUR deu alguma grana para Paulinho_Davi.
[01/07/2021 - 22:12:19] - * BOPE_ARTHUR deu alguma grana para Paulinho_Davi.
[01/07/2021 - 22:12:21] - * BOPE_ARTHUR deu alguma grana para Paulinho_Davi.
[01/07/2021 - 23:21:26] - KABUTO_TRALHA comprou armas por R$100 na empresa 6
[01/07/2021 - 23:56:01] - * VULGO_BK deu alguma grana para Maicon_Lopes.
[01/07/2021 - 23:56:05] - * VULGO_BK deu alguma grana para Maicon_Lopes.
[01/07/2021 - 23:56:12] - * BOPE_ARTHUR deu alguma grana para Maicon_Lopes.
[01/07/2021 - 23:56:17] - * BOPE_ARTHUR deu alguma grana para Maicon_Lopes.
[01/07/2021 - 23:56:19] - * BOPE_ARTHUR deu alguma grana para Maicon_Lopes.
[01/07/2021 - 23:56:20] - * BOPE_ARTHUR deu alguma grana para Maicon_Lopes.
[01/07/2021 - 23:56:21] - * BOPE_ARTHUR deu alguma grana para Maicon_Lopes.
[01/07/2021 - 23:56:22] - * BOPE_ARTHUR deu alguma grana para Maicon_Lopes.
[01/07/2021 - 23:56:23] - * BOPE_ARTHUR deu alguma grana para Maicon_Lopes.
[01/07/2021 - 23:56:28] - * VULGO_BK deu alguma grana para Maicon_Lopes.
[01/07/2021 - 23:56:29] - * VULGO_BK deu alguma grana para Maicon_Lopes.
[01/07/2021 - 23:59:59] - * texugo_gg deu alguma grana para Bkey_DuMonster.
[02/07/2021 - 00:00:00] - * texugo_gg deu alguma grana para Bkey_DuMonster.
[02/07/2021 - 00:00:20] - * texugo_gg deu alguma grana para Bkey_DuMonster.
[02/07/2021 - 00:00:20] - * texugo_gg deu alguma grana para Bkey_DuMonster.
[02/07/2021 - 00:00:20] - * texugo_gg deu alguma grana para Bkey_DuMonster.
[02/07/2021 - 00:00:20] - * texugo_gg deu alguma grana para Bkey_DuMonster.
[02/07/2021 - 00:00:20] - * texugo_gg deu alguma grana para Bkey_DuMonster.
[02/07/2021 - 00:01:19] - * texugo_gg deu alguma grana para Bkey_DuMonster.
[02/07/2021 - 00:01:20] - * texugo_gg deu alguma grana para Bkey_DuMonster.
[02/07/2021 - 00:01:23] - * texugo_gg deu alguma grana para Bkey_DuMonster.
[02/07/2021 - 00:01:24] - * texugo_gg deu alguma grana para Bkey_DuMonster.
[02/07/2021 - 00:01:25] - * texugo_gg deu alguma grana para Bkey_DuMonster.
[02/07/2021 - 00:01:26] - * texugo_gg deu alguma grana para Bkey_DuMonster.
[02/07/2021 - 00:01:27] - * texugo_gg deu alguma grana para Bkey_DuMonster.
[02/07/2021 - 00:01:27] - * texugo_gg deu alguma grana para Bkey_DuMonster.
[02/07/2021 - 00:01:28] - * texugo_gg deu alguma grana para Bkey_DuMonster.
[02/07/2021 - 00:01:29] - * texugo_gg deu alguma grana para Bkey_DuMonster.
[02/07/2021 - 00:01:30] - * texugo_gg deu alguma grana para Bkey_DuMonster.
[02/07/2021 - 00:01:31] - * texugo_gg deu alguma grana para Bkey_DuMonster.
[02/07/2021 - 00:01:31] - * texugo_gg deu alguma grana para Bkey_DuMonster.
[02/07/2021 - 00:01:32] - * texugo_gg deu alguma grana para Bkey_DuMonster.
[02/07/2021 - 00:01:33] - * texugo_gg deu alguma grana para Bkey_DuMonster.
[02/07/2021 - 00:01:34] - * texugo_gg deu alguma grana para Bkey_DuMonster.
[02/07/2021 - 00:01:35] - * texugo_gg deu alguma grana para Bkey_DuMonster.
[02/07/2021 - 01:03:39] - * Miguel_Malta deu alguma grana para Maicon_Lopes.
[02/07/2021 - 01:03:46] - * Miguel_Malta deu alguma grana para Maicon_Lopes.
[02/07/2021 - 01:15:27] - SMOKE_ZX comprou armas por R$100 na empresa 0
[02/07/2021 - 01:15:50] - SMOKE_ZX comprou armas por R$225 na empresa 0
[02/07/2021 - 01:16:00] - SMOKE_ZX comprou armas por R$100 na empresa 0
[02/07/2021 - 02:02:04] - * kurt_444 deu alguma grana para 157_MTZIN4.
[02/07/2021 - 02:15:56] - * vitin_TDT deu alguma grana para Vinicius_TDT.
[02/07/2021 - 02:48:57] - * vitin_TDT deu alguma grana para Rei_Do_Rolas.
[02/07/2021 - 02:50:46] - * Kauan_Santos deu alguma grana para Carlos_Sales.
[02/07/2021 - 03:28:02] - * Vinicius_Russef deu alguma grana para Wesley313.
[02/07/2021 - 03:28:04] - * Vinicius_Russef deu alguma grana para Wesley313.
[02/07/2021 - 03:28:05] - * Vinicius_Russef deu alguma grana para Wesley313.
[02/07/2021 - 03:28:05] - * Vinicius_Russef deu alguma grana para Wesley313.
[02/07/2021 - 03:28:06] - * Vinicius_Russef deu alguma grana para Wesley313.
[02/07/2021 - 03:28:06] - * Vinicius_Russef deu alguma grana para Wesley313.
[02/07/2021 - 03:28:07] - * Vinicius_Russef deu alguma grana para Wesley313.
[02/07/2021 - 03:28:07] - * Vinicius_Russef deu alguma grana para Wesley313.
[02/07/2021 - 03:28:11] - * Vinicius_Russef deu alguma grana para Wesley313.
[02/07/2021 - 03:28:11] - * Vinicius_Russef deu alguma grana para Wesley313.
[02/07/2021 - 03:28:12] - * Vinicius_Russef deu alguma grana para Wesley313.
[02/07/2021 - 03:28:13] - * Vinicius_Russef deu alguma grana para Wesley313.
[02/07/2021 - 03:28:14] - * Vinicius_Russef deu alguma grana para Wesley313.
[02/07/2021 - 03:28:14] - * Vinicius_Russef deu alguma grana para Wesley313.
[02/07/2021 - 03:28:15] - * Vinicius_Russef deu alguma grana para Wesley313.
[02/07/2021 - 03:28:15] - * Vinicius_Russef deu alguma grana para Wesley313.
[02/07/2021 - 03:28:16] - * Vinicius_Russef deu alguma grana para Wesley313.
[02/07/2021 - 03:28:17] - * Vinicius_Russef deu alguma grana para Wesley313.
[02/07/2021 - 03:28:38] - * Vinicius_Russef deu alguma grana para Wesley313.
[02/07/2021 - 03:28:39] - * Vinicius_Russef deu alguma grana para Wesley313.
[02/07/2021 - 03:28:40] - * Vinicius_Russef deu alguma grana para Wesley313.
[02/07/2021 - 03:28:40] - * Vinicius_Russef deu alguma grana para Wesley313.
[02/07/2021 - 03:28:41] - * Vinicius_Russef deu alguma grana para Wesley313.
[02/07/2021 - 03:28:41] - * Vinicius_Russef deu alguma grana para Wesley313.
[02/07/2021 - 03:28:42] - * Vinicius_Russef deu alguma grana para Wesley313.
[02/07/2021 - 03:28:43] - * Vinicius_Russef deu alguma grana para Wesley313.
[02/07/2021 - 03:28:43] - * Vinicius_Russef deu alguma grana para Wesley313.
[02/07/2021 - 03:28:44] - * Vinicius_Russef deu alguma grana para Wesley313.
[02/07/2021 - 04:00:41] - * Vinicius_Russef deu alguma grana para mau_mau.
[02/07/2021 - 04:00:41] - * Vinicius_Russef deu alguma grana para mau_mau.
[02/07/2021 - 04:00:42] - * Vinicius_Russef deu alguma grana para mau_mau.
[02/07/2021 - 04:00:42] - * Vinicius_Russef deu alguma grana para mau_mau.
[02/07/2021 - 04:00:43] - * Vinicius_Russef deu alguma grana para mau_mau.
[02/07/2021 - 04:00:43] - * Vinicius_Russef deu alguma grana para mau_mau.
[02/07/2021 - 04:00:44] - * Vinicius_Russef deu alguma grana para mau_mau.
[02/07/2021 - 04:00:44] - * Vinicius_Russef deu alguma grana para mau_mau.
[02/07/2021 - 04:00:45] - * Vinicius_Russef deu alguma grana para mau_mau.
[02/07/2021 - 04:00:47] - * Vinicius_Russef deu alguma grana para mau_mau.
[02/07/2021 - 04:00:47] - * Vinicius_Russef deu alguma grana para mau_mau.
[02/07/2021 - 04:00:48] - * Vinicius_Russef deu alguma grana para mau_mau.
[02/07/2021 - 04:00:48] - * Vinicius_Russef deu alguma grana para mau_mau.
[02/07/2021 - 04:00:49] - * Vinicius_Russef deu alguma grana para mau_mau.
[02/07/2021 - 04:00:49] - * Vinicius_Russef deu alguma grana para mau_mau.
[02/07/2021 - 04:00:50] - * Vinicius_Russef deu alguma grana para mau_mau.
[02/07/2021 - 04:00:50] - * Vinicius_Russef deu alguma grana para mau_mau.
[02/07/2021 - 04:00:51] - * Vinicius_Russef deu alguma grana para mau_mau.
[02/07/2021 - 04:00:52] - * Vinicius_Russef deu alguma grana para mau_mau.
[02/07/2021 - 04:00:52] - * Vinicius_Russef deu alguma grana para mau_mau.
[02/07/2021 - 04:00:54] - * Vinicius_Russef deu alguma grana para mau_mau.
[02/07/2021 - 04:00:54] - * Vinicius_Russef deu alguma grana para mau_mau.
[02/07/2021 - 04:00:55] - * Vinicius_Russef deu alguma grana para mau_mau.
[02/07/2021 - 04:00:55] - * Vinicius_Russef deu alguma grana para mau_mau.
[02/07/2021 - 04:00:56] - * Vinicius_Russef deu alguma grana para mau_mau.
[02/07/2021 - 05:07:26] - Kauan_Santos comprou armas por R$3500 na empresa 6
[02/07/2021 - 13:38:41] - kaiozinff comprou armas por R$1200 na empresa 6
[02/07/2021 - 13:45:27] - kaiozinff comprou armas por R$100 na empresa 0
[02/07/2021 - 13:55:40] - * texugo_gg deu alguma grana para Bk_DuMoster.
[02/07/2021 - 14:55:42] - * texugo_gg deu alguma grana para Maicon_Lopes.
[02/07/2021 - 14:55:43] - * texugo_gg deu alguma grana para Maicon_Lopes.
[02/07/2021 - 14:55:45] - * texugo_gg deu alguma grana para Maicon_Lopes.
[02/07/2021 - 14:55:46] - * texugo_gg deu alguma grana para Maicon_Lopes.
[02/07/2021 - 14:55:47] - * texugo_gg deu alguma grana para Maicon_Lopes.
[02/07/2021 - 14:55:48] - * texugo_gg deu alguma grana para Maicon_Lopes.
[02/07/2021 - 14:55:48] - * texugo_gg deu alguma grana para Maicon_Lopes.
[02/07/2021 - 14:55:49] - * texugo_gg deu alguma grana para Maicon_Lopes.
[02/07/2021 - 14:55:50] - * texugo_gg deu alguma grana para Maicon_Lopes.
[02/07/2021 - 14:55:51] - * texugo_gg deu alguma grana para Maicon_Lopes.
[02/07/2021 - 14:55:51] - * texugo_gg deu alguma grana para Maicon_Lopes.
[02/07/2021 - 14:55:52] - * texugo_gg deu alguma grana para Maicon_Lopes.
[02/07/2021 - 14:55:53] - * texugo_gg deu alguma grana para Maicon_Lopes.
[02/07/2021 - 14:55:53] - * texugo_gg deu alguma grana para Maicon_Lopes.
[02/07/2021 - 14:55:54] - * texugo_gg deu alguma grana para Maicon_Lopes.
[02/07/2021 - 14:55:54] - * texugo_gg deu alguma grana para Maicon_Lopes.
[02/07/2021 - 14:55:55] - * texugo_gg deu alguma grana para Maicon_Lopes.
[02/07/2021 - 14:55:56] - * texugo_gg deu alguma grana para Maicon_Lopes.
[02/07/2021 - 14:55:57] - * texugo_gg deu alguma grana para Maicon_Lopes.
[02/07/2021 - 14:55:58] - * texugo_gg deu alguma grana para Maicon_Lopes.
[02/07/2021 - 14:55:58] - * texugo_gg deu alguma grana para Maicon_Lopes.
[02/07/2021 - 14:56:03] - * Kira_Do_Moster deu alguma grana para Maicon_Lopes.
[02/07/2021 - 15:04:39] - * playbox_silva deu alguma grana para Lucas_KiLLer.
[02/07/2021 - 15:06:31] - ADMIN CMD: O Admin Menor_vl está dando R$100000 para Maicon_Lopes.
[02/07/2021 - 15:50:50] - * Lucas_KiLLer deu alguma grana para playbox_silva.
[02/07/2021 - 16:08:42] - ADMIN CMD: O Admin Vgzinn está dando R$10 para Vgzinn.
[02/07/2021 - 16:08:44] - ADMIN CMD: O Admin Vgzinn está dando R$10 para Vgzinn.
[02/07/2021 - 16:08:46] - ADMIN CMD: O Admin Vgzinn está dando R$10000 para Vgzinn.
[02/07/2021 - 16:10:14] - * Miguel_Malta deu alguma grana para Maicon_Lopes.
[02/07/2021 - 17:44:41] - * SMOKE_ZX deu alguma grana para ruanno_beiramar.
[02/07/2021 - 18:18:39] - kaiozinff comprou armas por R$1420 na empresa 0
[02/07/2021 - 18:28:49] - ADMIN CMD: O Admin Vgzinn está dando R$100000 para Vinicius_Santos.
[02/07/2021 - 18:34:29] - * F7_NXS deu alguma grana para Vinicius_TDT.
[02/07/2021 - 18:34:30] - * F7_NXS deu alguma grana para Vinicius_TDT.
[02/07/2021 - 18:34:33] - * F7_NXS deu alguma grana para Vinicius_TDT.
[02/07/2021 - 18:34:35] - * F7_NXS deu alguma grana para Vinicius_TDT.
[02/07/2021 - 18:34:36] - * F7_NXS deu alguma grana para Vinicius_TDT.
[02/07/2021 - 18:34:36] - * F7_NXS deu alguma grana para Vinicius_TDT.
[02/07/2021 - 18:34:37] - * F7_NXS deu alguma grana para Vinicius_TDT.
[02/07/2021 - 18:34:38] - * F7_NXS deu alguma grana para Vinicius_TDT.
[02/07/2021 - 18:34:38] - * F7_NXS deu alguma grana para Vinicius_TDT.
[02/07/2021 - 18:34:39] - * F7_NXS deu alguma grana para Vinicius_TDT.
[02/07/2021 - 18:34:40] - * F7_NXS deu alguma grana para Vinicius_TDT.
[02/07/2021 - 18:34:41] - * F7_NXS deu alguma grana para Vinicius_TDT.
[02/07/2021 - 18:34:42] - * F7_NXS deu alguma grana para Vinicius_TDT.
[02/07/2021 - 18:34:42] - * F7_NXS deu alguma grana para Vinicius_TDT.
[02/07/2021 - 18:34:44] - * F7_NXS deu alguma grana para Vinicius_TDT.
[02/07/2021 - 18:34:45] - * F7_NXS deu alguma grana para Vinicius_TDT.
[02/07/2021 - 18:34:45] - * F7_NXS deu alguma grana para Vinicius_TDT.
[02/07/2021 - 18:34:46] - * F7_NXS deu alguma grana para Vinicius_TDT.
[02/07/2021 - 18:34:47] - * F7_NXS deu alguma grana para Vinicius_TDT.
[02/07/2021 - 18:34:49] - * F7_NXS deu alguma grana para Vinicius_TDT.
[02/07/2021 - 18:34:50] - * F7_NXS deu alguma grana para Vinicius_TDT.
[02/07/2021 - 18:34:50] - * F7_NXS deu alguma grana para Vinicius_TDT.
[02/07/2021 - 18:34:54] - * F7_NXS deu alguma grana para Vinicius_TDT.
[02/07/2021 - 18:34:55] - * F7_NXS deu alguma grana para Vinicius_TDT.
[02/07/2021 - 18:34:56] - * F7_NXS deu alguma grana para Vinicius_TDT.
[02/07/2021 - 18:34:57] - * F7_NXS deu alguma grana para Vinicius_TDT.
[02/07/2021 - 18:34:58] - * F7_NXS deu alguma grana para Vinicius_TDT.
[02/07/2021 - 18:34:59] - * F7_NXS deu alguma grana para Vinicius_TDT.
[02/07/2021 - 18:35:00] - * F7_NXS deu alguma grana para Vinicius_TDT.
[02/07/2021 - 18:35:01] - * F7_NXS deu alguma grana para Vinicius_TDT.
[02/07/2021 - 18:35:02] - * F7_NXS deu alguma grana para Vinicius_TDT.
[02/07/2021 - 18:35:03] - * F7_NXS deu alguma grana para Vinicius_TDT.
[02/07/2021 - 18:35:03] - * F7_NXS deu alguma grana para Vinicius_TDT.
[02/07/2021 - 18:35:06] - * F7_NXS deu alguma grana para Vinicius_TDT.
[02/07/2021 - 18:35:07] - * F7_NXS deu alguma grana para Vinicius_TDT.
[02/07/2021 - 18:35:08] - * F7_NXS deu alguma grana para Vinicius_TDT.
[02/07/2021 - 18:35:08] - * F7_NXS deu alguma grana para Vinicius_TDT.
[02/07/2021 - 18:35:09] - * F7_NXS deu alguma grana para Vinicius_TDT.
[02/07/2021 - 18:35:10] - * F7_NXS deu alguma grana para Vinicius_TDT.
[02/07/2021 - 18:35:11] - * F7_NXS deu alguma grana para Vinicius_TDT.
[02/07/2021 - 18:35:12] - * F7_NXS deu alguma grana para Vinicius_TDT.
[02/07/2021 - 18:35:13] - * F7_NXS deu alguma grana para Vinicius_TDT.
[02/07/2021 - 18:35:14] - * F7_NXS deu alguma grana para Vinicius_TDT.
[02/07/2021 - 18:35:15] - * F7_NXS deu alguma grana para Vinicius_TDT.
[02/07/2021 - 18:35:15] - * F7_NXS deu alguma grana para Vinicius_TDT.
[02/07/2021 - 18:35:16] - * F7_NXS deu alguma grana para Vinicius_TDT.
[02/07/2021 - 18:35:16] - * F7_NXS deu alguma grana para Vinicius_TDT.
[02/07/2021 - 18:36:49] - * F7_NXS deu alguma grana para batista_TDT.
[02/07/2021 - 18:36:52] - * F7_NXS deu alguma grana para batista_TDT.
[02/07/2021 - 18:36:52] - * F7_NXS deu alguma grana para batista_TDT.
[02/07/2021 - 18:36:53] - * F7_NXS deu alguma grana para batista_TDT.
[02/07/2021 - 18:36:55] - * F7_NXS deu alguma grana para batista_TDT.
[02/07/2021 - 18:36:55] - * F7_NXS deu alguma grana para batista_TDT.
[02/07/2021 - 18:36:56] - * F7_NXS deu alguma grana para batista_TDT.
[02/07/2021 - 18:36:57] - * F7_NXS deu alguma grana para batista_TDT.
[02/07/2021 - 18:36:57] - * F7_NXS deu alguma grana para batista_TDT.
[02/07/2021 - 18:36:59] - * F7_NXS deu alguma grana para batista_TDT.
[02/07/2021 - 18:37:01] - * F7_NXS deu alguma grana para batista_TDT.
[02/07/2021 - 18:37:02] - * F7_NXS deu alguma grana para batista_TDT.
[02/07/2021 - 18:37:02] - * F7_NXS deu alguma grana para batista_TDT.
[02/07/2021 - 18:37:03] - * F7_NXS deu alguma grana para batista_TDT.
[02/07/2021 - 18:37:05] - * F7_NXS deu alguma grana para batista_TDT.
[02/07/2021 - 18:37:05] - * F7_NXS deu alguma grana para batista_TDT.
[02/07/2021 - 18:37:06] - * F7_NXS deu alguma grana para batista_TDT.
[02/07/2021 - 18:37:07] - * F7_NXS deu alguma grana para batista_TDT.
[02/07/2021 - 18:37:08] - * F7_NXS deu alguma grana para batista_TDT.
[02/07/2021 - 18:37:09] - * F7_NXS deu alguma grana para batista_TDT.
[02/07/2021 - 18:37:09] - * F7_NXS deu alguma grana para batista_TDT.
[02/07/2021 - 18:37:11] - * F7_NXS deu alguma grana para batista_TDT.
[02/07/2021 - 18:37:14] - * F7_NXS deu alguma grana para batista_TDT.
[02/07/2021 - 18:37:17] - * F7_NXS deu alguma grana para batista_TDT.
[02/07/2021 - 18:37:18] - * F7_NXS deu alguma grana para batista_TDT.
[02/07/2021 - 18:37:18] - * F7_NXS deu alguma grana para batista_TDT.
[02/07/2021 - 18:37:19] - * F7_NXS deu alguma grana para batista_TDT.
[02/07/2021 - 18:37:20] - * F7_NXS deu alguma grana para batista_TDT.
[02/07/2021 - 18:37:20] - * F7_NXS deu alguma grana para batista_TDT.
[02/07/2021 - 18:37:21] - * F7_NXS deu alguma grana para batista_TDT.
[02/07/2021 - 18:37:22] - * F7_NXS deu alguma grana para batista_TDT.
[02/07/2021 - 18:37:22] - * F7_NXS deu alguma grana para batista_TDT.
[02/07/2021 - 18:37:23] - * F7_NXS deu alguma grana para batista_TDT.
[02/07/2021 - 18:37:24] - * F7_NXS deu alguma grana para batista_TDT.
[02/07/2021 - 18:37:26] - * F7_NXS deu alguma grana para batista_TDT.
[02/07/2021 - 18:37:27] - * F7_NXS deu alguma grana para batista_TDT.
[02/07/2021 - 18:37:29] - * F7_NXS deu alguma grana para batista_TDT.
[02/07/2021 - 18:37:32] - * F7_NXS deu alguma grana para batista_TDT.
[02/07/2021 - 18:37:34] - * F7_NXS deu alguma grana para batista_TDT.
[02/07/2021 - 18:37:34] - * F7_NXS deu alguma grana para batista_TDT.
[02/07/2021 - 18:37:36] - * F7_NXS deu alguma grana para batista_TDT.
[02/07/2021 - 18:37:39] - * F7_NXS deu alguma grana para batista_TDT.
[02/07/2021 - 18:37:41] - * F7_NXS deu alguma grana para batista_TDT.
[02/07/2021 - 18:37:42] - * F7_NXS deu alguma grana para batista_TDT.
[02/07/2021 - 18:37:43] - * F7_NXS deu alguma grana para batista_TDT.
[02/07/2021 - 18:37:44] - * F7_NXS deu alguma grana para batista_TDT.
[02/07/2021 - 18:37:46] - * F7_NXS deu alguma grana para batista_TDT.
[02/07/2021 - 18:37:47] - * F7_NXS deu alguma grana para batista_TDT.
[02/07/2021 - 18:37:48] - * F7_NXS deu alguma grana para batista_TDT.
[02/07/2021 - 19:11:58] - KABUTO_TRALHA comprou armas por R$0 na empresa 6
[02/07/2021 - 19:12:53] - KABUTO_TRALHA comprou armas por R$820 na empresa 6
[02/07/2021 - 19:17:20] - KABUTO_TRALHA comprou armas por R$2600 na empresa 6
[02/07/2021 - 19:23:01] - * Vinicius_Russef deu alguma grana para Rafaela_Maniok.
[02/07/2021 - 19:23:02] - * Vinicius_Russef deu alguma grana para Rafaela_Maniok.
[02/07/2021 - 19:23:02] - * Vinicius_Russef deu alguma grana para Rafaela_Maniok.
[02/07/2021 - 19:23:03] - * Vinicius_Russef deu alguma grana para Rafaela_Maniok.
[02/07/2021 - 19:23:03] - * Vinicius_Russef deu alguma grana para Rafaela_Maniok.
[02/07/2021 - 19:23:04] - * Vinicius_Russef deu alguma grana para Rafaela_Maniok.
[02/07/2021 - 19:23:04] - * Vinicius_Russef deu alguma grana para Rafaela_Maniok.
[02/07/2021 - 19:26:34] - * Fumassa deu alguma grana para Nk_Deivid.
[02/07/2021 - 19:26:35] - * Fumassa deu alguma grana para Nk_Deivid.
[02/07/2021 - 19:26:36] - * Fumassa deu alguma grana para Nk_Deivid.
[02/07/2021 - 19:26:37] - * Fumassa deu alguma grana para Nk_Deivid.
[02/07/2021 - 19:26:38] - * Fumassa deu alguma grana para Nk_Deivid.
[02/07/2021 - 19:26:39] - * Fumassa deu alguma grana para Nk_Deivid.
[02/07/2021 - 19:26:40] - * Fumassa deu alguma grana para Nk_Deivid.
[02/07/2021 - 19:26:40] - * Fumassa deu alguma grana para Nk_Deivid.
[02/07/2021 - 19:26:41] - * Fumassa deu alguma grana para Nk_Deivid.
[02/07/2021 - 19:26:42] - * Fumassa deu alguma grana para Nk_Deivid.
[02/07/2021 - 19:26:42] - * Fumassa deu alguma grana para Nk_Deivid.
[02/07/2021 - 19:26:43] - * Fumassa deu alguma grana para Nk_Deivid.
[02/07/2021 - 19:26:44] - * Fumassa deu alguma grana para Nk_Deivid.
[02/07/2021 - 19:26:46] - * Fumassa deu alguma grana para Nk_Deivid.
[02/07/2021 - 19:26:46] - * Fumassa deu alguma grana para Nk_Deivid.
[02/07/2021 - 19:26:47] - * Fumassa deu alguma grana para Nk_Deivid.
[02/07/2021 - 19:26:48] - * Fumassa deu alguma grana para Nk_Deivid.
[02/07/2021 - 19:26:49] - * Fumassa deu alguma grana para Nk_Deivid.
[02/07/2021 - 19:26:49] - * Fumassa deu alguma grana para Nk_Deivid.
[02/07/2021 - 19:26:50] - * Fumassa deu alguma grana para Nk_Deivid.
[02/07/2021 - 19:26:51] - * Fumassa deu alguma grana para Nk_Deivid.
[02/07/2021 - 19:26:56] - * Fumassa deu alguma grana para Nk_Deivid.
[02/07/2021 - 19:26:57] - * Fumassa deu alguma grana para Nk_Deivid.
[02/07/2021 - 19:26:58] - * Fumassa deu alguma grana para Nk_Deivid.
[02/07/2021 - 19:26:59] - * Fumassa deu alguma grana para Nk_Deivid.
[02/07/2021 - 19:27:00] - * Fumassa deu alguma grana para Nk_Deivid.
[02/07/2021 - 19:27:01] - * Fumassa deu alguma grana para Nk_Deivid.
[02/07/2021 - 19:27:02] - * Fumassa deu alguma grana para Nk_Deivid.
[02/07/2021 - 19:27:02] - * Fumassa deu alguma grana para Nk_Deivid.
[02/07/2021 - 19:27:04] - * Fumassa deu alguma grana para Nk_Deivid.
[02/07/2021 - 19:27:05] - * Fumassa deu alguma grana para Nk_Deivid.
[02/07/2021 - 19:27:05] - * Fumassa deu alguma grana para Nk_Deivid.
[02/07/2021 - 19:27:06] - * Fumassa deu alguma grana para Nk_Deivid.
[02/07/2021 - 19:27:08] - * Fumassa deu alguma grana para Nk_Deivid.
[02/07/2021 - 19:27:09] - * Fumassa deu alguma grana para Nk_Deivid.
[02/07/2021 - 19:27:09] - * Fumassa deu alguma grana para Nk_Deivid.
[02/07/2021 - 19:27:10] - * Fumassa deu alguma grana para Nk_Deivid.
[02/07/2021 - 19:27:11] - * Fumassa deu alguma grana para Nk_Deivid.
[02/07/2021 - 19:27:13] - * Fumassa deu alguma grana para Nk_Deivid.
[02/07/2021 - 19:27:14] - * Fumassa deu alguma grana para Nk_Deivid.
[02/07/2021 - 19:27:16] - * Fumassa deu alguma grana para Nk_Deivid.
[02/07/2021 - 19:27:17] - * Fumassa deu alguma grana para Nk_Deivid.
[02/07/2021 - 19:27:18] - * Fumassa deu alguma grana para Nk_Deivid.
[02/07/2021 - 19:27:19] - * Fumassa deu alguma grana para Nk_Deivid.
[02/07/2021 - 19:27:19] - * Fumassa deu alguma grana para Nk_Deivid.
[02/07/2021 - 19:27:20] - * Fumassa deu alguma grana para Nk_Deivid.
[02/07/2021 - 19:27:22] - * Fumassa deu alguma grana para Nk_Deivid.
[02/07/2021 - 19:27:22] - * Fumassa deu alguma grana para Nk_Deivid.
[02/07/2021 - 19:27:22] - * Fumassa deu alguma grana para Nk_Deivid.
[02/07/2021 - 19:27:23] - * Fumassa deu alguma grana para Nk_Deivid.
[02/07/2021 - 19:27:24] - * Fumassa deu alguma grana para Nk_Deivid.
[02/07/2021 - 19:27:25] - * Fumassa deu alguma grana para Nk_Deivid.
[02/07/2021 - 19:27:27] - * Fumassa deu alguma grana para Nk_Deivid.
[02/07/2021 - 19:27:27] - * Fumassa deu alguma grana para Nk_Deivid.
[02/07/2021 - 19:27:29] - * Fumassa deu alguma grana para Nk_Deivid.
[02/07/2021 - 19:27:30] - * Fumassa deu alguma grana para Nk_Deivid.
[02/07/2021 - 19:27:32] - * Fumassa deu alguma grana para Nk_Deivid.
[02/07/2021 - 19:27:33] - * Fumassa deu alguma grana para Nk_Deivid.
[02/07/2021 - 19:27:35] - * Fumassa deu alguma grana para Nk_Deivid.
[02/07/2021 - 19:27:37] - * Fumassa deu alguma grana para Nk_Deivid.
[02/07/2021 - 19:27:38] - * Fumassa deu alguma grana para Nk_Deivid.
[02/07/2021 - 19:27:40] - * Fumassa deu alguma grana para Nk_Deivid.
[02/07/2021 - 19:27:40] - * Fumassa deu alguma grana para Nk_Deivid.
[02/07/2021 - 19:27:41] - * Fumassa deu alguma grana para Nk_Deivid.
[02/07/2021 - 19:27:42] - * Fumassa deu alguma grana para Nk_Deivid.
[02/07/2021 - 19:27:43] - * Fumassa deu alguma grana para Nk_Deivid.
[02/07/2021 - 19:27:44] - * Fumassa deu alguma grana para Nk_Deivid.
[02/07/2021 - 19:27:45] - * Fumassa deu alguma grana para Nk_Deivid.
[02/07/2021 - 19:27:47] - * Fumassa deu alguma grana para Nk_Deivid.
[02/07/2021 - 19:27:48] - * Fumassa deu alguma grana para Nk_Deivid.
[02/07/2021 - 19:27:49] - * Fumassa deu alguma grana para Nk_Deivid.
[02/07/2021 - 19:27:49] - * Fumassa deu alguma grana para Nk_Deivid.
[02/07/2021 - 19:27:50] - * Fumassa deu alguma grana para Nk_Deivid.
[02/07/2021 - 19:27:51] - * Fumassa deu alguma grana para Nk_Deivid.
[02/07/2021 - 19:27:51] - * Fumassa deu alguma grana para Nk_Deivid.
[02/07/2021 - 19:27:53] - * Fumassa deu alguma grana para Nk_Deivid.
[02/07/2021 - 19:27:56] - * Fumassa deu alguma grana para Nk_Deivid.
[02/07/2021 - 19:27:56] - * Fumassa deu alguma grana para Nk_Deivid.
[02/07/2021 - 19:27:57] - * Fumassa deu alguma grana para Nk_Deivid.
[02/07/2021 - 19:27:59] - * Fumassa deu alguma grana para Nk_Deivid.
[02/07/2021 - 19:28:00] - * Fumassa deu alguma grana para Nk_Deivid.
[02/07/2021 - 19:28:01] - * Fumassa deu alguma grana para Nk_Deivid.
[02/07/2021 - 19:28:02] - * Fumassa deu alguma grana para Nk_Deivid.
[02/07/2021 - 19:28:04] - * Fumassa deu alguma grana para Nk_Deivid.
[02/07/2021 - 19:28:05] - * Fumassa deu alguma grana para Nk_Deivid.
[02/07/2021 - 19:28:06] - * Fumassa deu alguma grana para Nk_Deivid.
[02/07/2021 - 19:28:06] - * Fumassa deu alguma grana para Nk_Deivid.
[02/07/2021 - 19:28:07] - * Fumassa deu alguma grana para Nk_Deivid.
[02/07/2021 - 19:28:08] - * Fumassa deu alguma grana para Nk_Deivid.
[02/07/2021 - 19:28:14] - * Fumassa deu alguma grana para Nk_Deivid.
[02/07/2021 - 19:28:16] - * Fumassa deu alguma grana para Nk_Deivid.
[02/07/2021 - 19:28:17] - * Fumassa deu alguma grana para Nk_Deivid.
[02/07/2021 - 19:28:17] - * Fumassa deu alguma grana para Nk_Deivid.
[02/07/2021 - 19:28:18] - * Fumassa deu alguma grana para Nk_Deivid.
[02/07/2021 - 19:28:19] - * Fumassa deu alguma grana para Nk_Deivid.
[02/07/2021 - 19:28:19] - * Fumassa deu alguma grana para Nk_Deivid.
[02/07/2021 - 19:28:21] - * Fumassa deu alguma grana para Nk_Deivid.
[02/07/2021 - 19:28:27] - * Fumassa deu alguma grana para Nk_Deivid.
[02/07/2021 - 19:28:30] - * Fumassa deu alguma grana para Nk_Deivid.
[02/07/2021 - 19:28:31] - * Fumassa deu alguma grana para Nk_Deivid.
[02/07/2021 - 19:28:38] - * Fumassa deu alguma grana para Nk_Deivid.
[03/07/2021 - 00:09:21] - * katchau_sad deu alguma grana para Red_beiramar.
[03/07/2021 - 00:09:23] - * katchau_sad deu alguma grana para Red_beiramar.
[03/07/2021 - 00:09:29] - * katchau_sad deu alguma grana para Red_beiramar.
[03/07/2021 - 00:09:30] - * katchau_sad deu alguma grana para Red_beiramar.
[03/07/2021 - 00:09:31] - * katchau_sad deu alguma grana para Red_beiramar.
[03/07/2021 - 00:09:32] - * katchau_sad deu alguma grana para Red_beiramar.
[03/07/2021 - 00:09:33] - * katchau_sad deu alguma grana para Red_beiramar.
[03/07/2021 - 00:10:28] - * Terrorista_Mobile deu alguma grana para Coringa_gw.
[03/07/2021 - 00:11:38] - * KABUTO_TRALHA deu alguma grana para TWJOKER.
[03/07/2021 - 00:11:57] - * KABUTO_TRALHA deu alguma grana para TWJOKER.
[03/07/2021 - 00:12:03] - * KABUTO_TRALHA deu alguma grana para TWJOKER.
[03/07/2021 - 00:12:05] - * KABUTO_TRALHA deu alguma grana para TWJOKER.
[03/07/2021 - 00:12:15] - * KABUTO_TRALHA deu alguma grana para TWJOKER.
[03/07/2021 - 00:15:25] - * KABUTO_TRALHA deu alguma grana para alemao_zk.
[03/07/2021 - 00:15:33] - * KABUTO_TRALHA deu alguma grana para insane_ruanm.
[03/07/2021 - 00:20:26] - * KABUTO_TRALHA deu alguma grana para Daniel_Gabriel.
[03/07/2021 - 00:31:57] - * Kauan_Churritos deu alguma grana para ERIMAX_LENDA.
[03/07/2021 - 00:31:58] - * Kauan_Churritos deu alguma grana para ERIMAX_LENDA.
[03/07/2021 - 00:32:00] - * Kauan_Churritos deu alguma grana para ERIMAX_LENDA.
[03/07/2021 - 00:32:01] - * Kauan_Churritos deu alguma grana para ERIMAX_LENDA.
[03/07/2021 - 00:42:13] - * Red_beiramar deu alguma grana para Daniel_Gabriel.
[03/07/2021 - 01:05:31] - * jaozinho deu alguma grana para PEDRO_MISTERY_X.
[03/07/2021 - 01:05:56] - * Kauan_Santos deu alguma grana para PEDRO_MISTERY_X.
[03/07/2021 - 01:21:39] - * Maicon_Lopes deu alguma grana para Jack_Gaming.
[03/07/2021 - 01:21:41] - * Maicon_Lopes deu alguma grana para Jack_Gaming.
[03/07/2021 - 01:21:44] - * Maicon_Lopes deu alguma grana para Jack_Gaming.
[03/07/2021 - 01:33:10] - * Miguel_Malta deu alguma grana para Maicon_Lopes.
[03/07/2021 - 01:33:11] - * Miguel_Malta deu alguma grana para Maicon_Lopes.
[03/07/2021 - 01:33:12] - * Miguel_Malta deu alguma grana para Maicon_Lopes.
[03/07/2021 - 01:33:13] - * Miguel_Malta deu alguma grana para Maicon_Lopes.
[03/07/2021 - 01:35:02] - * KAKA_TDT deu alguma grana para Vinicius_TDT.
[03/07/2021 - 02:22:22] - * Kauan_Santos deu alguma grana para Jvzin_Zoldick.
[03/07/2021 - 02:46:49] - * Kauan_Churritos deu alguma grana para KPZIN_EXE.
[03/07/2021 - 03:03:39] - * vini_oliveira48 deu alguma grana para FOGUINHO.
[03/07/2021 - 03:04:59] - * Kauan_Churritos deu alguma grana para playbox_silva.
[03/07/2021 - 03:11:39] - * gabe_fril deu alguma grana para cleber.
[03/07/2021 - 03:13:35] - * gabe_fril deu alguma grana para cleber.
[03/07/2021 - 03:13:39] - * gabe_fril deu alguma grana para cleber.
[03/07/2021 - 03:13:41] - * gabe_fril deu alguma grana para cleber.
[03/07/2021 - 03:13:44] - * gabe_fril deu alguma grana para cleber.
[03/07/2021 - 03:15:25] - * Kauan_Churritos deu alguma grana para playbox_silva.
[03/07/2021 - 03:15:26] - * Kauan_Churritos deu alguma grana para playbox_silva.
[03/07/2021 - 03:15:27] - * Kauan_Churritos deu alguma grana para playbox_silva.
[03/07/2021 - 03:15:28] - * Kauan_Churritos deu alguma grana para playbox_silva.
[03/07/2021 - 03:15:29] - * Kauan_Churritos deu alguma grana para playbox_silva.
[03/07/2021 - 03:23:53] - * KAKA_TDT deu alguma grana para Vinicius_TDT.
[03/07/2021 - 03:27:00] - * Pedroo_999 deu alguma grana para vini_oliveira48.
[03/07/2021 - 03:31:52] - * gabe_fril deu alguma grana para cleber.
[03/07/2021 - 03:31:57] - * gabe_fril deu alguma grana para cleber.
[03/07/2021 - 03:32:07] - * gabe_fril deu alguma grana para cleber.
[03/07/2021 - 03:32:12] - * gabe_fril deu alguma grana para cleber.
[03/07/2021 - 03:32:16] - * gabe_fril deu alguma grana para cleber.
[03/07/2021 - 03:51:27] - * XEXUDO deu alguma grana para Pedroo_999.
[03/07/2021 - 04:03:05] - CHAPAX_FXL comprou armas por R$20780 na empresa 0
[03/07/2021 - 04:04:35] - CHAPAX_FXL comprou armas por R$100 na empresa 0
[03/07/2021 - 04:05:15] - CHAPAX_FXL comprou armas por R$0 na empresa 0
[03/07/2021 - 04:05:29] - * LUFFY deu alguma grana para XEXUDO.
[03/07/2021 - 04:05:45] - CHAPAX_FXL comprou armas por R$0 na empresa 0
[03/07/2021 - 04:06:07] - CHAPAX_FXL comprou armas por R$100 na empresa 0
[03/07/2021 - 04:06:30] - CHAPAX_FXL comprou armas por R$100 na empresa 0
[03/07/2021 - 04:07:49] - CHAPAX_FXL comprou armas por R$0 na empresa 0
[03/07/2021 - 04:08:00] - SagaZ_Samp comprou armas por R$820 na empresa 6
[03/07/2021 - 04:08:21] - CHAPAX_FXL comprou armas por R$0 na empresa 0
[03/07/2021 - 04:09:10] - CHAPAX_FXL comprou armas por R$100 na empresa 0
[03/07/2021 - 04:09:28] - CHAPAX_FXL comprou armas por R$100 na empresa 0
[03/07/2021 - 04:09:45] - * LUFFY deu alguma grana para XEXUDO.
[03/07/2021 - 04:10:01] - CHAPAX_FXL comprou armas por R$0 na empresa 0
[03/07/2021 - 04:10:30] - CHAPAX_FXL comprou armas por R$100 na empresa 0
[03/07/2021 - 04:10:49] - CHAPAX_FXL comprou armas por R$100 na empresa 0
[03/07/2021 - 04:11:16] - CHAPAX_FXL comprou armas por R$100 na empresa 0
[03/07/2021 - 04:11:32] - CHAPAX_FXL comprou armas por R$100 na empresa 0
[03/07/2021 - 04:12:12] - CHAPAX_FXL comprou armas por R$0 na empresa 0
[03/07/2021 - 04:12:33] - CHAPAX_FXL comprou armas por R$0 na empresa 0
[03/07/2021 - 04:12:50] - CHAPAX_FXL comprou armas por R$0 na empresa 0
[03/07/2021 - 04:33:12] - * mau_mau deu alguma grana para SagaZ_Samp.
[03/07/2021 - 04:46:48] - * VULGO_BK deu alguma grana para Lzinn_07.
[03/07/2021 - 05:13:43] - * VULGO_BK deu alguma grana para Kauan_Churritos.
[03/07/2021 - 13:52:07] - * ruanno_beiramar deu alguma grana para jc04.
[03/07/2021 - 14:37:48] - * RAFORI_yt deu alguma grana para texugo_gg.
[03/07/2021 - 14:37:50] - * RAFORI_yt deu alguma grana para texugo_gg.
[03/07/2021 - 14:37:51] - * RAFORI_yt deu alguma grana para texugo_gg.
[03/07/2021 - 14:37:56] - * RAFORI_yt deu alguma grana para texugo_gg.
[03/07/2021 - 14:37:58] - * RAFORI_yt deu alguma grana para texugo_gg.
[03/07/2021 - 14:37:59] - * RAFORI_yt deu alguma grana para texugo_gg.
[03/07/2021 - 14:38:01] - * RAFORI_yt deu alguma grana para texugo_gg.
[03/07/2021 - 14:38:02] - * RAFORI_yt deu alguma grana para texugo_gg.
[03/07/2021 - 14:38:05] - * RAFORI_yt deu alguma grana para texugo_gg.
[03/07/2021 - 14:38:08] - * RAFORI_yt deu alguma grana para texugo_gg.
[03/07/2021 - 14:38:09] - * RAFORI_yt deu alguma grana para texugo_gg.
[03/07/2021 - 14:38:11] - * RAFORI_yt deu alguma grana para texugo_gg.
[03/07/2021 - 14:38:13] - * RAFORI_yt deu alguma grana para texugo_gg.
[03/07/2021 - 14:38:14] - * RAFORI_yt deu alguma grana para texugo_gg.
[03/07/2021 - 14:38:17] - * RAFORI_yt deu alguma grana para texugo_gg.
[03/07/2021 - 14:38:19] - * RAFORI_yt deu alguma grana para texugo_gg.
[03/07/2021 - 14:38:20] - * RAFORI_yt deu alguma grana para texugo_gg.
[03/07/2021 - 14:39:47] - * Luffy_los deu alguma grana para XEXUDO.
[03/07/2021 - 15:13:22] - * Gefin_DAboca deu alguma grana para Luffy_los.
[03/07/2021 - 15:13:24] - * Gefin_DAboca deu alguma grana para Luffy_los.
[03/07/2021 - 15:13:26] - * Gefin_DAboca deu alguma grana para Luffy_los.
[03/07/2021 - 15:13:27] - * Gefin_DAboca deu alguma grana para Luffy_los.
[03/07/2021 - 15:13:28] - * Gefin_DAboca deu alguma grana para Luffy_los.
[03/07/2021 - 15:13:30] - * Gefin_DAboca deu alguma grana para Luffy_los.
[03/07/2021 - 15:13:32] - * Gefin_DAboca deu alguma grana para Luffy_los.
[03/07/2021 - 15:13:36] - * Gefin_DAboca deu alguma grana para Luffy_los.
[03/07/2021 - 15:13:37] - * Gefin_DAboca deu alguma grana para Luffy_los.
[03/07/2021 - 15:13:39] - * Gefin_DAboca deu alguma grana para Luffy_los.
[03/07/2021 - 15:13:41] - * Gefin_DAboca deu alguma grana para Luffy_los.
[03/07/2021 - 15:13:42] - * Gefin_DAboca deu alguma grana para Luffy_los.
[03/07/2021 - 15:13:43] - * Gefin_DAboca deu alguma grana para Luffy_los.
[03/07/2021 - 15:13:44] - * Gefin_DAboca deu alguma grana para Luffy_los.
[03/07/2021 - 15:13:44] - * Gefin_DAboca deu alguma grana para Luffy_los.
[03/07/2021 - 15:13:45] - * Gefin_DAboca deu alguma grana para Luffy_los.
[03/07/2021 - 15:13:46] - * Gefin_DAboca deu alguma grana para Luffy_los.
[03/07/2021 - 15:13:46] - * Gefin_DAboca deu alguma grana para Luffy_los.
[03/07/2021 - 15:13:47] - * Gefin_DAboca deu alguma grana para Luffy_los.
[03/07/2021 - 15:13:47] - * Gefin_DAboca deu alguma grana para Luffy_los.
[03/07/2021 - 15:13:48] - * Gefin_DAboca deu alguma grana para Luffy_los.
[03/07/2021 - 15:13:48] - * Gefin_DAboca deu alguma grana para Luffy_los.
[03/07/2021 - 15:14:06] - * Gefin_DAboca deu alguma grana para XEXUDO.
[03/07/2021 - 15:14:08] - * Gefin_DAboca deu alguma grana para XEXUDO.
[03/07/2021 - 15:14:09] - * Gefin_DAboca deu alguma grana para XEXUDO.
[03/07/2021 - 15:14:10] - * Gefin_DAboca deu alguma grana para XEXUDO.
[03/07/2021 - 15:14:13] - * Gefin_DAboca deu alguma grana para XEXUDO.
[03/07/2021 - 15:14:17] - * Gefin_DAboca deu alguma grana para XEXUDO.
[03/07/2021 - 15:14:19] - * Gefin_DAboca deu alguma grana para XEXUDO.
[03/07/2021 - 15:14:21] - * Gefin_DAboca deu alguma grana para XEXUDO.
[03/07/2021 - 15:14:24] - * Gefin_DAboca deu alguma grana para XEXUDO.
[03/07/2021 - 15:14:26] - * Gefin_DAboca deu alguma grana para XEXUDO.
[03/07/2021 - 15:14:28] - * Gefin_DAboca deu alguma grana para XEXUDO.
[03/07/2021 - 15:14:30] - * Gefin_DAboca deu alguma grana para XEXUDO.
[03/07/2021 - 15:14:32] - * Gefin_DAboca deu alguma grana para XEXUDO.
[03/07/2021 - 15:14:33] - * Gefin_DAboca deu alguma grana para XEXUDO.
[03/07/2021 - 15:14:34] - * Gefin_DAboca deu alguma grana para XEXUDO.
[03/07/2021 - 15:14:35] - * Gefin_DAboca deu alguma grana para XEXUDO.
[03/07/2021 - 15:14:35] - * Gefin_DAboca deu alguma grana para XEXUDO.
[03/07/2021 - 15:14:35] - * Gefin_DAboca deu alguma grana para XEXUDO.
[03/07/2021 - 15:14:36] - * Gefin_DAboca deu alguma grana para XEXUDO.
[03/07/2021 - 15:14:37] - * Gefin_DAboca deu alguma grana para XEXUDO.
[03/07/2021 - 15:14:37] - * Gefin_DAboca deu alguma grana para XEXUDO.
[03/07/2021 - 15:14:38] - * Gefin_DAboca deu alguma grana para XEXUDO.
[03/07/2021 - 15:14:38] - * Gefin_DAboca deu alguma grana para XEXUDO.
[03/07/2021 - 15:47:03] - * playbox_silva deu alguma grana para Maicon_Lopes.
[03/07/2021 - 15:47:08] - * playbox_silva deu alguma grana para Maicon_Lopes.
[03/07/2021 - 15:59:17] - ADMIN CMD: O Admin Riquelme_Emanuel está dando R$500000 para SMOKE_ZX.
[03/07/2021 - 16:35:21] - ADMIN CMD: O Admin Vgzinn está dando R$200000 para Gabriel_Gomes.
[03/07/2021 - 16:38:33] - ADMIN CMD: O Admin Vgzinn está dando R$500000 para Gui_Vincent.
[03/07/2021 - 16:51:08] - * Natan_Insane deu alguma grana para Ghostx_Non.
[03/07/2021 - 16:51:09] - * Natan_Insane deu alguma grana para Ghostx_Non.
[03/07/2021 - 16:51:10] - * Natan_Insane deu alguma grana para Ghostx_Non.
[03/07/2021 - 16:51:12] - * Natan_Insane deu alguma grana para Ghostx_Non.
[03/07/2021 - 16:54:51] - * wesley_uchiha deu alguma grana para batista_TDT.
[03/07/2021 - 16:54:53] - * wesley_uchiha deu alguma grana para batista_TDT.
[03/07/2021 - 16:54:54] - * KAKA_TDT deu alguma grana para batista_TDT.
[03/07/2021 - 16:54:57] - * KAKA_TDT deu alguma grana para batista_TDT.
[03/07/2021 - 16:54:57] - * wesley_uchiha deu alguma grana para batista_TDT.
[03/07/2021 - 16:55:00] - * wesley_uchiha deu alguma grana para batista_TDT.
[03/07/2021 - 16:55:03] - * KAKA_TDT deu alguma grana para batista_TDT.
[03/07/2021 - 16:55:04] - * wesley_uchiha deu alguma grana para batista_TDT.
[03/07/2021 - 16:55:07] - * wesley_uchiha deu alguma grana para batista_TDT.
[03/07/2021 - 16:55:07] - * Parlota_Lcs deu alguma grana para batista_TDT.
[03/07/2021 - 16:55:12] - * Parlota_Lcs deu alguma grana para batista_TDT.
[03/07/2021 - 16:55:13] - * wesley_uchiha deu alguma grana para batista_TDT.
[03/07/2021 - 16:55:14] - * Parlota_Lcs deu alguma grana para batista_TDT.
[03/07/2021 - 16:55:15] - * KAKA_TDT deu alguma grana para batista_TDT.
[03/07/2021 - 16:55:15] - * Parlota_Lcs deu alguma grana para batista_TDT.
[03/07/2021 - 16:55:17] - * wesley_uchiha deu alguma grana para batista_TDT.
[03/07/2021 - 16:55:18] - * Parlota_Lcs deu alguma grana para batista_TDT.
[03/07/2021 - 16:55:19] - * Parlota_Lcs deu alguma grana para batista_TDT.
[03/07/2021 - 16:55:20] - * wesley_uchiha deu alguma grana para batista_TDT.
[03/07/2021 - 16:55:21] - * Parlota_Lcs deu alguma grana para batista_TDT.
[03/07/2021 - 16:55:21] - * KAKA_TDT deu alguma grana para batista_TDT.
[03/07/2021 - 16:55:24] - * Parlota_Lcs deu alguma grana para batista_TDT.
[03/07/2021 - 16:55:25] - * Parlota_Lcs deu alguma grana para batista_TDT.
[03/07/2021 - 16:55:25] - * KAKA_TDT deu alguma grana para batista_TDT.
[03/07/2021 - 16:55:27] - * wesley_uchiha deu alguma grana para batista_TDT.
[03/07/2021 - 16:55:27] - * Parlota_Lcs deu alguma grana para batista_TDT.
[03/07/2021 - 16:55:28] - * Parlota_Lcs deu alguma grana para batista_TDT.
[03/07/2021 - 16:55:29] - * Parlota_Lcs deu alguma grana para batista_TDT.
[03/07/2021 - 16:55:29] - * wesley_uchiha deu alguma grana para batista_TDT.
[03/07/2021 - 16:55:30] - * Parlota_Lcs deu alguma grana para batista_TDT.
[03/07/2021 - 16:55:30] - * KAKA_TDT deu alguma grana para batista_TDT.
[03/07/2021 - 16:55:31] - * wesley_uchiha deu alguma grana para batista_TDT.
[03/07/2021 - 16:55:31] - * Parlota_Lcs deu alguma grana para batista_TDT.
[03/07/2021 - 16:55:33] - * Parlota_Lcs deu alguma grana para batista_TDT.
[03/07/2021 - 16:55:33] - * KAKA_TDT deu alguma grana para batista_TDT.
[03/07/2021 - 16:55:34] - * Parlota_Lcs deu alguma grana para batista_TDT.
[03/07/2021 - 16:55:35] - * Parlota_Lcs deu alguma grana para batista_TDT.
[03/07/2021 - 16:55:36] - * Parlota_Lcs deu alguma grana para batista_TDT.
[03/07/2021 - 16:55:37] - * KAKA_TDT deu alguma grana para batista_TDT.
[03/07/2021 - 16:55:38] - * Parlota_Lcs deu alguma grana para batista_TDT.
[03/07/2021 - 16:55:40] - * Parlota_Lcs deu alguma grana para batista_TDT.
[03/07/2021 - 16:55:40] - * KAKA_TDT deu alguma grana para batista_TDT.
[03/07/2021 - 16:55:41] - * Parlota_Lcs deu alguma grana para batista_TDT.
[03/07/2021 - 16:55:42] - * Parlota_Lcs deu alguma grana para batista_TDT.
[03/07/2021 - 16:55:43] - * KAKA_TDT deu alguma grana para batista_TDT.
[03/07/2021 - 16:55:43] - * wesley_uchiha deu alguma grana para batista_TDT.
[03/07/2021 - 16:55:45] - * Parlota_Lcs deu alguma grana para batista_TDT.
[03/07/2021 - 16:55:45] - * KAKA_TDT deu alguma grana para batista_TDT.
[03/07/2021 - 16:55:48] - * KAKA_TDT deu alguma grana para batista_TDT.
[03/07/2021 - 16:55:49] - * KAKA_TDT deu alguma grana para batista_TDT.
[03/07/2021 - 16:55:52] - * KAKA_TDT deu alguma grana para batista_TDT.
[03/07/2021 - 16:55:54] - * KAKA_TDT deu alguma grana para batista_TDT.
[03/07/2021 - 16:56:04] - * Parlota_Lcs deu alguma grana para batista_TDT.
[03/07/2021 - 16:56:06] - * Parlota_Lcs deu alguma grana para batista_TDT.
[03/07/2021 - 16:56:08] - * Parlota_Lcs deu alguma grana para batista_TDT.
[03/07/2021 - 16:56:10] - * Parlota_Lcs deu alguma grana para batista_TDT.
[03/07/2021 - 16:56:11] - * Parlota_Lcs deu alguma grana para batista_TDT.
[03/07/2021 - 16:56:13] - * Parlota_Lcs deu alguma grana para batista_TDT.
[03/07/2021 - 16:56:14] - * Parlota_Lcs deu alguma grana para batista_TDT.
[03/07/2021 - 16:56:15] - * KAKA_TDT deu alguma grana para batista_TDT.
[03/07/2021 - 16:56:15] - * Parlota_Lcs deu alguma grana para batista_TDT.
[03/07/2021 - 16:56:17] - * Parlota_Lcs deu alguma grana para batista_TDT.
[03/07/2021 - 16:56:18] - * Parlota_Lcs deu alguma grana para batista_TDT.
[03/07/2021 - 16:58:21] - ADMIN CMD: O Admin Vgzinn está dando R$50000 para Natan_Insane.
[03/07/2021 - 16:59:18] - * marcos_leao deu alguma grana para ruanno_beiramar.
[03/07/2021 - 17:18:19] - ADMIN CMD: O Admin Vgzinn está dando R$150000 para MANDRAKA.
[03/07/2021 - 18:05:28] - IGOR_12 comprou armas por R$2800 na empresa 6
[03/07/2021 - 18:06:36] - IGOR_12 comprou armas por R$2700 na empresa 6
[03/07/2021 - 18:08:20] - * Bkey_DuMonster deu alguma grana para Fumassa.
[03/07/2021 - 18:08:22] - * Bkey_DuMonster deu alguma grana para Fumassa.
[03/07/2021 - 18:08:24] - * Bkey_DuMonster deu alguma grana para Fumassa.
[03/07/2021 - 18:08:25] - * Bkey_DuMonster deu alguma grana para Fumassa.
[03/07/2021 - 18:08:26] - * Bkey_DuMonster deu alguma grana para Fumassa.
[03/07/2021 - 18:08:28] - * Bkey_DuMonster deu alguma grana para Fumassa.
[03/07/2021 - 18:08:29] - * Bkey_DuMonster deu alguma grana para Fumassa.
[03/07/2021 - 18:08:31] - * Bkey_DuMonster deu alguma grana para Fumassa.
[03/07/2021 - 18:08:33] - * Bkey_DuMonster deu alguma grana para Fumassa.
[03/07/2021 - 18:08:35] - * Bkey_DuMonster deu alguma grana para Fumassa.
[03/07/2021 - 18:28:19] - * jeann_ssilva deu alguma grana para Fumassa.
[03/07/2021 - 18:30:38] - pdrinx_zika comprou armas por R$100 na empresa 0
[03/07/2021 - 18:31:10] - pdrinx_zika comprou armas por R$100 na empresa 0
[03/07/2021 - 18:36:38] - * Kauan_Santos deu alguma grana para Kira_Do_Moster.
[03/07/2021 - 18:37:08] - * Kauan_Santos deu alguma grana para Kira_Do_Moster.
[03/07/2021 - 18:39:27] - * SMOKE_ZX deu alguma grana para katchau_PT.
[03/07/2021 - 18:39:27] - * SMOKE_ZX deu alguma grana para katchau_PT.
[03/07/2021 - 18:39:28] - * SMOKE_ZX deu alguma grana para katchau_PT.
[03/07/2021 - 18:39:28] - * SMOKE_ZX deu alguma grana para katchau_PT.
[03/07/2021 - 18:39:28] - * SMOKE_ZX deu alguma grana para katchau_PT.
[03/07/2021 - 18:39:29] - * SMOKE_ZX deu alguma grana para katchau_PT.
[03/07/2021 - 18:39:30] - * SMOKE_ZX deu alguma grana para katchau_PT.
[03/07/2021 - 18:39:30] - * SMOKE_ZX deu alguma grana para katchau_PT.
[03/07/2021 - 18:39:30] - * SMOKE_ZX deu alguma grana para katchau_PT.
[03/07/2021 - 18:39:31] - * SMOKE_ZX deu alguma grana para katchau_PT.
[03/07/2021 - 18:39:31] - * SMOKE_ZX deu alguma grana para katchau_PT.
[03/07/2021 - 18:39:31] - * SMOKE_ZX deu alguma grana para katchau_PT.
[03/07/2021 - 18:39:33] - * SMOKE_ZX deu alguma grana para katchau_PT.
[03/07/2021 - 18:39:34] - * SMOKE_ZX deu alguma grana para katchau_PT.
[03/07/2021 - 18:39:34] - * SMOKE_ZX deu alguma grana para katchau_PT.
[03/07/2021 - 18:39:34] - * SMOKE_ZX deu alguma grana para katchau_PT.
[03/07/2021 - 18:39:35] - * SMOKE_ZX deu alguma grana para katchau_PT.
[03/07/2021 - 18:39:35] - * SMOKE_ZX deu alguma grana para katchau_PT.
[03/07/2021 - 18:39:35] - * SMOKE_ZX deu alguma grana para katchau_PT.
[03/07/2021 - 18:39:35] - * SMOKE_ZX deu alguma grana para katchau_PT.
[03/07/2021 - 18:42:27] - * SMOKE_ZX deu alguma grana para katchau_PT.
[03/07/2021 - 18:42:27] - * SMOKE_ZX deu alguma grana para katchau_PT.
[03/07/2021 - 18:42:29] - * SMOKE_ZX deu alguma grana para katchau_PT.
[03/07/2021 - 18:42:29] - * SMOKE_ZX deu alguma grana para katchau_PT.
[03/07/2021 - 18:42:29] - * SMOKE_ZX deu alguma grana para katchau_PT.
[03/07/2021 - 18:42:31] - * SMOKE_ZX deu alguma grana para katchau_PT.
[03/07/2021 - 18:42:32] - * SMOKE_ZX deu alguma grana para katchau_PT.
[03/07/2021 - 18:42:32] - * SMOKE_ZX deu alguma grana para katchau_PT.
[03/07/2021 - 18:42:32] - * SMOKE_ZX deu alguma grana para katchau_PT.
[03/07/2021 - 18:43:10] - * SMOKE_ZX deu alguma grana para katchau_PT.
[03/07/2021 - 18:43:10] - * SMOKE_ZX deu alguma grana para katchau_PT.
[03/07/2021 - 18:43:12] - * SMOKE_ZX deu alguma grana para katchau_PT.
[03/07/2021 - 18:43:12] - * SMOKE_ZX deu alguma grana para katchau_PT.
[03/07/2021 - 18:43:12] - * SMOKE_ZX deu alguma grana para katchau_PT.
[03/07/2021 - 18:43:13] - * SMOKE_ZX deu alguma grana para katchau_PT.
[03/07/2021 - 19:25:58] - * MANDRAKA deu alguma grana para Kauan_Santos.
[03/07/2021 - 20:08:59] - * ruanno_beiramar deu alguma grana para Madara.
[03/07/2021 - 20:09:01] - * ruanno_beiramar deu alguma grana para Madara.
[03/07/2021 - 20:09:02] - * ruanno_beiramar deu alguma grana para Madara.
[03/07/2021 - 20:09:04] - * ruanno_beiramar deu alguma grana para Madara.
[03/07/2021 - 20:38:15] - * wesley_uchiha deu alguma grana para batista_TDT.
[03/07/2021 - 20:43:52] - pdrinx_zika comprou armas por R$4800 na empresa 0
[03/07/2021 - 20:44:17] - pdrinx_zika comprou armas por R$4800 na empresa 0
[03/07/2021 - 20:47:28] - pdrinx_zika comprou armas por R$3100 na empresa 0
[03/07/2021 - 21:56:41] - * KPZIN_EXE deu alguma grana para ruanno_beiramar.
[03/07/2021 - 21:56:43] - * KPZIN_EXE deu alguma grana para ruanno_beiramar.
[03/07/2021 - 21:56:44] - * KPZIN_EXE deu alguma grana para ruanno_beiramar.
[03/07/2021 - 21:56:45] - * KPZIN_EXE deu alguma grana para ruanno_beiramar.
[03/07/2021 - 21:56:51] - * KPZIN_EXE deu alguma grana para ruanno_beiramar.
[03/07/2021 - 21:56:53] - * KPZIN_EXE deu alguma grana para ruanno_beiramar.
[03/07/2021 - 21:56:54] - * marcos_leao deu alguma grana para ruanno_beiramar.
[03/07/2021 - 22:14:08] - * ruanno_beiramar deu alguma grana para Replause_Silva.
[03/07/2021 - 22:14:11] - * marcos_leao deu alguma grana para Replause_Silva.
[03/07/2021 - 22:16:14] - pdrinx_zika comprou armas por R$4800 na empresa 6
[03/07/2021 - 22:24:30] - pdrinx_zika comprou armas por R$3100 na empresa 6
[03/07/2021 - 22:25:41] - Texuguin_ comprou armas por R$10800 na empresa 6
[03/07/2021 - 22:51:58] - * Sam_TDT deu alguma grana para VITIN_JC.
[03/07/2021 - 22:52:01] - * Sam_TDT deu alguma grana para VITIN_JC.
[03/07/2021 - 22:52:02] - * Sam_TDT deu alguma grana para VITIN_JC.
[03/07/2021 - 22:52:03] - * Sam_TDT deu alguma grana para VITIN_JC.
[03/07/2021 - 22:52:04] - * Sam_TDT deu alguma grana para VITIN_JC.
[03/07/2021 - 22:52:05] - * Sam_TDT deu alguma grana para VITIN_JC.
[03/07/2021 - 22:52:07] - * Sam_TDT deu alguma grana para VITIN_JC.
[03/07/2021 - 22:52:08] - * Sam_TDT deu alguma grana para VITIN_JC.
[03/07/2021 - 22:52:14] - * Sam_TDT deu alguma grana para VITIN_JC.
[03/07/2021 - 22:52:15] - * Sam_TDT deu alguma grana para VITIN_JC.
[03/07/2021 - 22:52:17] - * Sam_TDT deu alguma grana para VITIN_JC.
[03/07/2021 - 22:52:19] - * Sam_TDT deu alguma grana para VITIN_JC.
[03/07/2021 - 22:52:20] - * Sam_TDT deu alguma grana para VITIN_JC.
[03/07/2021 - 22:52:21] - * Sam_TDT deu alguma grana para VITIN_JC.
[03/07/2021 - 22:52:23] - * Sam_TDT deu alguma grana para VITIN_JC.
[03/07/2021 - 23:06:12] - * Terrorista_Mobile deu alguma grana para Texuguin_.
[03/07/2021 - 23:24:00] - pdrinx_zika comprou armas por R$4800 na empresa 0
[03/07/2021 - 23:28:23] - Rei_Do_Rolas comprou armas por R$100 na empresa 0
[03/07/2021 - 23:28:38] - Rony_TT_900 comprou armas por R$1800 na empresa 6
[03/07/2021 - 23:28:54] - F7_NXS comprou armas por R$100 na empresa 6
[03/07/2021 - 23:29:08] - F7_NXS comprou armas por R$100 na empresa 6
[03/07/2021 - 23:35:33] - Real_Train comprou armas por R$2800 na empresa 6
[03/07/2021 - 23:35:35] - Ezequiel_Saffo comprou armas por R$2800 na empresa 6
[03/07/2021 - 23:35:48] - Ezequiel_Saffo comprou armas por R$2800 na empresa 6
[03/07/2021 - 23:35:51] - Real_Train comprou armas por R$6800 na empresa 6
[03/07/2021 - 23:35:58] - Ezequiel_Saffo comprou armas por R$2800 na empresa 6
[03/07/2021 - 23:50:18] - IGOR_12 comprou armas por R$3500 na empresa 6
[03/07/2021 - 23:54:51] - * alan_dofernandes deu alguma grana para Lzinn_07.
[04/07/2021 - 00:19:57] - ERIMAX_LENDA comprou armas por R$20780 na empresa 6
[04/07/2021 - 00:22:03] - japa_gfm comprou armas por R$4800 na empresa 6
[04/07/2021 - 00:55:27] - * KAKA_TDT deu alguma grana para Parlota_Lcs.
[04/07/2021 - 01:14:40] - ADMIN CMD: O Admin Vgzinn está dando R$4000 para Vgzinn.
[04/07/2021 - 01:48:29] - * Ares deu alguma grana para Maicon_Lopes.
[04/07/2021 - 01:48:31] - * Ares deu alguma grana para Maicon_Lopes.
[04/07/2021 - 01:48:32] - * Ares deu alguma grana para Maicon_Lopes.
[04/07/2021 - 01:49:04] - * Ares deu alguma grana para Maicon_Lopes.
[04/07/2021 - 01:49:05] - * Ares deu alguma grana para Maicon_Lopes.
[04/07/2021 - 01:49:06] - * Ares deu alguma grana para Maicon_Lopes.
[04/07/2021 - 01:49:14] - * Ares deu alguma grana para Maicon_Lopes.
[04/07/2021 - 01:51:50] - ERIMAX_LENDA comprou armas por R$100 na empresa 0
[04/07/2021 - 01:51:59] - * Ezequiel_Saffo deu alguma grana para Angelo_Saffo.
[04/07/2021 - 01:52:01] - ERIMAX_LENDA comprou armas por R$0 na empresa 0
[04/07/2021 - 02:00:46] - * VULGO_BK deu alguma grana para Kauan_Santos.
[04/07/2021 - 02:06:45] - * Ares deu alguma grana para Maicon_Lopes.
[04/07/2021 - 02:06:57] - * Ares deu alguma grana para Maicon_Lopes.
[04/07/2021 - 03:00:41] - * Vinicius_TDT deu alguma grana para batista_TDT.
[04/07/2021 - 03:00:44] - * Vinicius_TDT deu alguma grana para batista_TDT.
[04/07/2021 - 03:00:47] - * Vinicius_TDT deu alguma grana para batista_TDT.
[04/07/2021 - 03:00:49] - * Vinicius_TDT deu alguma grana para batista_TDT.
[04/07/2021 - 03:00:50] - * Vinicius_TDT deu alguma grana para batista_TDT.
[04/07/2021 - 03:00:52] - * Vinicius_TDT deu alguma grana para batista_TDT.
[04/07/2021 - 03:00:54] - * Vinicius_TDT deu alguma grana para batista_TDT.
[04/07/2021 - 03:00:58] - * Vinicius_TDT deu alguma grana para batista_TDT.
[04/07/2021 - 03:00:59] - * Vinicius_TDT deu alguma grana para batista_TDT.
[04/07/2021 - 03:01:05] - * Vinicius_TDT deu alguma grana para batista_TDT.
[04/07/2021 - 03:01:09] - * Vinicius_TDT deu alguma grana para batista_TDT.
[04/07/2021 - 03:01:11] - * Vinicius_TDT deu alguma grana para batista_TDT.
[04/07/2021 - 03:01:12] - * Vinicius_TDT deu alguma grana para batista_TDT.
[04/07/2021 - 03:01:13] - * Vinicius_TDT deu alguma grana para batista_TDT.
[04/07/2021 - 03:01:17] - * Vinicius_TDT deu alguma grana para batista_TDT.
[04/07/2021 - 03:01:18] - * Vinicius_TDT deu alguma grana para batista_TDT.
[04/07/2021 - 03:01:19] - * Vinicius_TDT deu alguma grana para batista_TDT.
[04/07/2021 - 03:01:21] - * Vinicius_TDT deu alguma grana para batista_TDT.
[04/07/2021 - 03:01:22] - * Vinicius_TDT deu alguma grana para batista_TDT.
[04/07/2021 - 03:01:24] - * Vinicius_TDT deu alguma grana para batista_TDT.
[04/07/2021 - 03:01:25] - * Vinicius_TDT deu alguma grana para batista_TDT.
[04/07/2021 - 03:01:29] - * Vinicius_TDT deu alguma grana para batista_TDT.
[04/07/2021 - 03:05:26] - * batista_TDT deu alguma grana para F7_NXS.
[04/07/2021 - 03:08:48] - * Ezequiel_Saffo deu alguma grana para Kauan_Churritos.
[04/07/2021 - 03:08:50] - * Ezequiel_Saffo deu alguma grana para Kauan_Churritos.
[04/07/2021 - 03:08:51] - * Ezequiel_Saffo deu alguma grana para Kauan_Churritos.
[04/07/2021 - 03:08:53] - * Ezequiel_Saffo deu alguma grana para Kauan_Churritos.
[04/07/2021 - 03:08:54] - * Ezequiel_Saffo deu alguma grana para Kauan_Churritos.
[04/07/2021 - 03:08:55] - * Ezequiel_Saffo deu alguma grana para Kauan_Churritos.
[04/07/2021 - 03:08:56] - * Ezequiel_Saffo deu alguma grana para Kauan_Churritos.
[04/07/2021 - 03:08:58] - * Ezequiel_Saffo deu alguma grana para Kauan_Churritos.
[04/07/2021 - 03:08:59] - * Ezequiel_Saffo deu alguma grana para Kauan_Churritos.
[04/07/2021 - 03:09:00] - * Ezequiel_Saffo deu alguma grana para Kauan_Churritos.
[04/07/2021 - 03:09:29] - * Ezequiel_Saffo deu alguma grana para Angelo_Saffo.
[04/07/2021 - 03:09:31] - * Ezequiel_Saffo deu alguma grana para Angelo_Saffo.
[04/07/2021 - 03:09:32] - * Ezequiel_Saffo deu alguma grana para Angelo_Saffo.
[04/07/2021 - 03:09:34] - * Ezequiel_Saffo deu alguma grana para Angelo_Saffo.
[04/07/2021 - 03:09:35] - * Ezequiel_Saffo deu alguma grana para Angelo_Saffo.
[04/07/2021 - 03:09:36] - * Ezequiel_Saffo deu alguma grana para Angelo_Saffo.
[04/07/2021 - 03:09:38] - * Ezequiel_Saffo deu alguma grana para Angelo_Saffo.
[04/07/2021 - 03:15:46] - * Willian_Robert deu alguma grana para Replause_Tralha.
[04/07/2021 - 03:16:07] - * Willian_Robert deu alguma grana para Replause_Tralha.
[04/07/2021 - 03:44:18] - * Vinicius_Russef deu alguma grana para Kauan_Churritos.
[04/07/2021 - 03:44:18] - * Vinicius_Russef deu alguma grana para Kauan_Churritos.
[04/07/2021 - 03:44:19] - * Vinicius_Russef deu alguma grana para Kauan_Churritos.
[04/07/2021 - 03:44:20] - * Vinicius_Russef deu alguma grana para Kauan_Churritos.
[04/07/2021 - 03:44:20] - * Vinicius_Russef deu alguma grana para Kauan_Churritos.
[04/07/2021 - 03:44:20] - * Vinicius_Russef deu alguma grana para Kauan_Churritos.
[04/07/2021 - 03:44:21] - * Vinicius_Russef deu alguma grana para Kauan_Churritos.
[04/07/2021 - 03:44:21] - * Vinicius_Russef deu alguma grana para Kauan_Churritos.
[04/07/2021 - 03:44:22] - * Vinicius_Russef deu alguma grana para Kauan_Churritos.
[04/07/2021 - 03:44:22] - * Vinicius_Russef deu alguma grana para Kauan_Churritos.
[04/07/2021 - 03:44:23] - * Vinicius_Russef deu alguma grana para Kauan_Churritos.
[04/07/2021 - 03:44:24] - * Vinicius_Russef deu alguma grana para Kauan_Churritos.
[04/07/2021 - 03:44:24] - * Vinicius_Russef deu alguma grana para Kauan_Churritos.
[04/07/2021 - 03:44:25] - * Vinicius_Russef deu alguma grana para Kauan_Churritos.
[04/07/2021 - 03:44:25] - * Vinicius_Russef deu alguma grana para Kauan_Churritos.
[04/07/2021 - 03:44:26] - * Vinicius_Russef deu alguma grana para Kauan_Churritos.
[04/07/2021 - 03:44:26] - * Vinicius_Russef deu alguma grana para Kauan_Churritos.
[04/07/2021 - 03:44:28] - * Vinicius_Russef deu alguma grana para Kauan_Churritos.
[04/07/2021 - 03:44:28] - * Vinicius_Russef deu alguma grana para Kauan_Churritos.
[04/07/2021 - 03:44:29] - * Vinicius_Russef deu alguma grana para Kauan_Churritos.
[04/07/2021 - 03:44:29] - * Vinicius_Russef deu alguma grana para Kauan_Churritos.
[04/07/2021 - 03:44:30] - * Vinicius_Russef deu alguma grana para Kauan_Churritos.
[04/07/2021 - 03:44:30] - * Vinicius_Russef deu alguma grana para Kauan_Churritos.
[04/07/2021 - 03:44:31] - * Vinicius_Russef deu alguma grana para Kauan_Churritos.
[04/07/2021 - 03:44:59] - * Vinicius_Russef deu alguma grana para Ezequiel_Saffo.
[04/07/2021 - 03:45:00] - * Vinicius_Russef deu alguma grana para Ezequiel_Saffo.
[04/07/2021 - 03:45:01] - * Vinicius_Russef deu alguma grana para Ezequiel_Saffo.
[04/07/2021 - 03:45:01] - * Vinicius_Russef deu alguma grana para Ezequiel_Saffo.
[04/07/2021 - 03:45:02] - * Vinicius_Russef deu alguma grana para Ezequiel_Saffo.
[04/07/2021 - 03:45:02] - * Vinicius_Russef deu alguma grana para Ezequiel_Saffo.
[04/07/2021 - 03:45:03] - * Vinicius_Russef deu alguma grana para Ezequiel_Saffo.
[04/07/2021 - 03:45:03] - * Vinicius_Russef deu alguma grana para Ezequiel_Saffo.
[04/07/2021 - 03:45:04] - * Vinicius_Russef deu alguma grana para Ezequiel_Saffo.
[04/07/2021 - 03:45:04] - * Vinicius_Russef deu alguma grana para Ezequiel_Saffo.
[04/07/2021 - 03:45:05] - * Vinicius_Russef deu alguma grana para Ezequiel_Saffo.
[04/07/2021 - 03:45:05] - * Vinicius_Russef deu alguma grana para Ezequiel_Saffo.
[04/07/2021 - 03:45:06] - * Vinicius_Russef deu alguma grana para Ezequiel_Saffo.
[04/07/2021 - 03:45:06] - * Vinicius_Russef deu alguma grana para Ezequiel_Saffo.
[04/07/2021 - 03:45:10] - * Vinicius_Russef deu alguma grana para Ezequiel_Saffo.
[04/07/2021 - 03:45:10] - * Vinicius_Russef deu alguma grana para Ezequiel_Saffo.
[04/07/2021 - 03:45:11] - * Vinicius_Russef deu alguma grana para Ezequiel_Saffo.
[04/07/2021 - 03:45:11] - * Vinicius_Russef deu alguma grana para Ezequiel_Saffo.
[04/07/2021 - 03:45:12] - * Vinicius_Russef deu alguma grana para Ezequiel_Saffo.
[04/07/2021 - 03:45:12] - * Vinicius_Russef deu alguma grana para Ezequiel_Saffo.
[04/07/2021 - 03:45:13] - * Vinicius_Russef deu alguma grana para Ezequiel_Saffo.
[04/07/2021 - 03:45:13] - * Vinicius_Russef deu alguma grana para Ezequiel_Saffo.
[04/07/2021 - 03:45:14] - * Vinicius_Russef deu alguma grana para Ezequiel_Saffo.
[04/07/2021 - 03:45:15] - * Vinicius_Russef deu alguma grana para Ezequiel_Saffo.
[04/07/2021 - 03:45:16] - * Vinicius_Russef deu alguma grana para Ezequiel_Saffo.
[04/07/2021 - 03:59:56] - * Replause_Silva deu alguma grana para VULGO_BK.
[04/07/2021 - 04:05:06] - * Ezequiel_Saffo deu alguma grana para Kauan_Churritos.
[04/07/2021 - 04:05:08] - * Ezequiel_Saffo deu alguma grana para Kauan_Churritos.
[04/07/2021 - 04:05:11] - * Ezequiel_Saffo deu alguma grana para Kauan_Churritos.
[04/07/2021 - 04:05:13] - * Ezequiel_Saffo deu alguma grana para Kauan_Churritos.
[04/07/2021 - 04:05:14] - * Ezequiel_Saffo deu alguma grana para Kauan_Churritos.
[04/07/2021 - 04:05:15] - * Ezequiel_Saffo deu alguma grana para Kauan_Churritos.
[04/07/2021 - 04:05:17] - * Ezequiel_Saffo deu alguma grana para Kauan_Churritos.
[04/07/2021 - 04:05:18] - * Ezequiel_Saffo deu alguma grana para Kauan_Churritos.
[04/07/2021 - 04:05:20] - * Ezequiel_Saffo deu alguma grana para Kauan_Churritos.
[04/07/2021 - 04:05:21] - * Ezequiel_Saffo deu alguma grana para Kauan_Churritos.
[04/07/2021 - 04:05:22] - * Ezequiel_Saffo deu alguma grana para Kauan_Churritos.
[04/07/2021 - 04:05:23] - * Ezequiel_Saffo deu alguma grana para Kauan_Churritos.
[04/07/2021 - 04:05:24] - * Ezequiel_Saffo deu alguma grana para Kauan_Churritos.
[04/07/2021 - 04:05:25] - * Ezequiel_Saffo deu alguma grana para Kauan_Churritos.
[04/07/2021 - 04:05:28] - * Ezequiel_Saffo deu alguma grana para Kauan_Churritos.
[04/07/2021 - 04:05:29] - * Ezequiel_Saffo deu alguma grana para Kauan_Churritos.
[04/07/2021 - 04:05:30] - * Ezequiel_Saffo deu alguma grana para Kauan_Churritos.
[04/07/2021 - 04:05:32] - * Ezequiel_Saffo deu alguma grana para Kauan_Churritos.
[04/07/2021 - 04:05:33] - * Ezequiel_Saffo deu alguma grana para Kauan_Churritos.
[04/07/2021 - 04:05:34] - * Ezequiel_Saffo deu alguma grana para Kauan_Churritos.
[04/07/2021 - 04:05:36] - * Ezequiel_Saffo deu alguma grana para Kauan_Churritos.
[04/07/2021 - 04:38:24] - * Drackx.pvp deu alguma grana para Lucas_Pinto.
[04/07/2021 - 04:38:27] - * Drackx.pvp deu alguma grana para Lucas_Pinto.
[04/07/2021 - 04:38:29] - * Drackx.pvp deu alguma grana para Lucas_Pinto.
[04/07/2021 - 04:38:30] - * Drackx.pvp deu alguma grana para Lucas_Pinto.
[04/07/2021 - 04:38:31] - * Drackx.pvp deu alguma grana para Lucas_Pinto.
[04/07/2021 - 04:38:31] - * Drackx.pvp deu alguma grana para Lucas_Pinto.
[04/07/2021 - 04:38:32] - * Drackx.pvp deu alguma grana para Lucas_Pinto.
[04/07/2021 - 04:38:33] - * Drackx.pvp deu alguma grana para Lucas_Pinto.
[04/07/2021 - 04:38:33] - * Drackx.pvp deu alguma grana para Lucas_Pinto.
[04/07/2021 - 04:41:48] - $9ANOS_WiLL comprou armas por R$1025 na empresa 6
[04/07/2021 - 04:42:14] - * Drackx.pvp deu alguma grana para renan_viana.
[04/07/2021 - 04:42:15] - * Drackx.pvp deu alguma grana para renan_viana.
[04/07/2021 - 04:42:16] - * Drackx.pvp deu alguma grana para renan_viana.
[04/07/2021 - 04:42:16] - * Drackx.pvp deu alguma grana para renan_viana.
[04/07/2021 - 04:42:17] - * Drackx.pvp deu alguma grana para renan_viana.
[04/07/2021 - 04:42:18] - * Drackx.pvp deu alguma grana para renan_viana.
[04/07/2021 - 04:42:19] - * Drackx.pvp deu alguma grana para renan_viana.
[04/07/2021 - 04:42:20] - * Drackx.pvp deu alguma grana para renan_viana.
[04/07/2021 - 04:42:21] - * Drackx.pvp deu alguma grana para renan_viana.
[04/07/2021 - 05:47:53] - * F7_NXS deu alguma grana para Rei_Do_Rolas.
[04/07/2021 - 05:47:59] - * F7_NXS deu alguma grana para Rei_Do_Rolas.
[04/07/2021 - 05:48:00] - * F7_NXS deu alguma grana para Rei_Do_Rolas.
[04/07/2021 - 05:48:01] - * F7_NXS deu alguma grana para Rei_Do_Rolas.
[04/07/2021 - 05:48:04] - * F7_NXS deu alguma grana para Rei_Do_Rolas.
[04/07/2021 - 11:58:29] - * wesley_uchiha deu alguma grana para ARTHUR_12.
[04/07/2021 - 13:05:39] - Ares comprou armas por R$1250 na empresa 6
[04/07/2021 - 13:06:21] - * Texuguin_ deu alguma grana para Jhony_hd00.
[04/07/2021 - 13:06:24] - * Texuguin_ deu alguma grana para Jhony_hd00.
[04/07/2021 - 13:06:27] - * Texuguin_ deu alguma grana para Jhony_hd00.
[04/07/2021 - 13:06:29] - * Texuguin_ deu alguma grana para Jhony_hd00.
[04/07/2021 - 13:06:31] - * Texuguin_ deu alguma grana para Jhony_hd00.
[04/07/2021 - 13:06:33] - * Texuguin_ deu alguma grana para Jhony_hd00.
[04/07/2021 - 13:06:35] - * Texuguin_ deu alguma grana para Jhony_hd00.
[04/07/2021 - 13:06:37] - * Texuguin_ deu alguma grana para Jhony_hd00.
[04/07/2021 - 13:06:39] - * Texuguin_ deu alguma grana para Jhony_hd00.
[04/07/2021 - 13:06:41] - * Texuguin_ deu alguma grana para Jhony_hd00.
[04/07/2021 - 13:06:49] - * Texuguin_ deu alguma grana para Jhony_hd00.
[04/07/2021 - 13:16:23] - * Atrit_Abaddon deu alguma grana para wesley_uchiha.
[04/07/2021 - 13:43:05] - * Natan_Insane deu alguma grana para Maicon_Lopes.
[04/07/2021 - 13:43:06] - * Natan_Insane deu alguma grana para Maicon_Lopes.
[04/07/2021 - 13:43:07] - * Natan_Insane deu alguma grana para Maicon_Lopes.
[04/07/2021 - 13:43:09] - * Natan_Insane deu alguma grana para Maicon_Lopes.
[04/07/2021 - 13:43:10] - * Natan_Insane deu alguma grana para Maicon_Lopes.
[04/07/2021 - 13:43:11] - * Natan_Insane deu alguma grana para Maicon_Lopes.
[04/07/2021 - 13:44:03] - Luan_gameX comprou armas por R$4800 na empresa 0
[04/07/2021 - 14:04:05] - * Natan_Insane deu alguma grana para Leticia_maniok.
[04/07/2021 - 14:04:06] - * Natan_Insane deu alguma grana para Leticia_maniok.
[04/07/2021 - 14:04:08] - * Natan_Insane deu alguma grana para Leticia_maniok.
[04/07/2021 - 14:04:09] - * Natan_Insane deu alguma grana para Leticia_maniok.
[04/07/2021 - 14:04:10] - * Natan_Insane deu alguma grana para Leticia_maniok.
[04/07/2021 - 14:04:11] - * Natan_Insane deu alguma grana para Leticia_maniok.
[04/07/2021 - 14:04:12] - * Natan_Insane deu alguma grana para Leticia_maniok.
[04/07/2021 - 14:04:14] - * Natan_Insane deu alguma grana para Leticia_maniok.
[04/07/2021 - 14:04:15] - * Natan_Insane deu alguma grana para Leticia_maniok.
[04/07/2021 - 14:04:16] - * Natan_Insane deu alguma grana para Leticia_maniok.
[04/07/2021 - 14:04:17] - * Natan_Insane deu alguma grana para Leticia_maniok.
[04/07/2021 - 14:04:19] - * Natan_Insane deu alguma grana para Leticia_maniok.
[04/07/2021 - 14:04:21] - * Natan_Insane deu alguma grana para Leticia_maniok.
[04/07/2021 - 14:04:22] - * Natan_Insane deu alguma grana para Leticia_maniok.
[04/07/2021 - 14:04:24] - * Natan_Insane deu alguma grana para Leticia_maniok.
[04/07/2021 - 14:04:26] - * Natan_Insane deu alguma grana para Leticia_maniok.
[04/07/2021 - 14:04:28] - * Natan_Insane deu alguma grana para Leticia_maniok.
[04/07/2021 - 14:04:37] - * wesley_uchiha deu alguma grana para Rei_Do_Rolas.
[04/07/2021 - 14:04:39] - * wesley_uchiha deu alguma grana para Rei_Do_Rolas.
[04/07/2021 - 14:08:58] - Ares comprou armas por R$2250 na empresa 6
[04/07/2021 - 14:23:42] - Atrit_Abaddon comprou armas por R$4800 na empresa 0
[04/07/2021 - 14:24:15] - Atrit_Abaddon comprou armas por R$3800 na empresa 0
[04/07/2021 - 14:24:19] - Luan_gameX comprou armas por R$100 na empresa 0
[04/07/2021 - 14:55:22] - * Mandrake_pvp deu alguma grana para Lucas_pinto.
[04/07/2021 - 14:55:23] - * Mandrake_pvp deu alguma grana para Lucas_pinto.
[04/07/2021 - 14:55:29] - * Mandrake_pvp deu alguma grana para Lucas_pinto.
[04/07/2021 - 15:11:56] - * Gefin_DAboca deu alguma grana para XEXUDO.
[04/07/2021 - 15:11:59] - * Gefin_DAboca deu alguma grana para XEXUDO.
[04/07/2021 - 15:12:02] - * Gefin_DAboca deu alguma grana para XEXUDO.
[04/07/2021 - 15:12:04] - * Gefin_DAboca deu alguma grana para XEXUDO.
[04/07/2021 - 15:12:05] - * Gefin_DAboca deu alguma grana para XEXUDO.
[04/07/2021 - 15:12:07] - * Gefin_DAboca deu alguma grana para XEXUDO.
[04/07/2021 - 15:12:08] - * Gefin_DAboca deu alguma grana para XEXUDO.
[04/07/2021 - 15:12:18] - * Gefin_DAboca deu alguma grana para XEXUDO.
[04/07/2021 - 15:12:20] - * Gefin_DAboca deu alguma grana para XEXUDO.
[04/07/2021 - 15:12:26] - * Gefin_DAboca deu alguma grana para XEXUDO.
[04/07/2021 - 15:28:59] - * Luis_Gabriel deu alguma grana para Madara.
[04/07/2021 - 16:07:18] - * Miguel_Malta deu alguma grana para Maicon_Lopes.
[04/07/2021 - 16:07:20] - * Miguel_Malta deu alguma grana para Maicon_Lopes.
[04/07/2021 - 16:07:21] - * Miguel_Malta deu alguma grana para Maicon_Lopes.
[04/07/2021 - 16:07:23] - * Miguel_Malta deu alguma grana para Maicon_Lopes.
[04/07/2021 - 16:14:38] - * VULGO_BK deu alguma grana para iilegal_elemts.
[04/07/2021 - 16:14:41] - * VULGO_BK deu alguma grana para iilegal_elemts.
[04/07/2021 - 16:15:23] - * VULGO_BK deu alguma grana para iilegal_elemts.
[04/07/2021 - 16:25:28] - * SMOKE_ZX deu alguma grana para KPZIN_EXE.
[04/07/2021 - 16:25:28] - * SMOKE_ZX deu alguma grana para KPZIN_EXE.
[04/07/2021 - 16:25:28] - * SMOKE_ZX deu alguma grana para KPZIN_EXE.
[04/07/2021 - 16:38:03] - $9ANOS_WiLL comprou armas por R$2800 na empresa 6
[04/07/2021 - 16:50:28] - * BKZINHO_SAMP deu alguma grana para Mandrake_pvp.
[04/07/2021 - 16:52:08] - * Lucas_pinto deu alguma grana para Mandrake_pvp.
[04/07/2021 - 17:00:56] - ADMIN CMD: O Admin Menor_vl está dando R$200000 para Renan_Shelby.
[04/07/2021 - 17:05:18] - * BKZINHO_SAMP deu alguma grana para Mandrake_pvp.
[04/07/2021 - 17:05:23] - * BKZINHO_SAMP deu alguma grana para Mandrake_pvp.
[04/07/2021 - 17:05:25] - * BKZINHO_SAMP deu alguma grana para Mandrake_pvp.
[04/07/2021 - 17:10:13] - ERIMAX_OLH_PCC comprou armas por R$20780 na empresa 0
[04/07/2021 - 17:15:46] - * pdrinx_zika deu alguma grana para Texuguin_.
[04/07/2021 - 17:16:43] - * pdrinx_zika deu alguma grana para Jhony_hd00.
[04/07/2021 - 18:06:45] - * VULGO_BK deu alguma grana para jaozinho.
[04/07/2021 - 18:06:46] - * VULGO_BK deu alguma grana para jaozinho.
[04/07/2021 - 18:06:46] - * VULGO_BK deu alguma grana para jaozinho.
[04/07/2021 - 18:06:47] - * VULGO_BK deu alguma grana para jaozinho.
[04/07/2021 - 18:06:47] - * VULGO_BK deu alguma grana para jaozinho.
[04/07/2021 - 18:06:48] - * VULGO_BK deu alguma grana para jaozinho.
[04/07/2021 - 18:06:49] - * VULGO_BK deu alguma grana para jaozinho.
[04/07/2021 - 18:06:49] - * VULGO_BK deu alguma grana para jaozinho.
[04/07/2021 - 18:06:50] - * VULGO_BK deu alguma grana para jaozinho.
[04/07/2021 - 18:06:50] - * VULGO_BK deu alguma grana para jaozinho.
[04/07/2021 - 18:06:51] - * VULGO_BK deu alguma grana para jaozinho.
[04/07/2021 - 18:06:51] - * VULGO_BK deu alguma grana para jaozinho.
[04/07/2021 - 18:06:52] - * VULGO_BK deu alguma grana para jaozinho.
[04/07/2021 - 18:06:54] - * VULGO_BK deu alguma grana para jaozinho.
[04/07/2021 - 18:06:54] - * VULGO_BK deu alguma grana para jaozinho.
[04/07/2021 - 18:06:55] - * VULGO_BK deu alguma grana para jaozinho.
[04/07/2021 - 18:06:56] - * VULGO_BK deu alguma grana para jaozinho.
[04/07/2021 - 18:07:00] - * VULGO_BK deu alguma grana para jaozinho.
[04/07/2021 - 18:07:01] - * VULGO_BK deu alguma grana para jaozinho.
[04/07/2021 - 18:07:02] - * VULGO_BK deu alguma grana para jaozinho.
[04/07/2021 - 18:07:03] - * VULGO_BK deu alguma grana para jaozinho.
[04/07/2021 - 18:07:03] - * VULGO_BK deu alguma grana para jaozinho.
[04/07/2021 - 18:07:05] - * VULGO_BK deu alguma grana para jaozinho.
[04/07/2021 - 18:14:08] - * jaozinho deu alguma grana para Breno_monteiroo.
[04/07/2021 - 18:14:09] - * jaozinho deu alguma grana para Breno_monteiroo.
[04/07/2021 - 18:14:09] - * jaozinho deu alguma grana para Breno_monteiroo.
[04/07/2021 - 18:14:10] - * jaozinho deu alguma grana para Breno_monteiroo.
[04/07/2021 - 18:14:19] - * jaozinho deu alguma grana para SIDOKAA.
[04/07/2021 - 18:14:19] - * jaozinho deu alguma grana para SIDOKAA.
[04/07/2021 - 18:14:20] - * jaozinho deu alguma grana para SIDOKAA.
[04/07/2021 - 18:14:45] - * Haridade deu alguma grana para lukill_.
[04/07/2021 - 18:14:47] - * Haridade deu alguma grana para lukill_.
[04/07/2021 - 18:14:50] - * Haridade deu alguma grana para lukill_.
[04/07/2021 - 18:14:51] - * Haridade deu alguma grana para lukill_.
[04/07/2021 - 18:14:52] - * Haridade deu alguma grana para lukill_.
[04/07/2021 - 18:57:48] - * Maicon_Lopes deu alguma grana para Bonezinho_TDT.
[04/07/2021 - 18:57:50] - * Maicon_Lopes deu alguma grana para Bonezinho_TDT.
[04/07/2021 - 18:57:52] - * Maicon_Lopes deu alguma grana para Bonezinho_TDT.
[04/07/2021 - 18:57:55] - * Maicon_Lopes deu alguma grana para Bonezinho_TDT.
[04/07/2021 - 18:57:57] - * Maicon_Lopes deu alguma grana para Bonezinho_TDT.
[04/07/2021 - 19:02:29] - * Miguel_Malta deu alguma grana para Haridade.
[04/07/2021 - 19:22:06] - ADMIN CMD: O Admin Vgzinn está dando R$200000 para Vgzinn.
[04/07/2021 - 19:43:24] - ADMIN CMD: O Admin Vgzinn está dando R$20000000 para Vgzinn.
[04/07/2021 - 21:14:49] - * wesley_uchiha deu alguma grana para batista_TDT.
[04/07/2021 - 21:24:02] - * pdrinx_zika deu alguma grana para Texuguin_.
[04/07/2021 - 21:24:26] - * pdrinx_zika deu alguma grana para Texuguin_.
[04/07/2021 - 21:24:47] - * pdrinx_zika deu alguma grana para Texuguin_.
[04/07/2021 - 21:25:10] - ADMIN CMD: O Admin Menor_vl está dando R$1000000 para ICARO_Walker.
[04/07/2021 - 21:25:13] - * pdrinx_zika deu alguma grana para Texuguin_.
[04/07/2021 - 21:49:28] - ADMIN CMD: O Admin Vgzinn está dando R$200000 para Kayh.
[04/07/2021 - 22:07:28] - * jaozinho deu alguma grana para Alexx_Tururu.
[04/07/2021 - 22:07:29] - * jaozinho deu alguma grana para Alexx_Tururu.
[04/07/2021 - 22:07:29] - * jaozinho deu alguma grana para Alexx_Tururu.
[04/07/2021 - 22:07:30] - * jaozinho deu alguma grana para Alexx_Tururu.
[04/07/2021 - 22:07:30] - * jaozinho deu alguma grana para Alexx_Tururu.
[04/07/2021 - 22:07:37] - * jaozinho deu alguma grana para Alexx_Tururu.
[04/07/2021 - 22:07:38] - * jaozinho deu alguma grana para Alexx_Tururu.
[04/07/2021 - 22:07:38] - * jaozinho deu alguma grana para Alexx_Tururu.
[04/07/2021 - 22:07:39] - * jaozinho deu alguma grana para Alexx_Tururu.
[04/07/2021 - 22:07:39] - * jaozinho deu alguma grana para Alexx_Tururu.
[04/07/2021 - 22:07:47] - * jaozinho deu alguma grana para Jvzin_Zoldick.
[04/07/2021 - 22:07:48] - * jaozinho deu alguma grana para Jvzin_Zoldick.
[04/07/2021 - 22:49:57] - * F7_NXS deu alguma grana para PEDRO_MISTERY_X.
[04/07/2021 - 22:59:40] - * Lucas_Barcas deu alguma grana para lucas_tyld.
[04/07/2021 - 22:59:53] - * Lucas_Barcas deu alguma grana para lucas_tyld.
[04/07/2021 - 22:59:54] - * Lucas_Barcas deu alguma grana para lucas_tyld.
[04/07/2021 - 22:59:55] - * Lucas_Barcas deu alguma grana para lucas_tyld.
[04/07/2021 - 22:59:56] - * Lucas_Barcas deu alguma grana para lucas_tyld.
[04/07/2021 - 22:59:56] - * Lucas_Barcas deu alguma grana para lucas_tyld.
[04/07/2021 - 22:59:57] - * Lucas_Barcas deu alguma grana para lucas_tyld.
[04/07/2021 - 22:59:58] - * Lucas_Barcas deu alguma grana para lucas_tyld.
[04/07/2021 - 22:59:59] - * Lucas_Barcas deu alguma grana para lucas_tyld.
[04/07/2021 - 23:00:13] - * Lucas_Barcas deu alguma grana para lucas_tyld.
[04/07/2021 - 23:00:13] - * Lucas_Barcas deu alguma grana para lucas_tyld.
[04/07/2021 - 23:00:13] - * Lucas_Barcas deu alguma grana para lucas_tyld.
[04/07/2021 - 23:00:13] - * Lucas_Barcas deu alguma grana para lucas_tyld.
[04/07/2021 - 23:00:13] - * Lucas_Barcas deu alguma grana para lucas_tyld.
[04/07/2021 - 23:00:13] - * Lucas_Barcas deu alguma grana para lucas_tyld.
[04/07/2021 - 23:00:13] - * Lucas_Barcas deu alguma grana para lucas_tyld.
[04/07/2021 - 23:00:13] - * Lucas_Barcas deu alguma grana para lucas_tyld.
[04/07/2021 - 23:00:13] - * Lucas_Barcas deu alguma grana para lucas_tyld.
[04/07/2021 - 23:00:15] - * Lucas_Barcas deu alguma grana para lucas_tyld.
[04/07/2021 - 23:00:16] - * Lucas_Barcas deu alguma grana para lucas_tyld.
[04/07/2021 - 23:00:17] - * Lucas_Barcas deu alguma grana para lucas_tyld.
[04/07/2021 - 23:00:18] - * Lucas_Barcas deu alguma grana para lucas_tyld.
[04/07/2021 - 23:00:19] - * Lucas_Barcas deu alguma grana para lucas_tyld.
[04/07/2021 - 23:00:21] - * Lucas_Barcas deu alguma grana para lucas_tyld.
[04/07/2021 - 23:00:22] - * Lucas_Barcas deu alguma grana para lucas_tyld.
[04/07/2021 - 23:00:23] - * Lucas_Barcas deu alguma grana para lucas_tyld.
[04/07/2021 - 23:00:24] - * Lucas_Barcas deu alguma grana para lucas_tyld.
[04/07/2021 - 23:00:25] - * Lucas_Barcas deu alguma grana para lucas_tyld.
[04/07/2021 - 23:00:27] - * Lucas_Barcas deu alguma grana para lucas_tyld.
[04/07/2021 - 23:00:29] - * Lucas_Barcas deu alguma grana para lucas_tyld.
[04/07/2021 - 23:00:30] - * Lucas_Barcas deu alguma grana para lucas_tyld.
[04/07/2021 - 23:00:31] - * Lucas_Barcas deu alguma grana para lucas_tyld.
[04/07/2021 - 23:00:33] - * Lucas_Barcas deu alguma grana para lucas_tyld.
[04/07/2021 - 23:00:36] - * Lucas_Barcas deu alguma grana para lucas_tyld.
[04/07/2021 - 23:00:58] - * Lucas_Barcas deu alguma grana para lucas_tyld.
[04/07/2021 - 23:01:01] - * Lucas_Barcas deu alguma grana para lucas_tyld.
[04/07/2021 - 23:01:02] - * Lucas_Barcas deu alguma grana para lucas_tyld.
[04/07/2021 - 23:01:02] - * Lucas_Barcas deu alguma grana para lucas_tyld.
[04/07/2021 - 23:01:03] - * Lucas_Barcas deu alguma grana para lucas_tyld.
[04/07/2021 - 23:01:03] - * Lucas_Barcas deu alguma grana para lucas_tyld.
[04/07/2021 - 23:01:04] - * Lucas_Barcas deu alguma grana para lucas_tyld.
[04/07/2021 - 23:01:04] - * Lucas_Barcas deu alguma grana para lucas_tyld.
[04/07/2021 - 23:01:07] - * Lucas_Barcas deu alguma grana para lucas_tyld.
[04/07/2021 - 23:01:08] - * Lucas_Barcas deu alguma grana para lucas_tyld.
[04/07/2021 - 23:01:09] - * Lucas_Barcas deu alguma grana para lucas_tyld.
[04/07/2021 - 23:01:11] - * Lucas_Barcas deu alguma grana para lucas_tyld.
[04/07/2021 - 23:01:13] - * Lucas_Barcas deu alguma grana para lucas_tyld.
[04/07/2021 - 23:01:13] - * Lucas_Barcas deu alguma grana para lucas_tyld.
[04/07/2021 - 23:01:14] - * Lucas_Barcas deu alguma grana para lucas_tyld.
[04/07/2021 - 23:01:15] - * Lucas_Barcas deu alguma grana para lucas_tyld.
[04/07/2021 - 23:01:15] - * Lucas_Barcas deu alguma grana para lucas_tyld.
[04/07/2021 - 23:01:16] - * Lucas_Barcas deu alguma grana para lucas_tyld.
[04/07/2021 - 23:01:17] - * Lucas_Barcas deu alguma grana para lucas_tyld.
[04/07/2021 - 23:01:17] - * Lucas_Barcas deu alguma grana para lucas_tyld.
[04/07/2021 - 23:01:18] - * Lucas_Barcas deu alguma grana para lucas_tyld.
[04/07/2021 - 23:01:19] - * Lucas_Barcas deu alguma grana para lucas_tyld.
[04/07/2021 - 23:01:20] - * Lucas_Barcas deu alguma grana para lucas_tyld.
[04/07/2021 - 23:01:22] - * Lucas_Barcas deu alguma grana para lucas_tyld.
[04/07/2021 - 23:04:02] - * Gefin_DAboca deu alguma grana para OROCHI_RP.
[04/07/2021 - 23:04:05] - * Gefin_DAboca deu alguma grana para OROCHI_RP.
[04/07/2021 - 23:04:06] - * Gefin_DAboca deu alguma grana para OROCHI_RP.
[04/07/2021 - 23:04:08] - * Gefin_DAboca deu alguma grana para OROCHI_RP.
[04/07/2021 - 23:04:08] - * Gefin_DAboca deu alguma grana para OROCHI_RP.
[04/07/2021 - 23:04:09] - * Gefin_DAboca deu alguma grana para OROCHI_RP.
[04/07/2021 - 23:04:10] - * Gefin_DAboca deu alguma grana para OROCHI_RP.
[04/07/2021 - 23:04:11] - * Gefin_DAboca deu alguma grana para OROCHI_RP.
[04/07/2021 - 23:04:12] - * Gefin_DAboca deu alguma grana para OROCHI_RP.
[04/07/2021 - 23:04:13] - * Gefin_DAboca deu alguma grana para OROCHI_RP.
[04/07/2021 - 23:04:14] - * Gefin_DAboca deu alguma grana para OROCHI_RP.
[04/07/2021 - 23:04:15] - * Gefin_DAboca deu alguma grana para OROCHI_RP.
[04/07/2021 - 23:04:15] - * Gefin_DAboca deu alguma grana para OROCHI_RP.
[04/07/2021 - 23:04:16] - * Gefin_DAboca deu alguma grana para OROCHI_RP.
[04/07/2021 - 23:04:18] - * Gefin_DAboca deu alguma grana para OROCHI_RP.
[04/07/2021 - 23:04:19] - * Gefin_DAboca deu alguma grana para OROCHI_RP.
[04/07/2021 - 23:04:21] - * Gefin_DAboca deu alguma grana para OROCHI_RP.
[04/07/2021 - 23:04:22] - * Gefin_DAboca deu alguma grana para OROCHI_RP.
[04/07/2021 - 23:04:23] - * Gefin_DAboca deu alguma grana para OROCHI_RP.
[04/07/2021 - 23:04:30] - * Gefin_DAboca deu alguma grana para carioca_zk.
[04/07/2021 - 23:04:32] - * Gefin_DAboca deu alguma grana para carioca_zk.
[04/07/2021 - 23:04:33] - * Gefin_DAboca deu alguma grana para carioca_zk.
[04/07/2021 - 23:04:35] - * Gefin_DAboca deu alguma grana para carioca_zk.
[04/07/2021 - 23:06:14] - * F7_NXS deu alguma grana para PEDRO_MISTERY_X.
[04/07/2021 - 23:06:25] - * F7_NXS deu alguma grana para PEDRO_MISTERY_X.
[04/07/2021 - 23:06:27] - * F7_NXS deu alguma grana para PEDRO_MISTERY_X.
[04/07/2021 - 23:06:28] - * F7_NXS deu alguma grana para PEDRO_MISTERY_X.
[04/07/2021 - 23:06:30] - * F7_NXS deu alguma grana para PEDRO_MISTERY_X.
[04/07/2021 - 23:19:47] - ICARO_Walker comprou armas por R$25975 na empresa 0
[04/07/2021 - 23:19:59] - ICARO_Walker comprou armas por R$20780 na empresa 0
[04/07/2021 - 23:20:05] - ICARO_Walker comprou armas por R$12688 na empresa 0
[04/07/2021 - 23:20:16] - ICARO_Walker comprou armas por R$25175 na empresa 0
[04/07/2021 - 23:37:16] - CARNEIRO_VK comprou armas por R$8800 na empresa 6
[04/07/2021 - 23:52:21] - * KPZIN_EXE deu alguma grana para katchau_PT.
[04/07/2021 - 23:52:29] - * KPZIN_EXE deu alguma grana para katchau_PT.
[05/07/2021 - 00:10:05] - * Ghostx_Non deu alguma grana para katchau_PT.
[05/07/2021 - 00:10:07] - * Ghostx_Non deu alguma grana para katchau_PT.
[05/07/2021 - 00:10:08] - * Ghostx_Non deu alguma grana para katchau_PT.
[05/07/2021 - 00:10:09] - * Ghostx_Non deu alguma grana para katchau_PT.
[05/07/2021 - 00:10:10] - * Ghostx_Non deu alguma grana para katchau_PT.
[05/07/2021 - 00:10:11] - * Ghostx_Non deu alguma grana para katchau_PT.
[05/07/2021 - 00:10:12] - * Ghostx_Non deu alguma grana para katchau_PT.
[05/07/2021 - 00:10:13] - * Ghostx_Non deu alguma grana para katchau_PT.
[05/07/2021 - 00:10:15] - * Ghostx_Non deu alguma grana para katchau_PT.
[05/07/2021 - 00:10:24] - * Ghostx_Non deu alguma grana para katchau_PT.
[05/07/2021 - 00:12:02] - * Gefin_DAboca deu alguma grana para Luffy_los.
[05/07/2021 - 00:12:04] - * Gefin_DAboca deu alguma grana para Luffy_los.
[05/07/2021 - 00:12:06] - * Gefin_DAboca deu alguma grana para Luffy_los.
[05/07/2021 - 00:12:07] - * Gefin_DAboca deu alguma grana para Luffy_los.
[05/07/2021 - 00:12:34] - * katchau_PT deu alguma grana para KPZIN_EXE.
[05/07/2021 - 00:12:35] - * katchau_PT deu alguma grana para KPZIN_EXE.
[05/07/2021 - 00:12:41] - * katchau_PT deu alguma grana para KPZIN_EXE.
[05/07/2021 - 00:20:24] - kurt_444 comprou armas por R$12800 na empresa 6
[05/07/2021 - 00:20:24] - KINGZIN.Fe comprou armas por R$6800 na empresa 6
[05/07/2021 - 00:20:40] - kurt_444 comprou armas por R$100 na empresa 6
[05/07/2021 - 00:21:15] - KINGZIN.Fe comprou armas por R$100 na empresa 6
[05/07/2021 - 00:21:23] - * kurt_444 deu alguma grana para Felipe_SG.
[05/07/2021 - 00:22:03] - * KINGZIN.Fe deu alguma grana para Felipe_SG.
[05/07/2021 - 00:22:15] - Felipe_SG comprou armas por R$10800 na empresa 6
[05/07/2021 - 00:39:40] - * japa_gfm deu alguma grana para Maicon_Lopes.
[05/07/2021 - 00:39:42] - * japa_gfm deu alguma grana para Maicon_Lopes.
[05/07/2021 - 00:39:43] - * japa_gfm deu alguma grana para Maicon_Lopes.
[05/07/2021 - 00:39:45] - * japa_gfm deu alguma grana para Maicon_Lopes.
[05/07/2021 - 00:40:05] - * japa_gfm deu alguma grana para Maicon_Lopes.
[05/07/2021 - 00:40:07] - * japa_gfm deu alguma grana para Maicon_Lopes.
[05/07/2021 - 00:40:08] - * japa_gfm deu alguma grana para Maicon_Lopes.
[05/07/2021 - 00:40:10] - * japa_gfm deu alguma grana para Maicon_Lopes.
[05/07/2021 - 00:42:32] - * texugo_gg deu alguma grana para Miguel_Malta.
[05/07/2021 - 00:42:33] - * texugo_gg deu alguma grana para Miguel_Malta.
[05/07/2021 - 00:42:34] - * texugo_gg deu alguma grana para Miguel_Malta.
[05/07/2021 - 00:42:37] - * texugo_gg deu alguma grana para Miguel_Malta.
[05/07/2021 - 00:42:38] - * texugo_gg deu alguma grana para Miguel_Malta.
[05/07/2021 - 00:42:39] - * texugo_gg deu alguma grana para Miguel_Malta.
[05/07/2021 - 00:42:40] - * texugo_gg deu alguma grana para Miguel_Malta.
[05/07/2021 - 00:42:41] - * texugo_gg deu alguma grana para Miguel_Malta.
[05/07/2021 - 00:42:41] - * texugo_gg deu alguma grana para Miguel_Malta.
[05/07/2021 - 00:42:42] - * texugo_gg deu alguma grana para Miguel_Malta.
[05/07/2021 - 00:42:43] - * texugo_gg deu alguma grana para Miguel_Malta.
[05/07/2021 - 00:42:44] - * texugo_gg deu alguma grana para Miguel_Malta.
[05/07/2021 - 00:42:44] - * texugo_gg deu alguma grana para Miguel_Malta.
[05/07/2021 - 00:42:45] - * texugo_gg deu alguma grana para Miguel_Malta.
[05/07/2021 - 00:42:46] - * texugo_gg deu alguma grana para Miguel_Malta.
[05/07/2021 - 00:42:46] - * texugo_gg deu alguma grana para Miguel_Malta.
[05/07/2021 - 00:42:47] - * texugo_gg deu alguma grana para Miguel_Malta.
[05/07/2021 - 00:42:48] - * texugo_gg deu alguma grana para Miguel_Malta.
[05/07/2021 - 00:42:49] - * texugo_gg deu alguma grana para Miguel_Malta.
[05/07/2021 - 00:42:50] - * texugo_gg deu alguma grana para Miguel_Malta.
[05/07/2021 - 00:52:09] - * pdrinx_zika deu alguma grana para Jhony_hd00.
[05/07/2021 - 00:52:23] - * pdrinx_zika deu alguma grana para Jhony_hd00.
[05/07/2021 - 01:02:41] - * Nk_Deivid deu alguma grana para jaozinho.
[05/07/2021 - 01:02:41] - * Nk_Deivid deu alguma grana para jaozinho.
[05/07/2021 - 01:02:43] - * Nk_Deivid deu alguma grana para jaozinho.
[05/07/2021 - 01:02:49] - * Nk_Deivid deu alguma grana para jaozinho.
[05/07/2021 - 01:02:51] - * Nk_Deivid deu alguma grana para jaozinho.
[05/07/2021 - 01:02:53] - * Nk_Deivid deu alguma grana para jaozinho.
[05/07/2021 - 01:02:55] - * Nk_Deivid deu alguma grana para jaozinho.
[05/07/2021 - 01:02:57] - * Nk_Deivid deu alguma grana para jaozinho.
[05/07/2021 - 01:03:54] - * Nk_Deivid deu alguma grana para jaozinho.
[05/07/2021 - 01:03:54] - * Nk_Deivid deu alguma grana para jaozinho.
[05/07/2021 - 01:03:55] - * Nk_Deivid deu alguma grana para jaozinho.
[05/07/2021 - 01:03:56] - * Nk_Deivid deu alguma grana para jaozinho.
[05/07/2021 - 01:03:57] - * Nk_Deivid deu alguma grana para jaozinho.
[05/07/2021 - 01:03:57] - * Nk_Deivid deu alguma grana para jaozinho.
[05/07/2021 - 01:04:06] - * Nk_Deivid deu alguma grana para jaozinho.
[05/07/2021 - 01:15:43] - * Maicon_Lopes deu alguma grana para jaozinho.
[05/07/2021 - 01:15:45] - * Maicon_Lopes deu alguma grana para jaozinho.
[05/07/2021 - 01:16:59] - * Maicon_Lopes deu alguma grana para jaozinho.
[05/07/2021 - 01:17:01] - * Maicon_Lopes deu alguma grana para jaozinho.
[05/07/2021 - 01:17:29] - * Maicon_Lopes deu alguma grana para jaozinho.
[05/07/2021 - 01:17:29] - * Miguel_Malta deu alguma grana para jaozinho.
[05/07/2021 - 01:17:30] - * Maicon_Lopes deu alguma grana para jaozinho.
[05/07/2021 - 01:18:30] - * Maicon_Lopes deu alguma grana para jaozinho.
[05/07/2021 - 01:18:31] - * Maicon_Lopes deu alguma grana para jaozinho.
[05/07/2021 - 01:18:45] - * Maicon_Lopes deu alguma grana para jaozinho.
[05/07/2021 - 01:18:47] - * Maicon_Lopes deu alguma grana para jaozinho.
[05/07/2021 - 01:18:54] - * Miguel_Malta deu alguma grana para jaozinho.
[05/07/2021 - 01:19:05] - * Maicon_Lopes deu alguma grana para jaozinho.
[05/07/2021 - 01:19:07] - * Maicon_Lopes deu alguma grana para jaozinho.
[05/07/2021 - 01:19:24] - * Maicon_Lopes deu alguma grana para jaozinho.
[05/07/2021 - 01:19:25] - * Maicon_Lopes deu alguma grana para jaozinho.
[05/07/2021 - 01:19:36] - * Miguel_Malta deu alguma grana para jaozinho.
[05/07/2021 - 01:19:37] - * Maicon_Lopes deu alguma grana para jaozinho.
[05/07/2021 - 01:19:39] - * Maicon_Lopes deu alguma grana para jaozinho.
[05/07/2021 - 01:19:57] - * Maicon_Lopes deu alguma grana para jaozinho.
[05/07/2021 - 01:19:59] - * Maicon_Lopes deu alguma grana para jaozinho.
[05/07/2021 - 01:20:03] - * Miguel_Malta deu alguma grana para jaozinho.
[05/07/2021 - 01:20:27] - * Miguel_Malta deu alguma grana para jaozinho.
[05/07/2021 - 01:21:16] - * jaozinho deu alguma grana para CAUA_vlc.
[05/07/2021 - 01:21:26] - * Maicon_Lopes deu alguma grana para jaozinho.
[05/07/2021 - 01:21:38] - * Miguel_Malta deu alguma grana para jaozinho.
[05/07/2021 - 01:22:02] - * jaozinho deu alguma grana para Maicon_Lopes.
[05/07/2021 - 01:22:04] - * jaozinho deu alguma grana para Maicon_Lopes.
[05/07/2021 - 01:22:51] - * jaozinho deu alguma grana para Miguel_Malta.
[05/07/2021 - 01:23:04] - * Miguel_Malta deu alguma grana para jaozinho.
[05/07/2021 - 01:23:21] - * Miguel_Malta deu alguma grana para jaozinho.
[05/07/2021 - 01:23:35] - * jaozinho deu alguma grana para Miguel_Malta.
[05/07/2021 - 01:24:00] - * Maicon_Lopes deu alguma grana para jaozinho.
[05/07/2021 - 01:24:02] - * Maicon_Lopes deu alguma grana para jaozinho.
[05/07/2021 - 01:24:04] - * Maicon_Lopes deu alguma grana para jaozinho.
[05/07/2021 - 01:24:05] - * Maicon_Lopes deu alguma grana para jaozinho.
[05/07/2021 - 01:24:37] - * Miguel_Malta deu alguma grana para jaozinho.
[05/07/2021 - 01:30:12] - * KAKA_TDT deu alguma grana para Bonezinho_TDT.
[05/07/2021 - 01:30:15] - * KAKA_TDT deu alguma grana para Bonezinho_TDT.
[05/07/2021 - 01:30:16] - * KAKA_TDT deu alguma grana para Bonezinho_TDT.
[05/07/2021 - 01:30:22] - * KAKA_TDT deu alguma grana para Bonezinho_TDT.
[05/07/2021 - 01:30:24] - * KAKA_TDT deu alguma grana para Bonezinho_TDT.
[05/07/2021 - 01:30:26] - * KAKA_TDT deu alguma grana para Bonezinho_TDT.
[05/07/2021 - 01:30:29] - * KAKA_TDT deu alguma grana para Bonezinho_TDT.
[05/07/2021 - 01:30:31] - * KAKA_TDT deu alguma grana para Bonezinho_TDT.
[05/07/2021 - 01:30:34] - * KAKA_TDT deu alguma grana para Bonezinho_TDT.
[05/07/2021 - 01:30:36] - * KAKA_TDT deu alguma grana para Bonezinho_TDT.
[05/07/2021 - 01:30:38] - * KAKA_TDT deu alguma grana para Bonezinho_TDT.
[05/07/2021 - 01:30:39] - * KAKA_TDT deu alguma grana para Bonezinho_TDT.
[05/07/2021 - 01:30:41] - * KAKA_TDT deu alguma grana para Bonezinho_TDT.
[05/07/2021 - 01:30:44] - * KAKA_TDT deu alguma grana para Bonezinho_TDT.
[05/07/2021 - 01:31:31] - * KAKA_TDT deu alguma grana para Bonezinho_TDT.
[05/07/2021 - 01:31:38] - * Haridade deu alguma grana para Bonezinho_TDT.
[05/07/2021 - 02:46:16] - ADMIN CMD: O Admin ICARO_Walker está dando R$1000000 para ICARO_Walker.
[05/07/2021 - 03:20:08] - * Natan_Insane deu alguma grana para gustavo_silva.
[05/07/2021 - 03:20:09] - * Natan_Insane deu alguma grana para gustavo_silva.
[05/07/2021 - 03:20:11] - * Natan_Insane deu alguma grana para gustavo_silva.
[05/07/2021 - 03:30:28] - * Maicon_Lopes deu alguma grana para Ascovi.sx.
[05/07/2021 - 03:30:29] - * Maicon_Lopes deu alguma grana para Ascovi.sx.
[05/07/2021 - 03:30:30] - * Maicon_Lopes deu alguma grana para Ascovi.sx.
[05/07/2021 - 03:30:32] - * Maicon_Lopes deu alguma grana para Ascovi.sx.
[05/07/2021 - 03:30:33] - * Maicon_Lopes deu alguma grana para Ascovi.sx.
[05/07/2021 - 03:30:36] - * Maicon_Lopes deu alguma grana para Ascovi.sx.
[05/07/2021 - 03:30:38] - * Maicon_Lopes deu alguma grana para Ascovi.sx.
[05/07/2021 - 03:30:39] - * Maicon_Lopes deu alguma grana para Ascovi.sx.
[05/07/2021 - 03:30:40] - * Maicon_Lopes deu alguma grana para Ascovi.sx.
[05/07/2021 - 03:30:41] - * Maicon_Lopes deu alguma grana para Ascovi.sx.
[05/07/2021 - 03:30:43] - * Maicon_Lopes deu alguma grana para Ascovi.sx.
[05/07/2021 - 03:30:44] - * Maicon_Lopes deu alguma grana para Ascovi.sx.
[05/07/2021 - 03:30:45] - * Maicon_Lopes deu alguma grana para Ascovi.sx.
[05/07/2021 - 03:30:47] - * Maicon_Lopes deu alguma grana para Ascovi.sx.
[05/07/2021 - 03:30:50] - * Maicon_Lopes deu alguma grana para Ascovi.sx.
[05/07/2021 - 03:30:51] - * Maicon_Lopes deu alguma grana para Ascovi.sx.
[05/07/2021 - 03:30:53] - * Maicon_Lopes deu alguma grana para Ascovi.sx.
[05/07/2021 - 03:30:55] - * Maicon_Lopes deu alguma grana para Ascovi.sx.
[05/07/2021 - 03:30:56] - * Maicon_Lopes deu alguma grana para Ascovi.sx.
[05/07/2021 - 03:30:58] - * Maicon_Lopes deu alguma grana para Ascovi.sx.
[05/07/2021 - 03:30:59] - * Maicon_Lopes deu alguma grana para Ascovi.sx.
[05/07/2021 - 03:31:01] - * Maicon_Lopes deu alguma grana para Ascovi.sx.
[05/07/2021 - 03:31:02] - * Maicon_Lopes deu alguma grana para Ascovi.sx.
[05/07/2021 - 03:31:04] - * Maicon_Lopes deu alguma grana para Ascovi.sx.
[05/07/2021 - 03:31:06] - * Maicon_Lopes deu alguma grana para Ascovi.sx.
[05/07/2021 - 03:31:09] - * Maicon_Lopes deu alguma grana para Ascovi.sx.
[05/07/2021 - 03:31:10] - * Maicon_Lopes deu alguma grana para Ascovi.sx.
[05/07/2021 - 03:31:12] - * Maicon_Lopes deu alguma grana para Ascovi.sx.
[05/07/2021 - 03:31:13] - * Maicon_Lopes deu alguma grana para Ascovi.sx.
[05/07/2021 - 03:31:14] - * Maicon_Lopes deu alguma grana para Ascovi.sx.
[05/07/2021 - 03:31:16] - * Maicon_Lopes deu alguma grana para Ascovi.sx.
[05/07/2021 - 03:31:17] - * Maicon_Lopes deu alguma grana para Ascovi.sx.
[05/07/2021 - 03:31:18] - * Maicon_Lopes deu alguma grana para Ascovi.sx.
[05/07/2021 - 03:31:20] - * Maicon_Lopes deu alguma grana para Ascovi.sx.
[05/07/2021 - 03:31:21] - * Maicon_Lopes deu alguma grana para Ascovi.sx.
[05/07/2021 - 03:31:23] - * Maicon_Lopes deu alguma grana para Ascovi.sx.
[05/07/2021 - 03:31:25] - * Maicon_Lopes deu alguma grana para Ascovi.sx.
[05/07/2021 - 03:31:26] - * Maicon_Lopes deu alguma grana para Ascovi.sx.
[05/07/2021 - 03:31:28] - * Maicon_Lopes deu alguma grana para Ascovi.sx.
[05/07/2021 - 03:31:29] - * Maicon_Lopes deu alguma grana para Ascovi.sx.
[05/07/2021 - 03:54:18] - * Vgzinn deu alguma grana para Ares.
[05/07/2021 - 03:54:19] - * Vgzinn deu alguma grana para Ares.
[05/07/2021 - 03:54:20] - * Vgzinn deu alguma grana para Ares.
[05/07/2021 - 03:54:21] - * Vgzinn deu alguma grana para Ares.
[05/07/2021 - 04:01:44] - ADMIN CMD: O Admin Menor_vl está dando R$100000 para Replause_Silva.
[05/07/2021 - 04:09:52] - * Natan_Insane deu alguma grana para VULGO_BK.
[05/07/2021 - 04:09:54] - * Natan_Insane deu alguma grana para VULGO_BK.
[05/07/2021 - 04:11:55] - MIRO_MAR comprou armas por R$100 na empresa 6
[05/07/2021 - 04:12:25] - MIRO_MAR comprou armas por R$1125 na empresa 6
[05/07/2021 - 04:35:23] - * Lucas_KiLLer deu alguma grana para Nick.
[05/07/2021 - 05:27:57] - * Lucas_pinto deu alguma grana para VULGO_BK.
[05/07/2021 - 05:47:36] - * Alex_souza_FPS deu alguma grana para Lucas_pinto.
[05/07/2021 - 05:56:52] - * mau_mau deu alguma grana para Bonezinho_TDT.
[05/07/2021 - 05:56:56] - * mau_mau deu alguma grana para Bonezinho_TDT.
[05/07/2021 - 05:57:00] - * mau_mau deu alguma grana para Bonezinho_TDT.
[05/07/2021 - 05:57:02] - * mau_mau deu alguma grana para Bonezinho_TDT.
[05/07/2021 - 05:57:11] - * mau_mau deu alguma grana para Bonezinho_TDT.
[05/07/2021 - 05:57:15] - * mau_mau deu alguma grana para Bonezinho_TDT.
[05/07/2021 - 05:57:19] - * mau_mau deu alguma grana para Bonezinho_TDT.
[05/07/2021 - 06:05:16] - * Kauan_Churritos deu alguma grana para Replause_Silva.
[05/07/2021 - 06:05:17] - * Kauan_Churritos deu alguma grana para Replause_Silva.
[05/07/2021 - 06:05:18] - * Kauan_Churritos deu alguma grana para Replause_Silva.
[05/07/2021 - 06:05:19] - * Kauan_Churritos deu alguma grana para Replause_Silva.
[05/07/2021 - 06:05:20] - * Kauan_Churritos deu alguma grana para Replause_Silva.
[05/07/2021 - 06:05:26] - * Kauan_Churritos deu alguma grana para Replause_Silva.
[05/07/2021 - 06:05:33] - * Kauan_Churritos deu alguma grana para Replause_Silva.
[05/07/2021 - 06:05:34] - * Kauan_Churritos deu alguma grana para Replause_Silva.
[05/07/2021 - 06:05:38] - * Kauan_Churritos deu alguma grana para Replause_Silva.
[05/07/2021 - 06:10:28] - Bonezinho_TDT comprou armas por R$12700 na empresa 6
[05/07/2021 - 06:11:14] - Bonezinho_TDT comprou armas por R$10800 na empresa 6
[05/07/2021 - 07:42:57] - * F7_NXS deu alguma grana para kauan_da_GROTA.
[05/07/2021 - 07:43:35] - * F7_NXS deu alguma grana para kauan_da_GROTA.
[05/07/2021 - 07:43:38] - * F7_NXS deu alguma grana para kauan_da_GROTA.
[05/07/2021 - 07:43:40] - * F7_NXS deu alguma grana para kauan_da_GROTA.
[05/07/2021 - 07:43:41] - * F7_NXS deu alguma grana para kauan_da_GROTA.
[05/07/2021 - 07:43:42] - * F7_NXS deu alguma grana para kauan_da_GROTA.
[05/07/2021 - 07:43:43] - * F7_NXS deu alguma grana para kauan_da_GROTA.
[05/07/2021 - 07:43:43] - * F7_NXS deu alguma grana para kauan_da_GROTA.
[05/07/2021 - 07:43:44] - * F7_NXS deu alguma grana para kauan_da_GROTA.
[05/07/2021 - 07:43:45] - * F7_NXS deu alguma grana para kauan_da_GROTA.
[05/07/2021 - 07:43:47] - * F7_NXS deu alguma grana para kauan_da_GROTA.
[05/07/2021 - 07:43:53] - * F7_NXS deu alguma grana para kauan_da_GROTA.
[05/07/2021 - 07:45:56] - * kauan_da_GROTA deu alguma grana para F7_NXS.
[05/07/2021 - 07:45:57] - * kauan_da_GROTA deu alguma grana para F7_NXS.
[05/07/2021 - 07:45:58] - * kauan_da_GROTA deu alguma grana para F7_NXS.
[05/07/2021 - 07:45:58] - * kauan_da_GROTA deu alguma grana para F7_NXS.
[05/07/2021 - 07:46:08] - mau_mau comprou armas por R$1200 na empresa 6
[05/07/2021 - 07:46:33] - mau_mau comprou armas por R$1200 na empresa 6
[05/07/2021 - 07:47:05] - mau_mau comprou armas por R$1300 na empresa 6
[05/07/2021 - 08:03:47] - * Bonezinho_TDT deu alguma grana para mau_mau.
[05/07/2021 - 08:04:55] - * Bonezinho_TDT deu alguma grana para mau_mau.
[05/07/2021 - 08:05:34] - * Bonezinho_TDT deu alguma grana para mau_mau.
[05/07/2021 - 12:07:42] - * Victor_Insanity deu alguma grana para ERIMAX_OLH_BALLAS.
[05/07/2021 - 12:12:55] - alan_dofernandes comprou armas por R$25975 na empresa 6
[05/07/2021 - 12:13:39] - alan_dofernandes comprou armas por R$2800 na empresa 6
[05/07/2021 - 12:31:44] - * alan_dofernandes deu alguma grana para Will_Black.
[05/07/2021 - 13:35:17] - * Maicon_Lopes deu alguma grana para agnaldo_gg.
[05/07/2021 - 13:35:18] - * Maicon_Lopes deu alguma grana para agnaldo_gg.
[05/07/2021 - 13:44:23] - jc04 comprou armas por R$6800 na empresa 0
[05/07/2021 - 14:11:58] - * LITTLE_cyp deu alguma grana para texugo_gg.
[05/07/2021 - 14:12:01] - * LITTLE_cyp deu alguma grana para texugo_gg.
[05/07/2021 - 14:12:02] - * LITTLE_cyp deu alguma grana para texugo_gg.
[05/07/2021 - 14:12:03] - * LITTLE_cyp deu alguma grana para texugo_gg.
[05/07/2021 - 14:12:03] - * LITTLE_cyp deu alguma grana para texugo_gg.
[05/07/2021 - 14:12:09] - * LITTLE_cyp deu alguma grana para texugo_gg.
[05/07/2021 - 14:12:10] - * LITTLE_cyp deu alguma grana para texugo_gg.
[05/07/2021 - 14:12:13] - * LITTLE_cyp deu alguma grana para texugo_gg.
[05/07/2021 - 14:12:14] - * LITTLE_cyp deu alguma grana para texugo_gg.
[05/07/2021 - 14:12:15] - * LITTLE_cyp deu alguma grana para texugo_gg.
[05/07/2021 - 14:21:03] - * texugo_gg deu alguma grana para LITTLE_cyp.
[05/07/2021 - 14:21:05] - * texugo_gg deu alguma grana para LITTLE_cyp.
[05/07/2021 - 14:21:06] - * texugo_gg deu alguma grana para LITTLE_cyp.
[05/07/2021 - 14:21:08] - * texugo_gg deu alguma grana para LITTLE_cyp.
[05/07/2021 - 14:21:09] - * texugo_gg deu alguma grana para LITTLE_cyp.
[05/07/2021 - 14:21:10] - * texugo_gg deu alguma grana para LITTLE_cyp.
[05/07/2021 - 14:21:12] - * texugo_gg deu alguma grana para LITTLE_cyp.
[05/07/2021 - 14:21:13] - * texugo_gg deu alguma grana para LITTLE_cyp.
[05/07/2021 - 14:21:14] - * texugo_gg deu alguma grana para LITTLE_cyp.
[05/07/2021 - 14:21:15] - * texugo_gg deu alguma grana para LITTLE_cyp.
[05/07/2021 - 14:47:30] - * Felipe_SG deu alguma grana para KINGZIN.Fe.
[05/07/2021 - 14:53:27] - ADMIN CMD: O Admin Riquelme_Emanuel está dando R$100000 para GRINGOGG.
[05/07/2021 - 15:40:42] - LIPE_EXE comprou armas por R$2800 na empresa 6
[05/07/2021 - 15:43:21] - * pdrinx_zika deu alguma grana para Texuguin_.
[05/07/2021 - 15:59:05] - wesley_uchiha comprou armas por R$1300 na empresa 0
[05/07/2021 - 16:26:47] - * japa_gfm deu alguma grana para Miguel_Donquixote.
[05/07/2021 - 16:27:15] - * japa_gfm deu alguma grana para Miguel_Donquixote.
[05/07/2021 - 16:46:53] - * ruanno_beiramar deu alguma grana para TWJOKER.
[05/07/2021 - 16:48:33] - * ruanno_beiramar deu alguma grana para TWJOKER.
[05/07/2021 - 16:52:32] - * Texuguin_ deu alguma grana para BOBI.ImT.
[05/07/2021 - 16:52:36] - * Texuguin_ deu alguma grana para BOBI.ImT.
[05/07/2021 - 16:52:39] - * Texuguin_ deu alguma grana para BOBI.ImT.
[05/07/2021 - 16:52:42] - * Texuguin_ deu alguma grana para BOBI.ImT.
[05/07/2021 - 16:52:53] - * Texuguin_ deu alguma grana para BOBI.ImT.
[05/07/2021 - 16:52:55] - * Texuguin_ deu alguma grana para BOBI.ImT.
[05/07/2021 - 16:54:25] - * Texuguin_ deu alguma grana para BOBI.ImT.
[05/07/2021 - 16:54:28] - * Texuguin_ deu alguma grana para BOBI.ImT.
[05/07/2021 - 16:54:48] - * Texuguin_ deu alguma grana para BOBI.ImT.
[05/07/2021 - 16:56:08] - LITTLE_cyp comprou armas por R$4800 na empresa 6
[05/07/2021 - 16:57:08] - ADMIN CMD: O Admin Riquelme_Emanuel está dando R$100000 para Alexx_Tururu.
[05/07/2021 - 16:59:16] - CARNEIRO_VK comprou armas por R$4800 na empresa 6
[05/07/2021 - 17:02:32] - * Atrit_Abaddon deu alguma grana para Vinicius_TDT.
[05/07/2021 - 17:02:36] - * Atrit_Abaddon deu alguma grana para Vinicius_TDT.
[05/07/2021 - 17:48:03] - * Alexx_Tururu deu alguma grana para bucky.
[05/07/2021 - 17:53:14] - ADMIN CMD: O Admin Riquelme_Emanuel está dando R$500000 para Vinicius_Russef.
[05/07/2021 - 18:00:20] - * kurt_444 deu alguma grana para Felipe_SG.
[05/07/2021 - 18:00:33] - * kurt_444 deu alguma grana para Felipe_SG.
[05/07/2021 - 18:01:36] - * kurt_444 deu alguma grana para Felipe_SG.
[05/07/2021 - 18:01:37] - * kurt_444 deu alguma grana para Felipe_SG.
[05/07/2021 - 18:01:38] - * kurt_444 deu alguma grana para Felipe_SG.
[05/07/2021 - 18:01:39] - * kurt_444 deu alguma grana para Felipe_SG.
[05/07/2021 - 18:01:40] - * kurt_444 deu alguma grana para Felipe_SG.
[05/07/2021 - 18:01:41] - * kurt_444 deu alguma grana para Felipe_SG.
[05/07/2021 - 18:01:42] - * kurt_444 deu alguma grana para Felipe_SG.
[05/07/2021 - 18:01:44] - * kurt_444 deu alguma grana para Felipe_SG.
[05/07/2021 - 18:01:45] - * kurt_444 deu alguma grana para Felipe_SG.
[05/07/2021 - 18:01:46] - * kurt_444 deu alguma grana para Felipe_SG.
[05/07/2021 - 18:01:47] - * kurt_444 deu alguma grana para Felipe_SG.
[05/07/2021 - 18:10:34] - * ICARO_Walker deu alguma grana para Pedro_Kaua.
[05/07/2021 - 18:11:49] - Jhony_hd00 comprou armas por R$2800 na empresa 6
[05/07/2021 - 18:11:58] - Jhony_hd00 comprou armas por R$2700 na empresa 6
[05/07/2021 - 18:12:09] - Jhony_hd00 comprou armas por R$3500 na empresa 6
[05/07/2021 - 18:14:54] - * alan_dofernandes deu alguma grana para CONNOR.
[05/07/2021 - 18:38:09] - ICARO_Walker comprou armas por R$20780 na empresa 6
[05/07/2021 - 18:38:18] - ICARO_Walker comprou armas por R$12688 na empresa 6
[05/07/2021 - 18:38:39] - ICARO_Walker comprou armas por R$0 na empresa 6
[05/07/2021 - 18:48:10] - * ICARO_Walker deu alguma grana para henry_duMonster.
[05/07/2021 - 18:49:26] - * ICARO_Walker deu alguma grana para OROCHI_RP.
[05/07/2021 - 18:49:27] - * ICARO_Walker deu alguma grana para OROCHI_RP.
[05/07/2021 - 18:49:42] - * ICARO_Walker deu alguma grana para Maicon_Lopes.
[05/07/2021 - 18:49:42] - * ICARO_Walker deu alguma grana para Maicon_Lopes.
[05/07/2021 - 18:49:43] - * ICARO_Walker deu alguma grana para Maicon_Lopes.
[05/07/2021 - 18:49:44] - * ICARO_Walker deu alguma grana para Maicon_Lopes.
[05/07/2021 - 18:49:44] - * ICARO_Walker deu alguma grana para Maicon_Lopes.
[05/07/2021 - 18:49:45] - * ICARO_Walker deu alguma grana para Maicon_Lopes.
[05/07/2021 - 18:49:45] - * ICARO_Walker deu alguma grana para Maicon_Lopes.
[05/07/2021 - 18:51:10] - * texugo_gg deu alguma grana para Kauan_Santos.
[05/07/2021 - 19:48:18] - * Gefin_DAboca deu alguma grana para GRINGOGG.
[05/07/2021 - 19:48:21] - * Gefin_DAboca deu alguma grana para GRINGOGG.
[05/07/2021 - 19:48:22] - * Gefin_DAboca deu alguma grana para GRINGOGG.
[05/07/2021 - 19:48:23] - * Gefin_DAboca deu alguma grana para GRINGOGG.
[05/07/2021 - 19:48:25] - * Gefin_DAboca deu alguma grana para GRINGOGG.
[05/07/2021 - 19:48:27] - * Gefin_DAboca deu alguma grana para GRINGOGG.
[05/07/2021 - 19:48:28] - * Gefin_DAboca deu alguma grana para GRINGOGG.
[05/07/2021 - 19:48:29] - * Gefin_DAboca deu alguma grana para GRINGOGG.
[05/07/2021 - 19:48:37] - * Gefin_DAboca deu alguma grana para GRINGOGG.
[05/07/2021 - 19:48:38] - * Gefin_DAboca deu alguma grana para GRINGOGG.
[05/07/2021 - 19:48:39] - * Gefin_DAboca deu alguma grana para GRINGOGG.
[05/07/2021 - 20:35:11] - * Haridade deu alguma grana para TWJOKER.
[05/07/2021 - 21:02:02] - Real_Train comprou armas por R$6800 na empresa 6
[05/07/2021 - 21:25:12] - * Gabrielzin_Maniok deu alguma grana para Rafaela_Maniok.
[05/07/2021 - 21:25:14] - * Gabrielzin_Maniok deu alguma grana para Rafaela_Maniok.
[05/07/2021 - 21:25:15] - * Gabrielzin_Maniok deu alguma grana para Rafaela_Maniok.
[05/07/2021 - 21:25:15] - * Gabrielzin_Maniok deu alguma grana para Rafaela_Maniok.
[05/07/2021 - 21:25:16] - * Gabrielzin_Maniok deu alguma grana para Rafaela_Maniok.
[05/07/2021 - 21:25:17] - * Gabrielzin_Maniok deu alguma grana para Rafaela_Maniok.
[05/07/2021 - 21:25:17] - * Gabrielzin_Maniok deu alguma grana para Rafaela_Maniok.
[05/07/2021 - 21:25:18] - * Gabrielzin_Maniok deu alguma grana para Rafaela_Maniok.
[05/07/2021 - 21:27:19] - RAPOZA_BB comprou armas por R$4800 na empresa 6
[05/07/2021 - 23:02:28] - * Ares deu alguma grana para Gefin_DAboca.
[05/07/2021 - 23:02:29] - * Ares deu alguma grana para Gefin_DAboca.
[05/07/2021 - 23:02:31] - * Ares deu alguma grana para Gefin_DAboca.
[05/07/2021 - 23:02:32] - * Ares deu alguma grana para Gefin_DAboca.
[05/07/2021 - 23:02:34] - * Ares deu alguma grana para Gefin_DAboca.
[05/07/2021 - 23:02:35] - * Ares deu alguma grana para Gefin_DAboca.
[05/07/2021 - 23:03:21] - * Gefin_DAboca deu alguma grana para Moreno_DAboca.
[05/07/2021 - 23:03:23] - * Gefin_DAboca deu alguma grana para Moreno_DAboca.
[05/07/2021 - 23:03:24] - * Gefin_DAboca deu alguma grana para Moreno_DAboca.
[05/07/2021 - 23:03:26] - * Gefin_DAboca deu alguma grana para Moreno_DAboca.
[05/07/2021 - 23:03:34] - * Gefin_DAboca deu alguma grana para kayk.
[05/07/2021 - 23:03:35] - * Gefin_DAboca deu alguma grana para kayk.
[05/07/2021 - 23:03:37] - * Gefin_DAboca deu alguma grana para kayk.
[05/07/2021 - 23:03:38] - * Gefin_DAboca deu alguma grana para kayk.
[05/07/2021 - 23:03:49] - * Gefin_DAboca deu alguma grana para Pedro_Kaua.
[05/07/2021 - 23:03:50] - * Gefin_DAboca deu alguma grana para Pedro_Kaua.
[05/07/2021 - 23:03:51] - * Gefin_DAboca deu alguma grana para Pedro_Kaua.
[05/07/2021 - 23:03:52] - * Gefin_DAboca deu alguma grana para Pedro_Kaua.
[05/07/2021 - 23:05:15] - * Jhony_hd00 deu alguma grana para Texuguin_.
[05/07/2021 - 23:06:43] - * pdrinx_zika deu alguma grana para BOBI.ImT.
[05/07/2021 - 23:18:09] - ADMIN CMD: O Admin ICARO_Walker está dando R$200000 para Alex_souza_FPS.
[05/07/2021 - 23:43:21] - * GRINGOGG deu alguma grana para Ares.
[05/07/2021 - 23:44:04] - * GRINGOGG deu alguma grana para Ares.
[05/07/2021 - 23:44:14] - * GRINGOGG deu alguma grana para Ares.
[05/07/2021 - 23:44:24] - * GRINGOGG deu alguma grana para Ares.
[05/07/2021 - 23:44:34] - * GRINGOGG deu alguma grana para Ares.
[06/07/2021 - 00:03:01] - * texugo_gg deu alguma grana para HARlDADE.
[06/07/2021 - 00:03:03] - * texugo_gg deu alguma grana para HARlDADE.
[06/07/2021 - 00:03:04] - * texugo_gg deu alguma grana para HARlDADE.
[06/07/2021 - 00:03:04] - * texugo_gg deu alguma grana para HARlDADE.
[06/07/2021 - 00:03:05] - * texugo_gg deu alguma grana para HARlDADE.
[06/07/2021 - 00:03:06] - * texugo_gg deu alguma grana para HARlDADE.
[06/07/2021 - 00:03:07] - * texugo_gg deu alguma grana para HARlDADE.
[06/07/2021 - 00:03:10] - * texugo_gg deu alguma grana para HARlDADE.
[06/07/2021 - 00:03:11] - * texugo_gg deu alguma grana para HARlDADE.
[06/07/2021 - 00:03:12] - * texugo_gg deu alguma grana para HARlDADE.
[06/07/2021 - 00:03:13] - * texugo_gg deu alguma grana para HARlDADE.
[06/07/2021 - 00:03:14] - * texugo_gg deu alguma grana para HARlDADE.
[06/07/2021 - 00:09:35] - Pivete_ne comprou armas por R$4800 na empresa 6
[06/07/2021 - 00:09:50] - Pivete_ne comprou armas por R$3500 na empresa 6
[06/07/2021 - 00:21:27] - * Luffy_los deu alguma grana para XEXUDO.
[06/07/2021 - 00:22:22] - * Luffy_los deu alguma grana para XEXUDO.
[06/07/2021 - 00:22:34] - * Luffy_los deu alguma grana para XEXUDO.
[06/07/2021 - 00:22:46] - * Luffy_los deu alguma grana para XEXUDO.
[06/07/2021 - 00:22:57] - * Luffy_los deu alguma grana para XEXUDO.
[06/07/2021 - 00:25:50] - * Maicon_Lopes deu alguma grana para Lucas_pinto.
[06/07/2021 - 00:25:52] - * Maicon_Lopes deu alguma grana para Lucas_pinto.
[06/07/2021 - 00:25:53] - * Maicon_Lopes deu alguma grana para Lucas_pinto.
[06/07/2021 - 00:25:56] - * Maicon_Lopes deu alguma grana para Lucas_pinto.
[06/07/2021 - 00:25:58] - * Maicon_Lopes deu alguma grana para Lucas_pinto.
[06/07/2021 - 00:36:15] - Pivete_ne comprou armas por R$4800 na empresa 6
[06/07/2021 - 01:07:34] - ADMIN CMD: O Admin Menor_vl está dando R$5000 para Alex_souza_FPS.
[06/07/2021 - 01:19:55] - ADMIN CMD: O Admin Menor_vl está dando R$100000 para Miguel_Malta.
[06/07/2021 - 01:29:23] - Pivete_ne comprou armas por R$2800 na empresa 6
[06/07/2021 - 01:29:35] - Pivete_ne comprou armas por R$3500 na empresa 6
[06/07/2021 - 01:30:56] - RAPOZA_BB comprou armas por R$2800 na empresa 0
[06/07/2021 - 01:48:31] - Pivete_ne comprou armas por R$8800 na empresa 6
[06/07/2021 - 01:50:29] - * kurt_444 deu alguma grana para Pivete_ne.
[06/07/2021 - 01:50:30] - * Felipe_SG deu alguma grana para Pivete_ne.
[06/07/2021 - 01:50:35] - * Felipe_SG deu alguma grana para Pivete_ne.
[06/07/2021 - 02:01:54] - Pivete_ne comprou armas por R$4800 na empresa 6
[06/07/2021 - 02:07:02] - Luska_silva comprou armas por R$2800 na empresa 6
[06/07/2021 - 02:07:21] - Luska_silva comprou armas por R$16800 na empresa 6
[06/07/2021 - 03:05:48] - * VULGO_BK deu alguma grana para playbox_silva.
[06/07/2021 - 03:05:49] - * VULGO_BK deu alguma grana para playbox_silva.
[06/07/2021 - 03:05:50] - * VULGO_BK deu alguma grana para playbox_silva.
[06/07/2021 - 03:05:50] - * VULGO_BK deu alguma grana para playbox_silva.
[06/07/2021 - 03:05:52] - * VULGO_BK deu alguma grana para playbox_silva.
[06/07/2021 - 03:05:52] - * VULGO_BK deu alguma grana para playbox_silva.
[06/07/2021 - 03:10:05] - * Felipe_SG deu alguma grana para kurt_444.
[06/07/2021 - 03:12:17] - mau_mau comprou armas por R$1800 na empresa 6
[06/07/2021 - 03:20:19] - * Felipe_SG deu alguma grana para kurt_444.
[06/07/2021 - 04:05:48] - Luska_silva comprou armas por R$4800 na empresa 6
[06/07/2021 - 06:18:43] - Mec_Love comprou armas por R$3500 na empresa 6
[06/07/2021 - 11:28:29] - Rei_Do_Rolas comprou armas por R$5750 na empresa 6
[06/07/2021 - 13:15:51] - * CONNOR deu alguma grana para Maicon_Lopes.
[06/07/2021 - 13:16:20] - * CONNOR deu alguma grana para Maicon_Lopes.
[06/07/2021 - 13:16:38] - * CONNOR deu alguma grana para Maicon_Lopes.
[06/07/2021 - 13:16:52] - * CONNOR deu alguma grana para Maicon_Lopes.
[06/07/2021 - 13:17:02] - * CONNOR deu alguma grana para Maicon_Lopes.
[06/07/2021 - 13:17:25] - * CONNOR deu alguma grana para Maicon_Lopes.
[06/07/2021 - 13:17:27] - * CONNOR deu alguma grana para Maicon_Lopes.
[06/07/2021 - 13:17:31] - * CONNOR deu alguma grana para Maicon_Lopes.
[06/07/2021 - 13:17:33] - * CONNOR deu alguma grana para Maicon_Lopes.
[06/07/2021 - 13:17:34] - * CONNOR deu alguma grana para Maicon_Lopes.
[06/07/2021 - 13:17:36] - * CONNOR deu alguma grana para Maicon_Lopes.
[06/07/2021 - 13:17:37] - * CONNOR deu alguma grana para Maicon_Lopes.
[06/07/2021 - 13:17:39] - * CONNOR deu alguma grana para Maicon_Lopes.
[06/07/2021 - 13:17:40] - * CONNOR deu alguma grana para Maicon_Lopes.
[06/07/2021 - 13:17:42] - * CONNOR deu alguma grana para Maicon_Lopes.
[06/07/2021 - 13:17:43] - * CONNOR deu alguma grana para Maicon_Lopes.
[06/07/2021 - 13:17:44] - * CONNOR deu alguma grana para Maicon_Lopes.
[06/07/2021 - 13:17:45] - * CONNOR deu alguma grana para Maicon_Lopes.
[06/07/2021 - 13:17:46] - * CONNOR deu alguma grana para Maicon_Lopes.
[06/07/2021 - 13:17:47] - * CONNOR deu alguma grana para Maicon_Lopes.
[06/07/2021 - 13:17:48] - * CONNOR deu alguma grana para Maicon_Lopes.
[06/07/2021 - 13:17:50] - * CONNOR deu alguma grana para Maicon_Lopes.
[06/07/2021 - 13:17:51] - * CONNOR deu alguma grana para Maicon_Lopes.
[06/07/2021 - 13:17:52] - * CONNOR deu alguma grana para Maicon_Lopes.
[06/07/2021 - 13:17:54] - * CONNOR deu alguma grana para Maicon_Lopes.
[06/07/2021 - 13:27:42] - * Natan_Insane deu alguma grana para Maicon_Lopes.
[06/07/2021 - 13:27:43] - * Natan_Insane deu alguma grana para Maicon_Lopes.
[06/07/2021 - 13:27:44] - * Natan_Insane deu alguma grana para Maicon_Lopes.
[06/07/2021 - 13:27:45] - * Natan_Insane deu alguma grana para Maicon_Lopes.
[06/07/2021 - 13:27:47] - * Natan_Insane deu alguma grana para Maicon_Lopes.
[06/07/2021 - 13:27:48] - * Natan_Insane deu alguma grana para Maicon_Lopes.
[06/07/2021 - 13:38:13] - * texugo_gg deu alguma grana para Maicon_Lopes.
[06/07/2021 - 13:38:15] - * texugo_gg deu alguma grana para Maicon_Lopes.
[06/07/2021 - 13:38:16] - * texugo_gg deu alguma grana para Maicon_Lopes.
[06/07/2021 - 13:38:17] - * texugo_gg deu alguma grana para Maicon_Lopes.
[06/07/2021 - 13:38:18] - * texugo_gg deu alguma grana para Maicon_Lopes.
[06/07/2021 - 13:38:18] - * texugo_gg deu alguma grana para Maicon_Lopes.
[06/07/2021 - 13:38:19] - * texugo_gg deu alguma grana para Maicon_Lopes.
[06/07/2021 - 13:38:20] - * texugo_gg deu alguma grana para Maicon_Lopes.
[06/07/2021 - 13:38:20] - * texugo_gg deu alguma grana para Maicon_Lopes.
[06/07/2021 - 13:59:55] - * Dias_DZ7 deu alguma grana para Maicon_Lopes.
[06/07/2021 - 13:59:58] - * Dias_DZ7 deu alguma grana para Maicon_Lopes.
[06/07/2021 - 14:00:13] - * Dias_DZ7 deu alguma grana para Maicon_Lopes.
[06/07/2021 - 14:00:13] - * Dias_DZ7 deu alguma grana para Maicon_Lopes.
[06/07/2021 - 14:00:13] - * Dias_DZ7 deu alguma grana para Maicon_Lopes.
[06/07/2021 - 14:00:13] - * Dias_DZ7 deu alguma grana para Maicon_Lopes.
[06/07/2021 - 14:13:28] - * Natan_Insane deu alguma grana para Maicon_Lopes.
[06/07/2021 - 14:13:30] - * Natan_Insane deu alguma grana para Maicon_Lopes.
[06/07/2021 - 14:13:31] - * Natan_Insane deu alguma grana para Maicon_Lopes.
[06/07/2021 - 14:13:32] - * Natan_Insane deu alguma grana para Maicon_Lopes.
[06/07/2021 - 14:13:33] - * Natan_Insane deu alguma grana para Maicon_Lopes.
[06/07/2021 - 14:13:34] - * Natan_Insane deu alguma grana para Maicon_Lopes.
[06/07/2021 - 14:16:29] - carioca_zk comprou armas por R$100 na empresa 0
[06/07/2021 - 14:17:02] - * Kauan_Churritos deu alguma grana para Maicon_Lopes.
[06/07/2021 - 14:17:04] - * Kauan_Churritos deu alguma grana para Maicon_Lopes.
[06/07/2021 - 14:48:19] - * OUSADO_TVV deu alguma grana para playbox_silva.
[06/07/2021 - 14:48:22] - * OUSADO_TVV deu alguma grana para playbox_silva.
[06/07/2021 - 14:48:24] - * OUSADO_TVV deu alguma grana para playbox_silva.
[06/07/2021 - 14:48:26] - * OUSADO_TVV deu alguma grana para playbox_silva.
[06/07/2021 - 14:48:27] - * OUSADO_TVV deu alguma grana para playbox_silva.
[06/07/2021 - 14:48:29] - * OUSADO_TVV deu alguma grana para playbox_silva.
[06/07/2021 - 14:48:31] - * OUSADO_TVV deu alguma grana para playbox_silva.
[06/07/2021 - 14:48:32] - * OUSADO_TVV deu alguma grana para playbox_silva.
[06/07/2021 - 14:48:34] - * OUSADO_TVV deu alguma grana para playbox_silva.
[06/07/2021 - 14:48:35] - * OUSADO_TVV deu alguma grana para playbox_silva.
[06/07/2021 - 14:48:37] - * OUSADO_TVV deu alguma grana para playbox_silva.
[06/07/2021 - 14:48:39] - * OUSADO_TVV deu alguma grana para playbox_silva.
[06/07/2021 - 14:48:40] - * OUSADO_TVV deu alguma grana para playbox_silva.
[06/07/2021 - 14:48:42] - * OUSADO_TVV deu alguma grana para playbox_silva.
[06/07/2021 - 14:48:43] - * OUSADO_TVV deu alguma grana para playbox_silva.
[06/07/2021 - 14:48:45] - * OUSADO_TVV deu alguma grana para playbox_silva.
[06/07/2021 - 14:48:46] - * OUSADO_TVV deu alguma grana para playbox_silva.
[06/07/2021 - 14:48:48] - * OUSADO_TVV deu alguma grana para playbox_silva.
[06/07/2021 - 14:48:49] - * OUSADO_TVV deu alguma grana para playbox_silva.
[06/07/2021 - 14:48:51] - * OUSADO_TVV deu alguma grana para playbox_silva.
[06/07/2021 - 14:48:53] - * OUSADO_TVV deu alguma grana para playbox_silva.
[06/07/2021 - 14:48:54] - * OUSADO_TVV deu alguma grana para playbox_silva.
[06/07/2021 - 14:48:55] - * OUSADO_TVV deu alguma grana para playbox_silva.
[06/07/2021 - 14:48:57] - * OUSADO_TVV deu alguma grana para playbox_silva.
[06/07/2021 - 14:48:59] - * OUSADO_TVV deu alguma grana para playbox_silva.
[06/07/2021 - 14:49:00] - * OUSADO_TVV deu alguma grana para playbox_silva.
[06/07/2021 - 14:49:02] - * OUSADO_TVV deu alguma grana para playbox_silva.
[06/07/2021 - 14:49:03] - * OUSADO_TVV deu alguma grana para playbox_silva.
[06/07/2021 - 14:49:07] - * OUSADO_TVV deu alguma grana para playbox_silva.
[06/07/2021 - 14:49:08] - * OUSADO_TVV deu alguma grana para playbox_silva.
[06/07/2021 - 14:49:10] - * OUSADO_TVV deu alguma grana para playbox_silva.
[06/07/2021 - 14:49:11] - * OUSADO_TVV deu alguma grana para playbox_silva.
[06/07/2021 - 14:49:13] - * OUSADO_TVV deu alguma grana para playbox_silva.
[06/07/2021 - 14:49:14] - * OUSADO_TVV deu alguma grana para playbox_silva.
[06/07/2021 - 14:49:16] - * OUSADO_TVV deu alguma grana para playbox_silva.
[06/07/2021 - 14:49:18] - * OUSADO_TVV deu alguma grana para playbox_silva.
[06/07/2021 - 14:49:20] - * OUSADO_TVV deu alguma grana para playbox_silva.
[06/07/2021 - 14:49:22] - * OUSADO_TVV deu alguma grana para playbox_silva.
[06/07/2021 - 14:49:26] - * OUSADO_TVV deu alguma grana para playbox_silva.
[06/07/2021 - 14:49:29] - * OUSADO_TVV deu alguma grana para playbox_silva.
[06/07/2021 - 14:52:39] - * Kauan_Churritos deu alguma grana para CONNOR.
[06/07/2021 - 14:52:39] - * Kauan_Churritos deu alguma grana para CONNOR.
[06/07/2021 - 14:52:40] - * Kauan_Churritos deu alguma grana para CONNOR.
[06/07/2021 - 14:52:42] - * Kauan_Churritos deu alguma grana para CONNOR.
[06/07/2021 - 14:52:42] - * Kauan_Churritos deu alguma grana para CONNOR.
[06/07/2021 - 14:52:43] - * Kauan_Churritos deu alguma grana para CONNOR.
[06/07/2021 - 14:52:45] - * Kauan_Churritos deu alguma grana para CONNOR.
[06/07/2021 - 14:52:46] - * Kauan_Churritos deu alguma grana para CONNOR.
[06/07/2021 - 14:52:47] - * Kauan_Churritos deu alguma grana para CONNOR.
[06/07/2021 - 14:52:49] - * Kauan_Churritos deu alguma grana para CONNOR.
[06/07/2021 - 14:52:50] - * Kauan_Churritos deu alguma grana para CONNOR.
[06/07/2021 - 14:52:51] - * Kauan_Churritos deu alguma grana para CONNOR.
[06/07/2021 - 14:52:52] - * Kauan_Churritos deu alguma grana para CONNOR.
[06/07/2021 - 14:52:53] - * Kauan_Churritos deu alguma grana para CONNOR.
[06/07/2021 - 14:52:54] - * Kauan_Churritos deu alguma grana para CONNOR.
[06/07/2021 - 14:54:13] - * Kauan_Churritos deu alguma grana para CONNOR.
[06/07/2021 - 14:54:14] - * Kauan_Churritos deu alguma grana para CONNOR.
[06/07/2021 - 14:54:15] - * Kauan_Churritos deu alguma grana para CONNOR.
[06/07/2021 - 14:54:17] - * Kauan_Churritos deu alguma grana para CONNOR.
[06/07/2021 - 14:54:24] - * Kauan_Churritos deu alguma grana para CONNOR.
[06/07/2021 - 15:10:55] - * HARlDADE deu alguma grana para Dias_DZ7.
[06/07/2021 - 15:10:58] - * HARlDADE deu alguma grana para Dias_DZ7.
[06/07/2021 - 15:11:00] - * HARlDADE deu alguma grana para Dias_DZ7.
[06/07/2021 - 15:35:52] - * GRINGOGG deu alguma grana para alessandro100.
[06/07/2021 - 15:45:04] - * carioca_zk deu alguma grana para alessandro100.
[06/07/2021 - 15:45:09] - * carioca_zk deu alguma grana para alessandro100.
[06/07/2021 - 15:45:32] - * carioca_zk deu alguma grana para alessandro100.
[06/07/2021 - 15:45:42] - * carioca_zk deu alguma grana para alessandro100.
[06/07/2021 - 15:45:50] - * carioca_zk deu alguma grana para alessandro100.
[06/07/2021 - 15:55:07] - * OROCHI_RP deu alguma grana para WL_[CHEFE_TDJ].
[06/07/2021 - 15:55:08] - * OROCHI_RP deu alguma grana para WL_[CHEFE_TDJ].
[06/07/2021 - 15:55:09] - * OROCHI_RP deu alguma grana para WL_[CHEFE_TDJ].
[06/07/2021 - 15:56:13] - * Felipe_SG deu alguma grana para 157_MTZIN4.
[06/07/2021 - 16:50:03] - RAPOZA_BB comprou armas por R$4800 na empresa 0
[06/07/2021 - 16:50:14] - Alexx_Tururu comprou armas por R$4800 na empresa 0
[06/07/2021 - 17:14:14] - * Lucas_pinto deu alguma grana para Pivete_ne.
[06/07/2021 - 17:14:15] - * Lucas_pinto deu alguma grana para Pivete_ne.
[06/07/2021 - 17:14:16] - * Lucas_pinto deu alguma grana para Pivete_ne.
[06/07/2021 - 17:14:17] - * Lucas_pinto deu alguma grana para Pivete_ne.
[06/07/2021 - 17:14:19] - * Lucas_pinto deu alguma grana para Pivete_ne.
[06/07/2021 - 17:14:20] - * Lucas_pinto deu alguma grana para Pivete_ne.
[06/07/2021 - 17:14:23] - * Lucas_pinto deu alguma grana para Pivete_ne.
[06/07/2021 - 17:31:27] - * OROCHI_RP deu alguma grana para WL_[CHEFE_TDJ].
[06/07/2021 - 17:31:28] - * OROCHI_RP deu alguma grana para WL_[CHEFE_TDJ].
[06/07/2021 - 17:31:28] - * OROCHI_RP deu alguma grana para WL_[CHEFE_TDJ].
[06/07/2021 - 17:31:29] - * OROCHI_RP deu alguma grana para WL_[CHEFE_TDJ].
[06/07/2021 - 17:31:31] - * OROCHI_RP deu alguma grana para WL_[CHEFE_TDJ].
[06/07/2021 - 17:31:34] - * OROCHI_RP deu alguma grana para WL_[CHEFE_TDJ].
[06/07/2021 - 17:31:36] - * OROCHI_RP deu alguma grana para WL_[CHEFE_TDJ].
[06/07/2021 - 17:31:39] - * OROCHI_RP deu alguma grana para WL_[CHEFE_TDJ].
[06/07/2021 - 17:31:40] - * OROCHI_RP deu alguma grana para WL_[CHEFE_TDJ].
[06/07/2021 - 17:31:42] - * OROCHI_RP deu alguma grana para WL_[CHEFE_TDJ].
[06/07/2021 - 18:09:34] - * CONNOR deu alguma grana para VULGO_BK.
[06/07/2021 - 18:09:40] - * CONNOR deu alguma grana para VULGO_BK.
[06/07/2021 - 18:09:42] - * CONNOR deu alguma grana para VULGO_BK.
[06/07/2021 - 18:09:44] - * CONNOR deu alguma grana para VULGO_BK.
[06/07/2021 - 18:09:50] - * CONNOR deu alguma grana para VULGO_BK.
[06/07/2021 - 18:09:52] - * CONNOR deu alguma grana para VULGO_BK.
[06/07/2021 - 18:09:57] - * CONNOR deu alguma grana para VULGO_BK.
[06/07/2021 - 18:09:59] - * CONNOR deu alguma grana para VULGO_BK.
[06/07/2021 - 18:10:02] - * CONNOR deu alguma grana para VULGO_BK.
[06/07/2021 - 18:10:04] - * CONNOR deu alguma grana para VULGO_BK.
[06/07/2021 - 19:20:04] - Luska_silva comprou armas por R$10800 na empresa 6
[06/07/2021 - 19:40:46] - * OROCHI_RP deu alguma grana para Mega_Dzn.
[06/07/2021 - 19:40:48] - * OROCHI_RP deu alguma grana para Mega_Dzn.
[06/07/2021 - 19:40:49] - * OROCHI_RP deu alguma grana para Mega_Dzn.
[06/07/2021 - 19:40:50] - * OROCHI_RP deu alguma grana para Mega_Dzn.
[06/07/2021 - 19:44:38] - * playbox_silva deu alguma grana para alan_dofernandes.
[06/07/2021 - 19:53:20] - * Texuguin_ deu alguma grana para MCfelipBr.
[06/07/2021 - 19:53:27] - * Texuguin_ deu alguma grana para MCfelipBr.
[06/07/2021 - 19:53:30] - * Texuguin_ deu alguma grana para MCfelipBr.
[06/07/2021 - 19:53:31] - * Texuguin_ deu alguma grana para MCfelipBr.
[06/07/2021 - 19:53:36] - * Texuguin_ deu alguma grana para MCfelipBr.
[06/07/2021 - 19:53:38] - * Texuguin_ deu alguma grana para MCfelipBr.
[06/07/2021 - 19:53:40] - * Texuguin_ deu alguma grana para MCfelipBr.
[06/07/2021 - 19:53:41] - * Texuguin_ deu alguma grana para MCfelipBr.
[06/07/2021 - 19:53:43] - * Texuguin_ deu alguma grana para MCfelipBr.
[06/07/2021 - 20:46:07] - * Paulo157 deu alguma grana para texugo_gg.
[06/07/2021 - 20:58:49] - * Motta deu alguma grana para Paulo157.
[06/07/2021 - 23:35:35] - Pivete_ne comprou armas por R$4800 na empresa 6
[06/07/2021 - 23:46:11] - RAPOZA_BB comprou armas por R$4800 na empresa 0
[06/07/2021 - 23:48:35] - GRINGOGG comprou armas por R$5975 na empresa 6
[06/07/2021 - 23:48:52] - GRINGOGG comprou armas por R$5975 na empresa 6
[07/07/2021 - 00:03:00] - LIPE_EXE comprou armas por R$2750 na empresa 6
[07/07/2021 - 00:30:34] - * Ghostx_Non deu alguma grana para Dias_DZ7.
[07/07/2021 - 00:30:36] - * Ghostx_Non deu alguma grana para Dias_DZ7.
[07/07/2021 - 00:30:37] - * Ghostx_Non deu alguma grana para Dias_DZ7.
[07/07/2021 - 00:30:37] - * Ghostx_Non deu alguma grana para Dias_DZ7.
[07/07/2021 - 00:30:38] - * Ghostx_Non deu alguma grana para Dias_DZ7.
[07/07/2021 - 00:30:38] - * Ghostx_Non deu alguma grana para Dias_DZ7.
[07/07/2021 - 00:30:39] - * Ghostx_Non deu alguma grana para Dias_DZ7.
[07/07/2021 - 00:30:40] - * Ghostx_Non deu alguma grana para Dias_DZ7.
[07/07/2021 - 00:30:47] - * Djonatan_Silva deu alguma grana para Motta.
[07/07/2021 - 00:30:49] - * Djonatan_Silva deu alguma grana para Motta.
[07/07/2021 - 00:30:50] - * Djonatan_Silva deu alguma grana para Motta.
[07/07/2021 - 00:30:52] - * Djonatan_Silva deu alguma grana para Motta.
[07/07/2021 - 00:30:53] - * Djonatan_Silva deu alguma grana para Motta.
[07/07/2021 - 00:30:55] - * Djonatan_Silva deu alguma grana para Motta.
[07/07/2021 - 00:30:57] - * Djonatan_Silva deu alguma grana para Motta.
[07/07/2021 - 00:30:59] - * Djonatan_Silva deu alguma grana para Motta.
[07/07/2021 - 00:44:21] - * VULGO_BK deu alguma grana para MCfelipBr.
[07/07/2021 - 00:44:22] - * VULGO_BK deu alguma grana para MCfelipBr.
[07/07/2021 - 00:44:23] - * VULGO_BK deu alguma grana para MCfelipBr.
[07/07/2021 - 00:44:23] - * VULGO_BK deu alguma grana para MCfelipBr.
[07/07/2021 - 00:44:24] - * VULGO_BK deu alguma grana para MCfelipBr.
[07/07/2021 - 00:47:55] - gonas_Kaua comprou armas por R$100 na empresa 0
[07/07/2021 - 02:00:32] - * Leticia_maniok deu alguma grana para Erik_lima71.
[07/07/2021 - 02:00:34] - * Leticia_maniok deu alguma grana para Erik_lima71.
[07/07/2021 - 02:00:36] - * Leticia_maniok deu alguma grana para Erik_lima71.
[07/07/2021 - 02:00:39] - * Leticia_maniok deu alguma grana para Erik_lima71.
[07/07/2021 - 02:00:40] - * Leticia_maniok deu alguma grana para Erik_lima71.
[07/07/2021 - 02:48:58] - * carioca_zk deu alguma grana para playbox_silva.
[07/07/2021 - 02:49:17] - playbox_silva comprou armas por R$3500 na empresa 6
[07/07/2021 - 02:49:23] - playbox_silva comprou armas por R$3500 na empresa 6
[07/07/2021 - 02:56:48] - * texugo_gg deu alguma grana para Alex_souza_FPS.
[07/07/2021 - 02:57:30] - * VULGO_BK deu alguma grana para playbox_silva.
[07/07/2021 - 02:57:30] - * VULGO_BK deu alguma grana para playbox_silva.
[07/07/2021 - 02:57:31] - * VULGO_BK deu alguma grana para playbox_silva.
[07/07/2021 - 02:57:35] - * VULGO_BK deu alguma grana para playbox_silva.
[07/07/2021 - 02:57:35] - * VULGO_BK deu alguma grana para playbox_silva.
[07/07/2021 - 02:57:35] - * VULGO_BK deu alguma grana para playbox_silva.
[07/07/2021 - 02:57:36] - * VULGO_BK deu alguma grana para playbox_silva.
[07/07/2021 - 02:57:37] - * VULGO_BK deu alguma grana para playbox_silva.
[07/07/2021 - 02:57:37] - * VULGO_BK deu alguma grana para playbox_silva.
[07/07/2021 - 02:57:38] - * VULGO_BK deu alguma grana para playbox_silva.
[07/07/2021 - 02:57:38] - * VULGO_BK deu alguma grana para playbox_silva.
[07/07/2021 - 02:57:39] - * VULGO_BK deu alguma grana para playbox_silva.
[07/07/2021 - 02:57:46] - * VULGO_BK deu alguma grana para playbox_silva.
[07/07/2021 - 02:57:47] - * VULGO_BK deu alguma grana para playbox_silva.
[07/07/2021 - 02:57:48] - * VULGO_BK deu alguma grana para playbox_silva.
[07/07/2021 - 02:57:48] - * VULGO_BK deu alguma grana para playbox_silva.
[07/07/2021 - 02:57:49] - * VULGO_BK deu alguma grana para playbox_silva.
[07/07/2021 - 02:57:50] - * VULGO_BK deu alguma grana para playbox_silva.
[07/07/2021 - 02:57:55] - * VULGO_BK deu alguma grana para playbox_silva.
[07/07/2021 - 02:58:03] - * VULGO_BK deu alguma grana para playbox_silva.
[07/07/2021 - 02:58:19] - * playbox_silva deu alguma grana para carioca_zk.
[07/07/2021 - 02:58:20] - * playbox_silva deu alguma grana para carioca_zk.
[07/07/2021 - 02:58:22] - * playbox_silva deu alguma grana para carioca_zk.
[07/07/2021 - 02:58:22] - * playbox_silva deu alguma grana para carioca_zk.
[07/07/2021 - 02:58:23] - * playbox_silva deu alguma grana para carioca_zk.
[07/07/2021 - 02:58:25] - * VULGO_BK deu alguma grana para carioca_zk.
[07/07/2021 - 02:58:26] - * VULGO_BK deu alguma grana para carioca_zk.
[07/07/2021 - 02:58:27] - * VULGO_BK deu alguma grana para carioca_zk.
[07/07/2021 - 02:58:27] - * VULGO_BK deu alguma grana para carioca_zk.
[07/07/2021 - 02:58:53] - LIPE_EXE comprou armas por R$1800 na empresa 0
[07/07/2021 - 03:07:29] - * Ghostx_Non deu alguma grana para Dias_DZ7.
[07/07/2021 - 03:20:58] - Alexx_Tururu comprou armas por R$4800 na empresa 0
[07/07/2021 - 03:36:15] - * Kauan_Churritos deu alguma grana para Lucas_pinto.
[07/07/2021 - 03:36:40] - * HARlDADE deu alguma grana para Diax_DZ7.
[07/07/2021 - 03:36:42] - * HARlDADE deu alguma grana para Diax_DZ7.
[07/07/2021 - 03:36:44] - * HARlDADE deu alguma grana para Diax_DZ7.
[07/07/2021 - 03:43:21] - * Ghostx_Non deu alguma grana para Leonardo_Beiramar.
[07/07/2021 - 03:43:22] - * Ghostx_Non deu alguma grana para Leonardo_Beiramar.
[07/07/2021 - 03:43:23] - * Ghostx_Non deu alguma grana para Leonardo_Beiramar.
[07/07/2021 - 03:43:24] - * Ghostx_Non deu alguma grana para Leonardo_Beiramar.
[07/07/2021 - 03:43:25] - * Ghostx_Non deu alguma grana para Leonardo_Beiramar.
[07/07/2021 - 03:43:37] - * Ghostx_Non deu alguma grana para Leonardo_Beiramar.
[07/07/2021 - 03:51:45] - * tk_gg deu alguma grana para Erickz_strzz$.
[07/07/2021 - 05:11:26] - cleberson_pinto comprou armas por R$2800 na empresa 6
[07/07/2021 - 06:02:49] - * Alexx_Tururu deu alguma grana para cleberson_pinto.
[07/07/2021 - 06:02:51] - * Alexx_Tururu deu alguma grana para cleberson_pinto.
[07/07/2021 - 06:02:53] - * Alexx_Tururu deu alguma grana para cleberson_pinto.
[07/07/2021 - 06:02:54] - * Alexx_Tururu deu alguma grana para cleberson_pinto.
[07/07/2021 - 06:02:55] - * Alexx_Tururu deu alguma grana para cleberson_pinto.
[07/07/2021 - 06:02:56] - * Alexx_Tururu deu alguma grana para cleberson_pinto.
[07/07/2021 - 06:02:58] - * Alexx_Tururu deu alguma grana para cleberson_pinto.
[07/07/2021 - 06:02:59] - * Alexx_Tururu deu alguma grana para cleberson_pinto.
[07/07/2021 - 06:03:00] - * Alexx_Tururu deu alguma grana para cleberson_pinto.
[07/07/2021 - 06:03:01] - * Alexx_Tururu deu alguma grana para cleberson_pinto.
[07/07/2021 - 06:03:03] - * Alexx_Tururu deu alguma grana para cleberson_pinto.
[07/07/2021 - 06:03:04] - * Alexx_Tururu deu alguma grana para cleberson_pinto.
[07/07/2021 - 06:03:20] - * Alexx_Tururu deu alguma grana para cleberson_pinto.
[07/07/2021 - 06:03:24] - * Alexx_Tururu deu alguma grana para cleberson_pinto.
[07/07/2021 - 06:03:27] - * Alexx_Tururu deu alguma grana para cleberson_pinto.
[07/07/2021 - 06:03:28] - * Alexx_Tururu deu alguma grana para cleberson_pinto.
[07/07/2021 - 06:03:30] - * Alexx_Tururu deu alguma grana para cleberson_pinto.
[07/07/2021 - 06:03:32] - * Alexx_Tururu deu alguma grana para cleberson_pinto.
[07/07/2021 - 06:03:34] - * Alexx_Tururu deu alguma grana para cleberson_pinto.
[07/07/2021 - 06:05:20] - * Alexx_Tururu deu alguma grana para cleberson_pinto.
[07/07/2021 - 06:05:22] - * Alexx_Tururu deu alguma grana para cleberson_pinto.
[07/07/2021 - 06:05:24] - * Alexx_Tururu deu alguma grana para cleberson_pinto.
[07/07/2021 - 06:05:25] - * Alexx_Tururu deu alguma grana para cleberson_pinto.
[07/07/2021 - 12:32:09] - kaiozinff comprou armas por R$0 na empresa 6
[07/07/2021 - 12:32:29] - kaiozinff comprou armas por R$0 na empresa 6
[07/07/2021 - 12:33:18] - kaiozinff comprou armas por R$740 na empresa 6
[07/07/2021 - 12:33:51] - cjzinho_cj comprou armas por R$900 na empresa 0
[07/07/2021 - 12:43:10] - * Maicon_Lopes deu alguma grana para cjzinho_cj.
[07/07/2021 - 12:43:12] - * Maicon_Lopes deu alguma grana para cjzinho_cj.
[07/07/2021 - 12:43:13] - * Maicon_Lopes deu alguma grana para cjzinho_cj.
[07/07/2021 - 12:43:16] - * Maicon_Lopes deu alguma grana para cjzinho_cj.
[07/07/2021 - 12:43:18] - * Maicon_Lopes deu alguma grana para cjzinho_cj.
[07/07/2021 - 12:43:20] - * Maicon_Lopes deu alguma grana para cjzinho_cj.
[07/07/2021 - 12:43:22] - * Maicon_Lopes deu alguma grana para cjzinho_cj.
[07/07/2021 - 12:43:23] - * Maicon_Lopes deu alguma grana para cjzinho_cj.
[07/07/2021 - 12:43:25] - * Maicon_Lopes deu alguma grana para cjzinho_cj.
[07/07/2021 - 12:43:27] - * Maicon_Lopes deu alguma grana para cjzinho_cj.
[07/07/2021 - 12:43:29] - * Maicon_Lopes deu alguma grana para cjzinho_cj.
[07/07/2021 - 12:43:30] - * Maicon_Lopes deu alguma grana para cjzinho_cj.
[07/07/2021 - 12:43:31] - * Maicon_Lopes deu alguma grana para cjzinho_cj.
[07/07/2021 - 12:43:33] - * Maicon_Lopes deu alguma grana para cjzinho_cj.
[07/07/2021 - 12:43:34] - * Maicon_Lopes deu alguma grana para cjzinho_cj.
[07/07/2021 - 12:43:38] - * Maicon_Lopes deu alguma grana para cjzinho_cj.
[07/07/2021 - 12:43:39] - * Maicon_Lopes deu alguma grana para cjzinho_cj.
[07/07/2021 - 12:43:40] - * Maicon_Lopes deu alguma grana para cjzinho_cj.
[07/07/2021 - 12:52:00] - * Maicon_Lopes deu alguma grana para cjzinho_cj.
[07/07/2021 - 12:52:02] - * Maicon_Lopes deu alguma grana para cjzinho_cj.
[07/07/2021 - 12:52:03] - * Maicon_Lopes deu alguma grana para cjzinho_cj.
[07/07/2021 - 12:52:05] - * Maicon_Lopes deu alguma grana para cjzinho_cj.
[07/07/2021 - 13:29:10] - * GRINGOGG deu alguma grana para cjzinho_cj.
[07/07/2021 - 13:36:45] - * Maicon_Lopes deu alguma grana para vrau_x7.
[07/07/2021 - 13:36:47] - * Maicon_Lopes deu alguma grana para vrau_x7.
[07/07/2021 - 13:36:48] - * Maicon_Lopes deu alguma grana para vrau_x7.
[07/07/2021 - 13:36:50] - * Maicon_Lopes deu alguma grana para vrau_x7.
[07/07/2021 - 13:37:02] - * Maicon_Lopes deu alguma grana para vrauvia.
[07/07/2021 - 13:37:04] - * Maicon_Lopes deu alguma grana para vrauvia.
[07/07/2021 - 13:37:05] - * Maicon_Lopes deu alguma grana para vrauvia.
[07/07/2021 - 13:37:07] - * Maicon_Lopes deu alguma grana para vrauvia.
[07/07/2021 - 14:24:37] - * vrau_x7 deu alguma grana para vrauvia.
[07/07/2021 - 14:24:58] - * vrau_x7 deu alguma grana para vrauvia.
[07/07/2021 - 14:25:49] - * vrau_x7 deu alguma grana para vrauvia.
[07/07/2021 - 14:26:04] - * vrau_x7 deu alguma grana para vrauvia.
[07/07/2021 - 14:26:21] - * vrau_x7 deu alguma grana para vrauvia.
[07/07/2021 - 14:27:36] - LIPE_EXE comprou armas por R$1800 na empresa 6
[07/07/2021 - 15:10:58] - * GRINGOGG deu alguma grana para playbox_silva.
[07/07/2021 - 17:04:38] - vrau_x7 comprou armas por R$1800 na empresa 0
[07/07/2021 - 17:05:09] - vrauvia comprou armas por R$1800 na empresa 0
[07/07/2021 - 17:05:12] - kaiozinff comprou armas por R$1800 na empresa 0
[07/07/2021 - 17:05:54] - kaiozinff comprou armas por R$1400 na empresa 0
[07/07/2021 - 17:05:54] - vrauvia comprou armas por R$1600 na empresa 0
[07/07/2021 - 18:14:14] - * Lucas_pinto deu alguma grana para alemao_noguira.
[07/07/2021 - 18:14:15] - * Lucas_pinto deu alguma grana para alemao_noguira.
[07/07/2021 - 19:04:17] - * kayk deu alguma grana para Luffy_77.
[07/07/2021 - 19:06:05] - kayk comprou armas por R$18500 na empresa 0
[07/07/2021 - 19:06:22] - kayk comprou armas por R$1900 na empresa 0
[07/07/2021 - 19:19:30] - * Rei_Do_Rolas deu alguma grana para TWJOKER.
[07/07/2021 - 19:42:52] - * Haridade deu alguma grana para Carneiro.
[07/07/2021 - 19:43:03] - * Haridade deu alguma grana para Carneiro.
[07/07/2021 - 19:43:09] - * Haridade deu alguma grana para Carneiro.
[07/07/2021 - 19:43:15] - * Haridade deu alguma grana para Carneiro.
[07/07/2021 - 19:43:20] - * Haridade deu alguma grana para Carneiro.
[07/07/2021 - 19:43:22] - * Haridade deu alguma grana para Carneiro.
[07/07/2021 - 19:43:23] - * Haridade deu alguma grana para Carneiro.
[07/07/2021 - 19:43:32] - * Haridade deu alguma grana para Carneiro.
[07/07/2021 - 19:43:35] - * Haridade deu alguma grana para Carneiro.
[07/07/2021 - 19:43:37] - * Haridade deu alguma grana para Carneiro.
[07/07/2021 - 19:43:38] - * Haridade deu alguma grana para Carneiro.
[07/07/2021 - 19:43:41] - * Haridade deu alguma grana para Carneiro.
[07/07/2021 - 19:43:42] - * Haridade deu alguma grana para Carneiro.
[07/07/2021 - 19:43:43] - * Haridade deu alguma grana para Carneiro.
[07/07/2021 - 19:43:46] - * Haridade deu alguma grana para Carneiro.
[07/07/2021 - 19:43:52] - * Haridade deu alguma grana para Carneiro.
[07/07/2021 - 19:43:54] - * Haridade deu alguma grana para Carneiro.
[07/07/2021 - 19:43:59] - * Haridade deu alguma grana para Carneiro.
[07/07/2021 - 19:44:01] - * Haridade deu alguma grana para Carneiro.
[07/07/2021 - 19:44:13] - * Haridade deu alguma grana para Carneiro.
[07/07/2021 - 19:44:16] - * Haridade deu alguma grana para Carneiro.
[07/07/2021 - 19:44:18] - * Haridade deu alguma grana para Carneiro.
[07/07/2021 - 19:44:24] - * Haridade deu alguma grana para Carneiro.
[07/07/2021 - 19:44:37] - * Haridade deu alguma grana para Carneiro.
[07/07/2021 - 19:44:40] - * Haridade deu alguma grana para Carneiro.
[07/07/2021 - 19:44:41] - * Haridade deu alguma grana para Carneiro.
[07/07/2021 - 19:44:42] - * Haridade deu alguma grana para Carneiro.
[07/07/2021 - 19:44:43] - * Haridade deu alguma grana para Carneiro.
[07/07/2021 - 19:44:48] - * Haridade deu alguma grana para Carneiro.
[07/07/2021 - 19:44:49] - * Haridade deu alguma grana para Carneiro.
[07/07/2021 - 19:44:53] - * Haridade deu alguma grana para Carneiro.
[07/07/2021 - 19:44:56] - * Haridade deu alguma grana para Carneiro.
[07/07/2021 - 19:44:58] - * Haridade deu alguma grana para Carneiro.
[07/07/2021 - 19:45:00] - * Haridade deu alguma grana para Carneiro.
[07/07/2021 - 19:45:00] - * Haridade deu alguma grana para Carneiro.
[07/07/2021 - 19:46:08] - * Haridade deu alguma grana para Carneiro.
[07/07/2021 - 19:46:09] - * Haridade deu alguma grana para Carneiro.
[07/07/2021 - 19:46:10] - * Haridade deu alguma grana para Carneiro.
[07/07/2021 - 19:46:12] - * Haridade deu alguma grana para Carneiro.
[07/07/2021 - 19:46:13] - * Haridade deu alguma grana para Carneiro.
[07/07/2021 - 19:46:14] - * Haridade deu alguma grana para Carneiro.
[07/07/2021 - 19:46:15] - * Haridade deu alguma grana para Carneiro.
[07/07/2021 - 19:46:15] - * Haridade deu alguma grana para Carneiro.
[07/07/2021 - 19:46:16] - * Haridade deu alguma grana para Carneiro.
[07/07/2021 - 19:46:18] - * Haridade deu alguma grana para Carneiro.
[07/07/2021 - 19:46:19] - * Haridade deu alguma grana para Carneiro.
[07/07/2021 - 19:46:20] - * Haridade deu alguma grana para Carneiro.
[07/07/2021 - 19:46:21] - * Haridade deu alguma grana para Carneiro.
[07/07/2021 - 19:46:24] - * Haridade deu alguma grana para Carneiro.
[07/07/2021 - 19:46:25] - * Haridade deu alguma grana para Carneiro.
[07/07/2021 - 19:46:34] - * Haridade deu alguma grana para Carneiro.
[07/07/2021 - 19:46:35] - * Haridade deu alguma grana para Carneiro.
[07/07/2021 - 19:46:36] - * Haridade deu alguma grana para Carneiro.
[07/07/2021 - 19:46:38] - * Haridade deu alguma grana para Carneiro.
[07/07/2021 - 19:46:39] - * Haridade deu alguma grana para Carneiro.
[07/07/2021 - 19:46:39] - * Haridade deu alguma grana para Carneiro.
[07/07/2021 - 19:46:41] - * Haridade deu alguma grana para Carneiro.
[07/07/2021 - 19:46:42] - * Haridade deu alguma grana para Carneiro.
[07/07/2021 - 19:46:43] - * Haridade deu alguma grana para Carneiro.
[07/07/2021 - 19:46:44] - * Haridade deu alguma grana para Carneiro.
[07/07/2021 - 19:46:44] - * Haridade deu alguma grana para Carneiro.
[07/07/2021 - 19:46:45] - * Haridade deu alguma grana para Carneiro.
[07/07/2021 - 19:46:54] - * Haridade deu alguma grana para Carneiro.
[07/07/2021 - 19:46:54] - * Haridade deu alguma grana para Carneiro.
[07/07/2021 - 19:46:55] - * Haridade deu alguma grana para Carneiro.
[07/07/2021 - 19:46:55] - * Haridade deu alguma grana para Carneiro.
[07/07/2021 - 19:46:56] - * Haridade deu alguma grana para Carneiro.
[07/07/2021 - 19:46:57] - * Haridade deu alguma grana para Carneiro.
[07/07/2021 - 19:46:57] - * Haridade deu alguma grana para Carneiro.
[07/07/2021 - 19:46:58] - * Haridade deu alguma grana para Carneiro.
[07/07/2021 - 19:46:59] - * Haridade deu alguma grana para Carneiro.
[07/07/2021 - 19:47:00] - * Haridade deu alguma grana para Carneiro.
[07/07/2021 - 19:47:00] - * Haridade deu alguma grana para Carneiro.
[07/07/2021 - 19:47:01] - * Haridade deu alguma grana para Carneiro.
[07/07/2021 - 19:47:02] - * Haridade deu alguma grana para Carneiro.
[07/07/2021 - 19:47:03] - * Haridade deu alguma grana para Carneiro.
[07/07/2021 - 19:47:04] - * Haridade deu alguma grana para Carneiro.
[07/07/2021 - 19:47:05] - * Haridade deu alguma grana para Carneiro.
[07/07/2021 - 19:47:05] - * Haridade deu alguma grana para Carneiro.
[07/07/2021 - 19:47:11] - * Haridade deu alguma grana para Carneiro.
[07/07/2021 - 19:47:12] - * Haridade deu alguma grana para Carneiro.
[07/07/2021 - 19:47:13] - * Haridade deu alguma grana para Carneiro.
[07/07/2021 - 19:47:15] - * Haridade deu alguma grana para Carneiro.
[07/07/2021 - 19:47:15] - * Haridade deu alguma grana para Carneiro.
[07/07/2021 - 19:47:16] - * Haridade deu alguma grana para Carneiro.
[07/07/2021 - 19:47:18] - * Haridade deu alguma grana para Carneiro.
[07/07/2021 - 19:47:23] - * Haridade deu alguma grana para Carneiro.
[07/07/2021 - 19:47:31] - * Haridade deu alguma grana para Carneiro.
[07/07/2021 - 19:47:38] - * Haridade deu alguma grana para Carneiro.
[07/07/2021 - 19:47:43] - * Haridade deu alguma grana para Carneiro.
[07/07/2021 - 19:47:53] - * Haridade deu alguma grana para Carneiro.
[07/07/2021 - 19:47:57] - * Haridade deu alguma grana para Carneiro.
[07/07/2021 - 19:47:58] - * Haridade deu alguma grana para Carneiro.
[07/07/2021 - 19:48:02] - * Haridade deu alguma grana para Carneiro.
[07/07/2021 - 19:48:08] - * Haridade deu alguma grana para Carneiro.
[07/07/2021 - 20:29:32] - * Bkey_DuMonster deu alguma grana para Motta_realN$.
[07/07/2021 - 20:44:50] - * Swapz deu alguma grana para Bkey_DuMonster.
[07/07/2021 - 20:44:58] - * Motta_realN$ deu alguma grana para Bkey_DuMonster.
[07/07/2021 - 22:13:01] - texugo_gg comprou armas por R$100 na empresa 0
[07/07/2021 - 22:13:56] - * VULGO_C4 deu alguma grana para Carneiro.
[07/07/2021 - 22:13:59] - * Carneiro deu alguma grana para VULGO_C4.
[07/07/2021 - 22:14:00] - * Carneiro deu alguma grana para VULGO_C4.
[07/07/2021 - 22:57:51] - * texugo_gg deu alguma grana para Kauan_Churritos.
[07/07/2021 - 22:57:52] - * texugo_gg deu alguma grana para Kauan_Churritos.
[07/07/2021 - 22:58:05] - * texugo_gg deu alguma grana para Kauan_Churritos.
[07/07/2021 - 23:11:05] - * Carneiro deu alguma grana para Bonezinho_TDT.
[07/07/2021 - 23:11:07] - * Carneiro deu alguma grana para Bonezinho_TDT.
[07/07/2021 - 23:11:08] - * Carneiro deu alguma grana para Bonezinho_TDT.
[07/07/2021 - 23:11:09] - * Carneiro deu alguma grana para Bonezinho_TDT.
[07/07/2021 - 23:11:09] - * Carneiro deu alguma grana para Bonezinho_TDT.
[07/07/2021 - 23:11:11] - * Carneiro deu alguma grana para Bonezinho_TDT.
[07/07/2021 - 23:11:12] - * Carneiro deu alguma grana para Bonezinho_TDT.
[07/07/2021 - 23:11:13] - * Carneiro deu alguma grana para Bonezinho_TDT.
[07/07/2021 - 23:11:14] - * Carneiro deu alguma grana para Bonezinho_TDT.
[07/07/2021 - 23:11:15] - * Carneiro deu alguma grana para Bonezinho_TDT.
[07/07/2021 - 23:11:16] - * Carneiro deu alguma grana para Bonezinho_TDT.
[07/07/2021 - 23:11:17] - * Carneiro deu alguma grana para Bonezinho_TDT.
[07/07/2021 - 23:11:18] - * Carneiro deu alguma grana para Bonezinho_TDT.
[07/07/2021 - 23:11:19] - * Carneiro deu alguma grana para Bonezinho_TDT.
[07/07/2021 - 23:11:20] - * Carneiro deu alguma grana para Bonezinho_TDT.
[07/07/2021 - 23:11:20] - * Carneiro deu alguma grana para Bonezinho_TDT.
[07/07/2021 - 23:11:21] - * Carneiro deu alguma grana para Bonezinho_TDT.
[07/07/2021 - 23:11:22] - * Carneiro deu alguma grana para Bonezinho_TDT.
[07/07/2021 - 23:11:23] - * Carneiro deu alguma grana para Bonezinho_TDT.
[07/07/2021 - 23:11:24] - * Carneiro deu alguma grana para Bonezinho_TDT.
[07/07/2021 - 23:11:25] - * Carneiro deu alguma grana para Bonezinho_TDT.
[07/07/2021 - 23:11:26] - * Carneiro deu alguma grana para Bonezinho_TDT.
[07/07/2021 - 23:11:27] - * Carneiro deu alguma grana para Bonezinho_TDT.
[07/07/2021 - 23:11:27] - * Carneiro deu alguma grana para Bonezinho_TDT.
[07/07/2021 - 23:11:28] - * Carneiro deu alguma grana para Bonezinho_TDT.
[07/07/2021 - 23:11:29] - * Carneiro deu alguma grana para Bonezinho_TDT.
[07/07/2021 - 23:11:30] - * Carneiro deu alguma grana para Bonezinho_TDT.
[07/07/2021 - 23:11:31] - * Carneiro deu alguma grana para Bonezinho_TDT.
[07/07/2021 - 23:11:32] - * Carneiro deu alguma grana para Bonezinho_TDT.
[07/07/2021 - 23:11:32] - * Carneiro deu alguma grana para Bonezinho_TDT.
[07/07/2021 - 23:11:34] - * Carneiro deu alguma grana para Bonezinho_TDT.
[07/07/2021 - 23:11:35] - * Carneiro deu alguma grana para Bonezinho_TDT.
[07/07/2021 - 23:11:36] - * Carneiro deu alguma grana para Bonezinho_TDT.
[07/07/2021 - 23:11:37] - * Carneiro deu alguma grana para Bonezinho_TDT.
[07/07/2021 - 23:11:38] - * Carneiro deu alguma grana para Bonezinho_TDT.
[07/07/2021 - 23:11:38] - * Carneiro deu alguma grana para Bonezinho_TDT.
[07/07/2021 - 23:11:39] - * Carneiro deu alguma grana para Bonezinho_TDT.
[07/07/2021 - 23:11:41] - * Carneiro deu alguma grana para Bonezinho_TDT.
[07/07/2021 - 23:11:42] - * Carneiro deu alguma grana para Bonezinho_TDT.
[07/07/2021 - 23:11:43] - * Carneiro deu alguma grana para Bonezinho_TDT.
[07/07/2021 - 23:11:44] - * Carneiro deu alguma grana para Bonezinho_TDT.
[07/07/2021 - 23:11:45] - * Carneiro deu alguma grana para Bonezinho_TDT.
[07/07/2021 - 23:11:46] - * Carneiro deu alguma grana para Bonezinho_TDT.
[07/07/2021 - 23:11:47] - * Carneiro deu alguma grana para Bonezinho_TDT.
[07/07/2021 - 23:11:48] - * Carneiro deu alguma grana para Bonezinho_TDT.
[07/07/2021 - 23:11:50] - * Carneiro deu alguma grana para Bonezinho_TDT.
[07/07/2021 - 23:11:50] - * Carneiro deu alguma grana para Bonezinho_TDT.
[07/07/2021 - 23:11:51] - * Carneiro deu alguma grana para Bonezinho_TDT.
[07/07/2021 - 23:11:52] - * Carneiro deu alguma grana para Bonezinho_TDT.
[07/07/2021 - 23:11:53] - * Carneiro deu alguma grana para Bonezinho_TDT.
[07/07/2021 - 23:11:54] - * Carneiro deu alguma grana para Bonezinho_TDT.
[07/07/2021 - 23:11:56] - * Carneiro deu alguma grana para Bonezinho_TDT.
[07/07/2021 - 23:11:57] - * Carneiro deu alguma grana para Bonezinho_TDT.
[07/07/2021 - 23:11:58] - * Carneiro deu alguma grana para Bonezinho_TDT.
[07/07/2021 - 23:11:58] - * Carneiro deu alguma grana para Bonezinho_TDT.
[07/07/2021 - 23:11:59] - * Carneiro deu alguma grana para Bonezinho_TDT.
[07/07/2021 - 23:12:00] - * Carneiro deu alguma grana para Bonezinho_TDT.
[07/07/2021 - 23:12:01] - * Carneiro deu alguma grana para Bonezinho_TDT.
[07/07/2021 - 23:12:02] - * Carneiro deu alguma grana para Bonezinho_TDT.
[07/07/2021 - 23:12:02] - * Carneiro deu alguma grana para Bonezinho_TDT.
[07/07/2021 - 23:12:03] - * Carneiro deu alguma grana para Bonezinho_TDT.
[07/07/2021 - 23:12:04] - * Carneiro deu alguma grana para Bonezinho_TDT.
[07/07/2021 - 23:12:05] - * Carneiro deu alguma grana para Bonezinho_TDT.
[07/07/2021 - 23:12:06] - * Carneiro deu alguma grana para Bonezinho_TDT.
[07/07/2021 - 23:12:07] - * Carneiro deu alguma grana para Bonezinho_TDT.
[07/07/2021 - 23:12:07] - * Carneiro deu alguma grana para Bonezinho_TDT.
[07/07/2021 - 23:12:08] - * Carneiro deu alguma grana para Bonezinho_TDT.
[07/07/2021 - 23:12:10] - * Carneiro deu alguma grana para Bonezinho_TDT.
[07/07/2021 - 23:12:11] - * Carneiro deu alguma grana para Bonezinho_TDT.
[07/07/2021 - 23:12:11] - * Carneiro deu alguma grana para Bonezinho_TDT.
[07/07/2021 - 23:12:12] - * Carneiro deu alguma grana para Bonezinho_TDT.
[07/07/2021 - 23:12:13] - * Carneiro deu alguma grana para Bonezinho_TDT.
[07/07/2021 - 23:12:14] - * Carneiro deu alguma grana para Bonezinho_TDT.
[07/07/2021 - 23:12:15] - * Carneiro deu alguma grana para Bonezinho_TDT.
[07/07/2021 - 23:12:17] - * Carneiro deu alguma grana para Bonezinho_TDT.
[07/07/2021 - 23:12:18] - * Carneiro deu alguma grana para Bonezinho_TDT.
[07/07/2021 - 23:12:19] - * Carneiro deu alguma grana para Bonezinho_TDT.
[07/07/2021 - 23:12:20] - * Carneiro deu alguma grana para Bonezinho_TDT.
[07/07/2021 - 23:12:22] - * Carneiro deu alguma grana para Bonezinho_TDT.
[07/07/2021 - 23:12:23] - * Carneiro deu alguma grana para Bonezinho_TDT.
[07/07/2021 - 23:12:24] - * Carneiro deu alguma grana para Bonezinho_TDT.
[07/07/2021 - 23:12:25] - * Carneiro deu alguma grana para Bonezinho_TDT.
[07/07/2021 - 23:12:26] - * Carneiro deu alguma grana para Bonezinho_TDT.
[07/07/2021 - 23:12:31] - * Carneiro deu alguma grana para Bonezinho_TDT.
[07/07/2021 - 23:12:33] - * Carneiro deu alguma grana para Bonezinho_TDT.
[07/07/2021 - 23:12:35] - * Carneiro deu alguma grana para Bonezinho_TDT.
[07/07/2021 - 23:12:36] - * Carneiro deu alguma grana para Bonezinho_TDT.
[07/07/2021 - 23:12:37] - * Carneiro deu alguma grana para Bonezinho_TDT.
[07/07/2021 - 23:12:38] - * Carneiro deu alguma grana para Bonezinho_TDT.
[07/07/2021 - 23:12:39] - * Carneiro deu alguma grana para Bonezinho_TDT.
[07/07/2021 - 23:12:40] - * Carneiro deu alguma grana para Bonezinho_TDT.
[07/07/2021 - 23:12:41] - * Carneiro deu alguma grana para Bonezinho_TDT.
[07/07/2021 - 23:12:41] - * Carneiro deu alguma grana para Bonezinho_TDT.
[07/07/2021 - 23:12:43] - * Carneiro deu alguma grana para Bonezinho_TDT.
[07/07/2021 - 23:12:43] - * Carneiro deu alguma grana para Bonezinho_TDT.
[07/07/2021 - 23:12:44] - * Carneiro deu alguma grana para Bonezinho_TDT.
[07/07/2021 - 23:12:45] - * Carneiro deu alguma grana para Bonezinho_TDT.
[07/07/2021 - 23:12:46] - * Carneiro deu alguma grana para Bonezinho_TDT.
[07/07/2021 - 23:12:47] - * Carneiro deu alguma grana para Bonezinho_TDT.
[07/07/2021 - 23:12:48] - * Carneiro deu alguma grana para Bonezinho_TDT.
[07/07/2021 - 23:12:49] - * Carneiro deu alguma grana para Bonezinho_TDT.
[07/07/2021 - 23:12:50] - * Carneiro deu alguma grana para Bonezinho_TDT.
[07/07/2021 - 23:12:52] - * Carneiro deu alguma grana para Bonezinho_TDT.
[07/07/2021 - 23:12:53] - * Carneiro deu alguma grana para Bonezinho_TDT.
[07/07/2021 - 23:12:54] - * Carneiro deu alguma grana para Bonezinho_TDT.
[07/07/2021 - 23:12:55] - * Carneiro deu alguma grana para Bonezinho_TDT.
[07/07/2021 - 23:12:56] - * Carneiro deu alguma grana para Bonezinho_TDT.
[07/07/2021 - 23:12:57] - * Carneiro deu alguma grana para Bonezinho_TDT.
[07/07/2021 - 23:12:59] - * Carneiro deu alguma grana para Bonezinho_TDT.
[07/07/2021 - 23:12:59] - * Carneiro deu alguma grana para Bonezinho_TDT.
[07/07/2021 - 23:13:00] - * Carneiro deu alguma grana para Bonezinho_TDT.
[07/07/2021 - 23:13:02] - * Carneiro deu alguma grana para Bonezinho_TDT.
[07/07/2021 - 23:13:03] - * Carneiro deu alguma grana para Bonezinho_TDT.
[07/07/2021 - 23:13:05] - * Carneiro deu alguma grana para Bonezinho_TDT.
[07/07/2021 - 23:13:06] - * Carneiro deu alguma grana para Bonezinho_TDT.
[07/07/2021 - 23:13:07] - * Carneiro deu alguma grana para Bonezinho_TDT.
[07/07/2021 - 23:13:08] - * Carneiro deu alguma grana para Bonezinho_TDT.
[07/07/2021 - 23:13:09] - * Carneiro deu alguma grana para Bonezinho_TDT.
[07/07/2021 - 23:13:09] - * Carneiro deu alguma grana para Bonezinho_TDT.
[07/07/2021 - 23:13:10] - * Carneiro deu alguma grana para Bonezinho_TDT.
[07/07/2021 - 23:13:11] - * Carneiro deu alguma grana para Bonezinho_TDT.
[07/07/2021 - 23:13:12] - * Carneiro deu alguma grana para Bonezinho_TDT.
[07/07/2021 - 23:13:13] - * Carneiro deu alguma grana para Bonezinho_TDT.
[07/07/2021 - 23:13:15] - * Carneiro deu alguma grana para Bonezinho_TDT.
[07/07/2021 - 23:13:17] - * Carneiro deu alguma grana para Bonezinho_TDT.
[07/07/2021 - 23:13:18] - * Carneiro deu alguma grana para Bonezinho_TDT.
[07/07/2021 - 23:13:18] - * Carneiro deu alguma grana para Bonezinho_TDT.
[07/07/2021 - 23:13:19] - * Carneiro deu alguma grana para Bonezinho_TDT.
[07/07/2021 - 23:13:20] - * Carneiro deu alguma grana para Bonezinho_TDT.
[07/07/2021 - 23:13:21] - * Carneiro deu alguma grana para Bonezinho_TDT.
[07/07/2021 - 23:13:23] - * Carneiro deu alguma grana para Bonezinho_TDT.
[07/07/2021 - 23:13:24] - * Carneiro deu alguma grana para Bonezinho_TDT.
[07/07/2021 - 23:13:25] - * Carneiro deu alguma grana para Bonezinho_TDT.
[07/07/2021 - 23:13:26] - * Carneiro deu alguma grana para Bonezinho_TDT.
[07/07/2021 - 23:13:27] - * Carneiro deu alguma grana para Bonezinho_TDT.
[07/07/2021 - 23:13:28] - * Carneiro deu alguma grana para Bonezinho_TDT.
[07/07/2021 - 23:13:29] - * Carneiro deu alguma grana para Bonezinho_TDT.
[07/07/2021 - 23:13:30] - * Carneiro deu alguma grana para Bonezinho_TDT.
[07/07/2021 - 23:13:31] - * Carneiro deu alguma grana para Bonezinho_TDT.
[07/07/2021 - 23:13:32] - * Carneiro deu alguma grana para Bonezinho_TDT.
[07/07/2021 - 23:13:33] - * Carneiro deu alguma grana para Bonezinho_TDT.
[07/07/2021 - 23:13:34] - * Carneiro deu alguma grana para Bonezinho_TDT.
[07/07/2021 - 23:13:35] - * Carneiro deu alguma grana para Bonezinho_TDT.
[07/07/2021 - 23:13:36] - * Carneiro deu alguma grana para Bonezinho_TDT.
[07/07/2021 - 23:13:37] - * Carneiro deu alguma grana para Bonezinho_TDT.
[07/07/2021 - 23:13:38] - * Carneiro deu alguma grana para Bonezinho_TDT.
[07/07/2021 - 23:13:39] - * Carneiro deu alguma grana para Bonezinho_TDT.
[07/07/2021 - 23:13:40] - * Carneiro deu alguma grana para Bonezinho_TDT.
[07/07/2021 - 23:13:41] - * Carneiro deu alguma grana para Bonezinho_TDT.
[07/07/2021 - 23:13:42] - * Carneiro deu alguma grana para Bonezinho_TDT.
[07/07/2021 - 23:13:42] - * Carneiro deu alguma grana para Bonezinho_TDT.
[07/07/2021 - 23:13:43] - * Carneiro deu alguma grana para Bonezinho_TDT.
[07/07/2021 - 23:13:44] - * Carneiro deu alguma grana para Bonezinho_TDT.
[07/07/2021 - 23:13:45] - * Carneiro deu alguma grana para Bonezinho_TDT.
[07/07/2021 - 23:13:47] - * Carneiro deu alguma grana para Bonezinho_TDT.
[07/07/2021 - 23:13:48] - * Carneiro deu alguma grana para Bonezinho_TDT.
[07/07/2021 - 23:13:49] - * Carneiro deu alguma grana para Bonezinho_TDT.
[07/07/2021 - 23:13:51] - * Carneiro deu alguma grana para Bonezinho_TDT.
[07/07/2021 - 23:13:52] - * Carneiro deu alguma grana para Bonezinho_TDT.
[07/07/2021 - 23:13:53] - * Carneiro deu alguma grana para Bonezinho_TDT.
[07/07/2021 - 23:13:54] - * Carneiro deu alguma grana para Bonezinho_TDT.
[07/07/2021 - 23:13:55] - * Carneiro deu alguma grana para Bonezinho_TDT.
[07/07/2021 - 23:13:56] - * Carneiro deu alguma grana para Bonezinho_TDT.
[07/07/2021 - 23:13:58] - * Carneiro deu alguma grana para Bonezinho_TDT.
[07/07/2021 - 23:14:00] - * Carneiro deu alguma grana para Bonezinho_TDT.
[07/07/2021 - 23:14:01] - * Carneiro deu alguma grana para Bonezinho_TDT.
[07/07/2021 - 23:14:02] - * Carneiro deu alguma grana para Bonezinho_TDT.
[07/07/2021 - 23:14:02] - * Carneiro deu alguma grana para Bonezinho_TDT.
[07/07/2021 - 23:14:04] - * Carneiro deu alguma grana para Bonezinho_TDT.
[07/07/2021 - 23:14:05] - * Carneiro deu alguma grana para Bonezinho_TDT.
[07/07/2021 - 23:14:06] - * Carneiro deu alguma grana para Bonezinho_TDT.
[07/07/2021 - 23:14:06] - * Carneiro deu alguma grana para Bonezinho_TDT.
[07/07/2021 - 23:14:07] - * Carneiro deu alguma grana para Bonezinho_TDT.
[07/07/2021 - 23:14:08] - * Carneiro deu alguma grana para Bonezinho_TDT.
[07/07/2021 - 23:14:09] - * Carneiro deu alguma grana para Bonezinho_TDT.
[07/07/2021 - 23:14:10] - * Carneiro deu alguma grana para Bonezinho_TDT.
[07/07/2021 - 23:14:11] - * Carneiro deu alguma grana para Bonezinho_TDT.
[07/07/2021 - 23:14:38] - ADMIN CMD: O Admin Menor_vl está dando R$150000 para caio_marcos.
[07/07/2021 - 23:16:17] - * Carneiro deu alguma grana para Bonezinho_TDT.
[07/07/2021 - 23:17:42] - * Carneiro deu alguma grana para Jota_Rp23.
[07/07/2021 - 23:17:44] - * Carneiro deu alguma grana para Jota_Rp23.
[07/07/2021 - 23:17:45] - * Carneiro deu alguma grana para Jota_Rp23.
[07/07/2021 - 23:17:46] - * Carneiro deu alguma grana para Jota_Rp23.
[07/07/2021 - 23:17:47] - * Carneiro deu alguma grana para Jota_Rp23.
[08/07/2021 - 00:25:11] - SMOKE_ZX comprou armas por R$2800 na empresa 0
[08/07/2021 - 00:46:35] - * Kauan_Churritos deu alguma grana para WILL_PINTO.
[08/07/2021 - 00:46:56] - Pivete_ne comprou armas por R$10800 na empresa 6
[08/07/2021 - 00:47:06] - Pivete_ne comprou armas por R$3100 na empresa 6
[08/07/2021 - 00:47:18] - Pivete_ne comprou armas por R$3500 na empresa 6
[08/07/2021 - 01:17:50] - * Alex_souza_FPS deu alguma grana para Carneiro.
[08/07/2021 - 01:17:50] - * Alex_souza_FPS deu alguma grana para Carneiro.
[08/07/2021 - 01:17:54] - * Alex_souza_FPS deu alguma grana para Carneiro.
[08/07/2021 - 01:29:51] - * Paulo157 deu alguma grana para HARlDADE.
[08/07/2021 - 01:29:54] - * Paulo157 deu alguma grana para HARlDADE.
[08/07/2021 - 01:29:56] - * Paulo157 deu alguma grana para HARlDADE.
[08/07/2021 - 01:29:58] - * Paulo157 deu alguma grana para HARlDADE.
[08/07/2021 - 01:30:00] - * Paulo157 deu alguma grana para HARlDADE.
[08/07/2021 - 01:30:04] - * Paulo157 deu alguma grana para HARlDADE.
[08/07/2021 - 01:30:06] - * Paulo157 deu alguma grana para HARlDADE.
[08/07/2021 - 01:30:11] - * Paulo157 deu alguma grana para HARlDADE.
[08/07/2021 - 01:30:14] - * Paulo157 deu alguma grana para HARlDADE.
[08/07/2021 - 01:30:16] - * Paulo157 deu alguma grana para HARlDADE.
[08/07/2021 - 01:30:19] - * Paulo157 deu alguma grana para HARlDADE.
[08/07/2021 - 01:30:21] - * Paulo157 deu alguma grana para HARlDADE.
[08/07/2021 - 01:30:24] - * Paulo157 deu alguma grana para HARlDADE.
[08/07/2021 - 01:40:43] - * felipe_Hockley deu alguma grana para SAMUEL_GC.
[08/07/2021 - 02:06:16] - * Vinicius_TDT deu alguma grana para T.J..
[08/07/2021 - 02:06:18] - * Vinicius_TDT deu alguma grana para T.J..
[08/07/2021 - 02:06:19] - * Vinicius_TDT deu alguma grana para T.J..
[08/07/2021 - 02:06:20] - * Vinicius_TDT deu alguma grana para T.J..
[08/07/2021 - 02:06:21] - * Vinicius_TDT deu alguma grana para T.J..
[08/07/2021 - 02:16:12] - cleberson_pinto comprou armas por R$6800 na empresa 6
[08/07/2021 - 02:24:04] - Nick_KiLLer comprou armas por R$4800 na empresa 0
[08/07/2021 - 02:35:11] - * Dias_DZ8 deu alguma grana para Nick_KiLLer.
[08/07/2021 - 02:35:13] - * Dias_DZ8 deu alguma grana para Nick_KiLLer.
[08/07/2021 - 02:35:14] - * Dias_DZ8 deu alguma grana para Nick_KiLLer.
[08/07/2021 - 02:35:15] - * Dias_DZ8 deu alguma grana para Nick_KiLLer.
[08/07/2021 - 02:35:16] - * Dias_DZ8 deu alguma grana para Nick_KiLLer.
[08/07/2021 - 02:35:17] - * Dias_DZ8 deu alguma grana para Nick_KiLLer.
[08/07/2021 - 02:35:17] - * Dias_DZ8 deu alguma grana para Nick_KiLLer.
[08/07/2021 - 02:35:19] - * Dias_DZ8 deu alguma grana para Nick_KiLLer.
[08/07/2021 - 02:35:21] - * Dias_DZ8 deu alguma grana para Nick_KiLLer.
[08/07/2021 - 02:35:23] - * Dias_DZ8 deu alguma grana para Nick_KiLLer.
[08/07/2021 - 02:35:24] - * Dias_DZ8 deu alguma grana para Nick_KiLLer.
[08/07/2021 - 02:35:25] - * Dias_DZ8 deu alguma grana para Nick_KiLLer.
[08/07/2021 - 02:35:26] - * Dias_DZ8 deu alguma grana para Nick_KiLLer.
[08/07/2021 - 02:35:27] - * Dias_DZ8 deu alguma grana para Nick_KiLLer.
[08/07/2021 - 02:35:28] - * Dias_DZ8 deu alguma grana para Nick_KiLLer.
[08/07/2021 - 02:35:29] - * Dias_DZ8 deu alguma grana para Nick_KiLLer.
[08/07/2021 - 02:35:30] - * Dias_DZ8 deu alguma grana para Nick_KiLLer.
[08/07/2021 - 02:35:32] - * Dias_DZ8 deu alguma grana para Nick_KiLLer.
[08/07/2021 - 02:35:35] - * Dias_DZ8 deu alguma grana para Nick_KiLLer.
[08/07/2021 - 02:35:37] - * Dias_DZ8 deu alguma grana para Nick_KiLLer.
[08/07/2021 - 02:35:38] - * Dias_DZ8 deu alguma grana para Nick_KiLLer.
[08/07/2021 - 02:35:40] - * Dias_DZ8 deu alguma grana para Nick_KiLLer.
[08/07/2021 - 02:35:42] - * Dias_DZ8 deu alguma grana para Nick_KiLLer.
[08/07/2021 - 02:35:43] - * Dias_DZ8 deu alguma grana para Nick_KiLLer.
[08/07/2021 - 02:35:46] - * Dias_DZ8 deu alguma grana para Nick_KiLLer.
[08/07/2021 - 02:35:55] - * Dias_DZ8 deu alguma grana para Nick_KiLLer.
[08/07/2021 - 02:35:56] - * Dias_DZ8 deu alguma grana para Nick_KiLLer.
[08/07/2021 - 02:35:57] - * Dias_DZ8 deu alguma grana para Nick_KiLLer.
[08/07/2021 - 02:35:59] - * Dias_DZ8 deu alguma grana para Nick_KiLLer.
[08/07/2021 - 02:36:00] - * Dias_DZ8 deu alguma grana para Nick_KiLLer.
[08/07/2021 - 02:36:01] - * Dias_DZ8 deu alguma grana para Nick_KiLLer.
[08/07/2021 - 02:36:02] - * Dias_DZ8 deu alguma grana para Nick_KiLLer.
[08/07/2021 - 02:36:03] - * Dias_DZ8 deu alguma grana para Nick_KiLLer.
[08/07/2021 - 02:36:04] - * Dias_DZ8 deu alguma grana para Nick_KiLLer.
[08/07/2021 - 02:36:05] - * Dias_DZ8 deu alguma grana para Nick_KiLLer.
[08/07/2021 - 02:36:06] - * Dias_DZ8 deu alguma grana para Nick_KiLLer.
[08/07/2021 - 02:36:07] - * Dias_DZ8 deu alguma grana para Nick_KiLLer.
[08/07/2021 - 02:36:07] - * Dias_DZ8 deu alguma grana para Nick_KiLLer.
[08/07/2021 - 02:36:09] - * Dias_DZ8 deu alguma grana para Nick_KiLLer.
[08/07/2021 - 02:36:10] - * Dias_DZ8 deu alguma grana para Nick_KiLLer.
[08/07/2021 - 02:36:11] - * Dias_DZ8 deu alguma grana para Nick_KiLLer.
[08/07/2021 - 02:36:12] - * Dias_DZ8 deu alguma grana para Nick_KiLLer.
[08/07/2021 - 02:36:13] - * Dias_DZ8 deu alguma grana para Nick_KiLLer.
[08/07/2021 - 02:36:14] - * Dias_DZ8 deu alguma grana para Nick_KiLLer.
[08/07/2021 - 02:36:15] - * Dias_DZ8 deu alguma grana para Nick_KiLLer.
[08/07/2021 - 02:38:48] - * Dias_DZ8 deu alguma grana para Nick_KiLLer.
[08/07/2021 - 02:38:51] - * Dias_DZ8 deu alguma grana para Nick_KiLLer.
[08/07/2021 - 02:38:53] - * Dias_DZ8 deu alguma grana para Nick_KiLLer.
[08/07/2021 - 02:46:41] - ADMIN CMD: O Admin Vgzinn está dando R$150000 para Miguel_Donquixote.
[08/07/2021 - 03:07:10] - ADMIN CMD: O Admin FalconZinn7S está dando R$125000 para Zuerim_Bahiano.
[08/07/2021 - 03:15:01] - * Tioh_TupacTV deu alguma grana para alemao_noguira.
[08/07/2021 - 03:15:27] - * Tioh_TupacTV deu alguma grana para alemao_noguira.
[08/07/2021 - 03:17:12] - * Alex_souza_FPS deu alguma grana para MikeXP.
[08/07/2021 - 03:17:13] - * Alex_souza_FPS deu alguma grana para MikeXP.
[08/07/2021 - 03:17:13] - * Alex_souza_FPS deu alguma grana para MikeXP.
[08/07/2021 - 03:23:02] - * Alex_souza_FPS deu alguma grana para Tioh_TupacTV.
[08/07/2021 - 03:23:05] - * Alex_souza_FPS deu alguma grana para Tioh_TupacTV.
[08/07/2021 - 03:23:07] - * Alex_souza_FPS deu alguma grana para Tioh_TupacTV.
[08/07/2021 - 03:23:07] - * Alex_souza_FPS deu alguma grana para Tioh_TupacTV.
[08/07/2021 - 03:23:10] - * Alex_souza_FPS deu alguma grana para Tioh_TupacTV.
[08/07/2021 - 03:23:11] - * Alex_souza_FPS deu alguma grana para Tioh_TupacTV.
[08/07/2021 - 03:23:11] - * Alex_souza_FPS deu alguma grana para Tioh_TupacTV.
[08/07/2021 - 03:23:16] - * Alex_souza_FPS deu alguma grana para Tioh_TupacTV.
[08/07/2021 - 03:41:33] - * BKZINHO_RP deu alguma grana para Maicon_Lopes.
[08/07/2021 - 03:41:47] - * BKZINHO_RP deu alguma grana para Maicon_Lopes.
[08/07/2021 - 03:44:25] - * HARlDADE deu alguma grana para vulgo_135.
[08/07/2021 - 05:31:34] - Rafael_FPSx comprou armas por R$1500 na empresa 6
[08/07/2021 - 05:32:14] - Rafael_FPSx comprou armas por R$1400 na empresa 6
[08/07/2021 - 12:33:10] - * BKZINHO_RP deu alguma grana para Maicon_Lopes.
[08/07/2021 - 12:33:24] - * BKZINHO_RP deu alguma grana para Maicon_Lopes.
[08/07/2021 - 12:33:27] - * BKZINHO_RP deu alguma grana para Maicon_Lopes.
[08/07/2021 - 12:33:30] - * BKZINHO_RP deu alguma grana para Maicon_Lopes.
[08/07/2021 - 12:33:56] - * BKZINHO_RP deu alguma grana para Maicon_Lopes.
[08/07/2021 - 12:33:59] - * BKZINHO_RP deu alguma grana para Maicon_Lopes.
[08/07/2021 - 12:34:01] - * BKZINHO_RP deu alguma grana para Maicon_Lopes.
[08/07/2021 - 12:34:02] - * BKZINHO_RP deu alguma grana para Maicon_Lopes.
[08/07/2021 - 12:50:44] - * Maicon_Lopes deu alguma grana para Hinata.
[08/07/2021 - 12:50:46] - * Maicon_Lopes deu alguma grana para Hinata.
[08/07/2021 - 12:50:47] - * Maicon_Lopes deu alguma grana para Hinata.
[08/07/2021 - 12:50:49] - * Maicon_Lopes deu alguma grana para Hinata.
[08/07/2021 - 12:50:52] - * Maicon_Lopes deu alguma grana para Hinata.
[08/07/2021 - 12:52:16] - * Maicon_Lopes deu alguma grana para Hinata.
[08/07/2021 - 12:52:17] - * Maicon_Lopes deu alguma grana para Hinata.
[08/07/2021 - 14:02:35] - Sr_Nescau comprou armas por R$6800 na empresa 0
[08/07/2021 - 14:15:47] - CJ_DO_PNEU comprou armas por R$3260 na empresa 0
[08/07/2021 - 14:28:44] - * vrauvia deu alguma grana para theusx9.
[08/07/2021 - 14:29:23] - * kaiozinff deu alguma grana para theusx9.
[08/07/2021 - 14:29:35] - * kaiozinff deu alguma grana para theusx9.
[08/07/2021 - 14:29:49] - * kaiozinff deu alguma grana para theusx9.
[08/07/2021 - 14:30:55] - * kaiozinff deu alguma grana para theusx9.
[08/07/2021 - 14:31:07] - * kaiozinff deu alguma grana para theusx9.
[08/07/2021 - 14:31:15] - * kaiozinff deu alguma grana para theusx9.
[08/07/2021 - 14:31:29] - * kaiozinff deu alguma grana para theusx9.
[08/07/2021 - 14:34:20] - CARNEIRO_VK comprou armas por R$100 na empresa 6
[08/07/2021 - 14:39:48] - Sr_Nescau comprou armas por R$5800 na empresa 0
[08/07/2021 - 14:39:55] - Sr_Nescau comprou armas por R$4300 na empresa 0
[08/07/2021 - 15:38:02] - * Pedroo_999 deu alguma grana para jhow_444.
[08/07/2021 - 15:55:57] - RAPOZA_BB comprou armas por R$6800 na empresa 6
[08/07/2021 - 16:06:40] - * Vinicius_TDT deu alguma grana para batista_TDT.
[08/07/2021 - 16:06:41] - * Vinicius_TDT deu alguma grana para batista_TDT.
[08/07/2021 - 16:06:42] - * Vinicius_TDT deu alguma grana para batista_TDT.
[08/07/2021 - 16:06:44] - * Vinicius_TDT deu alguma grana para batista_TDT.
[08/07/2021 - 16:06:48] - * Vinicius_TDT deu alguma grana para batista_TDT.
[08/07/2021 - 16:06:49] - * Vinicius_TDT deu alguma grana para batista_TDT.
[08/07/2021 - 16:06:50] - * Vinicius_TDT deu alguma grana para batista_TDT.
[08/07/2021 - 16:06:51] - * Vinicius_TDT deu alguma grana para batista_TDT.
[08/07/2021 - 16:06:52] - * Vinicius_TDT deu alguma grana para batista_TDT.
[08/07/2021 - 16:06:53] - * Vinicius_TDT deu alguma grana para batista_TDT.
[08/07/2021 - 16:06:53] - * Vinicius_TDT deu alguma grana para batista_TDT.
[08/07/2021 - 16:06:55] - * Vinicius_TDT deu alguma grana para batista_TDT.
[08/07/2021 - 16:06:56] - * Vinicius_TDT deu alguma grana para batista_TDT.
[08/07/2021 - 16:06:57] - * Vinicius_TDT deu alguma grana para batista_TDT.
[08/07/2021 - 16:07:00] - * Vinicius_TDT deu alguma grana para batista_TDT.
[08/07/2021 - 16:07:01] - * Vinicius_TDT deu alguma grana para batista_TDT.
[08/07/2021 - 16:07:02] - * Vinicius_TDT deu alguma grana para batista_TDT.
[08/07/2021 - 16:07:04] - * Vinicius_TDT deu alguma grana para batista_TDT.
[08/07/2021 - 16:07:05] - * Vinicius_TDT deu alguma grana para batista_TDT.
[08/07/2021 - 16:07:06] - * Vinicius_TDT deu alguma grana para batista_TDT.
[08/07/2021 - 16:07:10] - * Vinicius_TDT deu alguma grana para batista_TDT.
[08/07/2021 - 16:07:12] - * Vinicius_TDT deu alguma grana para batista_TDT.
[08/07/2021 - 16:07:14] - * Vinicius_TDT deu alguma grana para batista_TDT.
[08/07/2021 - 16:07:15] - * Vinicius_TDT deu alguma grana para batista_TDT.
[08/07/2021 - 16:07:17] - * Vinicius_TDT deu alguma grana para batista_TDT.
[08/07/2021 - 16:07:18] - * Vinicius_TDT deu alguma grana para batista_TDT.
[08/07/2021 - 16:07:19] - * Vinicius_TDT deu alguma grana para batista_TDT.
[08/07/2021 - 16:07:23] - * Vinicius_TDT deu alguma grana para batista_TDT.
[08/07/2021 - 16:07:24] - * Vinicius_TDT deu alguma grana para batista_TDT.
[08/07/2021 - 16:07:25] - * Vinicius_TDT deu alguma grana para batista_TDT.
[08/07/2021 - 16:07:26] - * Vinicius_TDT deu alguma grana para batista_TDT.
[08/07/2021 - 16:07:28] - * Vinicius_TDT deu alguma grana para batista_TDT.
[08/07/2021 - 16:07:30] - * Vinicius_TDT deu alguma grana para batista_TDT.
[08/07/2021 - 16:07:32] - * Vinicius_TDT deu alguma grana para batista_TDT.
[08/07/2021 - 16:07:34] - * Vinicius_TDT deu alguma grana para batista_TDT.
[08/07/2021 - 16:07:37] - * Vinicius_TDT deu alguma grana para batista_TDT.
[08/07/2021 - 16:07:39] - * Vinicius_TDT deu alguma grana para batista_TDT.
[08/07/2021 - 16:07:50] - * Vinicius_TDT deu alguma grana para batista_TDT.
[08/07/2021 - 16:12:01] - * KAKA_TDT deu alguma grana para batista_TDT.
[08/07/2021 - 16:12:03] - * KAKA_TDT deu alguma grana para batista_TDT.
[08/07/2021 - 16:12:05] - * KAKA_TDT deu alguma grana para batista_TDT.
[08/07/2021 - 16:12:09] - * KAKA_TDT deu alguma grana para batista_TDT.
[08/07/2021 - 16:12:22] - * KAKA_TDT deu alguma grana para batista_TDT.
[08/07/2021 - 16:12:24] - * KAKA_TDT deu alguma grana para batista_TDT.
[08/07/2021 - 16:12:25] - * KAKA_TDT deu alguma grana para batista_TDT.
[08/07/2021 - 16:12:28] - * KAKA_TDT deu alguma grana para batista_TDT.
[08/07/2021 - 16:12:30] - * KAKA_TDT deu alguma grana para batista_TDT.
[08/07/2021 - 16:12:32] - * KAKA_TDT deu alguma grana para batista_TDT.
[08/07/2021 - 16:12:35] - * KAKA_TDT deu alguma grana para batista_TDT.
[08/07/2021 - 16:12:39] - * KAKA_TDT deu alguma grana para batista_TDT.
[08/07/2021 - 16:12:52] - * KAKA_TDT deu alguma grana para batista_TDT.
[08/07/2021 - 16:12:55] - * KAKA_TDT deu alguma grana para batista_TDT.
[08/07/2021 - 16:12:59] - * KAKA_TDT deu alguma grana para batista_TDT.
[08/07/2021 - 16:13:03] - * KAKA_TDT deu alguma grana para batista_TDT.
[08/07/2021 - 16:13:08] - * KAKA_TDT deu alguma grana para batista_TDT.
[08/07/2021 - 16:13:11] - * KAKA_TDT deu alguma grana para batista_TDT.
[08/07/2021 - 16:13:21] - * KAKA_TDT deu alguma grana para batista_TDT.
[08/07/2021 - 16:14:27] - * Lucas_pinto deu alguma grana para carlos_pinto.
[08/07/2021 - 16:14:28] - * Lucas_pinto deu alguma grana para carlos_pinto.
[08/07/2021 - 16:14:29] - * Lucas_pinto deu alguma grana para carlos_pinto.
[08/07/2021 - 16:14:31] - * Lucas_pinto deu alguma grana para carlos_pinto.
[08/07/2021 - 16:14:32] - * Lucas_pinto deu alguma grana para carlos_pinto.
[08/07/2021 - 16:14:33] - * Lucas_pinto deu alguma grana para carlos_pinto.
[08/07/2021 - 16:14:33] - * Lucas_pinto deu alguma grana para carlos_pinto.
[08/07/2021 - 16:14:35] - * Lucas_pinto deu alguma grana para carlos_pinto.
[08/07/2021 - 16:14:37] - * Lucas_pinto deu alguma grana para carlos_pinto.
[08/07/2021 - 16:14:40] - * Lucas_pinto deu alguma grana para carlos_pinto.
[08/07/2021 - 16:14:41] - * Lucas_pinto deu alguma grana para carlos_pinto.
[08/07/2021 - 16:14:42] - * Lucas_pinto deu alguma grana para carlos_pinto.
[08/07/2021 - 16:14:43] - * Lucas_pinto deu alguma grana para carlos_pinto.
[08/07/2021 - 16:14:44] - * Lucas_pinto deu alguma grana para carlos_pinto.
[08/07/2021 - 16:14:45] - * Lucas_pinto deu alguma grana para carlos_pinto.
[08/07/2021 - 16:14:46] - * Lucas_pinto deu alguma grana para carlos_pinto.
[08/07/2021 - 16:14:47] - * Lucas_pinto deu alguma grana para carlos_pinto.
[08/07/2021 - 16:14:48] - * Lucas_pinto deu alguma grana para carlos_pinto.
[08/07/2021 - 16:14:49] - * Lucas_pinto deu alguma grana para carlos_pinto.
[08/07/2021 - 16:14:51] - * Lucas_pinto deu alguma grana para carlos_pinto.
[08/07/2021 - 16:14:55] - * Lucas_pinto deu alguma grana para carlos_pinto.
[08/07/2021 - 16:14:56] - * Lucas_pinto deu alguma grana para carlos_pinto.
[08/07/2021 - 16:14:57] - * Lucas_pinto deu alguma grana para carlos_pinto.
[08/07/2021 - 16:14:58] - * Lucas_pinto deu alguma grana para carlos_pinto.
[08/07/2021 - 16:21:12] - * RAPOZA_BB deu alguma grana para carlos_pinto.
[08/07/2021 - 16:21:12] - * RAPOZA_BB deu alguma grana para carlos_pinto.
[08/07/2021 - 16:27:25] - RAPOZA_BB comprou armas por R$4800 na empresa 6
[08/07/2021 - 16:43:32] - RAPOZA_BB comprou armas por R$4800 na empresa 0
[08/07/2021 - 18:18:11] - * Bkey_DuMonster deu alguma grana para joao_manoel_fps.
[08/07/2021 - 18:46:42] - * KINGZIN.Fe deu alguma grana para Trashzx_gta3.
[08/07/2021 - 18:53:44] - * Mudinho_FPSx deu alguma grana para Rafael_FPSx.
[08/07/2021 - 18:56:09] - * Mudinho_FPSx deu alguma grana para Rafael_FPSx.
[08/07/2021 - 19:19:33] - * Felipe_SG deu alguma grana para dudu_1338.
[08/07/2021 - 20:15:34] - Sr_Nescau comprou armas por R$5800 na empresa 0
[08/07/2021 - 20:15:43] - Sr_Nescau comprou armas por R$3100 na empresa 0
[08/07/2021 - 20:36:38] - Pivete_ne comprou armas por R$4800 na empresa 6
[08/07/2021 - 21:01:50] - * tutu_777 deu alguma grana para Pedroo_999.
[08/07/2021 - 21:02:22] - * Pedroo_999 deu alguma grana para tutu_777.
[08/07/2021 - 22:43:08] - * Tioh_TupacTV deu alguma grana para Pandora.
[08/07/2021 - 22:43:11] - * Tioh_TupacTV deu alguma grana para Pandora.
[08/07/2021 - 22:43:11] - * Tioh_TupacTV deu alguma grana para Pandora.
[08/07/2021 - 22:43:12] - * Tioh_TupacTV deu alguma grana para Pandora.
[08/07/2021 - 22:43:13] - * Tioh_TupacTV deu alguma grana para Pandora.
[08/07/2021 - 22:43:13] - * Tioh_TupacTV deu alguma grana para Pandora.
[08/07/2021 - 22:43:14] - * Tioh_TupacTV deu alguma grana para Pandora.
[08/07/2021 - 22:43:17] - * Tioh_TupacTV deu alguma grana para Pandora.
[08/07/2021 - 22:43:18] - * Tioh_TupacTV deu alguma grana para Pandora.
[08/07/2021 - 22:43:19] - * Tioh_TupacTV deu alguma grana para Pandora.
[08/07/2021 - 22:43:20] - * Tioh_TupacTV deu alguma grana para Pandora.
[08/07/2021 - 22:43:20] - * Tioh_TupacTV deu alguma grana para Pandora.
[08/07/2021 - 22:43:21] - * Tioh_TupacTV deu alguma grana para Pandora.
[08/07/2021 - 22:43:22] - * Tioh_TupacTV deu alguma grana para Pandora.
[08/07/2021 - 22:43:22] - * Tioh_TupacTV deu alguma grana para Pandora.
[08/07/2021 - 22:43:23] - * Tioh_TupacTV deu alguma grana para Pandora.
[08/07/2021 - 22:43:24] - * Tioh_TupacTV deu alguma grana para Pandora.
[08/07/2021 - 22:43:24] - * Tioh_TupacTV deu alguma grana para Pandora.
[08/07/2021 - 22:43:25] - * Tioh_TupacTV deu alguma grana para Pandora.
[08/07/2021 - 22:50:39] - * Paulo157 deu alguma grana para HARlDADE.
[08/07/2021 - 22:50:41] - * Paulo157 deu alguma grana para HARlDADE.
[08/07/2021 - 22:50:43] - * Paulo157 deu alguma grana para HARlDADE.
[08/07/2021 - 22:50:44] - * Paulo157 deu alguma grana para HARlDADE.
[08/07/2021 - 22:50:45] - * Paulo157 deu alguma grana para HARlDADE.
[08/07/2021 - 22:50:47] - * Paulo157 deu alguma grana para HARlDADE.
[08/07/2021 - 22:50:49] - * Paulo157 deu alguma grana para HARlDADE.
[08/07/2021 - 22:50:51] - * Paulo157 deu alguma grana para HARlDADE.
[08/07/2021 - 22:56:30] - RAPOZA_BB comprou armas por R$2800 na empresa 0
[09/07/2021 - 00:31:25] - Real_Train comprou armas por R$1400 na empresa 6
[09/07/2021 - 00:51:28] - * Pedro_MgPK deu alguma grana para Real_Train.
[09/07/2021 - 00:51:38] - * Pedro_MgPK deu alguma grana para Real_Train.
[09/07/2021 - 02:24:09] - * vulgo_135 deu alguma grana para HARlDADE.
[09/07/2021 - 02:24:11] - * vulgo_135 deu alguma grana para HARlDADE.
[09/07/2021 - 02:24:12] - * vulgo_135 deu alguma grana para HARlDADE.
[09/07/2021 - 02:24:14] - * vulgo_135 deu alguma grana para HARlDADE.
[09/07/2021 - 02:24:15] - * vulgo_135 deu alguma grana para HARlDADE.
[09/07/2021 - 02:24:16] - * vulgo_135 deu alguma grana para HARlDADE.
[09/07/2021 - 02:24:17] - * vulgo_135 deu alguma grana para HARlDADE.
[09/07/2021 - 02:24:18] - * vulgo_135 deu alguma grana para HARlDADE.
[09/07/2021 - 02:25:23] - * vulgo_135 deu alguma grana para viniii.drifter.
[09/07/2021 - 02:25:26] - * vulgo_135 deu alguma grana para viniii.drifter.
[09/07/2021 - 02:25:27] - * vulgo_135 deu alguma grana para viniii.drifter.
[09/07/2021 - 02:33:24] - tk_gg comprou armas por R$20780 na empresa 6
[09/07/2021 - 02:35:26] - tk_gg comprou armas por R$100 na empresa 6
[09/07/2021 - 02:52:35] - * KPZIN_EXE deu alguma grana para Rei_Do_Rolas.
[09/07/2021 - 02:52:55] - * Rei_Do_Rolas deu alguma grana para KPZIN_EXE.
[09/07/2021 - 05:08:23] - * Kauan_Churritos deu alguma grana para viniii.drifter.
[09/07/2021 - 05:08:24] - * Kauan_Churritos deu alguma grana para viniii.drifter.
[09/07/2021 - 05:08:25] - * Kauan_Churritos deu alguma grana para viniii.drifter.
[09/07/2021 - 05:08:26] - * Kauan_Churritos deu alguma grana para viniii.drifter.
[09/07/2021 - 05:08:34] - * Kauan_Churritos deu alguma grana para Trem_balaXD.
[09/07/2021 - 05:08:34] - * Kauan_Churritos deu alguma grana para Trem_balaXD.
[09/07/2021 - 05:08:35] - * Kauan_Churritos deu alguma grana para Trem_balaXD.
[09/07/2021 - 05:31:02] - * Bonezinho_TDT deu alguma grana para katchau_TDT.
[09/07/2021 - 05:31:05] - * Bonezinho_TDT deu alguma grana para katchau_TDT.
[09/07/2021 - 05:31:06] - * Bonezinho_TDT deu alguma grana para katchau_TDT.
[09/07/2021 - 05:31:07] - * Bonezinho_TDT deu alguma grana para katchau_TDT.
[09/07/2021 - 05:31:08] - * Bonezinho_TDT deu alguma grana para katchau_TDT.
[09/07/2021 - 05:31:09] - * Bonezinho_TDT deu alguma grana para katchau_TDT.
[09/07/2021 - 05:31:10] - * Bonezinho_TDT deu alguma grana para katchau_TDT.
[09/07/2021 - 05:31:12] - * Bonezinho_TDT deu alguma grana para katchau_TDT.
[09/07/2021 - 05:31:13] - * Bonezinho_TDT deu alguma grana para katchau_TDT.
[09/07/2021 - 05:31:13] - * Bonezinho_TDT deu alguma grana para katchau_TDT.
[09/07/2021 - 05:31:14] - * Bonezinho_TDT deu alguma grana para katchau_TDT.
[09/07/2021 - 05:31:21] - * Bonezinho_TDT deu alguma grana para katchau_TDT.
[09/07/2021 - 05:31:24] - * Bonezinho_TDT deu alguma grana para katchau_TDT.
[09/07/2021 - 05:31:26] - * Bonezinho_TDT deu alguma grana para katchau_TDT.
[09/07/2021 - 06:12:05] - * tk_gg deu alguma grana para Kauan_Churritos.
[09/07/2021 - 08:26:09] - * Kauan_Churritos deu alguma grana para vulgo_135.
[09/07/2021 - 08:26:10] - * Kauan_Churritos deu alguma grana para vulgo_135.
[09/07/2021 - 08:26:11] - * Kauan_Churritos deu alguma grana para vulgo_135.
[09/07/2021 - 14:00:23] - LIPE_EXE comprou armas por R$2000 na empresa 0
[09/07/2021 - 14:00:30] - LIPE_EXE comprou armas por R$1300 na empresa 0
[09/07/2021 - 14:32:51] - RAPOZA_BB comprou armas por R$4800 na empresa 0
[09/07/2021 - 15:20:41] - Zuerim_Bahiano comprou armas por R$2800 na empresa 0
[09/07/2021 - 18:00:40] - * JOAO_VITOR_YT deu alguma grana para mau_mau.
[09/07/2021 - 18:05:52] - * mau_mau deu alguma grana para JOAO_VITOR_YT.
[09/07/2021 - 18:05:56] - * mau_mau deu alguma grana para JOAO_VITOR_YT.
[09/07/2021 - 18:06:05] - * mau_mau deu alguma grana para JOAO_VITOR_YT.
[09/07/2021 - 18:06:06] - * mau_mau deu alguma grana para JOAO_VITOR_YT.
[09/07/2021 - 18:06:09] - * mau_mau deu alguma grana para JOAO_VITOR_YT.
[09/07/2021 - 18:10:36] - * Carlos_Sales deu alguma grana para JOAO_VITOR_YT.
[09/07/2021 - 19:15:06] - * dudu_1338 deu alguma grana para Jota_Pe.
[09/07/2021 - 19:15:08] - * dudu_1338 deu alguma grana para Jota_Pe.
[09/07/2021 - 19:15:13] - * dudu_1338 deu alguma grana para Jota_Pe.
[09/07/2021 - 19:15:14] - * dudu_1338 deu alguma grana para Jota_Pe.
[09/07/2021 - 19:15:18] - * dudu_1338 deu alguma grana para Jota_Pe.
[09/07/2021 - 19:15:19] - * dudu_1338 deu alguma grana para Jota_Pe.
[09/07/2021 - 19:15:30] - * dudu_1338 deu alguma grana para Jota_Pe.
[09/07/2021 - 19:15:33] - * dudu_1338 deu alguma grana para Jota_Pe.
[09/07/2021 - 19:25:13] - * KN_TDT deu alguma grana para Silva_Obrabo.
[09/07/2021 - 19:25:14] - * KN_TDT deu alguma grana para Silva_Obrabo.
[09/07/2021 - 19:25:16] - * KN_TDT deu alguma grana para Silva_Obrabo.
[09/07/2021 - 19:25:19] - * KN_TDT deu alguma grana para Silva_Obrabo.
[09/07/2021 - 19:25:22] - * KN_TDT deu alguma grana para Silva_Obrabo.
[09/07/2021 - 19:28:14] - LIPE_EXE comprou armas por R$2800 na empresa 0
[09/07/2021 - 19:28:22] - LIPE_EXE comprou armas por R$2250 na empresa 0
[09/07/2021 - 19:28:30] - LIPE_EXE comprou armas por R$1300 na empresa 0
[09/07/2021 - 21:10:17] - * PEDRO_MISTERY deu alguma grana para GRT_kn.
[09/07/2021 - 23:24:56] - * Carlos_Sales deu alguma grana para Zuerim_Bahiano.
[09/07/2021 - 23:25:01] - * Carlos_Sales deu alguma grana para Zuerim_Bahiano.
[09/07/2021 - 23:25:03] - RAPOZA_BB comprou armas por R$4800 na empresa 0
[09/07/2021 - 23:25:22] - * Carlos_Sales deu alguma grana para Zuerim_Bahiano.
[09/07/2021 - 23:25:24] - * Carlos_Sales deu alguma grana para Zuerim_Bahiano.
[10/07/2021 - 02:49:05] - * Pedroo_999 deu alguma grana para tutu_777.
[10/07/2021 - 03:02:40] - * Bkey_DuMonster deu alguma grana para vulgo_135.
[10/07/2021 - 03:02:41] - * Bkey_DuMonster deu alguma grana para vulgo_135.
[10/07/2021 - 03:02:49] - * Bkey_DuMonster deu alguma grana para vulgo_135.
[10/07/2021 - 03:02:50] - * Bkey_DuMonster deu alguma grana para vulgo_135.
[10/07/2021 - 03:02:51] - * Bkey_DuMonster deu alguma grana para vulgo_135.
[10/07/2021 - 03:02:52] - * Bkey_DuMonster deu alguma grana para vulgo_135.
[10/07/2021 - 03:02:53] - * Bkey_DuMonster deu alguma grana para vulgo_135.
[10/07/2021 - 03:02:55] - * Bkey_DuMonster deu alguma grana para vulgo_135.
[10/07/2021 - 03:02:56] - * Bkey_DuMonster deu alguma grana para vulgo_135.
[10/07/2021 - 03:02:57] - * Bkey_DuMonster deu alguma grana para vulgo_135.
[10/07/2021 - 03:02:59] - * Bkey_DuMonster deu alguma grana para vulgo_135.
[10/07/2021 - 03:03:00] - * Bkey_DuMonster deu alguma grana para vulgo_135.
[10/07/2021 - 03:03:01] - * Bkey_DuMonster deu alguma grana para vulgo_135.
[10/07/2021 - 03:03:02] - * Bkey_DuMonster deu alguma grana para vulgo_135.
[10/07/2021 - 03:03:03] - * Bkey_DuMonster deu alguma grana para vulgo_135.
[10/07/2021 - 03:03:05] - * Bkey_DuMonster deu alguma grana para vulgo_135.
[10/07/2021 - 03:03:06] - * Bkey_DuMonster deu alguma grana para vulgo_135.
[10/07/2021 - 03:03:08] - * Bkey_DuMonster deu alguma grana para vulgo_135.
[10/07/2021 - 03:03:09] - * Bkey_DuMonster deu alguma grana para vulgo_135.
[10/07/2021 - 03:03:12] - * Bkey_DuMonster deu alguma grana para vulgo_135.
[10/07/2021 - 03:03:13] - * Bkey_DuMonster deu alguma grana para vulgo_135.
[10/07/2021 - 03:03:14] - * Bkey_DuMonster deu alguma grana para vulgo_135.
[10/07/2021 - 03:03:16] - * Bkey_DuMonster deu alguma grana para vulgo_135.
[10/07/2021 - 03:03:19] - * Bkey_DuMonster deu alguma grana para vulgo_135.
[10/07/2021 - 03:03:29] - * Bkey_DuMonster deu alguma grana para vulgo_135.
[10/07/2021 - 03:54:05] - * Tioh_TupacTV deu alguma grana para vulgo_135.
[10/07/2021 - 04:25:47] - * Tavin_FPSx deu alguma grana para ALEMAO_FPSx.
[10/07/2021 - 04:26:19] - * ALEMAO_FPSx deu alguma grana para Tavin_FPSx.
[10/07/2021 - 04:26:32] - * ALEMAO_FPSx deu alguma grana para Tavin_FPSx.
[10/07/2021 - 04:26:50] - * ALEMAO_FPSx deu alguma grana para Tavin_FPSx.
[10/07/2021 - 04:27:20] - * ALEMAO_FPSx deu alguma grana para Tavin_FPSx.
[10/07/2021 - 05:32:44] - * katchau_TDT deu alguma grana para Vulgo_MAndrakinho.
[10/07/2021 - 05:32:46] - * katchau_TDT deu alguma grana para Vulgo_MAndrakinho.
[10/07/2021 - 05:32:47] - * katchau_TDT deu alguma grana para Vulgo_MAndrakinho.
[10/07/2021 - 05:32:48] - * katchau_TDT deu alguma grana para Vulgo_MAndrakinho.
[10/07/2021 - 06:56:36] - * Kauan_Churritos deu alguma grana para Monster.WS.
[10/07/2021 - 06:56:37] - * Kauan_Churritos deu alguma grana para Monster.WS.
[10/07/2021 - 06:56:38] - * Kauan_Churritos deu alguma grana para Monster.WS.
[10/07/2021 - 06:56:40] - * Kauan_Churritos deu alguma grana para Monster.WS.
[10/07/2021 - 15:41:29] - * Tavin_FPSx deu alguma grana para Drackx_FPSx.
[10/07/2021 - 15:41:31] - * Tavin_FPSx deu alguma grana para Drackx_FPSx.
[10/07/2021 - 15:59:37] - * Natan_Insane deu alguma grana para andrey_insanet3.
[10/07/2021 - 15:59:38] - * Natan_Insane deu alguma grana para andrey_insanet3.
[10/07/2021 - 15:59:39] - * Natan_Insane deu alguma grana para andrey_insanet3.
[10/07/2021 - 15:59:45] - * Natan_Insane deu alguma grana para andrey_insanet3.
[10/07/2021 - 17:39:08] - * Kauan_Churritos deu alguma grana para Joaozinx_ff.
[10/07/2021 - 17:39:10] - * Kauan_Churritos deu alguma grana para Joaozinx_ff.
[10/07/2021 - 17:39:12] - * Kauan_Churritos deu alguma grana para Joaozinx_ff.
[10/07/2021 - 17:39:14] - * Kauan_Churritos deu alguma grana para Joaozinx_ff.
[10/07/2021 - 17:45:26] - * CJ_DO_PNEU deu alguma grana para Red_beiramar.
[10/07/2021 - 17:45:31] - * Red_beiramar deu alguma grana para Vtzinn_Enguica.
[10/07/2021 - 17:47:06] - * ruanno_beiramar deu alguma grana para Suzy_Trem.
[10/07/2021 - 17:47:07] - * ruanno_beiramar deu alguma grana para Suzy_Trem.
[10/07/2021 - 17:47:10] - * ruanno_beiramar deu alguma grana para Suzy_Trem.
[10/07/2021 - 17:47:12] - * ruanno_beiramar deu alguma grana para Suzy_Trem.
[10/07/2021 - 17:47:13] - * ruanno_beiramar deu alguma grana para Suzy_Trem.
[10/07/2021 - 17:47:15] - * ruanno_beiramar deu alguma grana para Suzy_Trem.
[10/07/2021 - 17:47:17] - * ruanno_beiramar deu alguma grana para Suzy_Trem.
[10/07/2021 - 17:47:18] - * ruanno_beiramar deu alguma grana para Suzy_Trem.
[10/07/2021 - 17:47:19] - * ruanno_beiramar deu alguma grana para Suzy_Trem.
[10/07/2021 - 17:47:20] - * ruanno_beiramar deu alguma grana para Suzy_Trem.
[10/07/2021 - 17:47:21] - * ruanno_beiramar deu alguma grana para Suzy_Trem.
[10/07/2021 - 17:47:22] - * ruanno_beiramar deu alguma grana para Suzy_Trem.
[10/07/2021 - 17:47:39] - * ruanno_beiramar deu alguma grana para Mexicano_Xd.
[10/07/2021 - 17:47:40] - * ruanno_beiramar deu alguma grana para Mexicano_Xd.
[10/07/2021 - 17:47:42] - * ruanno_beiramar deu alguma grana para Mexicano_Xd.
[10/07/2021 - 17:47:43] - * ruanno_beiramar deu alguma grana para Mexicano_Xd.
[10/07/2021 - 17:47:44] - * ruanno_beiramar deu alguma grana para Mexicano_Xd.
[10/07/2021 - 17:47:44] - * SMOKE_ZX deu alguma grana para NupoeTrH_.
[10/07/2021 - 17:47:44] - * SMOKE_ZX deu alguma grana para NupoeTrH_.
[10/07/2021 - 17:47:45] - * SMOKE_ZX deu alguma grana para NupoeTrH_.
[10/07/2021 - 17:47:45] - * ruanno_beiramar deu alguma grana para Mexicano_Xd.
[10/07/2021 - 17:47:45] - * SMOKE_ZX deu alguma grana para NupoeTrH_.
[10/07/2021 - 17:47:45] - * SMOKE_ZX deu alguma grana para NupoeTrH_.
[10/07/2021 - 17:47:46] - * SMOKE_ZX deu alguma grana para NupoeTrH_.
[10/07/2021 - 17:47:46] - * SMOKE_ZX deu alguma grana para NupoeTrH_.
[10/07/2021 - 17:47:46] - * ruanno_beiramar deu alguma grana para Mexicano_Xd.
[10/07/2021 - 17:47:46] - * SMOKE_ZX deu alguma grana para NupoeTrH_.
[10/07/2021 - 17:47:47] - * SMOKE_ZX deu alguma grana para NupoeTrH_.
[10/07/2021 - 17:47:47] - * ruanno_beiramar deu alguma grana para Mexicano_Xd.
[10/07/2021 - 17:47:47] - * SMOKE_ZX deu alguma grana para NupoeTrH_.
[10/07/2021 - 17:47:47] - * SMOKE_ZX deu alguma grana para NupoeTrH_.
[10/07/2021 - 17:47:48] - * SMOKE_ZX deu alguma grana para NupoeTrH_.
[10/07/2021 - 17:47:48] - * SMOKE_ZX deu alguma grana para NupoeTrH_.
[10/07/2021 - 17:47:48] - * ruanno_beiramar deu alguma grana para Mexicano_Xd.
[10/07/2021 - 17:47:48] - * SMOKE_ZX deu alguma grana para NupoeTrH_.
[10/07/2021 - 17:47:49] - * SMOKE_ZX deu alguma grana para NupoeTrH_.
[10/07/2021 - 17:47:49] - * SMOKE_ZX deu alguma grana para NupoeTrH_.
[10/07/2021 - 17:47:49] - * ruanno_beiramar deu alguma grana para Mexicano_Xd.
[10/07/2021 - 17:47:49] - * SMOKE_ZX deu alguma grana para NupoeTrH_.
[10/07/2021 - 17:47:50] - * SMOKE_ZX deu alguma grana para NupoeTrH_.
[10/07/2021 - 17:47:50] - * ruanno_beiramar deu alguma grana para Mexicano_Xd.
[10/07/2021 - 17:47:52] - * ruanno_beiramar deu alguma grana para Mexicano_Xd.
[10/07/2021 - 17:47:53] - * ruanno_beiramar deu alguma grana para Mexicano_Xd.
[10/07/2021 - 17:47:55] - * ruanno_beiramar deu alguma grana para Mexicano_Xd.
[10/07/2021 - 17:47:55] - * SMOKE_ZX deu alguma grana para NupoeTrH_.
[10/07/2021 - 17:47:56] - * SMOKE_ZX deu alguma grana para NupoeTrH_.
[10/07/2021 - 17:47:56] - * ruanno_beiramar deu alguma grana para Mexicano_Xd.
[10/07/2021 - 17:47:58] - * ruanno_beiramar deu alguma grana para Mexicano_Xd.
[10/07/2021 - 17:47:59] - * ruanno_beiramar deu alguma grana para Mexicano_Xd.
[10/07/2021 - 17:48:00] - * ruanno_beiramar deu alguma grana para Mexicano_Xd.
[10/07/2021 - 17:48:02] - * SMOKE_ZX deu alguma grana para Suzy_Trem.
[10/07/2021 - 17:48:03] - * SMOKE_ZX deu alguma grana para Suzy_Trem.
[10/07/2021 - 17:48:03] - * SMOKE_ZX deu alguma grana para Suzy_Trem.
[10/07/2021 - 17:48:03] - * SMOKE_ZX deu alguma grana para Suzy_Trem.
[10/07/2021 - 17:48:04] - * SMOKE_ZX deu alguma grana para Suzy_Trem.
[10/07/2021 - 17:48:04] - * SMOKE_ZX deu alguma grana para Suzy_Trem.
[10/07/2021 - 17:48:05] - * SMOKE_ZX deu alguma grana para Suzy_Trem.
[10/07/2021 - 17:48:05] - * SMOKE_ZX deu alguma grana para Suzy_Trem.
[10/07/2021 - 17:48:06] - * SMOKE_ZX deu alguma grana para Suzy_Trem.
[10/07/2021 - 17:48:06] - * SMOKE_ZX deu alguma grana para Suzy_Trem.
[10/07/2021 - 17:48:06] - * SMOKE_ZX deu alguma grana para Suzy_Trem.
[10/07/2021 - 17:48:07] - * SMOKE_ZX deu alguma grana para Suzy_Trem.
[10/07/2021 - 17:48:09] - * SMOKE_ZX deu alguma grana para Suzy_Trem.
[10/07/2021 - 17:48:09] - * SMOKE_ZX deu alguma grana para Suzy_Trem.
[10/07/2021 - 17:48:10] - * SMOKE_ZX deu alguma grana para Suzy_Trem.
[10/07/2021 - 17:48:11] - * SMOKE_ZX deu alguma grana para Suzy_Trem.
[10/07/2021 - 17:48:11] - * SMOKE_ZX deu alguma grana para Suzy_Trem.
[10/07/2021 - 17:48:20] - * ruanno_beiramar deu alguma grana para NupoeTrH_.
[10/07/2021 - 17:48:22] - * ruanno_beiramar deu alguma grana para NupoeTrH_.
[10/07/2021 - 17:48:23] - * ruanno_beiramar deu alguma grana para NupoeTrH_.
[10/07/2021 - 17:48:24] - * ruanno_beiramar deu alguma grana para NupoeTrH_.
[10/07/2021 - 17:48:25] - * ruanno_beiramar deu alguma grana para NupoeTrH_.
[10/07/2021 - 17:48:29] - * ruanno_beiramar deu alguma grana para NupoeTrH_.
[10/07/2021 - 17:48:30] - * ruanno_beiramar deu alguma grana para NupoeTrH_.
[10/07/2021 - 17:48:31] - * ruanno_beiramar deu alguma grana para NupoeTrH_.
[10/07/2021 - 17:48:32] - * ruanno_beiramar deu alguma grana para NupoeTrH_.
[10/07/2021 - 17:52:41] - * CJ_DO_PNEU deu alguma grana para Red_beiramar.
[10/07/2021 - 17:52:44] - * CJ_DO_PNEU deu alguma grana para Red_beiramar.
[10/07/2021 - 17:52:46] - * marcos_leao deu alguma grana para Red_beiramar.
[10/07/2021 - 17:52:48] - * CJ_DO_PNEU deu alguma grana para Red_beiramar.
[10/07/2021 - 17:52:49] - * CJ_DO_PNEU deu alguma grana para Red_beiramar.
[10/07/2021 - 17:52:50] - * CJ_DO_PNEU deu alguma grana para Red_beiramar.
[10/07/2021 - 17:52:51] - * CJ_DO_PNEU deu alguma grana para Red_beiramar.
[10/07/2021 - 17:53:01] - * CJ_DO_PNEU deu alguma grana para Red_beiramar.
[10/07/2021 - 17:53:02] - * CJ_DO_PNEU deu alguma grana para Red_beiramar.
[10/07/2021 - 17:53:04] - * CJ_DO_PNEU deu alguma grana para Red_beiramar.
[10/07/2021 - 17:53:05] - * CJ_DO_PNEU deu alguma grana para Red_beiramar.
[10/07/2021 - 17:53:57] - * marcos_leao deu alguma grana para Red_beiramar.
[10/07/2021 - 18:13:22] - * Kauan_Churritos deu alguma grana para Gust4_FPSx.
[10/07/2021 - 18:13:23] - * Kauan_Churritos deu alguma grana para Gust4_FPSx.
[10/07/2021 - 18:13:24] - * Kauan_Churritos deu alguma grana para Gust4_FPSx.
[10/07/2021 - 18:13:25] - * Kauan_Churritos deu alguma grana para Gust4_FPSx.
[10/07/2021 - 18:13:34] - * Kauan_Churritos deu alguma grana para Rafael_FPSx.
[10/07/2021 - 18:13:35] - * Kauan_Churritos deu alguma grana para Rafael_FPSx.
[10/07/2021 - 18:13:36] - * Kauan_Churritos deu alguma grana para Rafael_FPSx.
[10/07/2021 - 18:13:37] - * Kauan_Churritos deu alguma grana para Rafael_FPSx.
[10/07/2021 - 18:14:14] - * KPZIN_EXE deu alguma grana para exe_sad.
[10/07/2021 - 18:14:21] - * KPZIN_EXE deu alguma grana para exe_sad.
[10/07/2021 - 18:16:28] - * Kauan_Churritos deu alguma grana para Crazy_FPSx.
[10/07/2021 - 18:16:29] - * Kauan_Churritos deu alguma grana para Crazy_FPSx.
[10/07/2021 - 18:16:30] - * Kauan_Churritos deu alguma grana para Crazy_FPSx.
[10/07/2021 - 18:16:31] - * Kauan_Churritos deu alguma grana para Crazy_FPSx.
[10/07/2021 - 18:38:09] - * SMOKE_ZX deu alguma grana para exe_sad.
[10/07/2021 - 18:38:20] - * SMOKE_ZX deu alguma grana para exe_sad.
[10/07/2021 - 18:38:21] - * SMOKE_ZX deu alguma grana para exe_sad.
[10/07/2021 - 18:38:21] - * SMOKE_ZX deu alguma grana para exe_sad.
[10/07/2021 - 18:38:21] - * SMOKE_ZX deu alguma grana para exe_sad.
[10/07/2021 - 18:38:22] - * SMOKE_ZX deu alguma grana para exe_sad.
[10/07/2021 - 18:38:22] - * SMOKE_ZX deu alguma grana para exe_sad.
[10/07/2021 - 18:38:22] - * SMOKE_ZX deu alguma grana para exe_sad.
[10/07/2021 - 18:38:26] - * SMOKE_ZX deu alguma grana para exe_sad.
[10/07/2021 - 18:38:26] - * SMOKE_ZX deu alguma grana para exe_sad.
[10/07/2021 - 18:38:26] - * SMOKE_ZX deu alguma grana para exe_sad.
[10/07/2021 - 18:38:27] - * SMOKE_ZX deu alguma grana para exe_sad.
[10/07/2021 - 18:38:27] - * SMOKE_ZX deu alguma grana para exe_sad.
[10/07/2021 - 18:58:43] - * Pivete_ne deu alguma grana para Trem_balaXD.
[10/07/2021 - 19:50:40] - Alex_souza_FPS comprou armas por R$100 na empresa 0
[10/07/2021 - 19:52:01] - Bkey_DuMonster comprou armas por R$6000 na empresa 0
[10/07/2021 - 20:02:16] - * Alex_souza_FPS deu alguma grana para Bkey_DuMonster.
[10/07/2021 - 20:02:18] - * Alex_souza_FPS deu alguma grana para Bkey_DuMonster.
[10/07/2021 - 20:04:18] - * Alex_souza_FPS deu alguma grana para Bkey_DuMonster.
[10/07/2021 - 20:04:20] - * Alex_souza_FPS deu alguma grana para Bkey_DuMonster.
[10/07/2021 - 20:06:33] - * Alex_souza_FPS deu alguma grana para F7_NXS.
[10/07/2021 - 20:06:35] - * Alex_souza_FPS deu alguma grana para F7_NXS.
[10/07/2021 - 20:06:36] - * Alex_souza_FPS deu alguma grana para F7_NXS.
[10/07/2021 - 20:14:40] - * Alex_souza_FPS deu alguma grana para Zuerim_Bahiano.
[10/07/2021 - 20:14:41] - * Alex_souza_FPS deu alguma grana para Zuerim_Bahiano.
[10/07/2021 - 20:17:31] - * Alex_souza_FPS deu alguma grana para SMOKE_ZX.
[10/07/2021 - 20:17:32] - * Alex_souza_FPS deu alguma grana para SMOKE_ZX.
[10/07/2021 - 20:20:48] - * Alex_souza_FPS deu alguma grana para ruanno_beiramar.
[10/07/2021 - 20:20:48] - * Alex_souza_FPS deu alguma grana para ruanno_beiramar.
[10/07/2021 - 20:22:02] - * Alex_souza_FPS deu alguma grana para ML_santos.
[10/07/2021 - 20:22:04] - * Alex_souza_FPS deu alguma grana para ML_santos.
[10/07/2021 - 20:23:58] - * Alex_souza_FPS deu alguma grana para Haridade.
[10/07/2021 - 20:23:59] - * Alex_souza_FPS deu alguma grana para Haridade.
[10/07/2021 - 20:26:40] - * Alex_souza_FPS deu alguma grana para Bkey_DuMonster.
[10/07/2021 - 20:41:00] - * KINGZIN.Fe deu alguma grana para dudu_1338.
[10/07/2021 - 20:46:19] - * KINGZIN.Fe deu alguma grana para dudu_1338.
[10/07/2021 - 20:58:46] - * KABUTO_TRALHA deu alguma grana para Lucas_Barcas.
[10/07/2021 - 20:59:05] - * KABUTO_TRALHA deu alguma grana para Lucas_Barcas.
[10/07/2021 - 21:10:21] - * KABUTO_TRALHA deu alguma grana para TEXUGO_.
[10/07/2021 - 21:10:23] - * KABUTO_TRALHA deu alguma grana para TEXUGO_.
[10/07/2021 - 21:10:25] - * KABUTO_TRALHA deu alguma grana para TEXUGO_.
[10/07/2021 - 21:10:26] - * KABUTO_TRALHA deu alguma grana para TEXUGO_.
[10/07/2021 - 21:10:27] - * KABUTO_TRALHA deu alguma grana para TEXUGO_.
[10/07/2021 - 21:10:28] - * KABUTO_TRALHA deu alguma grana para TEXUGO_.
[10/07/2021 - 21:10:29] - * KABUTO_TRALHA deu alguma grana para TEXUGO_.
[10/07/2021 - 21:10:30] - * KABUTO_TRALHA deu alguma grana para TEXUGO_.
[10/07/2021 - 21:10:32] - * KABUTO_TRALHA deu alguma grana para TEXUGO_.
[10/07/2021 - 21:10:33] - * KABUTO_TRALHA deu alguma grana para TEXUGO_.
[10/07/2021 - 21:10:34] - * KABUTO_TRALHA deu alguma grana para TEXUGO_.
[10/07/2021 - 21:10:35] - * KABUTO_TRALHA deu alguma grana para TEXUGO_.
[10/07/2021 - 21:10:36] - * KABUTO_TRALHA deu alguma grana para TEXUGO_.
[10/07/2021 - 21:10:37] - * KABUTO_TRALHA deu alguma grana para TEXUGO_.
[10/07/2021 - 21:10:38] - * KABUTO_TRALHA deu alguma grana para TEXUGO_.
[10/07/2021 - 21:10:39] - * KABUTO_TRALHA deu alguma grana para TEXUGO_.
[10/07/2021 - 21:10:39] - * KABUTO_TRALHA deu alguma grana para TEXUGO_.
[10/07/2021 - 21:10:40] - * KABUTO_TRALHA deu alguma grana para TEXUGO_.
[10/07/2021 - 21:10:41] - * KABUTO_TRALHA deu alguma grana para TEXUGO_.
[10/07/2021 - 21:10:42] - * KABUTO_TRALHA deu alguma grana para TEXUGO_.
[10/07/2021 - 21:10:43] - * KABUTO_TRALHA deu alguma grana para TEXUGO_.
[10/07/2021 - 21:10:44] - * KABUTO_TRALHA deu alguma grana para TEXUGO_.
[10/07/2021 - 21:10:45] - * KABUTO_TRALHA deu alguma grana para TEXUGO_.
[10/07/2021 - 21:10:46] - * KABUTO_TRALHA deu alguma grana para TEXUGO_.
[10/07/2021 - 21:10:46] - * KABUTO_TRALHA deu alguma grana para TEXUGO_.
[10/07/2021 - 21:10:47] - * KABUTO_TRALHA deu alguma grana para TEXUGO_.
[10/07/2021 - 21:10:48] - * KABUTO_TRALHA deu alguma grana para TEXUGO_.
[10/07/2021 - 21:10:49] - * KABUTO_TRALHA deu alguma grana para TEXUGO_.
[10/07/2021 - 21:10:50] - * KABUTO_TRALHA deu alguma grana para TEXUGO_.
[10/07/2021 - 21:10:51] - * KABUTO_TRALHA deu alguma grana para TEXUGO_.
[10/07/2021 - 21:10:51] - * KABUTO_TRALHA deu alguma grana para TEXUGO_.
[10/07/2021 - 21:10:53] - * KABUTO_TRALHA deu alguma grana para TEXUGO_.
[10/07/2021 - 21:10:54] - * KABUTO_TRALHA deu alguma grana para TEXUGO_.
[10/07/2021 - 21:10:55] - * KABUTO_TRALHA deu alguma grana para TEXUGO_.
[10/07/2021 - 21:10:56] - * KABUTO_TRALHA deu alguma grana para TEXUGO_.
[10/07/2021 - 21:10:57] - * KABUTO_TRALHA deu alguma grana para TEXUGO_.
[10/07/2021 - 21:11:02] - * KABUTO_TRALHA deu alguma grana para TEXUGO_.
[10/07/2021 - 21:11:06] - * KABUTO_TRALHA deu alguma grana para TEXUGO_.
[10/07/2021 - 21:11:08] - * KABUTO_TRALHA deu alguma grana para TEXUGO_.
[10/07/2021 - 21:11:10] - * KABUTO_TRALHA deu alguma grana para TEXUGO_.
[10/07/2021 - 21:11:11] - * KABUTO_TRALHA deu alguma grana para TEXUGO_.
[10/07/2021 - 21:11:11] - * KABUTO_TRALHA deu alguma grana para TEXUGO_.
[10/07/2021 - 21:11:12] - * KABUTO_TRALHA deu alguma grana para TEXUGO_.
[10/07/2021 - 21:11:13] - * KABUTO_TRALHA deu alguma grana para TEXUGO_.
[10/07/2021 - 21:11:13] - * KABUTO_TRALHA deu alguma grana para TEXUGO_.
[10/07/2021 - 21:11:15] - * KABUTO_TRALHA deu alguma grana para TEXUGO_.
[10/07/2021 - 21:11:15] - * KABUTO_TRALHA deu alguma grana para TEXUGO_.
[10/07/2021 - 21:11:16] - * KABUTO_TRALHA deu alguma grana para TEXUGO_.
[10/07/2021 - 21:11:20] - * KABUTO_TRALHA deu alguma grana para TEXUGO_.
[10/07/2021 - 21:11:20] - * KABUTO_TRALHA deu alguma grana para TEXUGO_.
[10/07/2021 - 21:11:22] - * KABUTO_TRALHA deu alguma grana para TEXUGO_.
[10/07/2021 - 21:11:25] - * KABUTO_TRALHA deu alguma grana para TEXUGO_.
[10/07/2021 - 21:11:25] - * KABUTO_TRALHA deu alguma grana para TEXUGO_.
[10/07/2021 - 21:11:26] - * KABUTO_TRALHA deu alguma grana para TEXUGO_.
[10/07/2021 - 21:11:27] - * KABUTO_TRALHA deu alguma grana para TEXUGO_.
[10/07/2021 - 21:11:27] - * KABUTO_TRALHA deu alguma grana para TEXUGO_.
[10/07/2021 - 21:11:28] - * KABUTO_TRALHA deu alguma grana para TEXUGO_.
[10/07/2021 - 21:11:29] - * KABUTO_TRALHA deu alguma grana para TEXUGO_.
[10/07/2021 - 21:11:29] - * KABUTO_TRALHA deu alguma grana para TEXUGO_.
[10/07/2021 - 21:11:31] - * KABUTO_TRALHA deu alguma grana para TEXUGO_.
[10/07/2021 - 21:11:31] - * KABUTO_TRALHA deu alguma grana para TEXUGO_.
[10/07/2021 - 21:11:32] - * KABUTO_TRALHA deu alguma grana para TEXUGO_.
[10/07/2021 - 21:11:33] - * KABUTO_TRALHA deu alguma grana para TEXUGO_.
[10/07/2021 - 21:11:34] - * KABUTO_TRALHA deu alguma grana para TEXUGO_.
[10/07/2021 - 21:11:35] - * KABUTO_TRALHA deu alguma grana para TEXUGO_.
[10/07/2021 - 21:11:36] - * KABUTO_TRALHA deu alguma grana para TEXUGO_.
[10/07/2021 - 21:11:37] - * KABUTO_TRALHA deu alguma grana para TEXUGO_.
[10/07/2021 - 21:11:38] - * KABUTO_TRALHA deu alguma grana para TEXUGO_.
[10/07/2021 - 21:11:39] - * KABUTO_TRALHA deu alguma grana para TEXUGO_.
[10/07/2021 - 21:11:40] - * KABUTO_TRALHA deu alguma grana para TEXUGO_.
[10/07/2021 - 21:11:40] - * KABUTO_TRALHA deu alguma grana para TEXUGO_.
[10/07/2021 - 21:11:42] - * KABUTO_TRALHA deu alguma grana para TEXUGO_.
[10/07/2021 - 21:11:42] - * KABUTO_TRALHA deu alguma grana para TEXUGO_.
[10/07/2021 - 21:11:44] - * KABUTO_TRALHA deu alguma grana para TEXUGO_.
[10/07/2021 - 21:12:57] - * KABUTO_TRALHA deu alguma grana para TEXUGO_.
[10/07/2021 - 21:12:58] - * KABUTO_TRALHA deu alguma grana para TEXUGO_.
[10/07/2021 - 21:12:59] - * KABUTO_TRALHA deu alguma grana para TEXUGO_.
[10/07/2021 - 21:13:01] - * KABUTO_TRALHA deu alguma grana para TEXUGO_.
[10/07/2021 - 21:13:02] - * KABUTO_TRALHA deu alguma grana para TEXUGO_.
[10/07/2021 - 21:13:02] - * KABUTO_TRALHA deu alguma grana para TEXUGO_.
[10/07/2021 - 21:13:03] - * KABUTO_TRALHA deu alguma grana para TEXUGO_.
[10/07/2021 - 21:13:04] - * KABUTO_TRALHA deu alguma grana para TEXUGO_.
[10/07/2021 - 21:13:05] - * KABUTO_TRALHA deu alguma grana para TEXUGO_.
[10/07/2021 - 21:13:06] - * KABUTO_TRALHA deu alguma grana para TEXUGO_.
[10/07/2021 - 21:13:07] - * KABUTO_TRALHA deu alguma grana para TEXUGO_.
[10/07/2021 - 21:13:07] - * KABUTO_TRALHA deu alguma grana para TEXUGO_.
[10/07/2021 - 21:13:08] - * KABUTO_TRALHA deu alguma grana para TEXUGO_.
[10/07/2021 - 21:13:09] - * KABUTO_TRALHA deu alguma grana para TEXUGO_.
[10/07/2021 - 21:13:09] - * KABUTO_TRALHA deu alguma grana para TEXUGO_.
[10/07/2021 - 21:13:11] - * KABUTO_TRALHA deu alguma grana para TEXUGO_.
[10/07/2021 - 21:13:12] - * KABUTO_TRALHA deu alguma grana para TEXUGO_.
[10/07/2021 - 21:13:13] - * KABUTO_TRALHA deu alguma grana para TEXUGO_.
[10/07/2021 - 21:13:13] - * KABUTO_TRALHA deu alguma grana para TEXUGO_.
[10/07/2021 - 21:13:14] - * KABUTO_TRALHA deu alguma grana para TEXUGO_.
[10/07/2021 - 21:13:15] - * KABUTO_TRALHA deu alguma grana para TEXUGO_.
[10/07/2021 - 21:13:15] - * KABUTO_TRALHA deu alguma grana para TEXUGO_.
[10/07/2021 - 21:13:16] - * KABUTO_TRALHA deu alguma grana para TEXUGO_.
[10/07/2021 - 21:13:17] - * KABUTO_TRALHA deu alguma grana para TEXUGO_.
[10/07/2021 - 21:13:22] - * KABUTO_TRALHA deu alguma grana para TEXUGO_.
[10/07/2021 - 21:13:25] - * KABUTO_TRALHA deu alguma grana para TEXUGO_.
[10/07/2021 - 21:13:26] - * KABUTO_TRALHA deu alguma grana para TEXUGO_.
[10/07/2021 - 21:13:26] - * KABUTO_TRALHA deu alguma grana para TEXUGO_.
[10/07/2021 - 21:13:27] - * KABUTO_TRALHA deu alguma grana para TEXUGO_.
[10/07/2021 - 21:13:28] - * KABUTO_TRALHA deu alguma grana para TEXUGO_.
[10/07/2021 - 21:13:29] - * KABUTO_TRALHA deu alguma grana para TEXUGO_.
[10/07/2021 - 21:13:29] - * KABUTO_TRALHA deu alguma grana para TEXUGO_.
[10/07/2021 - 21:13:30] - * KABUTO_TRALHA deu alguma grana para TEXUGO_.
[10/07/2021 - 21:13:31] - * KABUTO_TRALHA deu alguma grana para TEXUGO_.
[10/07/2021 - 21:13:31] - * KABUTO_TRALHA deu alguma grana para TEXUGO_.
[10/07/2021 - 21:13:32] - * KABUTO_TRALHA deu alguma grana para TEXUGO_.
[10/07/2021 - 21:13:32] - * KABUTO_TRALHA deu alguma grana para TEXUGO_.
[10/07/2021 - 21:13:33] - * KABUTO_TRALHA deu alguma grana para TEXUGO_.
[10/07/2021 - 21:13:34] - * KABUTO_TRALHA deu alguma grana para TEXUGO_.
[10/07/2021 - 21:13:34] - * KABUTO_TRALHA deu alguma grana para TEXUGO_.
[10/07/2021 - 21:13:35] - * KABUTO_TRALHA deu alguma grana para TEXUGO_.
[10/07/2021 - 21:13:36] - * KABUTO_TRALHA deu alguma grana para TEXUGO_.
[10/07/2021 - 21:13:37] - * KABUTO_TRALHA deu alguma grana para TEXUGO_.
[10/07/2021 - 21:13:38] - * KABUTO_TRALHA deu alguma grana para TEXUGO_.
[10/07/2021 - 21:13:39] - * KABUTO_TRALHA deu alguma grana para TEXUGO_.
[10/07/2021 - 21:13:40] - * KABUTO_TRALHA deu alguma grana para TEXUGO_.
[10/07/2021 - 21:13:42] - * KABUTO_TRALHA deu alguma grana para TEXUGO_.
[10/07/2021 - 21:13:43] - * KABUTO_TRALHA deu alguma grana para TEXUGO_.
[10/07/2021 - 21:13:43] - * KABUTO_TRALHA deu alguma grana para TEXUGO_.
[10/07/2021 - 21:13:44] - * KABUTO_TRALHA deu alguma grana para TEXUGO_.
[10/07/2021 - 21:13:45] - * KABUTO_TRALHA deu alguma grana para TEXUGO_.
[10/07/2021 - 21:13:47] - * KABUTO_TRALHA deu alguma grana para TEXUGO_.
[10/07/2021 - 21:13:47] - * KABUTO_TRALHA deu alguma grana para TEXUGO_.
[10/07/2021 - 21:13:48] - * KABUTO_TRALHA deu alguma grana para TEXUGO_.
[10/07/2021 - 21:13:49] - * KABUTO_TRALHA deu alguma grana para TEXUGO_.
[10/07/2021 - 21:13:50] - * KABUTO_TRALHA deu alguma grana para TEXUGO_.
[10/07/2021 - 21:13:51] - * KABUTO_TRALHA deu alguma grana para TEXUGO_.
[10/07/2021 - 21:13:52] - * KABUTO_TRALHA deu alguma grana para TEXUGO_.
[10/07/2021 - 21:13:53] - * KABUTO_TRALHA deu alguma grana para TEXUGO_.
[10/07/2021 - 21:13:54] - * KABUTO_TRALHA deu alguma grana para TEXUGO_.
[10/07/2021 - 21:13:55] - * KABUTO_TRALHA deu alguma grana para TEXUGO_.
[10/07/2021 - 21:13:57] - * KABUTO_TRALHA deu alguma grana para TEXUGO_.
[10/07/2021 - 21:13:58] - * KABUTO_TRALHA deu alguma grana para TEXUGO_.
[10/07/2021 - 21:14:02] - * KABUTO_TRALHA deu alguma grana para TEXUGO_.
[10/07/2021 - 21:14:03] - * KABUTO_TRALHA deu alguma grana para TEXUGO_.
[10/07/2021 - 21:14:04] - * KABUTO_TRALHA deu alguma grana para TEXUGO_.
[10/07/2021 - 21:14:04] - * KABUTO_TRALHA deu alguma grana para TEXUGO_.
[10/07/2021 - 21:14:05] - * KABUTO_TRALHA deu alguma grana para TEXUGO_.
[10/07/2021 - 21:14:06] - * KABUTO_TRALHA deu alguma grana para TEXUGO_.
[10/07/2021 - 21:14:06] - * KABUTO_TRALHA deu alguma grana para TEXUGO_.
[10/07/2021 - 21:14:10] - * KABUTO_TRALHA deu alguma grana para TEXUGO_.
[10/07/2021 - 21:14:27] - * KABUTO_TRALHA deu alguma grana para TEXUGO_.
[10/07/2021 - 21:14:29] - * KABUTO_TRALHA deu alguma grana para TEXUGO_.
[10/07/2021 - 21:14:30] - * KABUTO_TRALHA deu alguma grana para TEXUGO_.
[10/07/2021 - 21:14:30] - * KABUTO_TRALHA deu alguma grana para TEXUGO_.
[10/07/2021 - 21:14:32] - * KABUTO_TRALHA deu alguma grana para TEXUGO_.
[10/07/2021 - 21:14:33] - * KABUTO_TRALHA deu alguma grana para TEXUGO_.
[10/07/2021 - 21:14:41] - * KABUTO_TRALHA deu alguma grana para TEXUGO_.
[10/07/2021 - 21:14:43] - * KABUTO_TRALHA deu alguma grana para TEXUGO_.
[10/07/2021 - 21:14:45] - * KABUTO_TRALHA deu alguma grana para TEXUGO_.
[10/07/2021 - 21:14:48] - * KABUTO_TRALHA deu alguma grana para TEXUGO_.
[10/07/2021 - 21:14:49] - * KABUTO_TRALHA deu alguma grana para TEXUGO_.
[10/07/2021 - 21:14:50] - * KABUTO_TRALHA deu alguma grana para TEXUGO_.
[10/07/2021 - 21:14:50] - * KABUTO_TRALHA deu alguma grana para TEXUGO_.
[10/07/2021 - 21:14:51] - * KABUTO_TRALHA deu alguma grana para TEXUGO_.
[10/07/2021 - 21:14:51] - * KABUTO_TRALHA deu alguma grana para TEXUGO_.
[10/07/2021 - 21:14:53] - * KABUTO_TRALHA deu alguma grana para TEXUGO_.
[10/07/2021 - 21:14:54] - * KABUTO_TRALHA deu alguma grana para TEXUGO_.
[10/07/2021 - 21:14:55] - * KABUTO_TRALHA deu alguma grana para TEXUGO_.
[10/07/2021 - 21:14:56] - * KABUTO_TRALHA deu alguma grana para TEXUGO_.
[10/07/2021 - 21:14:57] - * KABUTO_TRALHA deu alguma grana para TEXUGO_.
[10/07/2021 - 21:14:58] - * KABUTO_TRALHA deu alguma grana para TEXUGO_.
[10/07/2021 - 21:14:59] - * KABUTO_TRALHA deu alguma grana para TEXUGO_.
[10/07/2021 - 21:15:00] - * KABUTO_TRALHA deu alguma grana para TEXUGO_.
[10/07/2021 - 21:15:00] - * KABUTO_TRALHA deu alguma grana para TEXUGO_.
[10/07/2021 - 21:15:01] - * KABUTO_TRALHA deu alguma grana para TEXUGO_.
[10/07/2021 - 21:15:02] - * KABUTO_TRALHA deu alguma grana para TEXUGO_.
[10/07/2021 - 21:15:03] - * KABUTO_TRALHA deu alguma grana para TEXUGO_.
[10/07/2021 - 21:15:04] - * KABUTO_TRALHA deu alguma grana para TEXUGO_.
[10/07/2021 - 21:15:04] - * KABUTO_TRALHA deu alguma grana para TEXUGO_.
[10/07/2021 - 21:15:05] - * KABUTO_TRALHA deu alguma grana para TEXUGO_.
[10/07/2021 - 21:15:07] - * KABUTO_TRALHA deu alguma grana para TEXUGO_.
[10/07/2021 - 21:15:08] - * KABUTO_TRALHA deu alguma grana para TEXUGO_.
[10/07/2021 - 21:15:08] - * KABUTO_TRALHA deu alguma grana para TEXUGO_.
[10/07/2021 - 21:15:10] - * KABUTO_TRALHA deu alguma grana para TEXUGO_.
[10/07/2021 - 21:15:11] - * KABUTO_TRALHA deu alguma grana para TEXUGO_.
[10/07/2021 - 21:15:12] - * KABUTO_TRALHA deu alguma grana para TEXUGO_.
[10/07/2021 - 21:15:13] - * KABUTO_TRALHA deu alguma grana para TEXUGO_.
[10/07/2021 - 21:15:15] - * KABUTO_TRALHA deu alguma grana para TEXUGO_.
[10/07/2021 - 21:15:15] - * KABUTO_TRALHA deu alguma grana para TEXUGO_.
[10/07/2021 - 21:15:16] - * KABUTO_TRALHA deu alguma grana para TEXUGO_.
[10/07/2021 - 21:15:17] - * KABUTO_TRALHA deu alguma grana para TEXUGO_.
[10/07/2021 - 21:15:19] - * KABUTO_TRALHA deu alguma grana para TEXUGO_.
[10/07/2021 - 21:15:20] - * KABUTO_TRALHA deu alguma grana para TEXUGO_.
[10/07/2021 - 21:15:21] - * KABUTO_TRALHA deu alguma grana para TEXUGO_.
[10/07/2021 - 21:15:21] - * KABUTO_TRALHA deu alguma grana para TEXUGO_.
[10/07/2021 - 21:15:22] - * KABUTO_TRALHA deu alguma grana para TEXUGO_.
[10/07/2021 - 21:15:23] - * KABUTO_TRALHA deu alguma grana para TEXUGO_.
[10/07/2021 - 21:15:24] - * KABUTO_TRALHA deu alguma grana para TEXUGO_.
[10/07/2021 - 21:15:24] - * KABUTO_TRALHA deu alguma grana para TEXUGO_.
[10/07/2021 - 21:15:25] - * KABUTO_TRALHA deu alguma grana para TEXUGO_.
[10/07/2021 - 21:15:27] - * KABUTO_TRALHA deu alguma grana para TEXUGO_.
[10/07/2021 - 21:15:28] - * KABUTO_TRALHA deu alguma grana para TEXUGO_.
[10/07/2021 - 21:15:29] - * KABUTO_TRALHA deu alguma grana para TEXUGO_.
[10/07/2021 - 21:15:29] - * KABUTO_TRALHA deu alguma grana para TEXUGO_.
[10/07/2021 - 21:15:30] - * KABUTO_TRALHA deu alguma grana para TEXUGO_.
[10/07/2021 - 21:15:31] - * KABUTO_TRALHA deu alguma grana para TEXUGO_.
[10/07/2021 - 21:15:31] - * KABUTO_TRALHA deu alguma grana para TEXUGO_.
[10/07/2021 - 21:15:32] - * KABUTO_TRALHA deu alguma grana para TEXUGO_.
[10/07/2021 - 21:15:34] - * KABUTO_TRALHA deu alguma grana para TEXUGO_.
[10/07/2021 - 21:15:35] - * KABUTO_TRALHA deu alguma grana para TEXUGO_.
[10/07/2021 - 21:15:37] - * KABUTO_TRALHA deu alguma grana para TEXUGO_.
[10/07/2021 - 21:15:39] - * KABUTO_TRALHA deu alguma grana para TEXUGO_.
[10/07/2021 - 21:15:40] - * KABUTO_TRALHA deu alguma grana para TEXUGO_.
[10/07/2021 - 21:15:41] - * KABUTO_TRALHA deu alguma grana para TEXUGO_.
[10/07/2021 - 21:15:43] - * KABUTO_TRALHA deu alguma grana para TEXUGO_.
[10/07/2021 - 21:15:44] - * KABUTO_TRALHA deu alguma grana para TEXUGO_.
[10/07/2021 - 21:15:45] - * KABUTO_TRALHA deu alguma grana para TEXUGO_.
[10/07/2021 - 21:15:46] - * KABUTO_TRALHA deu alguma grana para TEXUGO_.
[10/07/2021 - 21:15:47] - * KABUTO_TRALHA deu alguma grana para TEXUGO_.
[10/07/2021 - 21:15:48] - * KABUTO_TRALHA deu alguma grana para TEXUGO_.
[10/07/2021 - 21:15:48] - * KABUTO_TRALHA deu alguma grana para TEXUGO_.
[10/07/2021 - 21:15:49] - * KABUTO_TRALHA deu alguma grana para TEXUGO_.
[10/07/2021 - 21:15:50] - * KABUTO_TRALHA deu alguma grana para TEXUGO_.
[10/07/2021 - 21:15:50] - * KABUTO_TRALHA deu alguma grana para TEXUGO_.
[10/07/2021 - 21:15:51] - * KABUTO_TRALHA deu alguma grana para TEXUGO_.
[10/07/2021 - 21:15:51] - * KABUTO_TRALHA deu alguma grana para TEXUGO_.
[10/07/2021 - 21:15:52] - * KABUTO_TRALHA deu alguma grana para TEXUGO_.
[10/07/2021 - 21:15:53] - * KABUTO_TRALHA deu alguma grana para TEXUGO_.
[10/07/2021 - 21:15:54] - * KABUTO_TRALHA deu alguma grana para TEXUGO_.
[10/07/2021 - 21:15:55] - * KABUTO_TRALHA deu alguma grana para TEXUGO_.
[10/07/2021 - 21:15:55] - * KABUTO_TRALHA deu alguma grana para TEXUGO_.
[10/07/2021 - 21:15:56] - * KABUTO_TRALHA deu alguma grana para TEXUGO_.
[10/07/2021 - 21:16:00] - * KABUTO_TRALHA deu alguma grana para TEXUGO_.
[10/07/2021 - 21:16:01] - * KABUTO_TRALHA deu alguma grana para TEXUGO_.
[10/07/2021 - 21:16:02] - * KABUTO_TRALHA deu alguma grana para TEXUGO_.
[10/07/2021 - 21:16:03] - * KABUTO_TRALHA deu alguma grana para TEXUGO_.
[10/07/2021 - 21:16:09] - * KABUTO_TRALHA deu alguma grana para TEXUGO_.
[10/07/2021 - 21:16:10] - * KABUTO_TRALHA deu alguma grana para TEXUGO_.
[10/07/2021 - 21:16:11] - * KABUTO_TRALHA deu alguma grana para TEXUGO_.
[10/07/2021 - 21:16:12] - * KABUTO_TRALHA deu alguma grana para TEXUGO_.
[10/07/2021 - 21:16:16] - * KABUTO_TRALHA deu alguma grana para TEXUGO_.
[10/07/2021 - 21:16:20] - * KABUTO_TRALHA deu alguma grana para TEXUGO_.
[10/07/2021 - 21:16:24] - * KABUTO_TRALHA deu alguma grana para TEXUGO_.
[10/07/2021 - 21:18:54] - * Vtzinn_Enguica deu alguma grana para WILL_ALFREI.
[10/07/2021 - 21:18:56] - * Vtzinn_Enguica deu alguma grana para WILL_ALFREI.
[10/07/2021 - 21:53:51] - * lucas_tralha deu alguma grana para FALIDIN_FPS.
[10/07/2021 - 22:37:25] - * SMOKE_ZX deu alguma grana para Crazy_FPSx.
[10/07/2021 - 22:37:26] - * SMOKE_ZX deu alguma grana para Crazy_FPSx.
[10/07/2021 - 23:20:50] - * Zuerim_Bahiano deu alguma grana para CHILIN_TDT.
[10/07/2021 - 23:51:37] - * WL_[CHEFE_TDJ] deu alguma grana para Du_Hype.
[10/07/2021 - 23:51:40] - * WL_[CHEFE_TDJ] deu alguma grana para Du_Hype.
[11/07/2021 - 00:37:57] - RAPOZA_BB comprou armas por R$4800 na empresa 0
[11/07/2021 - 00:47:58] - * edu_play deu alguma grana para Du_Hype.
[11/07/2021 - 00:48:00] - * edu_play deu alguma grana para Du_Hype.
[11/07/2021 - 00:48:02] - * edu_play deu alguma grana para Du_Hype.
[11/07/2021 - 00:48:26] - * edu_play deu alguma grana para Du_Hype.
[11/07/2021 - 00:48:28] - * edu_play deu alguma grana para Du_Hype.
[11/07/2021 - 00:48:30] - * edu_play deu alguma grana para Du_Hype.
[11/07/2021 - 00:48:36] - * edu_play deu alguma grana para Du_Hype.
[11/07/2021 - 01:01:44] - * TZ_SAMP deu alguma grana para zFTC_RUAN.
[11/07/2021 - 01:07:17] - * LeoziN_FPSx deu alguma grana para Low_FPSx.
[11/07/2021 - 01:08:12] - * LeoziN_FPSx deu alguma grana para Low_FPSx.
[11/07/2021 - 01:08:12] - * LeoziN_FPSx deu alguma grana para Low_FPSx.
[11/07/2021 - 01:08:13] - * LeoziN_FPSx deu alguma grana para Low_FPSx.
[11/07/2021 - 01:13:43] - * zFTC_RUAN deu alguma grana para TZ_SAMP.
[11/07/2021 - 01:26:38] - * Red_beiramar deu alguma grana para LuanGabriel06.
[11/07/2021 - 01:26:39] - * Red_beiramar deu alguma grana para LuanGabriel06.
[11/07/2021 - 01:26:40] - * Red_beiramar deu alguma grana para LuanGabriel06.
[11/07/2021 - 01:26:41] - * Red_beiramar deu alguma grana para LuanGabriel06.
[11/07/2021 - 01:26:42] - * Red_beiramar deu alguma grana para LuanGabriel06.
[11/07/2021 - 01:26:43] - * Red_beiramar deu alguma grana para LuanGabriel06.
[11/07/2021 - 01:26:43] - * Red_beiramar deu alguma grana para LuanGabriel06.
[11/07/2021 - 01:26:44] - * Red_beiramar deu alguma grana para LuanGabriel06.
[11/07/2021 - 01:26:45] - * Red_beiramar deu alguma grana para LuanGabriel06.
[11/07/2021 - 01:26:45] - * Red_beiramar deu alguma grana para LuanGabriel06.
[11/07/2021 - 01:26:46] - * Red_beiramar deu alguma grana para LuanGabriel06.
[11/07/2021 - 01:26:46] - * Red_beiramar deu alguma grana para LuanGabriel06.
[11/07/2021 - 01:26:48] - * Red_beiramar deu alguma grana para LuanGabriel06.
[11/07/2021 - 01:26:50] - * Red_beiramar deu alguma grana para LuanGabriel06.
[11/07/2021 - 01:27:10] - * Tavin_FPSx deu alguma grana para LeoziN_FPSx.
[11/07/2021 - 01:33:21] - * WL_[CHEFE_TDJ] deu alguma grana para edu_play.
[11/07/2021 - 01:34:29] - * KINGZIN.Fe deu alguma grana para dudu_1338.
[11/07/2021 - 02:00:51] - * Lucas_pinto deu alguma grana para vulgo_135.
[11/07/2021 - 02:00:53] - * Lucas_pinto deu alguma grana para vulgo_135.
[11/07/2021 - 02:05:53] - * Tavin_FPSx deu alguma grana para yzak_FPS.
[11/07/2021 - 02:05:54] - * Tavin_FPSx deu alguma grana para yzak_FPS.
[11/07/2021 - 02:05:56] - * Tavin_FPSx deu alguma grana para yzak_FPS.
[11/07/2021 - 02:05:57] - * Tavin_FPSx deu alguma grana para yzak_FPS.
[11/07/2021 - 02:05:58] - * Tavin_FPSx deu alguma grana para yzak_FPS.
[11/07/2021 - 02:05:59] - * Tavin_FPSx deu alguma grana para yzak_FPS.
[11/07/2021 - 02:06:01] - * Tavin_FPSx deu alguma grana para yzak_FPS.
[11/07/2021 - 02:06:04] - * Tavin_FPSx deu alguma grana para yzak_FPS.
[11/07/2021 - 02:06:05] - * Tavin_FPSx deu alguma grana para yzak_FPS.
[11/07/2021 - 02:06:30] - * Tavin_FPSx deu alguma grana para yzak_FPS.
[11/07/2021 - 02:09:27] - * yzak_FPS deu alguma grana para Tavin.FPSx.
[11/07/2021 - 02:09:28] - * yzak_FPS deu alguma grana para Tavin.FPSx.
[11/07/2021 - 02:09:29] - * yzak_FPS deu alguma grana para Tavin.FPSx.
[11/07/2021 - 02:09:30] - * yzak_FPS deu alguma grana para Tavin.FPSx.
[11/07/2021 - 02:09:30] - * yzak_FPS deu alguma grana para Tavin.FPSx.
[11/07/2021 - 02:09:31] - * yzak_FPS deu alguma grana para Tavin.FPSx.
[11/07/2021 - 02:09:32] - * yzak_FPS deu alguma grana para Tavin.FPSx.
[11/07/2021 - 02:09:32] - * yzak_FPS deu alguma grana para Tavin.FPSx.
[11/07/2021 - 02:09:33] - * yzak_FPS deu alguma grana para Tavin.FPSx.
[11/07/2021 - 02:09:33] - * yzak_FPS deu alguma grana para Tavin.FPSx.
[11/07/2021 - 02:09:34] - * yzak_FPS deu alguma grana para Tavin.FPSx.
[11/07/2021 - 02:09:34] - * yzak_FPS deu alguma grana para Tavin.FPSx.
[11/07/2021 - 02:09:35] - * yzak_FPS deu alguma grana para Tavin.FPSx.
[11/07/2021 - 02:09:36] - * yzak_FPS deu alguma grana para Tavin.FPSx.
[11/07/2021 - 02:09:38] - * yzak_FPS deu alguma grana para Tavin.FPSx.
[11/07/2021 - 02:09:39] - * yzak_FPS deu alguma grana para Tavin.FPSx.
[11/07/2021 - 02:09:39] - * yzak_FPS deu alguma grana para Tavin.FPSx.
[11/07/2021 - 02:09:40] - * yzak_FPS deu alguma grana para Tavin.FPSx.
[11/07/2021 - 02:09:41] - * yzak_FPS deu alguma grana para Tavin.FPSx.
[11/07/2021 - 02:09:43] - * yzak_FPS deu alguma grana para Tavin.FPSx.
[11/07/2021 - 02:09:44] - * yzak_FPS deu alguma grana para Tavin.FPSx.
[11/07/2021 - 02:09:45] - * yzak_FPS deu alguma grana para Tavin.FPSx.
[11/07/2021 - 02:09:46] - * yzak_FPS deu alguma grana para Tavin.FPSx.
[11/07/2021 - 02:09:47] - * yzak_FPS deu alguma grana para Tavin.FPSx.
[11/07/2021 - 02:09:48] - * yzak_FPS deu alguma grana para Tavin.FPSx.
[11/07/2021 - 02:09:49] - * yzak_FPS deu alguma grana para Tavin.FPSx.
[11/07/2021 - 02:09:50] - * yzak_FPS deu alguma grana para Tavin.FPSx.
[11/07/2021 - 02:09:50] - * yzak_FPS deu alguma grana para Tavin.FPSx.
[11/07/2021 - 02:09:51] - * yzak_FPS deu alguma grana para Tavin.FPSx.
[11/07/2021 - 02:09:53] - * yzak_FPS deu alguma grana para Tavin.FPSx.
[11/07/2021 - 02:09:55] - * yzak_FPS deu alguma grana para Tavin.FPSx.
[11/07/2021 - 02:10:00] - * yzak_FPS deu alguma grana para Tavin.FPSx.
[11/07/2021 - 02:10:11] - * yzak_FPS deu alguma grana para Tavin.FPSx.
[11/07/2021 - 02:10:12] - * yzak_FPS deu alguma grana para Tavin.FPSx.
[11/07/2021 - 02:16:22] - * LeoziN_FPSx deu alguma grana para Tavin.FPSx.
[11/07/2021 - 02:16:23] - * LeoziN_FPSx deu alguma grana para Tavin.FPSx.
[11/07/2021 - 02:16:24] - * LeoziN_FPSx deu alguma grana para Tavin.FPSx.
[11/07/2021 - 02:16:25] - * LeoziN_FPSx deu alguma grana para Tavin.FPSx.
[11/07/2021 - 02:16:26] - * LeoziN_FPSx deu alguma grana para Tavin.FPSx.
[11/07/2021 - 02:16:26] - * LeoziN_FPSx deu alguma grana para Tavin.FPSx.
[11/07/2021 - 02:31:33] - * KINGZIN.Fe deu alguma grana para Kurt_444.
[11/07/2021 - 02:31:34] - * KINGZIN.Fe deu alguma grana para Kurt_444.
[11/07/2021 - 02:31:36] - * KINGZIN.Fe deu alguma grana para Kurt_444.
[11/07/2021 - 02:31:37] - * KINGZIN.Fe deu alguma grana para Kurt_444.
[11/07/2021 - 02:31:39] - * KINGZIN.Fe deu alguma grana para Kurt_444.
[11/07/2021 - 02:31:40] - * KINGZIN.Fe deu alguma grana para Kurt_444.
[11/07/2021 - 02:31:41] - * KINGZIN.Fe deu alguma grana para Kurt_444.
[11/07/2021 - 02:31:42] - * KINGZIN.Fe deu alguma grana para Kurt_444.
[11/07/2021 - 02:31:43] - * KINGZIN.Fe deu alguma grana para Kurt_444.
[11/07/2021 - 02:31:44] - * KINGZIN.Fe deu alguma grana para Kurt_444.
[11/07/2021 - 02:41:03] - ADMIN CMD: O Admin Menor_vl está dando R$100000 para Guh.
[11/07/2021 - 02:41:12] - ADMIN CMD: O Admin Menor_vl está dando R$100000 para Guh.
[11/07/2021 - 02:41:35] - ADMIN CMD: O Admin Menor_vl está dando R$1 para Guh.
[11/07/2021 - 02:41:48] - ADMIN CMD: O Admin Menor_vl está dando R$1000000 para Guh.
[11/07/2021 - 02:41:52] - ADMIN CMD: O Admin Menor_vl está dando R$1000000 para Guh.
[11/07/2021 - 02:46:56] - Mudinho_FPSx comprou armas por R$2800 na empresa 6
[11/07/2021 - 02:47:06] - Mudinho_FPSx comprou armas por R$3800 na empresa 6
[11/07/2021 - 02:59:23] - Luan_gameX comprou armas por R$0 na empresa 0
[11/07/2021 - 02:59:55] - Luan_gameX comprou armas por R$1800 na empresa 0
[11/07/2021 - 03:00:24] - Luan_gameX comprou armas por R$1800 na empresa 0
[11/07/2021 - 03:05:33] - Joaozinx_ff comprou armas por R$6000 na empresa 0
[11/07/2021 - 03:09:41] - * Natan_Insane deu alguma grana para Joaozinx_ff.
[11/07/2021 - 03:09:42] - * Natan_Insane deu alguma grana para Joaozinx_ff.
[11/07/2021 - 03:09:43] - * Natan_Insane deu alguma grana para Joaozinx_ff.
[11/07/2021 - 03:09:45] - * Natan_Insane deu alguma grana para Joaozinx_ff.
[11/07/2021 - 03:09:46] - * Natan_Insane deu alguma grana para Joaozinx_ff.
[11/07/2021 - 03:09:48] - * Natan_Insane deu alguma grana para Joaozinx_ff.
[11/07/2021 - 03:09:51] - * Natan_Insane deu alguma grana para Joaozinx_ff.
[11/07/2021 - 03:09:52] - * Natan_Insane deu alguma grana para Joaozinx_ff.
[11/07/2021 - 03:09:53] - * Natan_Insane deu alguma grana para Joaozinx_ff.
[11/07/2021 - 03:16:59] - Luan_gameX comprou armas por R$2800 na empresa 6
[11/07/2021 - 03:37:08] - * Guh deu alguma grana para bruno_tcp.
[11/07/2021 - 03:37:09] - * Guh deu alguma grana para bruno_tcp.
[11/07/2021 - 03:37:10] - * Guh deu alguma grana para bruno_tcp.
[11/07/2021 - 03:37:10] - * Guh deu alguma grana para bruno_tcp.
[11/07/2021 - 03:37:11] - * Guh deu alguma grana para bruno_tcp.
[11/07/2021 - 04:02:13] - * Replause_Silva deu alguma grana para Real_Train.
[11/07/2021 - 04:05:17] - * vulgo_135 deu alguma grana para Haridade.
[11/07/2021 - 04:05:19] - * vulgo_135 deu alguma grana para Haridade.
[11/07/2021 - 04:05:21] - * vulgo_135 deu alguma grana para Haridade.
[11/07/2021 - 04:05:25] - * vulgo_135 deu alguma grana para Haridade.
[11/07/2021 - 04:05:26] - * vulgo_135 deu alguma grana para Haridade.
[11/07/2021 - 04:07:04] - * vulgo_135 deu alguma grana para Haridade.
[11/07/2021 - 04:14:13] - * vulgo_135 deu alguma grana para Haridade.
[11/07/2021 - 04:14:15] - * vulgo_135 deu alguma grana para Haridade.
[11/07/2021 - 04:14:19] - * vulgo_135 deu alguma grana para Haridade.
[11/07/2021 - 04:14:20] - * vulgo_135 deu alguma grana para Haridade.
[11/07/2021 - 04:14:22] - * vulgo_135 deu alguma grana para Haridade.
[11/07/2021 - 04:14:24] - * vulgo_135 deu alguma grana para Haridade.
[11/07/2021 - 04:14:25] - * vulgo_135 deu alguma grana para Haridade.
[11/07/2021 - 04:14:26] - * vulgo_135 deu alguma grana para Haridade.
[11/07/2021 - 04:14:27] - * vulgo_135 deu alguma grana para Haridade.
[11/07/2021 - 04:14:29] - * vulgo_135 deu alguma grana para Haridade.
[11/07/2021 - 04:14:30] - * vulgo_135 deu alguma grana para Haridade.
[11/07/2021 - 04:14:31] - * vulgo_135 deu alguma grana para Haridade.
[11/07/2021 - 04:14:32] - * vulgo_135 deu alguma grana para Haridade.
[11/07/2021 - 04:14:33] - * vulgo_135 deu alguma grana para Haridade.
[11/07/2021 - 04:14:35] - * vulgo_135 deu alguma grana para Haridade.
[11/07/2021 - 04:14:36] - * vulgo_135 deu alguma grana para Haridade.
[11/07/2021 - 04:14:40] - * vulgo_135 deu alguma grana para Haridade.
[11/07/2021 - 04:14:41] - * vulgo_135 deu alguma grana para Haridade.
[11/07/2021 - 04:14:44] - * vulgo_135 deu alguma grana para Haridade.
[11/07/2021 - 04:14:47] - * vulgo_135 deu alguma grana para Haridade.
[11/07/2021 - 04:14:49] - * vulgo_135 deu alguma grana para Haridade.
[11/07/2021 - 04:14:52] - * vulgo_135 deu alguma grana para Haridade.
[11/07/2021 - 04:14:53] - * vulgo_135 deu alguma grana para Haridade.
[11/07/2021 - 04:14:54] - * vulgo_135 deu alguma grana para Haridade.
[11/07/2021 - 04:14:56] - * vulgo_135 deu alguma grana para Haridade.
[11/07/2021 - 04:14:57] - * vulgo_135 deu alguma grana para Haridade.
[11/07/2021 - 04:15:18] - * vulgo_135 deu alguma grana para Haridade.
[11/07/2021 - 04:21:02] - * Crazy_FPSx deu alguma grana para Haridade.
[11/07/2021 - 04:21:37] - * Crazy_FPSx deu alguma grana para Haridade.
[11/07/2021 - 04:21:39] - * Crazy_FPSx deu alguma grana para Haridade.
[11/07/2021 - 04:21:40] - * Crazy_FPSx deu alguma grana para Haridade.
[11/07/2021 - 04:21:41] - * Crazy_FPSx deu alguma grana para Haridade.
[11/07/2021 - 04:21:42] - * Crazy_FPSx deu alguma grana para Haridade.
[11/07/2021 - 04:21:43] - * Crazy_FPSx deu alguma grana para Haridade.
[11/07/2021 - 04:21:44] - * Crazy_FPSx deu alguma grana para Haridade.
[11/07/2021 - 04:21:45] - * Crazy_FPSx deu alguma grana para Haridade.
[11/07/2021 - 04:21:46] - * Crazy_FPSx deu alguma grana para Haridade.
[11/07/2021 - 04:21:47] - * Crazy_FPSx deu alguma grana para Haridade.
[11/07/2021 - 04:21:48] - * Crazy_FPSx deu alguma grana para Haridade.
[11/07/2021 - 04:21:48] - * Crazy_FPSx deu alguma grana para Haridade.
[11/07/2021 - 04:21:49] - * Crazy_FPSx deu alguma grana para Haridade.
[11/07/2021 - 04:21:51] - * Crazy_FPSx deu alguma grana para Haridade.
[11/07/2021 - 04:21:52] - * Crazy_FPSx deu alguma grana para Haridade.
[11/07/2021 - 04:21:54] - * Crazy_FPSx deu alguma grana para Haridade.
[11/07/2021 - 04:21:56] - * Crazy_FPSx deu alguma grana para Haridade.
[11/07/2021 - 04:39:20] - Motta_realN$ comprou armas por R$2800 na empresa 6
[11/07/2021 - 05:57:12] - * Replause_Silva deu alguma grana para NEGO_NEY.
[11/07/2021 - 05:57:18] - * Replause_Silva deu alguma grana para NEGO_NEY.
[11/07/2021 - 06:40:14] - * Kauan_Santos deu alguma grana para texugo_gg.
[11/07/2021 - 06:40:15] - * Kauan_Santos deu alguma grana para texugo_gg.
[11/07/2021 - 08:06:46] - * LeoziN_FPSx deu alguma grana para TREM_CHITADO.
[11/07/2021 - 09:05:57] - * Low_FPSx deu alguma grana para TREM_CHITADO.
[11/07/2021 - 09:06:02] - * Low_FPSx deu alguma grana para TREM_CHITADO.
[11/07/2021 - 10:48:57] - * Low_FPSx deu alguma grana para LeoziN_FPSx.
[11/07/2021 - 10:48:59] - * Low_FPSx deu alguma grana para LeoziN_FPSx.
[11/07/2021 - 10:49:00] - * Low_FPSx deu alguma grana para LeoziN_FPSx.
[11/07/2021 - 10:49:03] - * Low_FPSx deu alguma grana para LeoziN_FPSx.
[11/07/2021 - 10:49:05] - * Low_FPSx deu alguma grana para LeoziN_FPSx.
[11/07/2021 - 15:31:29] - * Alex_souza_FPS deu alguma grana para Kira_Do_Moster.
[11/07/2021 - 15:31:29] - * Alex_souza_FPS deu alguma grana para Kira_Do_Moster.
[11/07/2021 - 15:31:30] - * Alex_souza_FPS deu alguma grana para Kira_Do_Moster.
[11/07/2021 - 15:31:32] - * Alex_souza_FPS deu alguma grana para Kira_Do_Moster.
[11/07/2021 - 15:31:33] - * Alex_souza_FPS deu alguma grana para Kira_Do_Moster.
[11/07/2021 - 15:31:34] - * Alex_souza_FPS deu alguma grana para Kira_Do_Moster.
[11/07/2021 - 15:31:34] - * Alex_souza_FPS deu alguma grana para Kira_Do_Moster.
[11/07/2021 - 15:31:35] - * Alex_souza_FPS deu alguma grana para Kira_Do_Moster.
[11/07/2021 - 15:31:36] - * Alex_souza_FPS deu alguma grana para Kira_Do_Moster.
[11/07/2021 - 15:31:37] - * Alex_souza_FPS deu alguma grana para Kira_Do_Moster.
[11/07/2021 - 15:31:37] - * Alex_souza_FPS deu alguma grana para Kira_Do_Moster.
[11/07/2021 - 15:31:38] - * Alex_souza_FPS deu alguma grana para Kira_Do_Moster.
[11/07/2021 - 15:31:38] - * Alex_souza_FPS deu alguma grana para Kira_Do_Moster.
[11/07/2021 - 15:31:39] - * Alex_souza_FPS deu alguma grana para Kira_Do_Moster.
[11/07/2021 - 15:31:39] - * Alex_souza_FPS deu alguma grana para Kira_Do_Moster.
[11/07/2021 - 15:31:40] - * Alex_souza_FPS deu alguma grana para Kira_Do_Moster.
[11/07/2021 - 15:31:41] - * Alex_souza_FPS deu alguma grana para Kira_Do_Moster.
[11/07/2021 - 16:39:38] - * carlin_yt deu alguma grana para Joaozinx_ff.
[11/07/2021 - 16:39:41] - * carlin_yt deu alguma grana para Joaozinx_ff.
[11/07/2021 - 16:39:43] - * carlin_yt deu alguma grana para Joaozinx_ff.
[11/07/2021 - 16:39:46] - * carlin_yt deu alguma grana para Joaozinx_ff.
[11/07/2021 - 17:37:51] - * TZ_SAMP deu alguma grana para DBZ_SILVA.
[11/07/2021 - 17:49:41] - * Parlota_Lcs deu alguma grana para Pedro.
[11/07/2021 - 17:49:42] - * Parlota_Lcs deu alguma grana para Pedro.
[11/07/2021 - 17:49:43] - * Parlota_Lcs deu alguma grana para Pedro.
[11/07/2021 - 17:49:44] - * Parlota_Lcs deu alguma grana para Pedro.
[11/07/2021 - 17:49:47] - * Parlota_Lcs deu alguma grana para Pedro.
[11/07/2021 - 17:49:47] - * Parlota_Lcs deu alguma grana para Pedro.
[11/07/2021 - 17:49:49] - * Parlota_Lcs deu alguma grana para Pedro.
[11/07/2021 - 17:49:50] - * Parlota_Lcs deu alguma grana para Pedro.
[11/07/2021 - 17:49:51] - * Parlota_Lcs deu alguma grana para Pedro.
[11/07/2021 - 17:49:52] - * Parlota_Lcs deu alguma grana para Pedro.
[11/07/2021 - 17:49:53] - * Parlota_Lcs deu alguma grana para Pedro.
[11/07/2021 - 17:49:54] - * Parlota_Lcs deu alguma grana para Pedro.
[11/07/2021 - 17:49:55] - * Parlota_Lcs deu alguma grana para Pedro.
[11/07/2021 - 17:49:56] - * Parlota_Lcs deu alguma grana para Pedro.
[11/07/2021 - 17:49:57] - * Parlota_Lcs deu alguma grana para Pedro.
[11/07/2021 - 17:49:58] - * Parlota_Lcs deu alguma grana para Pedro.
[11/07/2021 - 17:49:59] - * Parlota_Lcs deu alguma grana para Pedro.
[11/07/2021 - 17:50:00] - * Parlota_Lcs deu alguma grana para Pedro.
[11/07/2021 - 17:50:01] - * Parlota_Lcs deu alguma grana para Pedro.
[11/07/2021 - 17:50:02] - * Parlota_Lcs deu alguma grana para Pedro.
[11/07/2021 - 18:05:20] - * Parlota_Lcs deu alguma grana para Pedro.
[11/07/2021 - 18:05:22] - * Parlota_Lcs deu alguma grana para Pedro.
[11/07/2021 - 18:05:23] - * Parlota_Lcs deu alguma grana para Pedro.
[11/07/2021 - 18:05:47] - Parlota_Lcs comprou armas por R$6800 na empresa 6
[11/07/2021 - 18:11:49] - * Lucas_pinto deu alguma grana para Maicon_Lopes.
[11/07/2021 - 18:11:51] - * Lucas_pinto deu alguma grana para Maicon_Lopes.
[11/07/2021 - 18:11:51] - * Lucas_pinto deu alguma grana para Maicon_Lopes.
[11/07/2021 - 18:11:52] - * Lucas_pinto deu alguma grana para Maicon_Lopes.
[11/07/2021 - 18:11:53] - * Lucas_pinto deu alguma grana para Maicon_Lopes.
[11/07/2021 - 18:11:54] - * Lucas_pinto deu alguma grana para Maicon_Lopes.
[11/07/2021 - 18:11:54] - * Lucas_pinto deu alguma grana para Maicon_Lopes.
[11/07/2021 - 18:11:55] - * Lucas_pinto deu alguma grana para Maicon_Lopes.
[11/07/2021 - 18:11:56] - * Lucas_pinto deu alguma grana para Maicon_Lopes.
[11/07/2021 - 18:11:57] - * Lucas_pinto deu alguma grana para Maicon_Lopes.
[11/07/2021 - 18:11:58] - * Lucas_pinto deu alguma grana para Maicon_Lopes.
[11/07/2021 - 18:11:59] - * Lucas_pinto deu alguma grana para Maicon_Lopes.
[11/07/2021 - 18:12:00] - * Lucas_pinto deu alguma grana para Maicon_Lopes.
[11/07/2021 - 18:12:01] - * Lucas_pinto deu alguma grana para Maicon_Lopes.
[11/07/2021 - 18:12:02] - * Lucas_pinto deu alguma grana para Maicon_Lopes.
[11/07/2021 - 18:12:03] - * Lucas_pinto deu alguma grana para Maicon_Lopes.
[11/07/2021 - 18:12:04] - * Lucas_pinto deu alguma grana para Maicon_Lopes.
[11/07/2021 - 18:12:05] - * Lucas_pinto deu alguma grana para Maicon_Lopes.
[11/07/2021 - 18:12:06] - * Lucas_pinto deu alguma grana para Maicon_Lopes.
[11/07/2021 - 18:12:06] - * Lucas_pinto deu alguma grana para Maicon_Lopes.
[11/07/2021 - 18:12:07] - * Lucas_pinto deu alguma grana para Maicon_Lopes.
[11/07/2021 - 18:12:08] - * Lucas_pinto deu alguma grana para Maicon_Lopes.
[11/07/2021 - 18:12:10] - * Lucas_pinto deu alguma grana para Maicon_Lopes.
[11/07/2021 - 18:12:10] - * Lucas_pinto deu alguma grana para Maicon_Lopes.
[11/07/2021 - 18:12:11] - * Lucas_pinto deu alguma grana para Maicon_Lopes.
[11/07/2021 - 18:12:12] - * Lucas_pinto deu alguma grana para Maicon_Lopes.
[11/07/2021 - 18:12:13] - * Lucas_pinto deu alguma grana para Maicon_Lopes.
[11/07/2021 - 18:12:14] - * Lucas_pinto deu alguma grana para Maicon_Lopes.
[11/07/2021 - 18:12:15] - * Lucas_pinto deu alguma grana para Maicon_Lopes.
[11/07/2021 - 18:12:16] - * Lucas_pinto deu alguma grana para Maicon_Lopes.
[11/07/2021 - 18:51:22] - * Vgzinn deu alguma grana para flavin_zeca.
[11/07/2021 - 22:27:59] - * Lucas_pinto deu alguma grana para Trem_balaXD.
[11/07/2021 - 22:28:01] - * Lucas_pinto deu alguma grana para Trem_balaXD.
[11/07/2021 - 22:28:01] - * Lucas_pinto deu alguma grana para Trem_balaXD.
[11/07/2021 - 22:28:02] - * Lucas_pinto deu alguma grana para Trem_balaXD.
[11/07/2021 - 22:28:03] - * Lucas_pinto deu alguma grana para Trem_balaXD.
[11/07/2021 - 22:28:03] - * Lucas_pinto deu alguma grana para Trem_balaXD.
[11/07/2021 - 22:28:05] - * Lucas_pinto deu alguma grana para Trem_balaXD.
[11/07/2021 - 22:28:06] - * Lucas_pinto deu alguma grana para Trem_balaXD.
[11/07/2021 - 22:28:07] - * Lucas_pinto deu alguma grana para Trem_balaXD.
[11/07/2021 - 22:28:08] - * Lucas_pinto deu alguma grana para Trem_balaXD.
[11/07/2021 - 22:28:09] - * Lucas_pinto deu alguma grana para Trem_balaXD.
[11/07/2021 - 22:28:10] - * Lucas_pinto deu alguma grana para Trem_balaXD.
[11/07/2021 - 22:28:12] - * Lucas_pinto deu alguma grana para Trem_balaXD.
[11/07/2021 - 22:28:12] - * Lucas_pinto deu alguma grana para Trem_balaXD.
[11/07/2021 - 22:28:14] - * Lucas_pinto deu alguma grana para Trem_balaXD.
[11/07/2021 - 22:28:15] - * Lucas_pinto deu alguma grana para Trem_balaXD.
[11/07/2021 - 22:28:16] - * Lucas_pinto deu alguma grana para Trem_balaXD.
[11/07/2021 - 22:28:18] - * Lucas_pinto deu alguma grana para Trem_balaXD.
[11/07/2021 - 22:28:19] - * Lucas_pinto deu alguma grana para Trem_balaXD.
[11/07/2021 - 22:28:20] - * Lucas_pinto deu alguma grana para Trem_balaXD.
[11/07/2021 - 22:28:21] - * Lucas_pinto deu alguma grana para Trem_balaXD.
[11/07/2021 - 22:28:22] - * Lucas_pinto deu alguma grana para Trem_balaXD.
[11/07/2021 - 22:28:23] - * Lucas_pinto deu alguma grana para Trem_balaXD.
[11/07/2021 - 22:28:24] - * Lucas_pinto deu alguma grana para Trem_balaXD.
[11/07/2021 - 22:28:25] - * Lucas_pinto deu alguma grana para Trem_balaXD.
[11/07/2021 - 22:28:27] - * Lucas_pinto deu alguma grana para Trem_balaXD.
[11/07/2021 - 22:28:28] - * Lucas_pinto deu alguma grana para Trem_balaXD.
[11/07/2021 - 22:28:28] - * Lucas_pinto deu alguma grana para Trem_balaXD.
[11/07/2021 - 22:28:30] - * Lucas_pinto deu alguma grana para Trem_balaXD.
[11/07/2021 - 22:28:31] - * Lucas_pinto deu alguma grana para Trem_balaXD.
[11/07/2021 - 22:28:32] - * Lucas_pinto deu alguma grana para Trem_balaXD.
[11/07/2021 - 22:28:32] - * Lucas_pinto deu alguma grana para Trem_balaXD.
[11/07/2021 - 22:28:34] - * Lucas_pinto deu alguma grana para Trem_balaXD.
[11/07/2021 - 22:28:35] - * Lucas_pinto deu alguma grana para Trem_balaXD.
[11/07/2021 - 22:28:35] - * Lucas_pinto deu alguma grana para Trem_balaXD.
[11/07/2021 - 22:28:38] - * Lucas_pinto deu alguma grana para Trem_balaXD.
[11/07/2021 - 22:28:39] - * Lucas_pinto deu alguma grana para Trem_balaXD.
[11/07/2021 - 22:28:40] - * Lucas_pinto deu alguma grana para Trem_balaXD.
[11/07/2021 - 23:35:11] - * Kira_Do_Moster deu alguma grana para jaozinho.
[12/07/2021 - 00:03:15] - * edu_plsy deu alguma grana para WL_[CHEFE_TDJ].
[12/07/2021 - 00:03:17] - * edu_plsy deu alguma grana para WL_[CHEFE_TDJ].
[12/07/2021 - 00:03:24] - * edu_plsy deu alguma grana para WL_[CHEFE_TDJ].
[12/07/2021 - 00:03:27] - * edu_plsy deu alguma grana para WL_[CHEFE_TDJ].
[12/07/2021 - 02:55:04] - JOAO_VITOR_YT comprou armas por R$0 na empresa 0
[12/07/2021 - 03:36:04] - * tutu_777 deu alguma grana para Kauan_Santos.
[12/07/2021 - 04:00:15] - * Kauan_Santos deu alguma grana para MICA.
[12/07/2021 - 04:00:24] - * Kauan_Santos deu alguma grana para MICA.
[12/07/2021 - 04:14:24] - Kurt_444 comprou armas por R$11000 na empresa 0
[12/07/2021 - 04:14:47] - Kurt_444 comprou armas por R$100 na empresa 0
[12/07/2021 - 04:49:18] - * MICA deu alguma grana para vulgo_135.
[12/07/2021 - 04:49:20] - * MICA deu alguma grana para vulgo_135.
[12/07/2021 - 04:49:22] - * MICA deu alguma grana para vulgo_135.
[12/07/2021 - 05:03:02] - Trashzx_gta3 comprou armas por R$5800 na empresa 0
[12/07/2021 - 05:03:30] - Trashzx_gta3 comprou armas por R$3500 na empresa 0
[12/07/2021 - 05:12:33] - * Guh deu alguma grana para bruno_tcp.
[12/07/2021 - 05:12:34] - * Guh deu alguma grana para bruno_tcp.
[12/07/2021 - 05:12:34] - * Guh deu alguma grana para bruno_tcp.
[12/07/2021 - 05:12:35] - * Guh deu alguma grana para bruno_tcp.
[12/07/2021 - 05:12:35] - * Guh deu alguma grana para bruno_tcp.
[12/07/2021 - 05:12:36] - * Guh deu alguma grana para bruno_tcp.
[12/07/2021 - 05:12:36] - * Guh deu alguma grana para bruno_tcp.
[12/07/2021 - 05:12:37] - * Guh deu alguma grana para bruno_tcp.
[12/07/2021 - 06:17:59] - * juliana deu alguma grana para vulgo_135.
[12/07/2021 - 06:18:02] - * juliana deu alguma grana para vulgo_135.
[12/07/2021 - 06:18:21] - * juliana deu alguma grana para vulgo_135.
[12/07/2021 - 06:18:33] - * juliana deu alguma grana para vulgo_135.
[12/07/2021 - 06:19:45] - * juliana deu alguma grana para vulgo_135.
[12/07/2021 - 06:20:06] - * juliana deu alguma grana para vulgo_135.
[12/07/2021 - 06:39:07] - * carlin_yt deu alguma grana para Crazy_FPSx.
[12/07/2021 - 06:39:10] - * carlin_yt deu alguma grana para Crazy_FPSx.
[12/07/2021 - 06:39:12] - * carlin_yt deu alguma grana para Crazy_FPSx.
[12/07/2021 - 06:39:13] - * carlin_yt deu alguma grana para Crazy_FPSx.
[12/07/2021 - 06:39:14] - * carlin_yt deu alguma grana para Crazy_FPSx.
[12/07/2021 - 06:39:15] - * carlin_yt deu alguma grana para Crazy_FPSx.
[12/07/2021 - 06:41:01] - * carlin_yt deu alguma grana para Crazy_FPSx.
[12/07/2021 - 06:41:03] - * carlin_yt deu alguma grana para Crazy_FPSx.
[12/07/2021 - 06:41:05] - * carlin_yt deu alguma grana para Crazy_FPSx.
[12/07/2021 - 06:43:48] - * Crazy_FPSx deu alguma grana para Mudinho_FPSx.
[12/07/2021 - 06:43:50] - * Crazy_FPSx deu alguma grana para Mudinho_FPSx.
[12/07/2021 - 06:52:41] - * Crazy_FPSx deu alguma grana para Mudinho_FPSx.
[12/07/2021 - 06:52:44] - * Crazy_FPSx deu alguma grana para Mudinho_FPSx.
[12/07/2021 - 06:52:45] - * Crazy_FPSx deu alguma grana para Mudinho_FPSx.
[12/07/2021 - 07:16:25] - * HARlDADE deu alguma grana para Crazy_FPSx.
[12/07/2021 - 07:16:28] - * HARlDADE deu alguma grana para Crazy_FPSx.
[12/07/2021 - 07:16:30] - * HARlDADE deu alguma grana para Crazy_FPSx.
[12/07/2021 - 07:16:31] - * HARlDADE deu alguma grana para Crazy_FPSx.
[12/07/2021 - 07:16:33] - * HARlDADE deu alguma grana para Crazy_FPSx.
[12/07/2021 - 07:16:34] - * HARlDADE deu alguma grana para Crazy_FPSx.
[12/07/2021 - 07:16:36] - * HARlDADE deu alguma grana para Crazy_FPSx.
[12/07/2021 - 07:16:37] - * HARlDADE deu alguma grana para Crazy_FPSx.
[12/07/2021 - 07:16:39] - * HARlDADE deu alguma grana para Crazy_FPSx.
[12/07/2021 - 07:16:40] - * HARlDADE deu alguma grana para Crazy_FPSx.
[12/07/2021 - 07:16:41] - * HARlDADE deu alguma grana para Crazy_FPSx.
[12/07/2021 - 07:16:42] - * HARlDADE deu alguma grana para Crazy_FPSx.
[12/07/2021 - 11:56:47] - * HARlDADE deu alguma grana para Henrique_Franca.
[12/07/2021 - 11:56:49] - * HARlDADE deu alguma grana para Henrique_Franca.
[12/07/2021 - 11:56:50] - * HARlDADE deu alguma grana para Henrique_Franca.
[12/07/2021 - 11:56:52] - * HARlDADE deu alguma grana para Henrique_Franca.
[12/07/2021 - 13:18:14] - * HARlDADE deu alguma grana para connor_Staff.
[12/07/2021 - 13:18:16] - * HARlDADE deu alguma grana para connor_Staff.
[12/07/2021 - 13:18:18] - * HARlDADE deu alguma grana para connor_Staff.
[12/07/2021 - 13:18:24] - * HARlDADE deu alguma grana para connor_Staff.
[12/07/2021 - 14:06:28] - * marcos_leao deu alguma grana para ldraxX_FF.
[12/07/2021 - 14:11:45] - * Red_beiramar deu alguma grana para ldraxX_FF.
[12/07/2021 - 14:11:46] - * Red_beiramar deu alguma grana para ldraxX_FF.
[12/07/2021 - 14:11:48] - * Red_beiramar deu alguma grana para ldraxX_FF.
[12/07/2021 - 14:11:49] - * Red_beiramar deu alguma grana para ldraxX_FF.
[12/07/2021 - 14:11:52] - * Red_beiramar deu alguma grana para ldraxX_FF.
[12/07/2021 - 14:11:53] - * Red_beiramar deu alguma grana para ldraxX_FF.
[12/07/2021 - 14:42:53] - Sr_Nescau comprou armas por R$6800 na empresa 0
[12/07/2021 - 14:45:01] - * Natan_Insane deu alguma grana para HARlDADE.
[12/07/2021 - 14:45:03] - * Natan_Insane deu alguma grana para HARlDADE.
[12/07/2021 - 14:45:07] - * Natan_Insane deu alguma grana para HARlDADE.
[12/07/2021 - 14:45:07] - * Natan_Insane deu alguma grana para HARlDADE.
[12/07/2021 - 14:45:09] - * Natan_Insane deu alguma grana para HARlDADE.
[12/07/2021 - 14:45:10] - * Natan_Insane deu alguma grana para HARlDADE.
[12/07/2021 - 14:51:08] - Alex_souza_FPS comprou armas por R$2250 na empresa 0
[12/07/2021 - 15:00:45] - * connor_ortiz deu alguma grana para Lucas_pinto.
[12/07/2021 - 15:02:33] - * connor_ortiz deu alguma grana para Lucas_pinto.
[12/07/2021 - 15:02:35] - * connor_ortiz deu alguma grana para Lucas_pinto.
[12/07/2021 - 15:02:37] - * connor_ortiz deu alguma grana para Lucas_pinto.
[12/07/2021 - 15:02:38] - * connor_ortiz deu alguma grana para Lucas_pinto.
[12/07/2021 - 15:14:35] - ADMIN CMD: O Admin ICARO_Walker está dando R$100000 para ICARO_Walker.
[12/07/2021 - 15:14:43] - ADMIN CMD: O Admin ICARO_Walker está dando R$100000 para ICARO_Walker.
[12/07/2021 - 15:18:52] - * CJ_DO_PNEU deu alguma grana para CJ_DO_PNEU.
[12/07/2021 - 15:19:16] - * CJ_DO_PNEU deu alguma grana para CJ_DO_PNEU.
[12/07/2021 - 16:04:56] - * Willifergam deu alguma grana para Du_Hype.
[12/07/2021 - 16:19:36] - * Miguel_Donquixote deu alguma grana para JOAO_VITOR_YT.
[12/07/2021 - 16:19:37] - * Miguel_Donquixote deu alguma grana para JOAO_VITOR_YT.
[12/07/2021 - 16:19:37] - * Miguel_Donquixote deu alguma grana para JOAO_VITOR_YT.
[12/07/2021 - 16:19:38] - * Miguel_Donquixote deu alguma grana para JOAO_VITOR_YT.
[12/07/2021 - 16:19:39] - * Miguel_Donquixote deu alguma grana para JOAO_VITOR_YT.
[12/07/2021 - 16:19:39] - * Miguel_Donquixote deu alguma grana para JOAO_VITOR_YT.
[12/07/2021 - 16:19:40] - * Miguel_Donquixote deu alguma grana para JOAO_VITOR_YT.
[12/07/2021 - 16:19:41] - * Miguel_Donquixote deu alguma grana para JOAO_VITOR_YT.
[12/07/2021 - 16:19:42] - * Miguel_Donquixote deu alguma grana para JOAO_VITOR_YT.
[12/07/2021 - 16:19:42] - * Miguel_Donquixote deu alguma grana para JOAO_VITOR_YT.
[12/07/2021 - 16:25:29] - ADMIN CMD: O Admin Vgzinn está dando R$120000 para JOAO_VITOR_YT.
[12/07/2021 - 16:39:56] - * Rei_Do_Rolas deu alguma grana para TZ_SAMP.
[12/07/2021 - 16:39:58] - * Rei_Do_Rolas deu alguma grana para TZ_SAMP.
[12/07/2021 - 16:40:00] - * Rei_Do_Rolas deu alguma grana para TZ_SAMP.
[12/07/2021 - 16:40:01] - * Rei_Do_Rolas deu alguma grana para TZ_SAMP.
[12/07/2021 - 16:40:02] - * Rei_Do_Rolas deu alguma grana para TZ_SAMP.
[12/07/2021 - 16:40:02] - * Rei_Do_Rolas deu alguma grana para TZ_SAMP.
[12/07/2021 - 16:40:03] - * Rei_Do_Rolas deu alguma grana para TZ_SAMP.
[12/07/2021 - 16:40:04] - * Rei_Do_Rolas deu alguma grana para TZ_SAMP.
[12/07/2021 - 16:40:04] - * Rei_Do_Rolas deu alguma grana para TZ_SAMP.
[12/07/2021 - 16:40:05] - * Rei_Do_Rolas deu alguma grana para TZ_SAMP.
[12/07/2021 - 16:40:07] - * Rei_Do_Rolas deu alguma grana para TZ_SAMP.
[12/07/2021 - 16:40:08] - * Rei_Do_Rolas deu alguma grana para TZ_SAMP.
[12/07/2021 - 16:40:09] - * Rei_Do_Rolas deu alguma grana para TZ_SAMP.
[12/07/2021 - 16:40:11] - * Rei_Do_Rolas deu alguma grana para TZ_SAMP.
[12/07/2021 - 16:40:11] - * Rei_Do_Rolas deu alguma grana para TZ_SAMP.
[12/07/2021 - 16:40:57] - * TZ_SAMP deu alguma grana para Rei_Do_Rolas.
[12/07/2021 - 16:40:58] - * TZ_SAMP deu alguma grana para Rei_Do_Rolas.
[12/07/2021 - 16:40:59] - * TZ_SAMP deu alguma grana para Rei_Do_Rolas.
[12/07/2021 - 16:49:58] - PATOLYNO comprou armas por R$8800 na empresa 6
[12/07/2021 - 17:28:32] - * Kauan_Santos deu alguma grana para MICA.
[12/07/2021 - 17:29:07] - * Kauan_Santos deu alguma grana para MICA.
[12/07/2021 - 17:29:11] - * Kauan_Santos deu alguma grana para MICA.
[12/07/2021 - 18:30:43] - alemao_noguira comprou armas por R$100 na empresa 6
[12/07/2021 - 18:45:46] - * Natan_Insane deu alguma grana para HARlDADE.
[12/07/2021 - 18:49:26] - RAPOZA_BB comprou armas por R$4800 na empresa 0
[12/07/2021 - 19:15:04] - * PATOLYNO deu alguma grana para Trem_balaXD.
[12/07/2021 - 19:25:12] - * Joaozinx_ff deu alguma grana para Trax_JK.
[12/07/2021 - 19:27:32] - * Crazy_FPSx deu alguma grana para Mudinho_FPSx.
[12/07/2021 - 19:29:15] - * Lucas_pinto deu alguma grana para HARlDADE.
[12/07/2021 - 19:29:16] - * Lucas_pinto deu alguma grana para HARlDADE.
[12/07/2021 - 19:29:17] - * Lucas_pinto deu alguma grana para HARlDADE.
[12/07/2021 - 19:29:17] - * Lucas_pinto deu alguma grana para HARlDADE.
[12/07/2021 - 19:29:18] - * Lucas_pinto deu alguma grana para HARlDADE.
[12/07/2021 - 19:29:19] - * Lucas_pinto deu alguma grana para HARlDADE.
[12/07/2021 - 19:29:20] - * Lucas_pinto deu alguma grana para HARlDADE.
[12/07/2021 - 19:29:22] - * Lucas_pinto deu alguma grana para HARlDADE.
[12/07/2021 - 19:29:23] - * Lucas_pinto deu alguma grana para HARlDADE.
[12/07/2021 - 19:29:24] - * Lucas_pinto deu alguma grana para HARlDADE.
[12/07/2021 - 19:29:25] - * Lucas_pinto deu alguma grana para HARlDADE.
[12/07/2021 - 19:29:25] - * Lucas_pinto deu alguma grana para HARlDADE.
[12/07/2021 - 19:29:26] - * Lucas_pinto deu alguma grana para HARlDADE.
[12/07/2021 - 19:29:27] - * Lucas_pinto deu alguma grana para HARlDADE.
[12/07/2021 - 19:29:27] - * Lucas_pinto deu alguma grana para HARlDADE.
[12/07/2021 - 19:29:28] - * Lucas_pinto deu alguma grana para HARlDADE.
[12/07/2021 - 19:29:29] - * Lucas_pinto deu alguma grana para HARlDADE.
[12/07/2021 - 19:29:30] - * Lucas_pinto deu alguma grana para HARlDADE.
[12/07/2021 - 19:29:31] - * Lucas_pinto deu alguma grana para HARlDADE.
[12/07/2021 - 19:29:31] - * Lucas_pinto deu alguma grana para HARlDADE.
[12/07/2021 - 19:29:33] - * Lucas_pinto deu alguma grana para HARlDADE.
[12/07/2021 - 19:29:34] - * Lucas_pinto deu alguma grana para HARlDADE.
[12/07/2021 - 19:29:34] - * Lucas_pinto deu alguma grana para HARlDADE.
[12/07/2021 - 19:29:38] - * Lucas_pinto deu alguma grana para HARlDADE.
[12/07/2021 - 19:32:18] - * Trem_balaXD deu alguma grana para HARlDADE.
[12/07/2021 - 19:32:34] - * Trem_balaXD deu alguma grana para HARlDADE.
[12/07/2021 - 19:32:38] - * Trem_balaXD deu alguma grana para HARlDADE.
[12/07/2021 - 19:32:42] - * Trem_balaXD deu alguma grana para HARlDADE.
[12/07/2021 - 19:32:47] - * Trem_balaXD deu alguma grana para HARlDADE.
[12/07/2021 - 19:32:49] - * Trem_balaXD deu alguma grana para HARlDADE.
[12/07/2021 - 19:32:51] - * Trem_balaXD deu alguma grana para HARlDADE.
[12/07/2021 - 19:32:54] - * Trem_balaXD deu alguma grana para HARlDADE.
[12/07/2021 - 19:32:57] - * Trem_balaXD deu alguma grana para HARlDADE.
[12/07/2021 - 19:33:00] - * Trem_balaXD deu alguma grana para HARlDADE.
[12/07/2021 - 19:33:03] - * Trem_balaXD deu alguma grana para HARlDADE.
[12/07/2021 - 19:33:07] - * Trem_balaXD deu alguma grana para HARlDADE.
[12/07/2021 - 19:33:10] - * Trem_balaXD deu alguma grana para HARlDADE.
[12/07/2021 - 19:33:13] - * Trem_balaXD deu alguma grana para HARlDADE.
[12/07/2021 - 19:33:17] - * Trem_balaXD deu alguma grana para HARlDADE.
[12/07/2021 - 19:33:20] - * Trem_balaXD deu alguma grana para HARlDADE.
[12/07/2021 - 19:33:38] - * Trem_balaXD deu alguma grana para HARlDADE.
[12/07/2021 - 19:33:56] - * Trem_balaXD deu alguma grana para HARlDADE.
[12/07/2021 - 19:34:08] - * Trem_balaXD deu alguma grana para HARlDADE.
[12/07/2021 - 19:34:18] - * Trem_balaXD deu alguma grana para HARlDADE.
[12/07/2021 - 19:35:25] - * Trem_balaXD deu alguma grana para Lucas_pinto.
[12/07/2021 - 19:54:49] - * Borges_Escobar deu alguma grana para Kauan_Santos.
[12/07/2021 - 19:58:16] - * Trem_balaXD deu alguma grana para Maicon_Lopes.
[12/07/2021 - 20:04:28] - * Trem_balaXD deu alguma grana para Lucas_pinto.
[12/07/2021 - 20:10:01] - * KPZIN_EXE deu alguma grana para SMOKE_ZX.
[12/07/2021 - 20:10:02] - * KPZIN_EXE deu alguma grana para SMOKE_ZX.
[12/07/2021 - 20:10:03] - * KPZIN_EXE deu alguma grana para SMOKE_ZX.
[12/07/2021 - 20:10:07] - * KPZIN_EXE deu alguma grana para SMOKE_ZX.
[12/07/2021 - 20:10:08] - * KPZIN_EXE deu alguma grana para SMOKE_ZX.
[12/07/2021 - 20:10:09] - * KPZIN_EXE deu alguma grana para SMOKE_ZX.
[12/07/2021 - 20:10:11] - * KPZIN_EXE deu alguma grana para SMOKE_ZX.
[12/07/2021 - 20:10:12] - * KPZIN_EXE deu alguma grana para SMOKE_ZX.
[12/07/2021 - 20:10:13] - * KPZIN_EXE deu alguma grana para SMOKE_ZX.
[12/07/2021 - 20:10:14] - * KPZIN_EXE deu alguma grana para SMOKE_ZX.
[12/07/2021 - 20:10:15] - * KPZIN_EXE deu alguma grana para SMOKE_ZX.
[12/07/2021 - 20:21:38] - RAPOZA_BB comprou armas por R$4800 na empresa 0
[12/07/2021 - 20:21:50] - * Natan_Insane deu alguma grana para KINGZIN.Fe.
[12/07/2021 - 20:21:52] - * Natan_Insane deu alguma grana para KINGZIN.Fe.
[12/07/2021 - 20:21:53] - * Natan_Insane deu alguma grana para KINGZIN.Fe.
[12/07/2021 - 20:38:44] - * KINGZIN.Fe deu alguma grana para SANTOS.
[12/07/2021 - 20:38:46] - * KINGZIN.Fe deu alguma grana para SANTOS.
[12/07/2021 - 20:38:47] - * KINGZIN.Fe deu alguma grana para SANTOS.
[12/07/2021 - 20:38:48] - * KINGZIN.Fe deu alguma grana para SANTOS.
[12/07/2021 - 20:38:49] - * KINGZIN.Fe deu alguma grana para SANTOS.
[12/07/2021 - 20:38:49] - * KINGZIN.Fe deu alguma grana para SANTOS.
[12/07/2021 - 20:38:50] - * KINGZIN.Fe deu alguma grana para SANTOS.
[12/07/2021 - 20:38:51] - * KINGZIN.Fe deu alguma grana para SANTOS.
[12/07/2021 - 20:38:52] - * KINGZIN.Fe deu alguma grana para SANTOS.
[12/07/2021 - 20:38:53] - * KINGZIN.Fe deu alguma grana para SANTOS.
[12/07/2021 - 20:38:54] - * KINGZIN.Fe deu alguma grana para SANTOS.
[12/07/2021 - 20:38:55] - * KINGZIN.Fe deu alguma grana para SANTOS.
[12/07/2021 - 20:38:56] - * KINGZIN.Fe deu alguma grana para SANTOS.
[12/07/2021 - 20:38:56] - * KINGZIN.Fe deu alguma grana para SANTOS.
[12/07/2021 - 20:38:57] - * KINGZIN.Fe deu alguma grana para SANTOS.
[12/07/2021 - 20:38:58] - * KINGZIN.Fe deu alguma grana para SANTOS.
[12/07/2021 - 20:38:59] - * KINGZIN.Fe deu alguma grana para SANTOS.
[12/07/2021 - 20:39:00] - * KINGZIN.Fe deu alguma grana para SANTOS.
[12/07/2021 - 20:43:05] - * X9_PVP deu alguma grana para Kauan_Santos.
[12/07/2021 - 20:43:07] - * X9_PVP deu alguma grana para Kauan_Santos.
[12/07/2021 - 20:43:09] - * X9_PVP deu alguma grana para Kauan_Santos.
[12/07/2021 - 20:43:10] - * X9_PVP deu alguma grana para Kauan_Santos.
[12/07/2021 - 20:43:12] - * X9_PVP deu alguma grana para Kauan_Santos.
[12/07/2021 - 20:43:15] - * X9_PVP deu alguma grana para Kauan_Santos.
[12/07/2021 - 20:43:19] - * X9_PVP deu alguma grana para Kauan_Santos.
[12/07/2021 - 20:43:20] - * X9_PVP deu alguma grana para Kauan_Santos.
[12/07/2021 - 20:43:36] - * X9_PVP deu alguma grana para Kauan_Santos.
[12/07/2021 - 20:43:38] - * X9_PVP deu alguma grana para Kauan_Santos.
[12/07/2021 - 20:43:39] - * X9_PVP deu alguma grana para Kauan_Santos.
[12/07/2021 - 20:43:40] - * X9_PVP deu alguma grana para Kauan_Santos.
[12/07/2021 - 20:43:48] - * X9_PVP deu alguma grana para Borges_Escobar.
[12/07/2021 - 20:44:22] - * Borges_Escobar deu alguma grana para Kauan_Santos.
[12/07/2021 - 20:44:23] - * Borges_Escobar deu alguma grana para Kauan_Santos.
[12/07/2021 - 20:44:23] - * Borges_Escobar deu alguma grana para Kauan_Santos.
[12/07/2021 - 20:44:23] - * Borges_Escobar deu alguma grana para Kauan_Santos.
[12/07/2021 - 20:44:24] - * Borges_Escobar deu alguma grana para Kauan_Santos.
[12/07/2021 - 20:44:24] - * Borges_Escobar deu alguma grana para Kauan_Santos.
[12/07/2021 - 20:44:24] - * Borges_Escobar deu alguma grana para Kauan_Santos.
[12/07/2021 - 20:44:25] - * Borges_Escobar deu alguma grana para Kauan_Santos.
[12/07/2021 - 20:44:25] - * Borges_Escobar deu alguma grana para Kauan_Santos.
[12/07/2021 - 20:44:25] - * Borges_Escobar deu alguma grana para Kauan_Santos.
[12/07/2021 - 20:44:26] - * Borges_Escobar deu alguma grana para Kauan_Santos.
[12/07/2021 - 20:44:26] - * Borges_Escobar deu alguma grana para Kauan_Santos.
[12/07/2021 - 20:44:26] - * Borges_Escobar deu alguma grana para Kauan_Santos.
[12/07/2021 - 20:44:27] - * Borges_Escobar deu alguma grana para Kauan_Santos.
[12/07/2021 - 20:44:27] - * Borges_Escobar deu alguma grana para Kauan_Santos.
[12/07/2021 - 20:44:27] - * Borges_Escobar deu alguma grana para Kauan_Santos.
[12/07/2021 - 20:44:28] - * Borges_Escobar deu alguma grana para Kauan_Santos.
[12/07/2021 - 20:44:28] - * Borges_Escobar deu alguma grana para Kauan_Santos.
[12/07/2021 - 20:44:28] - * Borges_Escobar deu alguma grana para Kauan_Santos.
[12/07/2021 - 20:44:29] - * Borges_Escobar deu alguma grana para Kauan_Santos.
[12/07/2021 - 20:44:29] - * Borges_Escobar deu alguma grana para Kauan_Santos.
[12/07/2021 - 20:44:29] - * Borges_Escobar deu alguma grana para Kauan_Santos.
[12/07/2021 - 20:44:30] - * Borges_Escobar deu alguma grana para Kauan_Santos.
[12/07/2021 - 20:44:30] - * Borges_Escobar deu alguma grana para Kauan_Santos.
[12/07/2021 - 20:44:30] - * Borges_Escobar deu alguma grana para Kauan_Santos.
[12/07/2021 - 20:44:31] - * Borges_Escobar deu alguma grana para Kauan_Santos.
[12/07/2021 - 20:44:31] - * Borges_Escobar deu alguma grana para Kauan_Santos.
[12/07/2021 - 20:44:31] - * Borges_Escobar deu alguma grana para Kauan_Santos.
[12/07/2021 - 20:44:32] - * Borges_Escobar deu alguma grana para Kauan_Santos.
[12/07/2021 - 20:44:32] - * Borges_Escobar deu alguma grana para Kauan_Santos.
[12/07/2021 - 20:44:32] - * Borges_Escobar deu alguma grana para Kauan_Santos.
[12/07/2021 - 20:44:33] - * Borges_Escobar deu alguma grana para Kauan_Santos.
[12/07/2021 - 20:44:33] - * Borges_Escobar deu alguma grana para Kauan_Santos.
[12/07/2021 - 20:44:33] - * Borges_Escobar deu alguma grana para Kauan_Santos.
[12/07/2021 - 20:44:34] - * Borges_Escobar deu alguma grana para Kauan_Santos.
[12/07/2021 - 20:44:34] - * Borges_Escobar deu alguma grana para Kauan_Santos.
[12/07/2021 - 20:44:35] - * Borges_Escobar deu alguma grana para Kauan_Santos.
[12/07/2021 - 21:42:01] - * Trem_balaXD deu alguma grana para HARlDADE.
[12/07/2021 - 21:42:08] - * Trem_balaXD deu alguma grana para HARlDADE.
[12/07/2021 - 21:42:11] - * Trem_balaXD deu alguma grana para HARlDADE.
[12/07/2021 - 21:42:17] - * Trem_balaXD deu alguma grana para HARlDADE.
[12/07/2021 - 21:42:20] - * Trem_balaXD deu alguma grana para HARlDADE.
[12/07/2021 - 21:42:22] - * Trem_balaXD deu alguma grana para HARlDADE.
[12/07/2021 - 21:42:24] - * Trem_balaXD deu alguma grana para HARlDADE.
[12/07/2021 - 21:42:27] - * Trem_balaXD deu alguma grana para HARlDADE.
[12/07/2021 - 21:42:29] - * Trem_balaXD deu alguma grana para HARlDADE.
[12/07/2021 - 21:42:30] - * Trem_balaXD deu alguma grana para HARlDADE.
[12/07/2021 - 21:42:32] - * Trem_balaXD deu alguma grana para HARlDADE.
[12/07/2021 - 21:42:33] - * Trem_balaXD deu alguma grana para HARlDADE.
[12/07/2021 - 21:42:35] - * Trem_balaXD deu alguma grana para HARlDADE.
[12/07/2021 - 21:42:36] - * Trem_balaXD deu alguma grana para HARlDADE.
[12/07/2021 - 21:42:38] - * Trem_balaXD deu alguma grana para HARlDADE.
[12/07/2021 - 21:42:40] - * Trem_balaXD deu alguma grana para HARlDADE.
[12/07/2021 - 21:42:41] - * Trem_balaXD deu alguma grana para HARlDADE.
[12/07/2021 - 21:42:43] - * Trem_balaXD deu alguma grana para HARlDADE.
[12/07/2021 - 21:42:44] - * Trem_balaXD deu alguma grana para HARlDADE.
[12/07/2021 - 21:42:46] - * Trem_balaXD deu alguma grana para HARlDADE.
[12/07/2021 - 21:42:48] - * Trem_balaXD deu alguma grana para HARlDADE.
[12/07/2021 - 21:42:52] - * Trem_balaXD deu alguma grana para HARlDADE.
[12/07/2021 - 21:42:54] - * Trem_balaXD deu alguma grana para HARlDADE.
[12/07/2021 - 21:42:56] - * Trem_balaXD deu alguma grana para HARlDADE.
[12/07/2021 - 21:42:59] - * Trem_balaXD deu alguma grana para HARlDADE.
[12/07/2021 - 21:43:01] - * Trem_balaXD deu alguma grana para HARlDADE.
[12/07/2021 - 21:43:02] - * Trem_balaXD deu alguma grana para HARlDADE.
[12/07/2021 - 21:43:04] - * Trem_balaXD deu alguma grana para HARlDADE.
[12/07/2021 - 21:43:05] - * Trem_balaXD deu alguma grana para HARlDADE.
[12/07/2021 - 21:43:07] - * Trem_balaXD deu alguma grana para HARlDADE.
[12/07/2021 - 21:43:08] - * Trem_balaXD deu alguma grana para HARlDADE.
[12/07/2021 - 21:43:09] - * Trem_balaXD deu alguma grana para HARlDADE.
[12/07/2021 - 21:43:11] - * Trem_balaXD deu alguma grana para HARlDADE.
[12/07/2021 - 21:43:12] - * Trem_balaXD deu alguma grana para HARlDADE.
[12/07/2021 - 21:43:13] - * Trem_balaXD deu alguma grana para HARlDADE.
[12/07/2021 - 21:43:15] - * Trem_balaXD deu alguma grana para HARlDADE.
[12/07/2021 - 21:43:16] - * Trem_balaXD deu alguma grana para HARlDADE.
[12/07/2021 - 21:43:17] - * Trem_balaXD deu alguma grana para HARlDADE.
[12/07/2021 - 21:43:19] - * Trem_balaXD deu alguma grana para HARlDADE.
[12/07/2021 - 21:43:20] - * Trem_balaXD deu alguma grana para HARlDADE.
[12/07/2021 - 21:43:22] - * Trem_balaXD deu alguma grana para HARlDADE.
[12/07/2021 - 21:43:23] - * Trem_balaXD deu alguma grana para HARlDADE.
[12/07/2021 - 21:43:25] - * Trem_balaXD deu alguma grana para HARlDADE.
[12/07/2021 - 21:43:26] - * Trem_balaXD deu alguma grana para HARlDADE.
[12/07/2021 - 21:43:28] - * Trem_balaXD deu alguma grana para HARlDADE.
[12/07/2021 - 21:43:29] - * Trem_balaXD deu alguma grana para HARlDADE.
[12/07/2021 - 21:43:31] - * Trem_balaXD deu alguma grana para HARlDADE.
[12/07/2021 - 21:43:32] - * Trem_balaXD deu alguma grana para HARlDADE.
[12/07/2021 - 21:43:34] - * Trem_balaXD deu alguma grana para HARlDADE.
[12/07/2021 - 21:43:35] - * Trem_balaXD deu alguma grana para HARlDADE.
[12/07/2021 - 21:43:36] - * Trem_balaXD deu alguma grana para HARlDADE.
[12/07/2021 - 21:43:38] - * Trem_balaXD deu alguma grana para HARlDADE.
[12/07/2021 - 21:43:39] - * Trem_balaXD deu alguma grana para HARlDADE.
[12/07/2021 - 21:43:41] - * Trem_balaXD deu alguma grana para HARlDADE.
[12/07/2021 - 21:43:43] - * Trem_balaXD deu alguma grana para HARlDADE.
[12/07/2021 - 21:43:45] - * Trem_balaXD deu alguma grana para HARlDADE.
[12/07/2021 - 21:43:46] - * Trem_balaXD deu alguma grana para HARlDADE.
[12/07/2021 - 21:43:48] - * Trem_balaXD deu alguma grana para HARlDADE.
[12/07/2021 - 21:43:49] - * Trem_balaXD deu alguma grana para HARlDADE.
[12/07/2021 - 21:43:50] - * Trem_balaXD deu alguma grana para HARlDADE.
[12/07/2021 - 21:43:52] - * Trem_balaXD deu alguma grana para HARlDADE.
[12/07/2021 - 21:43:53] - * Trem_balaXD deu alguma grana para HARlDADE.
[12/07/2021 - 21:43:55] - * Trem_balaXD deu alguma grana para HARlDADE.
[12/07/2021 - 21:43:57] - * Trem_balaXD deu alguma grana para HARlDADE.
[12/07/2021 - 21:43:58] - * Trem_balaXD deu alguma grana para HARlDADE.
[12/07/2021 - 21:43:59] - * Trem_balaXD deu alguma grana para HARlDADE.
[12/07/2021 - 21:44:01] - * Trem_balaXD deu alguma grana para HARlDADE.
[12/07/2021 - 21:44:02] - * Trem_balaXD deu alguma grana para HARlDADE.
[12/07/2021 - 21:44:05] - * Trem_balaXD deu alguma grana para HARlDADE.
[12/07/2021 - 21:44:08] - * Trem_balaXD deu alguma grana para HARlDADE.
[12/07/2021 - 21:44:23] - * Trem_balaXD deu alguma grana para HARlDADE.
[12/07/2021 - 21:44:25] - * Trem_balaXD deu alguma grana para HARlDADE.
[12/07/2021 - 21:44:31] - * Trem_balaXD deu alguma grana para HARlDADE.
[12/07/2021 - 21:44:32] - * Trem_balaXD deu alguma grana para HARlDADE.
[12/07/2021 - 21:44:34] - * Trem_balaXD deu alguma grana para HARlDADE.
[12/07/2021 - 21:44:35] - * Trem_balaXD deu alguma grana para HARlDADE.
[12/07/2021 - 21:44:36] - * Trem_balaXD deu alguma grana para HARlDADE.
[12/07/2021 - 21:44:38] - * Trem_balaXD deu alguma grana para HARlDADE.
[12/07/2021 - 21:44:40] - * Trem_balaXD deu alguma grana para HARlDADE.
[12/07/2021 - 21:44:41] - * Trem_balaXD deu alguma grana para HARlDADE.
[12/07/2021 - 21:44:43] - * Trem_balaXD deu alguma grana para HARlDADE.
[12/07/2021 - 21:44:44] - * Trem_balaXD deu alguma grana para HARlDADE.
[12/07/2021 - 21:44:46] - * Trem_balaXD deu alguma grana para HARlDADE.
[12/07/2021 - 21:52:41] - * Lucas_pinto deu alguma grana para HARlDADE.
[12/07/2021 - 21:52:43] - * Lucas_pinto deu alguma grana para HARlDADE.
[12/07/2021 - 21:52:44] - * Lucas_pinto deu alguma grana para HARlDADE.
[12/07/2021 - 21:52:45] - * Lucas_pinto deu alguma grana para HARlDADE.
[12/07/2021 - 21:52:45] - * Lucas_pinto deu alguma grana para HARlDADE.
[12/07/2021 - 21:52:47] - * Lucas_pinto deu alguma grana para HARlDADE.
[12/07/2021 - 21:52:47] - * Lucas_pinto deu alguma grana para HARlDADE.
[12/07/2021 - 21:52:48] - * Lucas_pinto deu alguma grana para HARlDADE.
[12/07/2021 - 21:52:49] - * Lucas_pinto deu alguma grana para HARlDADE.
[12/07/2021 - 21:52:50] - * Lucas_pinto deu alguma grana para HARlDADE.
[12/07/2021 - 21:52:51] - * Lucas_pinto deu alguma grana para HARlDADE.
[12/07/2021 - 21:52:52] - * Lucas_pinto deu alguma grana para HARlDADE.
[12/07/2021 - 21:52:52] - * Lucas_pinto deu alguma grana para HARlDADE.
[12/07/2021 - 21:52:53] - * Lucas_pinto deu alguma grana para HARlDADE.
[12/07/2021 - 21:52:54] - * Lucas_pinto deu alguma grana para HARlDADE.
[12/07/2021 - 21:52:55] - * Lucas_pinto deu alguma grana para HARlDADE.
[12/07/2021 - 21:52:55] - * Lucas_pinto deu alguma grana para HARlDADE.
[12/07/2021 - 21:52:57] - * Lucas_pinto deu alguma grana para HARlDADE.
[12/07/2021 - 21:52:57] - * Lucas_pinto deu alguma grana para HARlDADE.
[12/07/2021 - 21:52:58] - * Lucas_pinto deu alguma grana para HARlDADE.
[12/07/2021 - 21:52:59] - * Lucas_pinto deu alguma grana para HARlDADE.
[12/07/2021 - 21:53:00] - * Lucas_pinto deu alguma grana para HARlDADE.
[12/07/2021 - 21:53:00] - * Lucas_pinto deu alguma grana para HARlDADE.
[12/07/2021 - 21:53:01] - * Lucas_pinto deu alguma grana para HARlDADE.
[12/07/2021 - 21:53:02] - * Lucas_pinto deu alguma grana para HARlDADE.
[12/07/2021 - 21:53:03] - * Lucas_pinto deu alguma grana para HARlDADE.
[12/07/2021 - 21:53:03] - * Lucas_pinto deu alguma grana para HARlDADE.
[12/07/2021 - 21:53:06] - * Lucas_pinto deu alguma grana para HARlDADE.
[12/07/2021 - 21:53:07] - * Lucas_pinto deu alguma grana para HARlDADE.
[12/07/2021 - 21:53:07] - * Lucas_pinto deu alguma grana para HARlDADE.
[12/07/2021 - 21:53:08] - * Lucas_pinto deu alguma grana para HARlDADE.
[12/07/2021 - 21:53:09] - * Lucas_pinto deu alguma grana para HARlDADE.
[12/07/2021 - 21:53:10] - * Lucas_pinto deu alguma grana para HARlDADE.
[12/07/2021 - 21:53:10] - * Lucas_pinto deu alguma grana para HARlDADE.
[12/07/2021 - 21:53:11] - * Lucas_pinto deu alguma grana para HARlDADE.
[12/07/2021 - 21:53:12] - * Lucas_pinto deu alguma grana para HARlDADE.
[12/07/2021 - 21:53:13] - * Lucas_pinto deu alguma grana para HARlDADE.
[12/07/2021 - 21:53:14] - * Lucas_pinto deu alguma grana para HARlDADE.
[12/07/2021 - 21:53:14] - * Lucas_pinto deu alguma grana para HARlDADE.
[12/07/2021 - 21:53:15] - * Lucas_pinto deu alguma grana para HARlDADE.
[12/07/2021 - 21:53:16] - * Lucas_pinto deu alguma grana para HARlDADE.
[12/07/2021 - 21:53:17] - * Lucas_pinto deu alguma grana para HARlDADE.
[12/07/2021 - 21:53:18] - * Lucas_pinto deu alguma grana para HARlDADE.
[12/07/2021 - 21:53:18] - * Lucas_pinto deu alguma grana para HARlDADE.
[12/07/2021 - 21:53:19] - * Lucas_pinto deu alguma grana para HARlDADE.
[12/07/2021 - 21:53:20] - * Lucas_pinto deu alguma grana para HARlDADE.
[12/07/2021 - 21:53:22] - * Lucas_pinto deu alguma grana para HARlDADE.
[12/07/2021 - 21:53:22] - * Lucas_pinto deu alguma grana para HARlDADE.
[12/07/2021 - 21:53:23] - * Lucas_pinto deu alguma grana para HARlDADE.
[12/07/2021 - 21:53:24] - * Lucas_pinto deu alguma grana para HARlDADE.
[12/07/2021 - 21:53:25] - * Lucas_pinto deu alguma grana para HARlDADE.
[12/07/2021 - 21:53:26] - * Lucas_pinto deu alguma grana para HARlDADE.
[12/07/2021 - 21:53:26] - * Lucas_pinto deu alguma grana para HARlDADE.
[12/07/2021 - 21:53:27] - * Lucas_pinto deu alguma grana para HARlDADE.
[12/07/2021 - 21:53:28] - * Lucas_pinto deu alguma grana para HARlDADE.
[12/07/2021 - 21:53:29] - * Lucas_pinto deu alguma grana para HARlDADE.
[12/07/2021 - 21:53:30] - * Lucas_pinto deu alguma grana para HARlDADE.
[12/07/2021 - 21:53:31] - * Lucas_pinto deu alguma grana para HARlDADE.
[12/07/2021 - 21:53:32] - * Lucas_pinto deu alguma grana para HARlDADE.
[12/07/2021 - 21:53:32] - * Lucas_pinto deu alguma grana para HARlDADE.
[12/07/2021 - 21:53:33] - * Lucas_pinto deu alguma grana para HARlDADE.
[12/07/2021 - 21:53:34] - * Lucas_pinto deu alguma grana para HARlDADE.
[12/07/2021 - 21:53:36] - * Lucas_pinto deu alguma grana para HARlDADE.
[12/07/2021 - 21:53:37] - * Lucas_pinto deu alguma grana para HARlDADE.
[12/07/2021 - 21:53:37] - * Lucas_pinto deu alguma grana para HARlDADE.
[12/07/2021 - 21:53:38] - * Lucas_pinto deu alguma grana para HARlDADE.
[12/07/2021 - 21:53:39] - * Lucas_pinto deu alguma grana para HARlDADE.
[12/07/2021 - 21:53:40] - * Lucas_pinto deu alguma grana para HARlDADE.
[12/07/2021 - 21:53:41] - * Lucas_pinto deu alguma grana para HARlDADE.
[12/07/2021 - 21:53:44] - * Lucas_pinto deu alguma grana para HARlDADE.
[12/07/2021 - 21:53:44] - * Lucas_pinto deu alguma grana para HARlDADE.
[12/07/2021 - 21:53:45] - * Lucas_pinto deu alguma grana para HARlDADE.
[12/07/2021 - 21:53:46] - * Lucas_pinto deu alguma grana para HARlDADE.
[12/07/2021 - 21:53:47] - * Lucas_pinto deu alguma grana para HARlDADE.
[12/07/2021 - 21:53:48] - * Lucas_pinto deu alguma grana para HARlDADE.
[12/07/2021 - 21:53:48] - * Lucas_pinto deu alguma grana para HARlDADE.
[12/07/2021 - 21:53:49] - * Lucas_pinto deu alguma grana para HARlDADE.
[12/07/2021 - 21:53:50] - * Lucas_pinto deu alguma grana para HARlDADE.
[12/07/2021 - 21:53:51] - * Lucas_pinto deu alguma grana para HARlDADE.
[12/07/2021 - 21:53:52] - * Lucas_pinto deu alguma grana para HARlDADE.
[12/07/2021 - 21:54:42] - * PATOLYNO deu alguma grana para vulgo_135.
[12/07/2021 - 21:55:23] - * PATOLYNO deu alguma grana para vulgo_135.
[12/07/2021 - 21:55:24] - * PATOLYNO deu alguma grana para vulgo_135.
[12/07/2021 - 21:55:26] - * PATOLYNO deu alguma grana para vulgo_135.
[12/07/2021 - 21:55:27] - * PATOLYNO deu alguma grana para vulgo_135.
[12/07/2021 - 21:55:28] - * PATOLYNO deu alguma grana para vulgo_135.
[12/07/2021 - 21:55:29] - * PATOLYNO deu alguma grana para vulgo_135.
[12/07/2021 - 21:55:30] - * PATOLYNO deu alguma grana para vulgo_135.
[12/07/2021 - 21:55:44] - * PATOLYNO deu alguma grana para vulgo_135.
[12/07/2021 - 22:07:07] - * tutu_777 deu alguma grana para LUPPEX_YT.
[12/07/2021 - 22:40:29] - * Trem_balaXD deu alguma grana para Natan_Insane.
[12/07/2021 - 23:23:52] - ADMIN CMD: O Admin ICARO_Walker está dando R$300000 para Alex_souza_FPS.
[12/07/2021 - 23:45:47] - * Natan_Insane deu alguma grana para Guga_FPSx.
[12/07/2021 - 23:45:48] - * Natan_Insane deu alguma grana para Guga_FPSx.
[12/07/2021 - 23:45:49] - * Natan_Insane deu alguma grana para Guga_FPSx.
[12/07/2021 - 23:45:50] - * Natan_Insane deu alguma grana para Guga_FPSx.
[12/07/2021 - 23:45:52] - * Natan_Insane deu alguma grana para Guga_FPSx.
[12/07/2021 - 23:47:08] - * Guga_FPSx deu alguma grana para Rafael_FPSx.
[12/07/2021 - 23:47:18] - * Guga_FPSx deu alguma grana para Rafael_FPSx.
[12/07/2021 - 23:47:30] - * Guga_FPSx deu alguma grana para TRIPI_FPSx.
[12/07/2021 - 23:47:38] - * Guga_FPSx deu alguma grana para TRIPI_FPSx.
[13/07/2021 - 00:04:15] - * Trem_balaXD deu alguma grana para Kauan_Churritos.
[13/07/2021 - 00:10:43] - Kauan_Santos comprou armas por R$0 na empresa 6
[13/07/2021 - 01:23:04] - * Natan_Insane deu alguma grana para Guga_FPSx.
[13/07/2021 - 01:23:04] - * Natan_Insane deu alguma grana para Guga_FPSx.
[13/07/2021 - 01:23:06] - * Natan_Insane deu alguma grana para Guga_FPSx.
[13/07/2021 - 01:24:27] - * Natan_Insane deu alguma grana para Guga_FPSx.
[13/07/2021 - 01:24:29] - * Natan_Insane deu alguma grana para Guga_FPSx.
[13/07/2021 - 01:24:29] - * Natan_Insane deu alguma grana para Guga_FPSx.
[13/07/2021 - 04:15:09] - * Trem_balaXD deu alguma grana para PATOLYNO.
[13/07/2021 - 04:55:02] - * Kauan_Santos deu alguma grana para Rei_Do_Rolas.
[13/07/2021 - 04:55:03] - * Kauan_Santos deu alguma grana para Rei_Do_Rolas.
[13/07/2021 - 04:55:05] - * Kauan_Santos deu alguma grana para Rei_Do_Rolas.
[13/07/2021 - 04:55:06] - * Kauan_Santos deu alguma grana para Rei_Do_Rolas.
[13/07/2021 - 05:05:35] - * Kauan_Santos deu alguma grana para Rei_Do_Rolas.
[13/07/2021 - 05:05:36] - * Kauan_Santos deu alguma grana para Rei_Do_Rolas.
[13/07/2021 - 05:05:37] - * Kauan_Santos deu alguma grana para Rei_Do_Rolas.
[13/07/2021 - 05:05:38] - * Kauan_Santos deu alguma grana para Rei_Do_Rolas.
[13/07/2021 - 05:05:39] - * Kauan_Santos deu alguma grana para Rei_Do_Rolas.
[13/07/2021 - 05:05:39] - * Kauan_Santos deu alguma grana para Rei_Do_Rolas.
[13/07/2021 - 05:05:41] - * Kauan_Santos deu alguma grana para Rei_Do_Rolas.
[13/07/2021 - 05:05:42] - * Kauan_Santos deu alguma grana para Rei_Do_Rolas.
[13/07/2021 - 05:05:43] - * Kauan_Santos deu alguma grana para Rei_Do_Rolas.
[13/07/2021 - 05:05:44] - * Kauan_Santos deu alguma grana para Rei_Do_Rolas.
[13/07/2021 - 05:05:45] - * Kauan_Santos deu alguma grana para Rei_Do_Rolas.
[13/07/2021 - 05:05:47] - * Kauan_Santos deu alguma grana para Rei_Do_Rolas.
[13/07/2021 - 05:05:48] - * Kauan_Santos deu alguma grana para Rei_Do_Rolas.
[13/07/2021 - 05:05:49] - * Kauan_Santos deu alguma grana para Rei_Do_Rolas.
[13/07/2021 - 05:05:50] - * Kauan_Santos deu alguma grana para Rei_Do_Rolas.
[13/07/2021 - 05:05:51] - * Kauan_Santos deu alguma grana para Rei_Do_Rolas.
[13/07/2021 - 05:05:56] - * Kauan_Santos deu alguma grana para Rei_Do_Rolas.
[13/07/2021 - 05:06:01] - * Kauan_Santos deu alguma grana para Rei_Do_Rolas.
[13/07/2021 - 05:10:10] - * Natan_Insane deu alguma grana para Low_FPSx.
[13/07/2021 - 05:10:11] - * Natan_Insane deu alguma grana para Low_FPSx.
[13/07/2021 - 05:10:12] - * Natan_Insane deu alguma grana para Low_FPSx.
[13/07/2021 - 05:10:13] - * Natan_Insane deu alguma grana para Low_FPSx.
[13/07/2021 - 06:00:54] - ADMIN CMD: O Admin Menor_vl está dando R$1000000 para vulgo_135.
[13/07/2021 - 06:01:04] - ADMIN CMD: O Admin Menor_vl está dando R$1000000 para vulgo_135.
[13/07/2021 - 06:01:06] - ADMIN CMD: O Admin Menor_vl está dando R$1000000 para vulgo_135.
[13/07/2021 - 06:16:37] - * edu_play deu alguma grana para Patrick_GG.
[13/07/2021 - 06:16:48] - * vulgo_135 deu alguma grana para Menor_vl.
[13/07/2021 - 06:16:49] - * vulgo_135 deu alguma grana para Menor_vl.
[13/07/2021 - 06:16:50] - * vulgo_135 deu alguma grana para Menor_vl.
[13/07/2021 - 06:16:52] - * vulgo_135 deu alguma grana para Menor_vl.
[13/07/2021 - 06:16:56] - * vulgo_135 deu alguma grana para Menor_vl.
[13/07/2021 - 06:16:57] - * vulgo_135 deu alguma grana para Menor_vl.
[13/07/2021 - 06:16:59] - * vulgo_135 deu alguma grana para Menor_vl.
[13/07/2021 - 06:17:00] - * vulgo_135 deu alguma grana para Menor_vl.
[13/07/2021 - 06:17:01] - * vulgo_135 deu alguma grana para Menor_vl.
[13/07/2021 - 06:17:02] - * vulgo_135 deu alguma grana para Menor_vl.
[13/07/2021 - 06:17:04] - * vulgo_135 deu alguma grana para Menor_vl.
[13/07/2021 - 06:17:05] - * vulgo_135 deu alguma grana para Menor_vl.
[13/07/2021 - 06:17:06] - * vulgo_135 deu alguma grana para Menor_vl.
[13/07/2021 - 06:17:07] - * vulgo_135 deu alguma grana para Menor_vl.
[13/07/2021 - 06:17:08] - * vulgo_135 deu alguma grana para Menor_vl.
[13/07/2021 - 06:17:09] - * vulgo_135 deu alguma grana para Menor_vl.
[13/07/2021 - 06:17:11] - * vulgo_135 deu alguma grana para Menor_vl.
[13/07/2021 - 06:17:12] - * vulgo_135 deu alguma grana para Menor_vl.
[13/07/2021 - 06:17:13] - * vulgo_135 deu alguma grana para Menor_vl.
[13/07/2021 - 06:17:14] - * vulgo_135 deu alguma grana para Menor_vl.
[13/07/2021 - 06:17:16] - * vulgo_135 deu alguma grana para Menor_vl.
[13/07/2021 - 06:17:17] - * vulgo_135 deu alguma grana para Menor_vl.
[13/07/2021 - 06:17:18] - * vulgo_135 deu alguma grana para Menor_vl.
[13/07/2021 - 06:17:20] - * vulgo_135 deu alguma grana para Menor_vl.
[13/07/2021 - 06:17:21] - * vulgo_135 deu alguma grana para Menor_vl.
[13/07/2021 - 06:17:22] - * vulgo_135 deu alguma grana para Menor_vl.
[13/07/2021 - 06:17:26] - * vulgo_135 deu alguma grana para Menor_vl.
[13/07/2021 - 06:17:27] - * vulgo_135 deu alguma grana para Menor_vl.
[13/07/2021 - 06:17:28] - * vulgo_135 deu alguma grana para Menor_vl.
[13/07/2021 - 06:17:29] - * vulgo_135 deu alguma grana para Menor_vl.
[13/07/2021 - 06:17:31] - * vulgo_135 deu alguma grana para Menor_vl.
[13/07/2021 - 06:17:43] - * vulgo_135 deu alguma grana para Menor_vl.
[13/07/2021 - 06:17:45] - * vulgo_135 deu alguma grana para Menor_vl.
[13/07/2021 - 06:17:47] - * vulgo_135 deu alguma grana para Menor_vl.
[13/07/2021 - 06:17:48] - * vulgo_135 deu alguma grana para Menor_vl.
[13/07/2021 - 06:17:51] - * vulgo_135 deu alguma grana para Menor_vl.
[13/07/2021 - 06:17:53] - * vulgo_135 deu alguma grana para Menor_vl.
[13/07/2021 - 06:17:54] - * vulgo_135 deu alguma grana para Menor_vl.
[13/07/2021 - 06:17:56] - * vulgo_135 deu alguma grana para Menor_vl.
[13/07/2021 - 06:17:58] - * vulgo_135 deu alguma grana para Menor_vl.
[13/07/2021 - 06:17:59] - * vulgo_135 deu alguma grana para Menor_vl.
[13/07/2021 - 06:18:01] - * vulgo_135 deu alguma grana para Menor_vl.
[13/07/2021 - 06:18:02] - * vulgo_135 deu alguma grana para Menor_vl.
[13/07/2021 - 06:18:03] - * vulgo_135 deu alguma grana para Menor_vl.
[13/07/2021 - 06:18:05] - * vulgo_135 deu alguma grana para Menor_vl.
[13/07/2021 - 06:18:08] - * vulgo_135 deu alguma grana para Menor_vl.
[13/07/2021 - 06:18:09] - * vulgo_135 deu alguma grana para Menor_vl.
[13/07/2021 - 06:18:12] - * vulgo_135 deu alguma grana para Menor_vl.
[13/07/2021 - 06:18:13] - * vulgo_135 deu alguma grana para Menor_vl.
[13/07/2021 - 06:18:16] - * vulgo_135 deu alguma grana para Menor_vl.
[13/07/2021 - 06:18:17] - * vulgo_135 deu alguma grana para Menor_vl.
[13/07/2021 - 06:18:19] - * vulgo_135 deu alguma grana para Menor_vl.
[13/07/2021 - 06:18:20] - * vulgo_135 deu alguma grana para Menor_vl.
[13/07/2021 - 06:18:21] - * vulgo_135 deu alguma grana para Menor_vl.
[13/07/2021 - 06:18:23] - * vulgo_135 deu alguma grana para Menor_vl.
[13/07/2021 - 06:18:24] - * vulgo_135 deu alguma grana para Menor_vl.
[13/07/2021 - 06:18:25] - * vulgo_135 deu alguma grana para Menor_vl.
[13/07/2021 - 06:18:26] - * vulgo_135 deu alguma grana para Menor_vl.
[13/07/2021 - 06:18:28] - * vulgo_135 deu alguma grana para Menor_vl.
[13/07/2021 - 06:18:29] - * vulgo_135 deu alguma grana para Menor_vl.
[13/07/2021 - 06:18:30] - * vulgo_135 deu alguma grana para Menor_vl.
[13/07/2021 - 06:18:32] - * vulgo_135 deu alguma grana para Menor_vl.
[13/07/2021 - 06:18:33] - * vulgo_135 deu alguma grana para Menor_vl.
[13/07/2021 - 06:18:34] - * vulgo_135 deu alguma grana para Menor_vl.
[13/07/2021 - 06:18:35] - * vulgo_135 deu alguma grana para Menor_vl.
[13/07/2021 - 06:18:36] - * vulgo_135 deu alguma grana para Menor_vl.
[13/07/2021 - 06:18:38] - * vulgo_135 deu alguma grana para Menor_vl.
[13/07/2021 - 06:18:40] - * vulgo_135 deu alguma grana para Menor_vl.
[13/07/2021 - 06:18:43] - * vulgo_135 deu alguma grana para Menor_vl.
[13/07/2021 - 06:18:50] - * vulgo_135 deu alguma grana para Menor_vl.
[13/07/2021 - 06:18:53] - * vulgo_135 deu alguma grana para Menor_vl.
[13/07/2021 - 06:18:56] - * vulgo_135 deu alguma grana para Menor_vl.
[13/07/2021 - 06:18:58] - * vulgo_135 deu alguma grana para Menor_vl.
[13/07/2021 - 06:19:05] - * vulgo_135 deu alguma grana para Menor_vl.
[13/07/2021 - 06:19:07] - * vulgo_135 deu alguma grana para Menor_vl.
[13/07/2021 - 06:19:09] - * vulgo_135 deu alguma grana para Menor_vl.
[13/07/2021 - 06:19:29] - * vulgo_135 deu alguma grana para Menor_vl.
[13/07/2021 - 06:19:31] - * vulgo_135 deu alguma grana para Menor_vl.
[13/07/2021 - 06:19:32] - * vulgo_135 deu alguma grana para Menor_vl.
[13/07/2021 - 06:19:34] - * vulgo_135 deu alguma grana para Menor_vl.
[13/07/2021 - 06:20:06] - * vulgo_135 deu alguma grana para Menor_vl.
[13/07/2021 - 06:20:07] - * vulgo_135 deu alguma grana para Menor_vl.
[13/07/2021 - 06:20:09] - * vulgo_135 deu alguma grana para Menor_vl.
[13/07/2021 - 06:20:10] - * vulgo_135 deu alguma grana para Menor_vl.
[13/07/2021 - 06:20:12] - * vulgo_135 deu alguma grana para Menor_vl.
[13/07/2021 - 06:20:13] - * vulgo_135 deu alguma grana para Menor_vl.
[13/07/2021 - 06:20:14] - * vulgo_135 deu alguma grana para Menor_vl.
[13/07/2021 - 06:20:16] - * vulgo_135 deu alguma grana para Menor_vl.
[13/07/2021 - 06:20:21] - * vulgo_135 deu alguma grana para Menor_vl.
[13/07/2021 - 06:21:36] - * vulgo_135 deu alguma grana para Menor_vl.
[13/07/2021 - 06:21:41] - * vulgo_135 deu alguma grana para Menor_vl.
[13/07/2021 - 06:21:42] - * vulgo_135 deu alguma grana para Menor_vl.
[13/07/2021 - 06:21:44] - * vulgo_135 deu alguma grana para Menor_vl.
[13/07/2021 - 06:21:45] - * vulgo_135 deu alguma grana para Menor_vl.
[13/07/2021 - 06:21:47] - * vulgo_135 deu alguma grana para Menor_vl.
[13/07/2021 - 06:21:48] - * vulgo_135 deu alguma grana para Menor_vl.
[13/07/2021 - 06:21:50] - * vulgo_135 deu alguma grana para Menor_vl.
[13/07/2021 - 06:21:51] - * vulgo_135 deu alguma grana para Menor_vl.
[13/07/2021 - 06:21:53] - * vulgo_135 deu alguma grana para Menor_vl.
[13/07/2021 - 06:21:56] - * vulgo_135 deu alguma grana para Menor_vl.
[13/07/2021 - 06:21:57] - * vulgo_135 deu alguma grana para Menor_vl.
[13/07/2021 - 06:21:59] - * vulgo_135 deu alguma grana para Menor_vl.
[13/07/2021 - 06:22:00] - * vulgo_135 deu alguma grana para Menor_vl.
[13/07/2021 - 06:22:02] - * vulgo_135 deu alguma grana para Menor_vl.
[13/07/2021 - 06:22:10] - * vulgo_135 deu alguma grana para Menor_vl.
[13/07/2021 - 06:22:24] - * vulgo_135 deu alguma grana para Menor_vl.
[13/07/2021 - 06:22:27] - * vulgo_135 deu alguma grana para Menor_vl.
[13/07/2021 - 06:22:34] - * vulgo_135 deu alguma grana para Menor_vl.
[13/07/2021 - 06:22:40] - * vulgo_135 deu alguma grana para Menor_vl.
[13/07/2021 - 06:28:49] - * vulgo_135 deu alguma grana para Menor_vl.
[13/07/2021 - 06:28:50] - * vulgo_135 deu alguma grana para Menor_vl.
[13/07/2021 - 06:28:51] - * vulgo_135 deu alguma grana para Menor_vl.
[13/07/2021 - 06:29:10] - * vulgo_135 deu alguma grana para Menor_vl.
[13/07/2021 - 06:29:11] - * vulgo_135 deu alguma grana para Menor_vl.
[13/07/2021 - 06:29:12] - * vulgo_135 deu alguma grana para Menor_vl.
[13/07/2021 - 06:29:13] - * vulgo_135 deu alguma grana para Menor_vl.
[13/07/2021 - 06:29:14] - * vulgo_135 deu alguma grana para Menor_vl.
[13/07/2021 - 06:29:16] - * vulgo_135 deu alguma grana para Menor_vl.
[13/07/2021 - 06:29:17] - * vulgo_135 deu alguma grana para Menor_vl.
[13/07/2021 - 06:29:18] - * vulgo_135 deu alguma grana para Menor_vl.
[13/07/2021 - 06:29:20] - * vulgo_135 deu alguma grana para Menor_vl.
[13/07/2021 - 06:29:21] - * vulgo_135 deu alguma grana para Menor_vl.
[13/07/2021 - 06:29:22] - * vulgo_135 deu alguma grana para Menor_vl.
[13/07/2021 - 06:29:23] - * vulgo_135 deu alguma grana para Menor_vl.
[13/07/2021 - 06:29:24] - * vulgo_135 deu alguma grana para Menor_vl.
[13/07/2021 - 06:29:25] - * vulgo_135 deu alguma grana para Menor_vl.
[13/07/2021 - 06:30:01] - * vulgo_135 deu alguma grana para Menor_vl.
[13/07/2021 - 06:30:03] - * vulgo_135 deu alguma grana para Menor_vl.
[13/07/2021 - 06:30:04] - * vulgo_135 deu alguma grana para Menor_vl.
[13/07/2021 - 06:30:05] - * vulgo_135 deu alguma grana para Menor_vl.
[13/07/2021 - 06:30:06] - * vulgo_135 deu alguma grana para Menor_vl.
[13/07/2021 - 06:30:07] - * vulgo_135 deu alguma grana para Menor_vl.
[13/07/2021 - 06:30:08] - * vulgo_135 deu alguma grana para Menor_vl.
[13/07/2021 - 06:30:10] - * vulgo_135 deu alguma grana para Menor_vl.
[13/07/2021 - 06:30:11] - * vulgo_135 deu alguma grana para Menor_vl.
[13/07/2021 - 06:30:12] - * vulgo_135 deu alguma grana para Menor_vl.
[13/07/2021 - 06:30:13] - * vulgo_135 deu alguma grana para Menor_vl.
[13/07/2021 - 06:30:14] - * vulgo_135 deu alguma grana para Menor_vl.
[13/07/2021 - 06:30:15] - * vulgo_135 deu alguma grana para Menor_vl.
[13/07/2021 - 06:30:17] - * vulgo_135 deu alguma grana para Menor_vl.
[13/07/2021 - 06:30:22] - * vulgo_135 deu alguma grana para Menor_vl.
[13/07/2021 - 06:30:24] - * vulgo_135 deu alguma grana para Menor_vl.
[13/07/2021 - 06:30:25] - * vulgo_135 deu alguma grana para Menor_vl.
[13/07/2021 - 06:30:27] - * vulgo_135 deu alguma grana para Menor_vl.
[13/07/2021 - 06:30:28] - * vulgo_135 deu alguma grana para Menor_vl.
[13/07/2021 - 06:30:31] - * vulgo_135 deu alguma grana para Menor_vl.
[13/07/2021 - 06:30:32] - * vulgo_135 deu alguma grana para Menor_vl.
[13/07/2021 - 06:30:37] - * vulgo_135 deu alguma grana para Menor_vl.
[13/07/2021 - 06:30:39] - * vulgo_135 deu alguma grana para Menor_vl.
[13/07/2021 - 06:33:04] - * vulgo_135 deu alguma grana para Menor_vl.
[13/07/2021 - 06:33:05] - * vulgo_135 deu alguma grana para Menor_vl.
[13/07/2021 - 06:33:06] - * vulgo_135 deu alguma grana para Menor_vl.
[13/07/2021 - 06:33:10] - * vulgo_135 deu alguma grana para Menor_vl.
[13/07/2021 - 06:33:11] - * vulgo_135 deu alguma grana para Menor_vl.
[13/07/2021 - 06:33:12] - * vulgo_135 deu alguma grana para Menor_vl.
[13/07/2021 - 06:33:13] - * vulgo_135 deu alguma grana para Menor_vl.
[13/07/2021 - 06:33:15] - * vulgo_135 deu alguma grana para Menor_vl.
[13/07/2021 - 06:33:16] - * vulgo_135 deu alguma grana para Menor_vl.
[13/07/2021 - 06:33:17] - * vulgo_135 deu alguma grana para Menor_vl.
[13/07/2021 - 06:33:18] - * vulgo_135 deu alguma grana para Menor_vl.
[13/07/2021 - 06:33:20] - * vulgo_135 deu alguma grana para Menor_vl.
[13/07/2021 - 06:33:21] - * vulgo_135 deu alguma grana para Menor_vl.
[13/07/2021 - 06:33:51] - * vulgo_135 deu alguma grana para Menor_vl.
[13/07/2021 - 06:33:52] - * vulgo_135 deu alguma grana para Menor_vl.
[13/07/2021 - 06:33:54] - * vulgo_135 deu alguma grana para Menor_vl.
[13/07/2021 - 06:33:55] - * vulgo_135 deu alguma grana para Menor_vl.
[13/07/2021 - 06:33:56] - * vulgo_135 deu alguma grana para Menor_vl.
[13/07/2021 - 06:33:57] - * vulgo_135 deu alguma grana para Menor_vl.
[13/07/2021 - 06:34:18] - * vulgo_135 deu alguma grana para Menor_vl.
[13/07/2021 - 06:34:20] - * vulgo_135 deu alguma grana para Menor_vl.
[13/07/2021 - 06:34:21] - * vulgo_135 deu alguma grana para Menor_vl.
[13/07/2021 - 06:34:23] - * vulgo_135 deu alguma grana para Menor_vl.
[13/07/2021 - 06:34:24] - * vulgo_135 deu alguma grana para Menor_vl.
[13/07/2021 - 06:34:25] - * vulgo_135 deu alguma grana para Menor_vl.
[13/07/2021 - 06:34:27] - * vulgo_135 deu alguma grana para Menor_vl.
[13/07/2021 - 06:34:29] - * vulgo_135 deu alguma grana para Menor_vl.
[13/07/2021 - 06:34:31] - * vulgo_135 deu alguma grana para Menor_vl.
[13/07/2021 - 06:34:32] - * vulgo_135 deu alguma grana para Menor_vl.
[13/07/2021 - 06:34:35] - * vulgo_135 deu alguma grana para Menor_vl.
[13/07/2021 - 06:34:36] - * vulgo_135 deu alguma grana para Menor_vl.
[13/07/2021 - 06:34:38] - * vulgo_135 deu alguma grana para Menor_vl.
[13/07/2021 - 06:34:40] - * vulgo_135 deu alguma grana para Menor_vl.
[13/07/2021 - 06:34:41] - * vulgo_135 deu alguma grana para Menor_vl.
[13/07/2021 - 06:34:43] - * vulgo_135 deu alguma grana para Menor_vl.
[13/07/2021 - 06:34:44] - * vulgo_135 deu alguma grana para Menor_vl.
[13/07/2021 - 06:34:45] - * vulgo_135 deu alguma grana para Menor_vl.
[13/07/2021 - 06:34:47] - * vulgo_135 deu alguma grana para Menor_vl.
[13/07/2021 - 06:34:48] - * vulgo_135 deu alguma grana para Menor_vl.
[13/07/2021 - 06:34:50] - * vulgo_135 deu alguma grana para Menor_vl.
[13/07/2021 - 06:34:51] - * vulgo_135 deu alguma grana para Menor_vl.
[13/07/2021 - 06:34:52] - * vulgo_135 deu alguma grana para Menor_vl.
[13/07/2021 - 06:34:53] - * vulgo_135 deu alguma grana para Menor_vl.
[13/07/2021 - 06:34:54] - * vulgo_135 deu alguma grana para Menor_vl.
[13/07/2021 - 06:34:56] - * vulgo_135 deu alguma grana para Menor_vl.
[13/07/2021 - 06:34:57] - * vulgo_135 deu alguma grana para Menor_vl.
[13/07/2021 - 06:34:58] - * vulgo_135 deu alguma grana para Menor_vl.
[13/07/2021 - 06:34:59] - * vulgo_135 deu alguma grana para Menor_vl.
[13/07/2021 - 06:35:00] - * vulgo_135 deu alguma grana para Menor_vl.
[13/07/2021 - 06:35:02] - * vulgo_135 deu alguma grana para Menor_vl.
[13/07/2021 - 06:35:06] - * vulgo_135 deu alguma grana para Menor_vl.
[13/07/2021 - 06:35:07] - * vulgo_135 deu alguma grana para Menor_vl.
[13/07/2021 - 06:35:08] - * vulgo_135 deu alguma grana para Menor_vl.
[13/07/2021 - 06:35:09] - * vulgo_135 deu alguma grana para Menor_vl.
[13/07/2021 - 06:35:11] - * vulgo_135 deu alguma grana para Menor_vl.
[13/07/2021 - 06:35:12] - * vulgo_135 deu alguma grana para Menor_vl.
[13/07/2021 - 06:35:13] - * vulgo_135 deu alguma grana para Menor_vl.
[13/07/2021 - 06:35:15] - * vulgo_135 deu alguma grana para Menor_vl.
[13/07/2021 - 06:35:16] - * vulgo_135 deu alguma grana para Menor_vl.
[13/07/2021 - 06:35:17] - * vulgo_135 deu alguma grana para Menor_vl.
[13/07/2021 - 06:35:18] - * vulgo_135 deu alguma grana para Menor_vl.
[13/07/2021 - 06:35:19] - * vulgo_135 deu alguma grana para Menor_vl.
[13/07/2021 - 06:35:20] - * vulgo_135 deu alguma grana para Menor_vl.
[13/07/2021 - 06:35:22] - * vulgo_135 deu alguma grana para Menor_vl.
[13/07/2021 - 06:35:23] - * vulgo_135 deu alguma grana para Menor_vl.
[13/07/2021 - 06:35:24] - * vulgo_135 deu alguma grana para Menor_vl.
[13/07/2021 - 06:35:25] - * vulgo_135 deu alguma grana para Menor_vl.
[13/07/2021 - 06:35:31] - * vulgo_135 deu alguma grana para Menor_vl.
[13/07/2021 - 06:35:33] - * vulgo_135 deu alguma grana para Menor_vl.
[13/07/2021 - 06:35:34] - * vulgo_135 deu alguma grana para Menor_vl.
[13/07/2021 - 06:35:35] - * vulgo_135 deu alguma grana para Menor_vl.
[13/07/2021 - 06:35:36] - * vulgo_135 deu alguma grana para Menor_vl.
[13/07/2021 - 06:35:39] - * vulgo_135 deu alguma grana para Menor_vl.
[13/07/2021 - 06:35:40] - * vulgo_135 deu alguma grana para Menor_vl.
[13/07/2021 - 06:35:41] - * vulgo_135 deu alguma grana para Menor_vl.
[13/07/2021 - 06:35:42] - * vulgo_135 deu alguma grana para Menor_vl.
[13/07/2021 - 06:35:43] - * vulgo_135 deu alguma grana para Menor_vl.
[13/07/2021 - 06:35:44] - * vulgo_135 deu alguma grana para Menor_vl.
[13/07/2021 - 06:35:45] - * vulgo_135 deu alguma grana para Menor_vl.
[13/07/2021 - 06:35:46] - * vulgo_135 deu alguma grana para Menor_vl.
[13/07/2021 - 06:35:47] - * vulgo_135 deu alguma grana para Menor_vl.
[13/07/2021 - 06:35:50] - * vulgo_135 deu alguma grana para Menor_vl.
[13/07/2021 - 06:35:51] - * vulgo_135 deu alguma grana para Menor_vl.
[13/07/2021 - 06:35:52] - * vulgo_135 deu alguma grana para Menor_vl.
[13/07/2021 - 06:35:53] - * vulgo_135 deu alguma grana para Menor_vl.
[13/07/2021 - 06:35:54] - * vulgo_135 deu alguma grana para Menor_vl.
[13/07/2021 - 06:35:56] - * vulgo_135 deu alguma grana para Menor_vl.
[13/07/2021 - 06:35:57] - * vulgo_135 deu alguma grana para Menor_vl.
[13/07/2021 - 06:35:58] - * vulgo_135 deu alguma grana para Menor_vl.
[13/07/2021 - 06:35:59] - * vulgo_135 deu alguma grana para Menor_vl.
[13/07/2021 - 06:36:00] - * vulgo_135 deu alguma grana para Menor_vl.
[13/07/2021 - 06:37:51] - * vulgo_135 deu alguma grana para Menor_vl.
[13/07/2021 - 06:37:52] - * vulgo_135 deu alguma grana para Menor_vl.
[13/07/2021 - 06:37:57] - * vulgo_135 deu alguma grana para Menor_vl.
[13/07/2021 - 06:37:58] - * vulgo_135 deu alguma grana para Menor_vl.
[13/07/2021 - 06:37:59] - * vulgo_135 deu alguma grana para Menor_vl.
[13/07/2021 - 06:38:01] - * vulgo_135 deu alguma grana para Menor_vl.
[13/07/2021 - 06:38:02] - * vulgo_135 deu alguma grana para Menor_vl.
[13/07/2021 - 06:38:03] - * vulgo_135 deu alguma grana para Menor_vl.
[13/07/2021 - 06:38:04] - * vulgo_135 deu alguma grana para Menor_vl.
[13/07/2021 - 06:38:05] - * vulgo_135 deu alguma grana para Menor_vl.
[13/07/2021 - 06:38:06] - * vulgo_135 deu alguma grana para Menor_vl.
[13/07/2021 - 06:38:08] - * vulgo_135 deu alguma grana para Menor_vl.
[13/07/2021 - 06:38:09] - * vulgo_135 deu alguma grana para Menor_vl.
[13/07/2021 - 06:38:10] - * vulgo_135 deu alguma grana para Menor_vl.
[13/07/2021 - 06:38:11] - * vulgo_135 deu alguma grana para Menor_vl.
[13/07/2021 - 06:38:12] - * vulgo_135 deu alguma grana para Menor_vl.
[13/07/2021 - 06:38:13] - * vulgo_135 deu alguma grana para Menor_vl.
[13/07/2021 - 06:38:14] - * vulgo_135 deu alguma grana para Menor_vl.
[13/07/2021 - 06:38:15] - * vulgo_135 deu alguma grana para Menor_vl.
[13/07/2021 - 06:38:16] - * vulgo_135 deu alguma grana para Menor_vl.
[13/07/2021 - 06:38:17] - * vulgo_135 deu alguma grana para Menor_vl.
[13/07/2021 - 06:38:18] - * vulgo_135 deu alguma grana para Menor_vl.
[13/07/2021 - 06:38:20] - * vulgo_135 deu alguma grana para Menor_vl.
[13/07/2021 - 06:38:21] - * vulgo_135 deu alguma grana para Menor_vl.
[13/07/2021 - 06:38:22] - * vulgo_135 deu alguma grana para Menor_vl.
[13/07/2021 - 06:38:23] - * vulgo_135 deu alguma grana para Menor_vl.
[13/07/2021 - 06:38:24] - * vulgo_135 deu alguma grana para Menor_vl.
[13/07/2021 - 06:38:25] - * vulgo_135 deu alguma grana para Menor_vl.
[13/07/2021 - 06:38:26] - * vulgo_135 deu alguma grana para Menor_vl.
[13/07/2021 - 06:38:27] - * vulgo_135 deu alguma grana para Menor_vl.
[13/07/2021 - 06:38:29] - * vulgo_135 deu alguma grana para Menor_vl.
[13/07/2021 - 06:38:30] - * vulgo_135 deu alguma grana para Menor_vl.
[13/07/2021 - 06:38:31] - * vulgo_135 deu alguma grana para Menor_vl.
[13/07/2021 - 06:38:32] - * vulgo_135 deu alguma grana para Menor_vl.
[13/07/2021 - 06:38:33] - * vulgo_135 deu alguma grana para Menor_vl.
[13/07/2021 - 06:38:34] - * vulgo_135 deu alguma grana para Menor_vl.
[13/07/2021 - 06:38:35] - * vulgo_135 deu alguma grana para Menor_vl.
[13/07/2021 - 06:38:37] - * vulgo_135 deu alguma grana para Menor_vl.
[13/07/2021 - 06:38:38] - * vulgo_135 deu alguma grana para Menor_vl.
[13/07/2021 - 06:38:39] - * vulgo_135 deu alguma grana para Menor_vl.
[13/07/2021 - 06:38:40] - * vulgo_135 deu alguma grana para Menor_vl.
[13/07/2021 - 06:38:41] - * vulgo_135 deu alguma grana para Menor_vl.
[13/07/2021 - 06:38:43] - * vulgo_135 deu alguma grana para Menor_vl.
[13/07/2021 - 06:38:44] - * vulgo_135 deu alguma grana para Menor_vl.
[13/07/2021 - 06:38:45] - * vulgo_135 deu alguma grana para Menor_vl.
[13/07/2021 - 06:38:46] - * vulgo_135 deu alguma grana para Menor_vl.
[13/07/2021 - 06:38:51] - * vulgo_135 deu alguma grana para Menor_vl.
[13/07/2021 - 06:38:53] - * vulgo_135 deu alguma grana para Menor_vl.
[13/07/2021 - 06:38:54] - * vulgo_135 deu alguma grana para Menor_vl.
[13/07/2021 - 06:38:55] - * vulgo_135 deu alguma grana para Menor_vl.
[13/07/2021 - 06:38:57] - * vulgo_135 deu alguma grana para Menor_vl.
[13/07/2021 - 06:38:58] - * vulgo_135 deu alguma grana para Menor_vl.
[13/07/2021 - 06:38:59] - * vulgo_135 deu alguma grana para Menor_vl.
[13/07/2021 - 06:39:00] - * vulgo_135 deu alguma grana para Menor_vl.
[13/07/2021 - 06:39:01] - * vulgo_135 deu alguma grana para Menor_vl.
[13/07/2021 - 06:39:02] - * vulgo_135 deu alguma grana para Menor_vl.
[13/07/2021 - 06:39:04] - * vulgo_135 deu alguma grana para Menor_vl.
[13/07/2021 - 06:39:05] - * vulgo_135 deu alguma grana para Menor_vl.
[13/07/2021 - 06:39:06] - * vulgo_135 deu alguma grana para Menor_vl.
[13/07/2021 - 06:39:09] - * vulgo_135 deu alguma grana para Menor_vl.
[13/07/2021 - 06:39:10] - * vulgo_135 deu alguma grana para Menor_vl.
[13/07/2021 - 06:39:11] - * vulgo_135 deu alguma grana para Menor_vl.
[13/07/2021 - 06:39:12] - * vulgo_135 deu alguma grana para Menor_vl.
[13/07/2021 - 06:39:14] - * vulgo_135 deu alguma grana para Menor_vl.
[13/07/2021 - 06:39:16] - * vulgo_135 deu alguma grana para Menor_vl.
[13/07/2021 - 06:39:18] - * vulgo_135 deu alguma grana para Menor_vl.
[13/07/2021 - 06:39:21] - * vulgo_135 deu alguma grana para Menor_vl.
[13/07/2021 - 06:39:22] - * vulgo_135 deu alguma grana para Menor_vl.
[13/07/2021 - 06:39:23] - * vulgo_135 deu alguma grana para Menor_vl.
[13/07/2021 - 06:39:25] - * vulgo_135 deu alguma grana para Menor_vl.
[13/07/2021 - 06:39:26] - * vulgo_135 deu alguma grana para Menor_vl.
[13/07/2021 - 06:39:27] - * vulgo_135 deu alguma grana para Menor_vl.
[13/07/2021 - 06:39:28] - * vulgo_135 deu alguma grana para Menor_vl.
[13/07/2021 - 06:39:30] - * vulgo_135 deu alguma grana para Menor_vl.
[13/07/2021 - 06:39:31] - * vulgo_135 deu alguma grana para Menor_vl.
[13/07/2021 - 06:39:32] - * vulgo_135 deu alguma grana para Menor_vl.
[13/07/2021 - 06:39:33] - * vulgo_135 deu alguma grana para Menor_vl.
[13/07/2021 - 06:39:34] - * vulgo_135 deu alguma grana para Menor_vl.
[13/07/2021 - 06:39:36] - * vulgo_135 deu alguma grana para Menor_vl.
[13/07/2021 - 06:39:37] - * vulgo_135 deu alguma grana para Menor_vl.
[13/07/2021 - 06:39:39] - * vulgo_135 deu alguma grana para Menor_vl.
[13/07/2021 - 06:39:40] - * vulgo_135 deu alguma grana para Menor_vl.
[13/07/2021 - 06:39:41] - * vulgo_135 deu alguma grana para Menor_vl.
[13/07/2021 - 06:39:43] - * vulgo_135 deu alguma grana para Menor_vl.
[13/07/2021 - 06:39:44] - * vulgo_135 deu alguma grana para Menor_vl.
[13/07/2021 - 06:39:45] - * vulgo_135 deu alguma grana para Menor_vl.
[13/07/2021 - 06:39:47] - * vulgo_135 deu alguma grana para Menor_vl.
[13/07/2021 - 06:39:48] - * vulgo_135 deu alguma grana para Menor_vl.
[13/07/2021 - 06:39:49] - * vulgo_135 deu alguma grana para Menor_vl.
[13/07/2021 - 06:39:50] - * vulgo_135 deu alguma grana para Menor_vl.
[13/07/2021 - 06:39:51] - * vulgo_135 deu alguma grana para Menor_vl.
[13/07/2021 - 06:39:52] - * vulgo_135 deu alguma grana para Menor_vl.
[13/07/2021 - 06:39:53] - * vulgo_135 deu alguma grana para Menor_vl.
[13/07/2021 - 06:39:54] - * vulgo_135 deu alguma grana para Menor_vl.
[13/07/2021 - 06:39:56] - * vulgo_135 deu alguma grana para Menor_vl.
[13/07/2021 - 06:39:57] - * vulgo_135 deu alguma grana para Menor_vl.
[13/07/2021 - 06:39:59] - * vulgo_135 deu alguma grana para Menor_vl.
[13/07/2021 - 06:40:04] - * vulgo_135 deu alguma grana para Menor_vl.
[13/07/2021 - 06:40:05] - * vulgo_135 deu alguma grana para Menor_vl.
[13/07/2021 - 06:40:06] - * vulgo_135 deu alguma grana para Menor_vl.
[13/07/2021 - 06:40:07] - * vulgo_135 deu alguma grana para Menor_vl.
[13/07/2021 - 06:40:08] - * vulgo_135 deu alguma grana para Menor_vl.
[13/07/2021 - 06:40:09] - * vulgo_135 deu alguma grana para Menor_vl.
[13/07/2021 - 06:40:10] - * vulgo_135 deu alguma grana para Menor_vl.
[13/07/2021 - 06:40:11] - * vulgo_135 deu alguma grana para Menor_vl.
[13/07/2021 - 06:40:12] - * vulgo_135 deu alguma grana para Menor_vl.
[13/07/2021 - 06:40:13] - * vulgo_135 deu alguma grana para Menor_vl.
[13/07/2021 - 06:40:14] - * vulgo_135 deu alguma grana para Menor_vl.
[13/07/2021 - 06:40:15] - * vulgo_135 deu alguma grana para Menor_vl.
[13/07/2021 - 06:40:17] - * vulgo_135 deu alguma grana para Menor_vl.
[13/07/2021 - 06:40:18] - * vulgo_135 deu alguma grana para Menor_vl.
[13/07/2021 - 06:40:23] - * vulgo_135 deu alguma grana para Menor_vl.
[13/07/2021 - 06:40:26] - * vulgo_135 deu alguma grana para Menor_vl.
[13/07/2021 - 06:40:27] - * vulgo_135 deu alguma grana para Menor_vl.
[13/07/2021 - 06:40:28] - * vulgo_135 deu alguma grana para Menor_vl.
[13/07/2021 - 06:40:29] - * vulgo_135 deu alguma grana para Menor_vl.
[13/07/2021 - 06:40:30] - * vulgo_135 deu alguma grana para Menor_vl.
[13/07/2021 - 06:40:31] - * vulgo_135 deu alguma grana para Menor_vl.
[13/07/2021 - 06:40:32] - * vulgo_135 deu alguma grana para Menor_vl.
[13/07/2021 - 06:40:33] - * vulgo_135 deu alguma grana para Menor_vl.
[13/07/2021 - 06:40:34] - * vulgo_135 deu alguma grana para Menor_vl.
[13/07/2021 - 06:40:35] - * vulgo_135 deu alguma grana para Menor_vl.
[13/07/2021 - 06:40:36] - * vulgo_135 deu alguma grana para Menor_vl.
[13/07/2021 - 06:40:37] - * vulgo_135 deu alguma grana para Menor_vl.
[13/07/2021 - 06:40:38] - * vulgo_135 deu alguma grana para Menor_vl.
[13/07/2021 - 06:40:39] - * vulgo_135 deu alguma grana para Menor_vl.
[13/07/2021 - 06:40:40] - * vulgo_135 deu alguma grana para Menor_vl.
[13/07/2021 - 06:40:41] - * vulgo_135 deu alguma grana para Menor_vl.
[13/07/2021 - 06:40:42] - * vulgo_135 deu alguma grana para Menor_vl.
[13/07/2021 - 06:40:44] - * vulgo_135 deu alguma grana para Menor_vl.
[13/07/2021 - 06:40:45] - * vulgo_135 deu alguma grana para Menor_vl.
[13/07/2021 - 06:40:46] - * vulgo_135 deu alguma grana para Menor_vl.
[13/07/2021 - 06:40:47] - * vulgo_135 deu alguma grana para Menor_vl.
[13/07/2021 - 06:40:48] - * vulgo_135 deu alguma grana para Menor_vl.
[13/07/2021 - 06:40:49] - * vulgo_135 deu alguma grana para Menor_vl.
[13/07/2021 - 06:40:50] - * vulgo_135 deu alguma grana para Menor_vl.
[13/07/2021 - 06:40:51] - * vulgo_135 deu alguma grana para Menor_vl.
[13/07/2021 - 06:40:52] - * vulgo_135 deu alguma grana para Menor_vl.
[13/07/2021 - 06:40:53] - * vulgo_135 deu alguma grana para Menor_vl.
[13/07/2021 - 06:40:54] - * vulgo_135 deu alguma grana para Menor_vl.
[13/07/2021 - 06:40:55] - * vulgo_135 deu alguma grana para Menor_vl.
[13/07/2021 - 06:40:57] - * vulgo_135 deu alguma grana para Menor_vl.
[13/07/2021 - 06:40:58] - * vulgo_135 deu alguma grana para Menor_vl.
[13/07/2021 - 06:40:59] - * vulgo_135 deu alguma grana para Menor_vl.
[13/07/2021 - 06:41:00] - * vulgo_135 deu alguma grana para Menor_vl.
[13/07/2021 - 06:41:01] - * vulgo_135 deu alguma grana para Menor_vl.
[13/07/2021 - 06:41:02] - * vulgo_135 deu alguma grana para Menor_vl.
[13/07/2021 - 06:41:03] - * vulgo_135 deu alguma grana para Menor_vl.
[13/07/2021 - 06:41:04] - * vulgo_135 deu alguma grana para Menor_vl.
[13/07/2021 - 06:41:05] - * vulgo_135 deu alguma grana para Menor_vl.
[13/07/2021 - 06:41:06] - * vulgo_135 deu alguma grana para Menor_vl.
[13/07/2021 - 06:41:07] - * vulgo_135 deu alguma grana para Menor_vl.
[13/07/2021 - 06:41:08] - * vulgo_135 deu alguma grana para Menor_vl.
[13/07/2021 - 06:41:09] - * vulgo_135 deu alguma grana para Menor_vl.
[13/07/2021 - 06:41:10] - * vulgo_135 deu alguma grana para Menor_vl.
[13/07/2021 - 06:41:11] - * vulgo_135 deu alguma grana para Menor_vl.
[13/07/2021 - 06:41:12] - * vulgo_135 deu alguma grana para Menor_vl.
[13/07/2021 - 06:41:13] - * vulgo_135 deu alguma grana para Menor_vl.
[13/07/2021 - 06:41:14] - * vulgo_135 deu alguma grana para Menor_vl.
[13/07/2021 - 06:41:15] - * vulgo_135 deu alguma grana para Menor_vl.
[13/07/2021 - 06:41:16] - * vulgo_135 deu alguma grana para Menor_vl.
[13/07/2021 - 06:41:17] - * vulgo_135 deu alguma grana para Menor_vl.
[13/07/2021 - 06:41:19] - * vulgo_135 deu alguma grana para Menor_vl.
[13/07/2021 - 06:41:20] - * vulgo_135 deu alguma grana para Menor_vl.
[13/07/2021 - 06:41:22] - * vulgo_135 deu alguma grana para Menor_vl.
[13/07/2021 - 06:41:23] - * vulgo_135 deu alguma grana para Menor_vl.
[13/07/2021 - 06:41:24] - * vulgo_135 deu alguma grana para Menor_vl.
[13/07/2021 - 06:41:25] - * vulgo_135 deu alguma grana para Menor_vl.
[13/07/2021 - 06:41:26] - * vulgo_135 deu alguma grana para Menor_vl.
[13/07/2021 - 06:41:27] - * vulgo_135 deu alguma grana para Menor_vl.
[13/07/2021 - 06:41:28] - * vulgo_135 deu alguma grana para Menor_vl.
[13/07/2021 - 06:41:29] - * vulgo_135 deu alguma grana para Menor_vl.
[13/07/2021 - 06:41:30] - * vulgo_135 deu alguma grana para Menor_vl.
[13/07/2021 - 06:41:31] - * vulgo_135 deu alguma grana para Menor_vl.
[13/07/2021 - 06:41:32] - * vulgo_135 deu alguma grana para Menor_vl.
[13/07/2021 - 06:41:34] - * vulgo_135 deu alguma grana para Menor_vl.
[13/07/2021 - 06:41:39] - * vulgo_135 deu alguma grana para Menor_vl.
[13/07/2021 - 06:41:40] - * vulgo_135 deu alguma grana para Menor_vl.
[13/07/2021 - 06:41:41] - * vulgo_135 deu alguma grana para Menor_vl.
[13/07/2021 - 06:41:42] - * vulgo_135 deu alguma grana para Menor_vl.
[13/07/2021 - 06:41:43] - * vulgo_135 deu alguma grana para Menor_vl.
[13/07/2021 - 06:41:45] - * vulgo_135 deu alguma grana para Menor_vl.
[13/07/2021 - 06:41:46] - * vulgo_135 deu alguma grana para Menor_vl.
[13/07/2021 - 06:41:46] - * vulgo_135 deu alguma grana para Menor_vl.
[13/07/2021 - 06:41:47] - * vulgo_135 deu alguma grana para Menor_vl.
[13/07/2021 - 06:41:48] - * vulgo_135 deu alguma grana para Menor_vl.
[13/07/2021 - 06:41:49] - * vulgo_135 deu alguma grana para Menor_vl.
[13/07/2021 - 06:41:50] - * vulgo_135 deu alguma grana para Menor_vl.
[13/07/2021 - 06:41:51] - * vulgo_135 deu alguma grana para Menor_vl.
[13/07/2021 - 06:41:53] - * vulgo_135 deu alguma grana para Menor_vl.
[13/07/2021 - 06:41:54] - * vulgo_135 deu alguma grana para Menor_vl.
[13/07/2021 - 06:41:55] - * vulgo_135 deu alguma grana para Menor_vl.
[13/07/2021 - 06:41:56] - * vulgo_135 deu alguma grana para Menor_vl.
[13/07/2021 - 06:41:58] - * vulgo_135 deu alguma grana para Menor_vl.
[13/07/2021 - 06:41:59] - * vulgo_135 deu alguma grana para Menor_vl.
[13/07/2021 - 06:42:12] - * vulgo_135 deu alguma grana para Menor_vl.
[13/07/2021 - 06:42:13] - * vulgo_135 deu alguma grana para Menor_vl.
[13/07/2021 - 06:42:14] - * vulgo_135 deu alguma grana para Menor_vl.
[13/07/2021 - 06:42:15] - * vulgo_135 deu alguma grana para Menor_vl.
[13/07/2021 - 06:42:16] - * vulgo_135 deu alguma grana para Menor_vl.
[13/07/2021 - 06:42:17] - * vulgo_135 deu alguma grana para Menor_vl.
[13/07/2021 - 06:42:18] - * vulgo_135 deu alguma grana para Menor_vl.
[13/07/2021 - 06:42:18] - * vulgo_135 deu alguma grana para Menor_vl.
[13/07/2021 - 06:42:19] - * vulgo_135 deu alguma grana para Menor_vl.
[13/07/2021 - 06:42:20] - * vulgo_135 deu alguma grana para Menor_vl.
[13/07/2021 - 06:42:21] - * vulgo_135 deu alguma grana para Menor_vl.
[13/07/2021 - 06:42:22] - * vulgo_135 deu alguma grana para Menor_vl.
[13/07/2021 - 06:42:23] - * vulgo_135 deu alguma grana para Menor_vl.
[13/07/2021 - 06:42:24] - * vulgo_135 deu alguma grana para Menor_vl.
[13/07/2021 - 06:42:25] - * vulgo_135 deu alguma grana para Menor_vl.
[13/07/2021 - 06:42:26] - * vulgo_135 deu alguma grana para Menor_vl.
[13/07/2021 - 06:42:27] - * vulgo_135 deu alguma grana para Menor_vl.
[13/07/2021 - 06:42:28] - * vulgo_135 deu alguma grana para Menor_vl.
[13/07/2021 - 06:42:29] - * vulgo_135 deu alguma grana para Menor_vl.
[13/07/2021 - 06:42:30] - * vulgo_135 deu alguma grana para Menor_vl.
[13/07/2021 - 06:42:30] - * vulgo_135 deu alguma grana para Menor_vl.
[13/07/2021 - 06:42:31] - * vulgo_135 deu alguma grana para Menor_vl.
[13/07/2021 - 06:42:32] - * vulgo_135 deu alguma grana para Menor_vl.
[13/07/2021 - 06:42:33] - * vulgo_135 deu alguma grana para Menor_vl.
[13/07/2021 - 06:42:34] - * vulgo_135 deu alguma grana para Menor_vl.
[13/07/2021 - 06:42:36] - * vulgo_135 deu alguma grana para Menor_vl.
[13/07/2021 - 06:42:37] - * vulgo_135 deu alguma grana para Menor_vl.
[13/07/2021 - 06:42:38] - * vulgo_135 deu alguma grana para Menor_vl.
[13/07/2021 - 06:42:39] - * vulgo_135 deu alguma grana para Menor_vl.
[13/07/2021 - 06:42:40] - * vulgo_135 deu alguma grana para Menor_vl.
[13/07/2021 - 06:42:41] - * vulgo_135 deu alguma grana para Menor_vl.
[13/07/2021 - 06:42:42] - * vulgo_135 deu alguma grana para Menor_vl.
[13/07/2021 - 06:42:42] - * vulgo_135 deu alguma grana para Menor_vl.
[13/07/2021 - 06:42:43] - * vulgo_135 deu alguma grana para Menor_vl.
[13/07/2021 - 06:42:44] - * vulgo_135 deu alguma grana para Menor_vl.
[13/07/2021 - 06:42:45] - * vulgo_135 deu alguma grana para Menor_vl.
[13/07/2021 - 06:42:47] - * vulgo_135 deu alguma grana para Menor_vl.
[13/07/2021 - 06:42:48] - * vulgo_135 deu alguma grana para Menor_vl.
[13/07/2021 - 06:42:49] - * vulgo_135 deu alguma grana para Menor_vl.
[13/07/2021 - 06:42:50] - * vulgo_135 deu alguma grana para Menor_vl.
[13/07/2021 - 06:42:51] - * vulgo_135 deu alguma grana para Menor_vl.
[13/07/2021 - 06:42:52] - * vulgo_135 deu alguma grana para Menor_vl.
[13/07/2021 - 06:42:53] - * vulgo_135 deu alguma grana para Menor_vl.
[13/07/2021 - 06:42:54] - * vulgo_135 deu alguma grana para Menor_vl.
[13/07/2021 - 06:42:55] - * vulgo_135 deu alguma grana para Menor_vl.
[13/07/2021 - 06:42:56] - * vulgo_135 deu alguma grana para Menor_vl.
[13/07/2021 - 06:42:58] - * vulgo_135 deu alguma grana para Menor_vl.
[13/07/2021 - 06:42:59] - * vulgo_135 deu alguma grana para Menor_vl.
[13/07/2021 - 06:43:00] - * vulgo_135 deu alguma grana para Menor_vl.
[13/07/2021 - 06:43:00] - * vulgo_135 deu alguma grana para Menor_vl.
[13/07/2021 - 06:43:01] - * vulgo_135 deu alguma grana para Menor_vl.
[13/07/2021 - 06:43:02] - * vulgo_135 deu alguma grana para Menor_vl.
[13/07/2021 - 06:43:03] - * vulgo_135 deu alguma grana para Menor_vl.
[13/07/2021 - 06:43:04] - * vulgo_135 deu alguma grana para Menor_vl.
[13/07/2021 - 06:43:05] - * vulgo_135 deu alguma grana para Menor_vl.
[13/07/2021 - 06:43:06] - * vulgo_135 deu alguma grana para Menor_vl.
[13/07/2021 - 06:43:07] - * vulgo_135 deu alguma grana para Menor_vl.
[13/07/2021 - 06:43:08] - * vulgo_135 deu alguma grana para Menor_vl.
[13/07/2021 - 06:43:10] - * vulgo_135 deu alguma grana para Menor_vl.
[13/07/2021 - 06:43:11] - * vulgo_135 deu alguma grana para Menor_vl.
[13/07/2021 - 06:43:12] - * vulgo_135 deu alguma grana para Menor_vl.
[13/07/2021 - 06:43:13] - * vulgo_135 deu alguma grana para Menor_vl.
[13/07/2021 - 06:43:31] - * vulgo_135 deu alguma grana para Menor_vl.
[13/07/2021 - 06:43:34] - * vulgo_135 deu alguma grana para Menor_vl.
[13/07/2021 - 06:43:35] - * vulgo_135 deu alguma grana para Menor_vl.
[13/07/2021 - 06:43:36] - * vulgo_135 deu alguma grana para Menor_vl.
[13/07/2021 - 06:43:37] - * vulgo_135 deu alguma grana para Menor_vl.
[13/07/2021 - 06:43:38] - * vulgo_135 deu alguma grana para Menor_vl.
[13/07/2021 - 06:43:39] - * vulgo_135 deu alguma grana para Menor_vl.
[13/07/2021 - 06:43:39] - * vulgo_135 deu alguma grana para Menor_vl.
[13/07/2021 - 06:43:40] - * vulgo_135 deu alguma grana para Menor_vl.
[13/07/2021 - 06:43:41] - * vulgo_135 deu alguma grana para Menor_vl.
[13/07/2021 - 06:43:42] - * vulgo_135 deu alguma grana para Menor_vl.
[13/07/2021 - 06:43:44] - * vulgo_135 deu alguma grana para Menor_vl.
[13/07/2021 - 06:43:45] - * vulgo_135 deu alguma grana para Menor_vl.
[13/07/2021 - 06:43:46] - * vulgo_135 deu alguma grana para Menor_vl.
[13/07/2021 - 06:43:49] - * vulgo_135 deu alguma grana para Menor_vl.
[13/07/2021 - 06:43:50] - * vulgo_135 deu alguma grana para Menor_vl.
[13/07/2021 - 06:43:51] - * vulgo_135 deu alguma grana para Menor_vl.
[13/07/2021 - 06:43:52] - * vulgo_135 deu alguma grana para Menor_vl.
[13/07/2021 - 06:43:54] - * vulgo_135 deu alguma grana para Menor_vl.
[13/07/2021 - 06:43:55] - * vulgo_135 deu alguma grana para Menor_vl.
[13/07/2021 - 06:43:58] - * vulgo_135 deu alguma grana para Menor_vl.
[13/07/2021 - 06:43:59] - * vulgo_135 deu alguma grana para Menor_vl.
[13/07/2021 - 06:44:00] - * vulgo_135 deu alguma grana para Menor_vl.
[13/07/2021 - 06:44:01] - * vulgo_135 deu alguma grana para Menor_vl.
[13/07/2021 - 06:44:02] - * vulgo_135 deu alguma grana para Menor_vl.
[13/07/2021 - 06:44:03] - * vulgo_135 deu alguma grana para Menor_vl.
[13/07/2021 - 06:44:04] - * vulgo_135 deu alguma grana para Menor_vl.
[13/07/2021 - 06:44:05] - * vulgo_135 deu alguma grana para Menor_vl.
[13/07/2021 - 06:44:10] - * vulgo_135 deu alguma grana para Menor_vl.
[13/07/2021 - 06:44:11] - * vulgo_135 deu alguma grana para Menor_vl.
[13/07/2021 - 06:44:33] - * vulgo_135 deu alguma grana para Menor_vl.
[13/07/2021 - 06:44:34] - * vulgo_135 deu alguma grana para Menor_vl.
[13/07/2021 - 06:44:35] - * vulgo_135 deu alguma grana para Menor_vl.
[13/07/2021 - 06:44:36] - * vulgo_135 deu alguma grana para Menor_vl.
[13/07/2021 - 06:44:37] - * vulgo_135 deu alguma grana para Menor_vl.
[13/07/2021 - 06:44:38] - * vulgo_135 deu alguma grana para Menor_vl.
[13/07/2021 - 06:44:38] - * vulgo_135 deu alguma grana para Menor_vl.
[13/07/2021 - 06:44:39] - * vulgo_135 deu alguma grana para Menor_vl.
[13/07/2021 - 06:44:40] - * vulgo_135 deu alguma grana para Menor_vl.
[13/07/2021 - 06:44:41] - * vulgo_135 deu alguma grana para Menor_vl.
[13/07/2021 - 06:44:42] - * vulgo_135 deu alguma grana para Menor_vl.
[13/07/2021 - 06:44:43] - * vulgo_135 deu alguma grana para Menor_vl.
[13/07/2021 - 06:44:44] - * vulgo_135 deu alguma grana para Menor_vl.
[13/07/2021 - 06:44:44] - * vulgo_135 deu alguma grana para Menor_vl.
[13/07/2021 - 06:44:50] - * vulgo_135 deu alguma grana para Menor_vl.
[13/07/2021 - 06:44:52] - * vulgo_135 deu alguma grana para Menor_vl.
[13/07/2021 - 06:44:53] - * vulgo_135 deu alguma grana para Menor_vl.
[13/07/2021 - 06:44:54] - * vulgo_135 deu alguma grana para Menor_vl.
[13/07/2021 - 06:44:55] - * vulgo_135 deu alguma grana para Menor_vl.
[13/07/2021 - 06:44:56] - * vulgo_135 deu alguma grana para Menor_vl.
[13/07/2021 - 06:44:58] - * vulgo_135 deu alguma grana para Menor_vl.
[13/07/2021 - 06:44:59] - * vulgo_135 deu alguma grana para Menor_vl.
[13/07/2021 - 06:45:00] - * vulgo_135 deu alguma grana para Menor_vl.
[13/07/2021 - 06:45:01] - * vulgo_135 deu alguma grana para Menor_vl.
[13/07/2021 - 06:45:03] - * vulgo_135 deu alguma grana para Menor_vl.
[13/07/2021 - 06:45:04] - * vulgo_135 deu alguma grana para Menor_vl.
[13/07/2021 - 06:45:06] - * vulgo_135 deu alguma grana para Menor_vl.
[13/07/2021 - 06:45:06] - * vulgo_135 deu alguma grana para Menor_vl.
[13/07/2021 - 06:45:07] - * vulgo_135 deu alguma grana para Menor_vl.
[13/07/2021 - 06:45:10] - * vulgo_135 deu alguma grana para Menor_vl.
[13/07/2021 - 06:45:11] - * vulgo_135 deu alguma grana para Menor_vl.
[13/07/2021 - 06:45:15] - * vulgo_135 deu alguma grana para Menor_vl.
[13/07/2021 - 06:45:16] - * vulgo_135 deu alguma grana para Menor_vl.
[13/07/2021 - 06:45:17] - * vulgo_135 deu alguma grana para Menor_vl.
[13/07/2021 - 06:45:18] - * vulgo_135 deu alguma grana para Menor_vl.
[13/07/2021 - 06:45:19] - * vulgo_135 deu alguma grana para Menor_vl.
[13/07/2021 - 06:45:20] - * vulgo_135 deu alguma grana para Menor_vl.
[13/07/2021 - 06:45:22] - * vulgo_135 deu alguma grana para Menor_vl.
[13/07/2021 - 06:45:23] - * vulgo_135 deu alguma grana para Menor_vl.
[13/07/2021 - 06:45:24] - * vulgo_135 deu alguma grana para Menor_vl.
[13/07/2021 - 06:45:25] - * vulgo_135 deu alguma grana para Menor_vl.
[13/07/2021 - 06:45:26] - * vulgo_135 deu alguma grana para Menor_vl.
[13/07/2021 - 06:45:27] - * vulgo_135 deu alguma grana para Menor_vl.
[13/07/2021 - 06:45:28] - * vulgo_135 deu alguma grana para Menor_vl.
[13/07/2021 - 06:45:30] - * vulgo_135 deu alguma grana para Menor_vl.
[13/07/2021 - 06:45:32] - * vulgo_135 deu alguma grana para Menor_vl.
[13/07/2021 - 06:45:34] - * vulgo_135 deu alguma grana para Menor_vl.
[13/07/2021 - 06:45:37] - * vulgo_135 deu alguma grana para Menor_vl.
[13/07/2021 - 06:45:38] - * vulgo_135 deu alguma grana para Menor_vl.
[13/07/2021 - 06:45:40] - * vulgo_135 deu alguma grana para Menor_vl.
[13/07/2021 - 06:45:45] - * vulgo_135 deu alguma grana para Menor_vl.
[13/07/2021 - 06:45:48] - * vulgo_135 deu alguma grana para Menor_vl.
[13/07/2021 - 06:45:51] - * vulgo_135 deu alguma grana para Menor_vl.
[13/07/2021 - 07:01:30] - * Kauan_Churritos deu alguma grana para Kauan_Santos.
[13/07/2021 - 07:01:32] - * Kauan_Churritos deu alguma grana para Kauan_Santos.
[13/07/2021 - 13:13:13] - RAPOZA_BB comprou armas por R$4800 na empresa 0
[13/07/2021 - 13:41:36] - * DACUNHA deu alguma grana para GABRIEL_SAMP.
[13/07/2021 - 13:41:37] - * DACUNHA deu alguma grana para GABRIEL_SAMP.
[13/07/2021 - 13:41:39] - * DACUNHA deu alguma grana para GABRIEL_SAMP.
[13/07/2021 - 13:41:44] - * DACUNHA deu alguma grana para GABRIEL_SAMP.
[13/07/2021 - 16:18:33] - * LuanGabriel06 deu alguma grana para Kira_Do_Moster.
[13/07/2021 - 16:18:34] - * LuanGabriel06 deu alguma grana para Kira_Do_Moster.
[13/07/2021 - 16:18:34] - * LuanGabriel06 deu alguma grana para Kira_Do_Moster.
[13/07/2021 - 16:18:35] - * LuanGabriel06 deu alguma grana para Kira_Do_Moster.
[13/07/2021 - 16:18:36] - * LuanGabriel06 deu alguma grana para Kira_Do_Moster.
[13/07/2021 - 16:18:36] - * LuanGabriel06 deu alguma grana para Kira_Do_Moster.
[13/07/2021 - 16:18:37] - * LuanGabriel06 deu alguma grana para Kira_Do_Moster.
[13/07/2021 - 16:18:37] - * LuanGabriel06 deu alguma grana para Kira_Do_Moster.
[13/07/2021 - 16:18:38] - * LuanGabriel06 deu alguma grana para Kira_Do_Moster.
[13/07/2021 - 16:18:39] - * LuanGabriel06 deu alguma grana para Kira_Do_Moster.
[13/07/2021 - 16:18:39] - * LuanGabriel06 deu alguma grana para Kira_Do_Moster.
[13/07/2021 - 16:18:40] - * LuanGabriel06 deu alguma grana para Kira_Do_Moster.
[13/07/2021 - 16:18:40] - * LuanGabriel06 deu alguma grana para Kira_Do_Moster.
[13/07/2021 - 16:18:41] - * LuanGabriel06 deu alguma grana para Kira_Do_Moster.
[13/07/2021 - 16:18:41] - * LuanGabriel06 deu alguma grana para Kira_Do_Moster.
[13/07/2021 - 16:18:42] - * LuanGabriel06 deu alguma grana para Kira_Do_Moster.
[13/07/2021 - 16:18:42] - * LuanGabriel06 deu alguma grana para Kira_Do_Moster.
[13/07/2021 - 16:18:43] - * LuanGabriel06 deu alguma grana para Kira_Do_Moster.
[13/07/2021 - 16:18:43] - * LuanGabriel06 deu alguma grana para Kira_Do_Moster.
[13/07/2021 - 16:18:44] - * LuanGabriel06 deu alguma grana para Kira_Do_Moster.
[13/07/2021 - 16:18:48] - * LuanGabriel06 deu alguma grana para Kira_Do_Moster.
[13/07/2021 - 16:18:51] - * LuanGabriel06 deu alguma grana para Kira_Do_Moster.
[13/07/2021 - 16:18:57] - * LuanGabriel06 deu alguma grana para Kira_Do_Moster.
[13/07/2021 - 16:18:58] - * LuanGabriel06 deu alguma grana para Kira_Do_Moster.
[13/07/2021 - 16:18:58] - * LuanGabriel06 deu alguma grana para Kira_Do_Moster.
[13/07/2021 - 16:18:59] - * LuanGabriel06 deu alguma grana para Kira_Do_Moster.
[13/07/2021 - 16:18:59] - * LuanGabriel06 deu alguma grana para Kira_Do_Moster.
[13/07/2021 - 16:19:00] - * LuanGabriel06 deu alguma grana para Kira_Do_Moster.
[13/07/2021 - 16:19:00] - * LuanGabriel06 deu alguma grana para Kira_Do_Moster.
[13/07/2021 - 16:19:01] - * LuanGabriel06 deu alguma grana para Kira_Do_Moster.
[13/07/2021 - 16:19:01] - * LuanGabriel06 deu alguma grana para Kira_Do_Moster.
[13/07/2021 - 16:19:02] - * LuanGabriel06 deu alguma grana para Kira_Do_Moster.
[13/07/2021 - 16:19:03] - * LuanGabriel06 deu alguma grana para Kira_Do_Moster.
[13/07/2021 - 16:19:04] - * LuanGabriel06 deu alguma grana para Kira_Do_Moster.
[13/07/2021 - 16:19:05] - * LuanGabriel06 deu alguma grana para Kira_Do_Moster.
[13/07/2021 - 16:19:06] - * LuanGabriel06 deu alguma grana para Kira_Do_Moster.
[13/07/2021 - 16:19:07] - * LuanGabriel06 deu alguma grana para Kira_Do_Moster.
[13/07/2021 - 16:19:07] - * LuanGabriel06 deu alguma grana para Kira_Do_Moster.
[13/07/2021 - 16:19:08] - * LuanGabriel06 deu alguma grana para Kira_Do_Moster.
[13/07/2021 - 16:19:09] - * LuanGabriel06 deu alguma grana para Kira_Do_Moster.
[13/07/2021 - 16:19:09] - * LuanGabriel06 deu alguma grana para Kira_Do_Moster.
[13/07/2021 - 16:19:10] - * LuanGabriel06 deu alguma grana para Kira_Do_Moster.
[13/07/2021 - 16:19:11] - * LuanGabriel06 deu alguma grana para Kira_Do_Moster.
[13/07/2021 - 16:19:11] - * LuanGabriel06 deu alguma grana para Kira_Do_Moster.
[13/07/2021 - 16:19:12] - * LuanGabriel06 deu alguma grana para Kira_Do_Moster.
[13/07/2021 - 16:19:13] - * LuanGabriel06 deu alguma grana para Kira_Do_Moster.
[13/07/2021 - 16:19:13] - * LuanGabriel06 deu alguma grana para Kira_Do_Moster.
[13/07/2021 - 16:19:14] - * LuanGabriel06 deu alguma grana para Kira_Do_Moster.
[13/07/2021 - 16:19:15] - * LuanGabriel06 deu alguma grana para Kira_Do_Moster.
[13/07/2021 - 16:19:16] - * LuanGabriel06 deu alguma grana para Kira_Do_Moster.
[13/07/2021 - 16:19:17] - * LuanGabriel06 deu alguma grana para Kira_Do_Moster.
[13/07/2021 - 16:19:17] - * LuanGabriel06 deu alguma grana para Kira_Do_Moster.
[13/07/2021 - 16:19:18] - * LuanGabriel06 deu alguma grana para Kira_Do_Moster.
[13/07/2021 - 16:19:18] - * LuanGabriel06 deu alguma grana para Kira_Do_Moster.
[13/07/2021 - 16:19:19] - * LuanGabriel06 deu alguma grana para Kira_Do_Moster.
[13/07/2021 - 16:19:20] - * LuanGabriel06 deu alguma grana para Kira_Do_Moster.
[13/07/2021 - 16:19:23] - * LuanGabriel06 deu alguma grana para Kira_Do_Moster.
[13/07/2021 - 16:19:23] - * LuanGabriel06 deu alguma grana para Kira_Do_Moster.
[13/07/2021 - 16:19:25] - * LuanGabriel06 deu alguma grana para Kira_Do_Moster.
[13/07/2021 - 16:19:25] - * LuanGabriel06 deu alguma grana para Kira_Do_Moster.
[13/07/2021 - 16:19:26] - * LuanGabriel06 deu alguma grana para Kira_Do_Moster.
[13/07/2021 - 16:19:27] - * LuanGabriel06 deu alguma grana para Kira_Do_Moster.
[13/07/2021 - 16:19:27] - * LuanGabriel06 deu alguma grana para Kira_Do_Moster.
[13/07/2021 - 16:19:28] - * LuanGabriel06 deu alguma grana para Kira_Do_Moster.
[13/07/2021 - 16:19:31] - * LuanGabriel06 deu alguma grana para Kira_Do_Moster.
[13/07/2021 - 16:19:32] - * LuanGabriel06 deu alguma grana para Kira_Do_Moster.
[13/07/2021 - 16:19:32] - * LuanGabriel06 deu alguma grana para Kira_Do_Moster.
[13/07/2021 - 16:19:33] - * LuanGabriel06 deu alguma grana para Kira_Do_Moster.
[13/07/2021 - 16:19:34] - * LuanGabriel06 deu alguma grana para Kira_Do_Moster.
[13/07/2021 - 16:19:35] - * LuanGabriel06 deu alguma grana para Kira_Do_Moster.
[13/07/2021 - 16:19:36] - * LuanGabriel06 deu alguma grana para Kira_Do_Moster.
[13/07/2021 - 16:19:36] - * LuanGabriel06 deu alguma grana para Kira_Do_Moster.
[13/07/2021 - 16:19:37] - * LuanGabriel06 deu alguma grana para Kira_Do_Moster.
[13/07/2021 - 16:19:38] - * LuanGabriel06 deu alguma grana para Kira_Do_Moster.
[13/07/2021 - 16:19:38] - * LuanGabriel06 deu alguma grana para Kira_Do_Moster.
[13/07/2021 - 16:19:39] - * LuanGabriel06 deu alguma grana para Kira_Do_Moster.
[13/07/2021 - 16:19:39] - * LuanGabriel06 deu alguma grana para Kira_Do_Moster.
[13/07/2021 - 16:19:40] - * LuanGabriel06 deu alguma grana para Kira_Do_Moster.
[13/07/2021 - 16:19:40] - * LuanGabriel06 deu alguma grana para Kira_Do_Moster.
[13/07/2021 - 16:19:41] - * LuanGabriel06 deu alguma grana para Kira_Do_Moster.
[13/07/2021 - 16:19:42] - * LuanGabriel06 deu alguma grana para Kira_Do_Moster.
[13/07/2021 - 16:19:43] - * LuanGabriel06 deu alguma grana para Kira_Do_Moster.
[13/07/2021 - 16:19:43] - * LuanGabriel06 deu alguma grana para Kira_Do_Moster.
[13/07/2021 - 16:19:44] - * LuanGabriel06 deu alguma grana para Kira_Do_Moster.
[13/07/2021 - 16:19:44] - * LuanGabriel06 deu alguma grana para Kira_Do_Moster.
[13/07/2021 - 16:19:45] - * LuanGabriel06 deu alguma grana para Kira_Do_Moster.
[13/07/2021 - 16:19:46] - * LuanGabriel06 deu alguma grana para Kira_Do_Moster.
[13/07/2021 - 16:19:46] - * LuanGabriel06 deu alguma grana para Kira_Do_Moster.
[13/07/2021 - 16:19:47] - * LuanGabriel06 deu alguma grana para Kira_Do_Moster.
[13/07/2021 - 16:19:47] - * LuanGabriel06 deu alguma grana para Kira_Do_Moster.
[13/07/2021 - 16:19:48] - * LuanGabriel06 deu alguma grana para Kira_Do_Moster.
[13/07/2021 - 16:19:49] - * LuanGabriel06 deu alguma grana para Kira_Do_Moster.
[13/07/2021 - 16:19:49] - * LuanGabriel06 deu alguma grana para Kira_Do_Moster.
[13/07/2021 - 16:19:55] - * LuanGabriel06 deu alguma grana para Kira_Do_Moster.
[13/07/2021 - 16:19:56] - * LuanGabriel06 deu alguma grana para Kira_Do_Moster.
[13/07/2021 - 16:19:56] - * LuanGabriel06 deu alguma grana para Kira_Do_Moster.
[13/07/2021 - 16:19:57] - * LuanGabriel06 deu alguma grana para Kira_Do_Moster.
[13/07/2021 - 16:19:57] - * LuanGabriel06 deu alguma grana para Kira_Do_Moster.
[13/07/2021 - 16:19:58] - * LuanGabriel06 deu alguma grana para Kira_Do_Moster.
[13/07/2021 - 16:19:59] - * LuanGabriel06 deu alguma grana para Kira_Do_Moster.
[13/07/2021 - 16:20:00] - * LuanGabriel06 deu alguma grana para Kira_Do_Moster.
[13/07/2021 - 16:20:00] - * LuanGabriel06 deu alguma grana para Kira_Do_Moster.
[13/07/2021 - 16:20:01] - * LuanGabriel06 deu alguma grana para Kira_Do_Moster.
[13/07/2021 - 16:20:02] - * LuanGabriel06 deu alguma grana para Kira_Do_Moster.
[13/07/2021 - 16:20:02] - * LuanGabriel06 deu alguma grana para Kira_Do_Moster.
[13/07/2021 - 16:20:04] - * LuanGabriel06 deu alguma grana para Kira_Do_Moster.
[13/07/2021 - 16:20:04] - * LuanGabriel06 deu alguma grana para Kira_Do_Moster.
[13/07/2021 - 16:20:09] - * LuanGabriel06 deu alguma grana para Kira_Do_Moster.
[13/07/2021 - 16:20:10] - * LuanGabriel06 deu alguma grana para Kira_Do_Moster.
[13/07/2021 - 16:20:11] - * LuanGabriel06 deu alguma grana para Kira_Do_Moster.
[13/07/2021 - 16:20:11] - * LuanGabriel06 deu alguma grana para Kira_Do_Moster.
[13/07/2021 - 16:20:12] - * LuanGabriel06 deu alguma grana para Kira_Do_Moster.
[13/07/2021 - 16:20:13] - * LuanGabriel06 deu alguma grana para Kira_Do_Moster.
[13/07/2021 - 16:20:14] - * LuanGabriel06 deu alguma grana para Kira_Do_Moster.
[13/07/2021 - 16:20:15] - * LuanGabriel06 deu alguma grana para Kira_Do_Moster.
[13/07/2021 - 16:20:16] - * LuanGabriel06 deu alguma grana para Kira_Do_Moster.
[13/07/2021 - 16:20:17] - * LuanGabriel06 deu alguma grana para Kira_Do_Moster.
[13/07/2021 - 16:20:18] - * LuanGabriel06 deu alguma grana para Kira_Do_Moster.
[13/07/2021 - 16:20:19] - * LuanGabriel06 deu alguma grana para Kira_Do_Moster.
[13/07/2021 - 16:20:20] - * LuanGabriel06 deu alguma grana para Kira_Do_Moster.
[13/07/2021 - 16:20:20] - * LuanGabriel06 deu alguma grana para Kira_Do_Moster.
[13/07/2021 - 16:20:21] - * LuanGabriel06 deu alguma grana para Kira_Do_Moster.
[13/07/2021 - 16:20:22] - * LuanGabriel06 deu alguma grana para Kira_Do_Moster.
[13/07/2021 - 16:20:23] - * LuanGabriel06 deu alguma grana para Kira_Do_Moster.
[13/07/2021 - 16:20:23] - * LuanGabriel06 deu alguma grana para Kira_Do_Moster.
[13/07/2021 - 16:20:24] - * LuanGabriel06 deu alguma grana para Kira_Do_Moster.
[13/07/2021 - 16:20:25] - * LuanGabriel06 deu alguma grana para Kira_Do_Moster.
[13/07/2021 - 16:20:26] - * LuanGabriel06 deu alguma grana para Kira_Do_Moster.
[13/07/2021 - 16:20:27] - * LuanGabriel06 deu alguma grana para Kira_Do_Moster.
[13/07/2021 - 16:20:28] - * LuanGabriel06 deu alguma grana para Kira_Do_Moster.
[13/07/2021 - 16:20:29] - * LuanGabriel06 deu alguma grana para Kira_Do_Moster.
[13/07/2021 - 16:20:30] - * LuanGabriel06 deu alguma grana para Kira_Do_Moster.
[13/07/2021 - 16:20:30] - * LuanGabriel06 deu alguma grana para Kira_Do_Moster.
[13/07/2021 - 16:20:31] - * LuanGabriel06 deu alguma grana para Kira_Do_Moster.
[13/07/2021 - 16:20:31] - * LuanGabriel06 deu alguma grana para Kira_Do_Moster.
[13/07/2021 - 16:20:32] - * LuanGabriel06 deu alguma grana para Kira_Do_Moster.
[13/07/2021 - 16:20:33] - * LuanGabriel06 deu alguma grana para Kira_Do_Moster.
[13/07/2021 - 16:20:34] - * LuanGabriel06 deu alguma grana para Kira_Do_Moster.
[13/07/2021 - 16:20:35] - * LuanGabriel06 deu alguma grana para Kira_Do_Moster.
[13/07/2021 - 16:20:36] - * LuanGabriel06 deu alguma grana para Kira_Do_Moster.
[13/07/2021 - 16:20:37] - * LuanGabriel06 deu alguma grana para Kira_Do_Moster.
[13/07/2021 - 16:20:38] - * LuanGabriel06 deu alguma grana para Kira_Do_Moster.
[13/07/2021 - 16:20:38] - * LuanGabriel06 deu alguma grana para Kira_Do_Moster.
[13/07/2021 - 16:20:39] - * LuanGabriel06 deu alguma grana para Kira_Do_Moster.
[13/07/2021 - 16:23:07] - * LuanGabriel06 deu alguma grana para Kira_Do_Moster.
[13/07/2021 - 16:23:08] - * LuanGabriel06 deu alguma grana para Kira_Do_Moster.
[13/07/2021 - 16:23:09] - * LuanGabriel06 deu alguma grana para Kira_Do_Moster.
[13/07/2021 - 16:23:41] - * LuanGabriel06 deu alguma grana para Kira_Do_Moster.
[13/07/2021 - 16:23:42] - * LuanGabriel06 deu alguma grana para Kira_Do_Moster.
[13/07/2021 - 16:23:42] - * LuanGabriel06 deu alguma grana para Kira_Do_Moster.
[13/07/2021 - 16:23:43] - * LuanGabriel06 deu alguma grana para Kira_Do_Moster.
[13/07/2021 - 16:23:52] - * LuanGabriel06 deu alguma grana para Kira_Do_Moster.
[13/07/2021 - 16:23:53] - * LuanGabriel06 deu alguma grana para Kira_Do_Moster.
[13/07/2021 - 16:23:54] - * LuanGabriel06 deu alguma grana para Kira_Do_Moster.
[13/07/2021 - 16:23:56] - * LuanGabriel06 deu alguma grana para Kira_Do_Moster.
[13/07/2021 - 16:23:58] - * LuanGabriel06 deu alguma grana para Kira_Do_Moster.
[13/07/2021 - 16:23:59] - * LuanGabriel06 deu alguma grana para Kira_Do_Moster.
[13/07/2021 - 16:24:00] - * LuanGabriel06 deu alguma grana para Kira_Do_Moster.
[13/07/2021 - 16:24:09] - * LuanGabriel06 deu alguma grana para Kira_Do_Moster.
[13/07/2021 - 16:24:10] - * LuanGabriel06 deu alguma grana para Kira_Do_Moster.
[13/07/2021 - 16:24:11] - * LuanGabriel06 deu alguma grana para Kira_Do_Moster.
[13/07/2021 - 16:24:11] - * LuanGabriel06 deu alguma grana para Kira_Do_Moster.
[13/07/2021 - 16:24:13] - * LuanGabriel06 deu alguma grana para Kira_Do_Moster.
[13/07/2021 - 16:24:14] - * LuanGabriel06 deu alguma grana para Kira_Do_Moster.
[13/07/2021 - 16:24:15] - * LuanGabriel06 deu alguma grana para Kira_Do_Moster.
[13/07/2021 - 16:24:15] - * LuanGabriel06 deu alguma grana para Kira_Do_Moster.
[13/07/2021 - 16:24:16] - * LuanGabriel06 deu alguma grana para Kira_Do_Moster.
[13/07/2021 - 16:24:17] - * LuanGabriel06 deu alguma grana para Kira_Do_Moster.
[13/07/2021 - 16:24:24] - * LuanGabriel06 deu alguma grana para Kira_Do_Moster.
[13/07/2021 - 16:24:24] - * LuanGabriel06 deu alguma grana para Kira_Do_Moster.
[13/07/2021 - 16:24:26] - * LuanGabriel06 deu alguma grana para Kira_Do_Moster.
[13/07/2021 - 16:24:26] - * LuanGabriel06 deu alguma grana para Kira_Do_Moster.
[13/07/2021 - 16:24:27] - * LuanGabriel06 deu alguma grana para Kira_Do_Moster.
[13/07/2021 - 16:24:28] - * LuanGabriel06 deu alguma grana para Kira_Do_Moster.
[13/07/2021 - 16:24:28] - * LuanGabriel06 deu alguma grana para Kira_Do_Moster.
[13/07/2021 - 16:24:29] - * LuanGabriel06 deu alguma grana para Kira_Do_Moster.
[13/07/2021 - 16:24:30] - * LuanGabriel06 deu alguma grana para Kira_Do_Moster.
[13/07/2021 - 16:24:30] - * LuanGabriel06 deu alguma grana para Kira_Do_Moster.
[13/07/2021 - 16:24:31] - * LuanGabriel06 deu alguma grana para Kira_Do_Moster.
[13/07/2021 - 16:24:31] - * LuanGabriel06 deu alguma grana para Kira_Do_Moster.
[13/07/2021 - 16:24:32] - * LuanGabriel06 deu alguma grana para Kira_Do_Moster.
[13/07/2021 - 16:24:32] - * LuanGabriel06 deu alguma grana para Kira_Do_Moster.
[13/07/2021 - 16:24:33] - * LuanGabriel06 deu alguma grana para Kira_Do_Moster.
[13/07/2021 - 16:24:34] - * LuanGabriel06 deu alguma grana para Kira_Do_Moster.
[13/07/2021 - 16:24:35] - * LuanGabriel06 deu alguma grana para Kira_Do_Moster.
[13/07/2021 - 16:24:35] - * LuanGabriel06 deu alguma grana para Kira_Do_Moster.
[13/07/2021 - 16:24:37] - * LuanGabriel06 deu alguma grana para Kira_Do_Moster.
[13/07/2021 - 16:24:38] - * LuanGabriel06 deu alguma grana para Kira_Do_Moster.
[13/07/2021 - 16:24:38] - * LuanGabriel06 deu alguma grana para Kira_Do_Moster.
[13/07/2021 - 16:24:39] - * LuanGabriel06 deu alguma grana para Kira_Do_Moster.
[13/07/2021 - 16:24:40] - * LuanGabriel06 deu alguma grana para Kira_Do_Moster.
[13/07/2021 - 16:24:40] - * LuanGabriel06 deu alguma grana para Kira_Do_Moster.
[13/07/2021 - 16:24:41] - * LuanGabriel06 deu alguma grana para Kira_Do_Moster.
[13/07/2021 - 16:24:42] - * LuanGabriel06 deu alguma grana para Kira_Do_Moster.
[13/07/2021 - 16:24:42] - * LuanGabriel06 deu alguma grana para Kira_Do_Moster.
[13/07/2021 - 16:24:43] - * LuanGabriel06 deu alguma grana para Kira_Do_Moster.
[13/07/2021 - 16:24:44] - * LuanGabriel06 deu alguma grana para Kira_Do_Moster.
[13/07/2021 - 16:24:44] - * LuanGabriel06 deu alguma grana para Kira_Do_Moster.
[13/07/2021 - 16:24:45] - * LuanGabriel06 deu alguma grana para Kira_Do_Moster.
[13/07/2021 - 16:24:48] - * LuanGabriel06 deu alguma grana para Kira_Do_Moster.
[13/07/2021 - 16:24:49] - * LuanGabriel06 deu alguma grana para Kira_Do_Moster.
[13/07/2021 - 16:24:50] - * LuanGabriel06 deu alguma grana para Kira_Do_Moster.
[13/07/2021 - 16:24:51] - * LuanGabriel06 deu alguma grana para Kira_Do_Moster.
[13/07/2021 - 16:24:51] - * LuanGabriel06 deu alguma grana para Kira_Do_Moster.
[13/07/2021 - 16:24:53] - * LuanGabriel06 deu alguma grana para Kira_Do_Moster.
[13/07/2021 - 16:24:54] - * LuanGabriel06 deu alguma grana para Kira_Do_Moster.
[13/07/2021 - 16:24:54] - * LuanGabriel06 deu alguma grana para Kira_Do_Moster.
[13/07/2021 - 16:24:55] - * LuanGabriel06 deu alguma grana para Kira_Do_Moster.
[13/07/2021 - 16:28:28] - * iLucas_AimBot deu alguma grana para Willifergam.
[13/07/2021 - 16:29:09] - * Kauan_Santos deu alguma grana para Borges_Escobar.
[13/07/2021 - 16:29:10] - * Kauan_Santos deu alguma grana para Borges_Escobar.
[13/07/2021 - 16:29:11] - * Kauan_Santos deu alguma grana para Borges_Escobar.
[13/07/2021 - 16:29:12] - * Kauan_Santos deu alguma grana para Borges_Escobar.
[13/07/2021 - 16:29:13] - * Kauan_Santos deu alguma grana para Borges_Escobar.
[13/07/2021 - 16:29:14] - * Kauan_Santos deu alguma grana para Borges_Escobar.
[13/07/2021 - 16:29:15] - * Kauan_Santos deu alguma grana para Borges_Escobar.
[13/07/2021 - 16:29:16] - * Kauan_Santos deu alguma grana para Borges_Escobar.
[13/07/2021 - 16:29:17] - * Kauan_Santos deu alguma grana para Borges_Escobar.
[13/07/2021 - 16:29:18] - * Kauan_Santos deu alguma grana para Borges_Escobar.
[13/07/2021 - 16:29:25] - * Kauan_Santos deu alguma grana para Borges_Escobar.
[13/07/2021 - 16:32:20] - * Kauan_Santos deu alguma grana para texugo_gg.
[13/07/2021 - 16:32:21] - * Kauan_Santos deu alguma grana para texugo_gg.
[13/07/2021 - 16:32:22] - * Kauan_Santos deu alguma grana para texugo_gg.
[13/07/2021 - 16:32:23] - * Kauan_Santos deu alguma grana para texugo_gg.
[13/07/2021 - 16:32:24] - * Kauan_Santos deu alguma grana para texugo_gg.
[13/07/2021 - 16:32:25] - * Kauan_Santos deu alguma grana para texugo_gg.
[13/07/2021 - 16:32:26] - * Kauan_Santos deu alguma grana para texugo_gg.
[13/07/2021 - 16:32:27] - * Kauan_Santos deu alguma grana para texugo_gg.
[13/07/2021 - 16:32:28] - * Kauan_Santos deu alguma grana para texugo_gg.
[13/07/2021 - 16:32:30] - * Kauan_Santos deu alguma grana para texugo_gg.
[13/07/2021 - 17:16:04] - * Trem_balaXD deu alguma grana para Lucas_pinto.
[13/07/2021 - 17:27:29] - Lucas_pinto comprou armas por R$20780 na empresa 6
[13/07/2021 - 17:27:41] - Trem_balaXD comprou armas por R$100 na empresa 6
[13/07/2021 - 17:32:52] - * PATOLYNO deu alguma grana para Trem_balaXD.
[13/07/2021 - 18:00:30] - Alex_souza_FPS comprou armas por R$2800 na empresa 6
[13/07/2021 - 18:02:47] - Alex_souza_FPS comprou armas por R$2800 na empresa 6
[13/07/2021 - 18:03:11] - Alex_souza_FPS comprou armas por R$1800 na empresa 6
[13/07/2021 - 18:03:25] - Alex_souza_FPS comprou armas por R$8800 na empresa 6
[13/07/2021 - 18:34:55] - * The_ghost deu alguma grana para FX_baiano.
[13/07/2021 - 18:35:02] - * The_ghost deu alguma grana para FX_baiano.
[13/07/2021 - 18:35:17] - * The_ghost deu alguma grana para WIKEZIM_YT.
[13/07/2021 - 18:35:18] - * The_ghost deu alguma grana para WIKEZIM_YT.
[13/07/2021 - 18:35:19] - * The_ghost deu alguma grana para WIKEZIM_YT.
[13/07/2021 - 18:35:21] - * The_ghost deu alguma grana para WIKEZIM_YT.
[13/07/2021 - 18:35:22] - * The_ghost deu alguma grana para WIKEZIM_YT.
[13/07/2021 - 18:35:26] - * The_ghost deu alguma grana para WIKEZIM_YT.
[13/07/2021 - 18:39:02] - * Bkey_DuMonster deu alguma grana para fabri_rp.
[13/07/2021 - 18:39:04] - * Bkey_DuMonster deu alguma grana para fabri_rp.
[13/07/2021 - 18:39:06] - * Bkey_DuMonster deu alguma grana para fabri_rp.
[13/07/2021 - 18:39:07] - * Bkey_DuMonster deu alguma grana para fabri_rp.
[13/07/2021 - 19:00:09] - * Trem_balaXD deu alguma grana para Luckyn_Beiramar.
[13/07/2021 - 20:00:36] - * Rei_Do_Rolas deu alguma grana para JILSU_bruxo.
[13/07/2021 - 20:00:38] - * Rei_Do_Rolas deu alguma grana para JILSU_bruxo.
[13/07/2021 - 20:00:39] - * Rei_Do_Rolas deu alguma grana para JILSU_bruxo.
[13/07/2021 - 20:40:24] - ADMIN CMD: O Admin Menor_vl está dando R$1000000 para vulgo_135.
[13/07/2021 - 20:40:28] - ADMIN CMD: O Admin Menor_vl está dando R$1000000 para vulgo_135.
[13/07/2021 - 20:40:31] - ADMIN CMD: O Admin Menor_vl está dando R$1000000 para vulgo_135.
[13/07/2021 - 21:03:20] - * FX_baiano deu alguma grana para Kaique_Jhonatann.
[13/07/2021 - 21:03:24] - * FX_baiano deu alguma grana para Kaique_Jhonatann.
[13/07/2021 - 21:03:27] - * FX_baiano deu alguma grana para Kaique_Jhonatann.
[13/07/2021 - 21:03:30] - * FX_baiano deu alguma grana para Kaique_Jhonatann.
[13/07/2021 - 21:03:34] - * FX_baiano deu alguma grana para Kaique_Jhonatann.
[13/07/2021 - 21:04:21] - * FX_baiano deu alguma grana para Kaique_Jhonatann.
[13/07/2021 - 21:09:08] - * Isaac_David deu alguma grana para Kaique_Jhonatann.
[13/07/2021 - 21:44:14] - * Kaique_Jhonatann deu alguma grana para FX_baiano.
[13/07/2021 - 21:44:16] - * Kaique_Jhonatann deu alguma grana para FX_baiano.
[13/07/2021 - 21:44:19] - * Kaique_Jhonatann deu alguma grana para FX_baiano.
[13/07/2021 - 21:44:21] - * Kaique_Jhonatann deu alguma grana para FX_baiano.
[13/07/2021 - 21:44:22] - * Kaique_Jhonatann deu alguma grana para FX_baiano.
[13/07/2021 - 21:44:24] - * Kaique_Jhonatann deu alguma grana para FX_baiano.
[13/07/2021 - 22:38:21] - * Trem_balaXD deu alguma grana para HARlDADE.
[14/07/2021 - 01:20:09] - * FX_baiano deu alguma grana para The_ghost.
[14/07/2021 - 01:20:12] - * FX_baiano deu alguma grana para The_ghost.
[14/07/2021 - 02:26:53] - * alemao_noguira deu alguma grana para Americ_Samp.
[14/07/2021 - 02:26:56] - * alemao_noguira deu alguma grana para Americ_Samp.
[14/07/2021 - 03:33:52] - * Kira_Do_Moster deu alguma grana para KAUAN_TRALHA.
[14/07/2021 - 04:13:27] - * Patrick_GG deu alguma grana para zFTC_RUAN.
[14/07/2021 - 04:33:20] - * GABRIEL_SAMP deu alguma grana para Markola.
[14/07/2021 - 04:33:33] - * GABRIEL_SAMP deu alguma grana para Markola.
[14/07/2021 - 04:33:35] - * GABRIEL_SAMP deu alguma grana para Markola.
[14/07/2021 - 04:33:35] - * GABRIEL_SAMP deu alguma grana para Markola.
[14/07/2021 - 04:33:37] - * GABRIEL_SAMP deu alguma grana para Markola.
[14/07/2021 - 04:33:38] - * GABRIEL_SAMP deu alguma grana para Markola.
[14/07/2021 - 04:33:39] - * GABRIEL_SAMP deu alguma grana para Markola.
[14/07/2021 - 04:33:39] - * GABRIEL_SAMP deu alguma grana para Markola.
[14/07/2021 - 04:33:40] - * GABRIEL_SAMP deu alguma grana para Markola.
[14/07/2021 - 04:33:41] - * GABRIEL_SAMP deu alguma grana para Markola.
[14/07/2021 - 04:33:42] - * GABRIEL_SAMP deu alguma grana para Markola.
[14/07/2021 - 04:33:43] - * GABRIEL_SAMP deu alguma grana para Markola.
[14/07/2021 - 04:33:43] - * GABRIEL_SAMP deu alguma grana para Markola.
[14/07/2021 - 04:33:53] - * GABRIEL_SAMP deu alguma grana para Markola.
[14/07/2021 - 04:39:35] - * Joaozinx_ff deu alguma grana para SilverL.
[14/07/2021 - 04:39:37] - * Joaozinx_ff deu alguma grana para SilverL.
[14/07/2021 - 04:39:38] - * Joaozinx_ff deu alguma grana para SilverL.
[14/07/2021 - 04:39:38] - * Joaozinx_ff deu alguma grana para SilverL.
[14/07/2021 - 04:39:40] - * Joaozinx_ff deu alguma grana para SilverL.
[14/07/2021 - 04:39:41] - * Joaozinx_ff deu alguma grana para SilverL.
[14/07/2021 - 04:39:42] - * Joaozinx_ff deu alguma grana para SilverL.
[14/07/2021 - 04:39:43] - * Joaozinx_ff deu alguma grana para SilverL.
[14/07/2021 - 04:39:44] - * Joaozinx_ff deu alguma grana para SilverL.
[14/07/2021 - 04:39:44] - * Joaozinx_ff deu alguma grana para SilverL.
[14/07/2021 - 04:39:46] - * Joaozinx_ff deu alguma grana para SilverL.
[14/07/2021 - 04:39:46] - * Joaozinx_ff deu alguma grana para SilverL.
[14/07/2021 - 04:39:47] - * Joaozinx_ff deu alguma grana para SilverL.
[14/07/2021 - 04:39:48] - * Joaozinx_ff deu alguma grana para SilverL.
[14/07/2021 - 04:39:48] - * Joaozinx_ff deu alguma grana para SilverL.
[14/07/2021 - 04:39:50] - * Joaozinx_ff deu alguma grana para SilverL.
[14/07/2021 - 14:34:20] - * Kira_Do_Moster deu alguma grana para texugo_gg.
[14/07/2021 - 14:34:20] - * Kira_Do_Moster deu alguma grana para texugo_gg.
[14/07/2021 - 14:58:20] - * Patrick_GG deu alguma grana para iLucas_AimBot.
[14/07/2021 - 14:58:30] - * Patrick_GG deu alguma grana para iLucas_AimBot.
[14/07/2021 - 16:52:19] - * Trax_JK deu alguma grana para Kurt_444.
[14/07/2021 - 16:52:22] - * Trax_JK deu alguma grana para Kurt_444.
[14/07/2021 - 17:40:31] - Isaac_David comprou armas por R$100 na empresa 6
[14/07/2021 - 17:40:36] - FX_baiano comprou armas por R$100 na empresa 6
[14/07/2021 - 17:40:55] - FX_baiano comprou armas por R$0 na empresa 6
[14/07/2021 - 17:40:57] - * Kauan_Santos deu alguma grana para DACUNHA.
[14/07/2021 - 17:40:58] - * Kauan_Santos deu alguma grana para DACUNHA.
[14/07/2021 - 17:40:59] - * Kauan_Santos deu alguma grana para DACUNHA.
[14/07/2021 - 17:41:01] - * Kauan_Santos deu alguma grana para DACUNHA.
[14/07/2021 - 17:41:03] - * Kauan_Santos deu alguma grana para DACUNHA.
[14/07/2021 - 17:41:04] - * Kauan_Santos deu alguma grana para DACUNHA.
[14/07/2021 - 17:41:06] - * Kauan_Santos deu alguma grana para DACUNHA.
[14/07/2021 - 17:41:11] - * Kauan_Santos deu alguma grana para DACUNHA.
[14/07/2021 - 17:41:12] - Isaac_David comprou armas por R$100 na empresa 6
[14/07/2021 - 17:41:14] - FX_baiano comprou armas por R$0 na empresa 6
[14/07/2021 - 17:41:27] - FX_baiano comprou armas por R$14800 na empresa 6
[14/07/2021 - 18:03:53] - * GABRIEL_SAMP deu alguma grana para DACUNHA.
[14/07/2021 - 18:04:05] - * GABRIEL_SAMP deu alguma grana para DACUNHA.
[14/07/2021 - 18:04:14] - * ML_santos deu alguma grana para DACUNHA.
[14/07/2021 - 18:06:51] - * Isaac_David deu alguma grana para The_ghost.
[14/07/2021 - 18:06:53] - * Isaac_David deu alguma grana para The_ghost.
[14/07/2021 - 18:06:54] - * FX_baiano deu alguma grana para The_ghost.
[14/07/2021 - 18:06:54] - * Isaac_David deu alguma grana para The_ghost.
[14/07/2021 - 18:06:55] - * Isaac_David deu alguma grana para The_ghost.
[14/07/2021 - 18:06:57] - * Isaac_David deu alguma grana para The_ghost.
[14/07/2021 - 18:06:58] - * Isaac_David deu alguma grana para The_ghost.
[14/07/2021 - 18:06:59] - * Isaac_David deu alguma grana para The_ghost.
[14/07/2021 - 18:06:59] - * FX_baiano deu alguma grana para The_ghost.
[14/07/2021 - 18:07:03] - * FX_baiano deu alguma grana para The_ghost.
[14/07/2021 - 18:07:22] - * Isaac_David deu alguma grana para FX_baiano.
[14/07/2021 - 18:07:23] - * Isaac_David deu alguma grana para FX_baiano.
[14/07/2021 - 18:07:24] - * Isaac_David deu alguma grana para FX_baiano.
[14/07/2021 - 18:07:25] - * Isaac_David deu alguma grana para FX_baiano.
[14/07/2021 - 18:07:26] - * Isaac_David deu alguma grana para FX_baiano.
[14/07/2021 - 18:07:28] - * Isaac_David deu alguma grana para FX_baiano.
[14/07/2021 - 18:07:29] - * Isaac_David deu alguma grana para FX_baiano.
[14/07/2021 - 18:07:30] - * Isaac_David deu alguma grana para FX_baiano.
[14/07/2021 - 18:07:32] - * Isaac_David deu alguma grana para FX_baiano.
[14/07/2021 - 18:07:37] - * Isaac_David deu alguma grana para FX_baiano.
[14/07/2021 - 18:23:09] - * Bkinho deu alguma grana para FX_baiano.
[14/07/2021 - 18:23:12] - * Bkinho deu alguma grana para FX_baiano.
[14/07/2021 - 18:23:13] - * Bkinho deu alguma grana para FX_baiano.
[14/07/2021 - 18:23:15] - * Bkinho deu alguma grana para FX_baiano.
[14/07/2021 - 18:24:13] - * FX_baiano deu alguma grana para Bkinho.
[14/07/2021 - 18:24:17] - * FX_baiano deu alguma grana para Bkinho.
[14/07/2021 - 18:24:19] - * FX_baiano deu alguma grana para Bkinho.
[14/07/2021 - 18:24:30] - * FX_baiano deu alguma grana para Bkinho.
[14/07/2021 - 18:24:35] - * FX_baiano deu alguma grana para Bkinho.
[14/07/2021 - 18:24:49] - * FX_baiano deu alguma grana para Bkinho.
[14/07/2021 - 18:24:50] - * FX_baiano deu alguma grana para Bkinho.
[14/07/2021 - 18:24:52] - * FX_baiano deu alguma grana para Bkinho.
[14/07/2021 - 18:24:57] - * FX_baiano deu alguma grana para Bkinho.
[14/07/2021 - 18:24:58] - * FX_baiano deu alguma grana para Bkinho.
[14/07/2021 - 18:25:00] - * FX_baiano deu alguma grana para Bkinho.
[14/07/2021 - 18:42:35] - * The_ghost deu alguma grana para Bkinho.
[14/07/2021 - 18:42:41] - * The_ghost deu alguma grana para Bkinho.
[14/07/2021 - 18:58:11] - MIN3_MIC4 comprou armas por R$6800 na empresa 6
[14/07/2021 - 18:59:37] - * Borges_Escobar deu alguma grana para Markola.
[14/07/2021 - 18:59:38] - * Borges_Escobar deu alguma grana para Markola.
[14/07/2021 - 18:59:40] - * Borges_Escobar deu alguma grana para Markola.
[14/07/2021 - 18:59:40] - * Borges_Escobar deu alguma grana para Markola.
[14/07/2021 - 18:59:41] - * Borges_Escobar deu alguma grana para Markola.
[14/07/2021 - 18:59:41] - * Borges_Escobar deu alguma grana para Markola.
[14/07/2021 - 18:59:42] - * Borges_Escobar deu alguma grana para Markola.
[14/07/2021 - 18:59:42] - * Borges_Escobar deu alguma grana para Markola.
[14/07/2021 - 18:59:42] - * Borges_Escobar deu alguma grana para Markola.
[14/07/2021 - 18:59:43] - * Borges_Escobar deu alguma grana para Markola.
[14/07/2021 - 18:59:44] - * Borges_Escobar deu alguma grana para Markola.
[14/07/2021 - 18:59:44] - * Borges_Escobar deu alguma grana para Markola.
[14/07/2021 - 18:59:46] - * Borges_Escobar deu alguma grana para Markola.
[14/07/2021 - 18:59:47] - * Borges_Escobar deu alguma grana para Markola.
[14/07/2021 - 18:59:49] - * Borges_Escobar deu alguma grana para Markola.
[14/07/2021 - 18:59:50] - * Borges_Escobar deu alguma grana para Markola.
[14/07/2021 - 18:59:50] - * Borges_Escobar deu alguma grana para Markola.
[14/07/2021 - 18:59:51] - * Borges_Escobar deu alguma grana para Markola.
[14/07/2021 - 18:59:51] - * Borges_Escobar deu alguma grana para Markola.
[14/07/2021 - 18:59:51] - * Borges_Escobar deu alguma grana para Markola.
[14/07/2021 - 18:59:52] - * Borges_Escobar deu alguma grana para Markola.
[14/07/2021 - 19:05:23] - * iLucas_AimBot deu alguma grana para Mascara.exe.
[14/07/2021 - 19:05:25] - * iLucas_AimBot deu alguma grana para Mascara.exe.
[14/07/2021 - 19:05:31] - * Patrick_GG deu alguma grana para Mascara.exe.
[14/07/2021 - 19:31:33] - * iLucas_AimBot deu alguma grana para WL_[CHEFE_TDJ].
[14/07/2021 - 19:31:38] - * iLucas_AimBot deu alguma grana para WL_[CHEFE_TDJ].
[14/07/2021 - 19:31:38] - * iLucas_AimBot deu alguma grana para WL_[CHEFE_TDJ].
[14/07/2021 - 19:31:39] - * iLucas_AimBot deu alguma grana para WL_[CHEFE_TDJ].
[14/07/2021 - 19:31:44] - * iLucas_AimBot deu alguma grana para WL_[CHEFE_TDJ].
[14/07/2021 - 19:31:45] - * iLucas_AimBot deu alguma grana para WL_[CHEFE_TDJ].
[14/07/2021 - 19:31:46] - * iLucas_AimBot deu alguma grana para WL_[CHEFE_TDJ].
[14/07/2021 - 19:31:50] - * iLucas_AimBot deu alguma grana para WL_[CHEFE_TDJ].
[14/07/2021 - 19:36:03] - * Patrick_GG deu alguma grana para WL_[CHEFE_TDJ].
[14/07/2021 - 19:36:05] - * Patrick_GG deu alguma grana para WL_[CHEFE_TDJ].
[14/07/2021 - 19:36:06] - * Patrick_GG deu alguma grana para WL_[CHEFE_TDJ].
[14/07/2021 - 19:36:09] - * Patrick_GG deu alguma grana para WL_[CHEFE_TDJ].
[14/07/2021 - 19:36:23] - * Patrick_GG deu alguma grana para WL_[CHEFE_TDJ].
[14/07/2021 - 19:36:30] - * Patrick_GG deu alguma grana para WL_[CHEFE_TDJ].
[14/07/2021 - 19:37:06] - * WL_[CHEFE_TDJ] deu alguma grana para Patrick_GG.
[14/07/2021 - 20:40:50] - * iLucas_AimBot deu alguma grana para Mascara.exe.
[14/07/2021 - 21:02:03] - * Djonatan_Silva deu alguma grana para WL_[CHEFE_TDJ].
[14/07/2021 - 21:08:03] - * Markola deu alguma grana para fabri_rp.
[14/07/2021 - 21:35:17] - RAPOZA_BB comprou armas por R$4800 na empresa 0
[14/07/2021 - 22:22:30] - * Maicon_Lopes deu alguma grana para Maicon_Lopes.
[14/07/2021 - 22:22:37] - * Maicon_Lopes deu alguma grana para Maicon_Lopes.
[14/07/2021 - 22:22:40] - * Markola deu alguma grana para Markola.
[14/07/2021 - 22:22:41] - * Maicon_Lopes deu alguma grana para Maicon_Lopes.
[14/07/2021 - 22:22:43] - * Maicon_Lopes deu alguma grana para Maicon_Lopes.
[14/07/2021 - 22:22:43] - * Markola deu alguma grana para Markola.
[14/07/2021 - 22:22:45] - * Maicon_Lopes deu alguma grana para Maicon_Lopes.
[14/07/2021 - 22:22:45] - * Markola deu alguma grana para Markola.
[14/07/2021 - 22:22:46] - * Maicon_Lopes deu alguma grana para Maicon_Lopes.
[14/07/2021 - 22:22:47] - * Maicon_Lopes deu alguma grana para Maicon_Lopes.
[14/07/2021 - 22:22:48] - * Markola deu alguma grana para Markola.
[14/07/2021 - 22:22:49] - * Markola deu alguma grana para Markola.
[14/07/2021 - 22:22:50] - * Maicon_Lopes deu alguma grana para Maicon_Lopes.
[14/07/2021 - 22:22:57] - * Markola deu alguma grana para Markola.
[14/07/2021 - 22:26:55] - PATOLYNO comprou armas por R$2800 na empresa 6
[14/07/2021 - 22:39:03] - * Fanho.du.pvpaxx.$ deu alguma grana para Gago.du.pvpaxx.$.
[14/07/2021 - 22:39:08] - * Fanho.du.pvpaxx.$ deu alguma grana para Gago.du.pvpaxx.$.
[14/07/2021 - 22:39:12] - * Fanho.du.pvpaxx.$ deu alguma grana para Gago.du.pvpaxx.$.
[14/07/2021 - 22:39:15] - * Fanho.du.pvpaxx.$ deu alguma grana para Gago.du.pvpaxx.$.
[14/07/2021 - 23:44:19] - * Scarface04 deu alguma grana para fabri_rp.
[14/07/2021 - 23:46:50] - * Joaozinx_ff deu alguma grana para WL_[CHEFE_TDJ].
[14/07/2021 - 23:46:51] - * Joaozinx_ff deu alguma grana para WL_[CHEFE_TDJ].
[14/07/2021 - 23:46:52] - * Joaozinx_ff deu alguma grana para WL_[CHEFE_TDJ].
[14/07/2021 - 23:46:52] - * Joaozinx_ff deu alguma grana para WL_[CHEFE_TDJ].
[14/07/2021 - 23:46:53] - * Joaozinx_ff deu alguma grana para WL_[CHEFE_TDJ].
[14/07/2021 - 23:46:54] - * Joaozinx_ff deu alguma grana para WL_[CHEFE_TDJ].
[14/07/2021 - 23:46:54] - * Joaozinx_ff deu alguma grana para WL_[CHEFE_TDJ].
[14/07/2021 - 23:46:55] - * Joaozinx_ff deu alguma grana para WL_[CHEFE_TDJ].
[14/07/2021 - 23:46:56] - * Joaozinx_ff deu alguma grana para WL_[CHEFE_TDJ].
[14/07/2021 - 23:46:56] - * Joaozinx_ff deu alguma grana para WL_[CHEFE_TDJ].
[14/07/2021 - 23:46:57] - * Joaozinx_ff deu alguma grana para WL_[CHEFE_TDJ].
[14/07/2021 - 23:46:59] - * Joaozinx_ff deu alguma grana para WL_[CHEFE_TDJ].
[14/07/2021 - 23:46:59] - * Joaozinx_ff deu alguma grana para WL_[CHEFE_TDJ].
[14/07/2021 - 23:47:00] - * Joaozinx_ff deu alguma grana para WL_[CHEFE_TDJ].
[14/07/2021 - 23:47:01] - * Joaozinx_ff deu alguma grana para WL_[CHEFE_TDJ].
[14/07/2021 - 23:47:01] - * Joaozinx_ff deu alguma grana para WL_[CHEFE_TDJ].
[14/07/2021 - 23:47:02] - * Joaozinx_ff deu alguma grana para WL_[CHEFE_TDJ].
[14/07/2021 - 23:47:03] - * Joaozinx_ff deu alguma grana para WL_[CHEFE_TDJ].
[14/07/2021 - 23:47:04] - * Joaozinx_ff deu alguma grana para WL_[CHEFE_TDJ].
[14/07/2021 - 23:47:04] - * Joaozinx_ff deu alguma grana para WL_[CHEFE_TDJ].
[14/07/2021 - 23:47:05] - * Joaozinx_ff deu alguma grana para WL_[CHEFE_TDJ].
[14/07/2021 - 23:47:06] - * Joaozinx_ff deu alguma grana para WL_[CHEFE_TDJ].
[14/07/2021 - 23:47:08] - * Joaozinx_ff deu alguma grana para WL_[CHEFE_TDJ].
[14/07/2021 - 23:47:09] - * Joaozinx_ff deu alguma grana para WL_[CHEFE_TDJ].
[14/07/2021 - 23:47:09] - * Joaozinx_ff deu alguma grana para WL_[CHEFE_TDJ].
[14/07/2021 - 23:47:10] - * Joaozinx_ff deu alguma grana para WL_[CHEFE_TDJ].
[14/07/2021 - 23:47:11] - * Joaozinx_ff deu alguma grana para WL_[CHEFE_TDJ].
[14/07/2021 - 23:47:12] - * Joaozinx_ff deu alguma grana para WL_[CHEFE_TDJ].
[14/07/2021 - 23:47:12] - * Joaozinx_ff deu alguma grana para WL_[CHEFE_TDJ].
[14/07/2021 - 23:47:13] - * Joaozinx_ff deu alguma grana para WL_[CHEFE_TDJ].
[14/07/2021 - 23:47:14] - * Joaozinx_ff deu alguma grana para WL_[CHEFE_TDJ].
[14/07/2021 - 23:47:14] - * Joaozinx_ff deu alguma grana para WL_[CHEFE_TDJ].
[14/07/2021 - 23:47:15] - * Joaozinx_ff deu alguma grana para WL_[CHEFE_TDJ].
[14/07/2021 - 23:47:15] - * Joaozinx_ff deu alguma grana para WL_[CHEFE_TDJ].
[14/07/2021 - 23:47:16] - * Joaozinx_ff deu alguma grana para WL_[CHEFE_TDJ].
[14/07/2021 - 23:47:16] - * Joaozinx_ff deu alguma grana para WL_[CHEFE_TDJ].
[14/07/2021 - 23:47:18] - * Joaozinx_ff deu alguma grana para WL_[CHEFE_TDJ].
[14/07/2021 - 23:47:18] - * Joaozinx_ff deu alguma grana para WL_[CHEFE_TDJ].
[14/07/2021 - 23:47:19] - * Joaozinx_ff deu alguma grana para WL_[CHEFE_TDJ].
[14/07/2021 - 23:47:19] - * Joaozinx_ff deu alguma grana para WL_[CHEFE_TDJ].
[14/07/2021 - 23:47:20] - * Joaozinx_ff deu alguma grana para WL_[CHEFE_TDJ].
[14/07/2021 - 23:47:20] - * Joaozinx_ff deu alguma grana para WL_[CHEFE_TDJ].
[14/07/2021 - 23:47:21] - * Joaozinx_ff deu alguma grana para WL_[CHEFE_TDJ].
[14/07/2021 - 23:47:21] - * Joaozinx_ff deu alguma grana para WL_[CHEFE_TDJ].
[14/07/2021 - 23:47:23] - * Joaozinx_ff deu alguma grana para WL_[CHEFE_TDJ].
[14/07/2021 - 23:47:25] - * Joaozinx_ff deu alguma grana para WL_[CHEFE_TDJ].
[14/07/2021 - 23:47:25] - * Joaozinx_ff deu alguma grana para WL_[CHEFE_TDJ].
[14/07/2021 - 23:47:26] - * Joaozinx_ff deu alguma grana para WL_[CHEFE_TDJ].
[14/07/2021 - 23:47:26] - * Joaozinx_ff deu alguma grana para WL_[CHEFE_TDJ].
[14/07/2021 - 23:49:39] - * Natan_Insane deu alguma grana para LUCKYN_BEIRAMAR.
[14/07/2021 - 23:49:40] - * Natan_Insane deu alguma grana para LUCKYN_BEIRAMAR.
[14/07/2021 - 23:49:42] - * Natan_Insane deu alguma grana para LUCKYN_BEIRAMAR.
[14/07/2021 - 23:49:43] - * Natan_Insane deu alguma grana para LUCKYN_BEIRAMAR.
[14/07/2021 - 23:49:44] - * Natan_Insane deu alguma grana para LUCKYN_BEIRAMAR.
[14/07/2021 - 23:49:45] - * Natan_Insane deu alguma grana para LUCKYN_BEIRAMAR.
[14/07/2021 - 23:49:46] - * Natan_Insane deu alguma grana para LUCKYN_BEIRAMAR.
[14/07/2021 - 23:54:46] - Fanho.du.pvpaxx.$ comprou armas por R$100 na empresa 0
[15/07/2021 - 00:07:28] - * Gago.du.pvpaxx.$ deu alguma grana para Fanho.du.pvpaxx.$.
[15/07/2021 - 00:12:30] - * luan_xunin deu alguma grana para Kaue_R.
[15/07/2021 - 00:13:19] - * Fanho.du.pvpaxx.$ deu alguma grana para Gago.du.pvpaxx.$.
[15/07/2021 - 00:18:40] - * Rei_Do_Rolas deu alguma grana para JILSU_ELETROPAUU.
[15/07/2021 - 00:40:04] - fabri_rp comprou armas por R$5800 na empresa 6
[15/07/2021 - 00:46:44] - PATOLYNO comprou armas por R$1200 na empresa 0
[15/07/2021 - 01:37:55] - * Markola deu alguma grana para ALEx_AMARAL.
[15/07/2021 - 01:50:04] - * Markola deu alguma grana para Arcanjo_Leal.
[15/07/2021 - 01:50:06] - * Markola deu alguma grana para Arcanjo_Leal.
[15/07/2021 - 01:50:19] - * Markola deu alguma grana para Arcanjo_Leal.
[15/07/2021 - 01:50:21] - * Markola deu alguma grana para Arcanjo_Leal.
[15/07/2021 - 01:50:22] - * Markola deu alguma grana para Arcanjo_Leal.
[15/07/2021 - 01:50:24] - * Markola deu alguma grana para Arcanjo_Leal.
[15/07/2021 - 01:50:25] - * Markola deu alguma grana para Arcanjo_Leal.
[15/07/2021 - 01:50:26] - * Markola deu alguma grana para Arcanjo_Leal.
[15/07/2021 - 01:50:28] - * Markola deu alguma grana para Arcanjo_Leal.
[15/07/2021 - 01:50:31] - * Markola deu alguma grana para Arcanjo_Leal.
[15/07/2021 - 01:50:32] - * Markola deu alguma grana para Arcanjo_Leal.
[15/07/2021 - 01:50:34] - * Markola deu alguma grana para Arcanjo_Leal.
[15/07/2021 - 01:50:36] - * Markola deu alguma grana para Arcanjo_Leal.
[15/07/2021 - 01:50:43] - * Markola deu alguma grana para Arcanjo_Leal.
[15/07/2021 - 01:52:55] - * Kaue_R deu alguma grana para italo_leal.
[15/07/2021 - 01:53:31] - * GABRIEL_SAMP deu alguma grana para ICARO_Walker.
[15/07/2021 - 01:53:38] - * GABRIEL_SAMP deu alguma grana para ICARO_Walker.
[15/07/2021 - 02:54:29] - * Mudinho_FPSx deu alguma grana para Crazy_FPSx.
[15/07/2021 - 02:54:30] - * Mudinho_FPSx deu alguma grana para Crazy_FPSx.
[15/07/2021 - 02:54:31] - * Mudinho_FPSx deu alguma grana para Crazy_FPSx.
[15/07/2021 - 02:54:32] - * Mudinho_FPSx deu alguma grana para Crazy_FPSx.
[15/07/2021 - 02:54:33] - * Mudinho_FPSx deu alguma grana para Crazy_FPSx.
[15/07/2021 - 02:54:34] - * Mudinho_FPSx deu alguma grana para Crazy_FPSx.
[15/07/2021 - 02:55:14] - * Crazy_FPSx deu alguma grana para Mudinho_FPSx.
[15/07/2021 - 02:55:15] - * Crazy_FPSx deu alguma grana para Mudinho_FPSx.
[15/07/2021 - 02:55:16] - * Crazy_FPSx deu alguma grana para Mudinho_FPSx.
[15/07/2021 - 02:55:17] - * Crazy_FPSx deu alguma grana para Mudinho_FPSx.
[15/07/2021 - 02:55:18] - * Crazy_FPSx deu alguma grana para Mudinho_FPSx.
[15/07/2021 - 02:55:19] - * Crazy_FPSx deu alguma grana para Mudinho_FPSx.
[15/07/2021 - 02:55:21] - * Crazy_FPSx deu alguma grana para Mudinho_FPSx.
[15/07/2021 - 02:55:23] - * Crazy_FPSx deu alguma grana para Mudinho_FPSx.
[15/07/2021 - 02:55:24] - * Crazy_FPSx deu alguma grana para Mudinho_FPSx.
[15/07/2021 - 03:02:04] - * Rafael_FPSx deu alguma grana para Haridade.
[15/07/2021 - 03:02:08] - * Rafael_FPSx deu alguma grana para Haridade.
[15/07/2021 - 03:02:12] - * Rafael_FPSx deu alguma grana para Haridade.
[15/07/2021 - 03:02:13] - * Rafael_FPSx deu alguma grana para Haridade.
[15/07/2021 - 03:02:16] - * Rafael_FPSx deu alguma grana para Haridade.
[15/07/2021 - 03:02:18] - * Rafael_FPSx deu alguma grana para Haridade.
[15/07/2021 - 03:02:20] - * Rafael_FPSx deu alguma grana para Haridade.
[15/07/2021 - 03:03:13] - * Rafael_FPSx deu alguma grana para Haridade.
[15/07/2021 - 03:03:15] - * Rafael_FPSx deu alguma grana para Haridade.
[15/07/2021 - 03:03:19] - * Rafael_FPSx deu alguma grana para Haridade.
[15/07/2021 - 03:06:28] - * Kauan_Churritos deu alguma grana para Haridade.
[15/07/2021 - 03:06:29] - * Kauan_Churritos deu alguma grana para Haridade.
[15/07/2021 - 03:06:30] - * Kauan_Churritos deu alguma grana para Haridade.
[15/07/2021 - 03:06:31] - * Kauan_Churritos deu alguma grana para Haridade.
[15/07/2021 - 03:06:32] - * Kauan_Churritos deu alguma grana para Haridade.
[15/07/2021 - 03:06:33] - * Kauan_Churritos deu alguma grana para Haridade.
[15/07/2021 - 03:06:34] - * Kauan_Churritos deu alguma grana para Haridade.
[15/07/2021 - 03:06:41] - * Kauan_Churritos deu alguma grana para Haridade.
[15/07/2021 - 03:06:42] - * Kauan_Churritos deu alguma grana para Haridade.
[15/07/2021 - 03:06:43] - * Kauan_Churritos deu alguma grana para Haridade.
[15/07/2021 - 03:34:33] - Patrick_GG comprou armas por R$2800 na empresa 0
[15/07/2021 - 03:35:34] - Patrick_GG comprou armas por R$2800 na empresa 0
[15/07/2021 - 03:35:48] - Patrick_GG comprou armas por R$2800 na empresa 0
[15/07/2021 - 04:35:15] - * vulgo_135 deu alguma grana para Joaozinx_ff.
[15/07/2021 - 04:35:17] - * vulgo_135 deu alguma grana para Joaozinx_ff.
[15/07/2021 - 04:35:20] - * vulgo_135 deu alguma grana para Joaozinx_ff.
[15/07/2021 - 04:35:22] - * vulgo_135 deu alguma grana para Joaozinx_ff.
[15/07/2021 - 04:35:23] - * vulgo_135 deu alguma grana para Joaozinx_ff.
[15/07/2021 - 04:35:24] - * vulgo_135 deu alguma grana para Joaozinx_ff.
[15/07/2021 - 04:35:26] - * vulgo_135 deu alguma grana para Joaozinx_ff.
[15/07/2021 - 04:35:27] - * vulgo_135 deu alguma grana para Joaozinx_ff.
[15/07/2021 - 04:35:28] - * vulgo_135 deu alguma grana para Joaozinx_ff.
[15/07/2021 - 04:35:29] - * vulgo_135 deu alguma grana para Joaozinx_ff.
[15/07/2021 - 04:35:30] - * vulgo_135 deu alguma grana para Joaozinx_ff.
[15/07/2021 - 04:35:32] - * vulgo_135 deu alguma grana para Joaozinx_ff.
[15/07/2021 - 04:35:33] - * vulgo_135 deu alguma grana para Joaozinx_ff.
[15/07/2021 - 04:36:18] - * vulgo_135 deu alguma grana para Joaozinx_ff.
[15/07/2021 - 04:36:20] - * vulgo_135 deu alguma grana para Joaozinx_ff.
[15/07/2021 - 04:36:22] - * vulgo_135 deu alguma grana para Joaozinx_ff.
[15/07/2021 - 04:36:23] - * vulgo_135 deu alguma grana para Joaozinx_ff.
[15/07/2021 - 04:36:25] - * vulgo_135 deu alguma grana para Joaozinx_ff.
[15/07/2021 - 04:36:26] - * vulgo_135 deu alguma grana para Joaozinx_ff.
[15/07/2021 - 04:36:28] - * vulgo_135 deu alguma grana para Joaozinx_ff.
[15/07/2021 - 04:36:30] - * vulgo_135 deu alguma grana para Joaozinx_ff.
[15/07/2021 - 04:36:31] - * vulgo_135 deu alguma grana para Joaozinx_ff.
[15/07/2021 - 04:37:39] - * edu_play deu alguma grana para Kauan_Churritos.
[15/07/2021 - 04:54:16] - * edu_play deu alguma grana para Kauan_Churritos.
[15/07/2021 - 05:02:05] - * edu_play deu alguma grana para Kauan_Churritos.
[15/07/2021 - 05:40:26] - * Kauan_Santos deu alguma grana para Haridade.
[15/07/2021 - 05:40:28] - * Kauan_Santos deu alguma grana para Haridade.
[15/07/2021 - 05:40:29] - * Kauan_Santos deu alguma grana para Haridade.
[15/07/2021 - 05:40:30] - * Kauan_Santos deu alguma grana para Haridade.
[15/07/2021 - 05:40:31] - * Kauan_Santos deu alguma grana para Haridade.
[15/07/2021 - 05:40:33] - * Kauan_Santos deu alguma grana para Haridade.
[15/07/2021 - 05:40:34] - * Kauan_Santos deu alguma grana para Haridade.
[15/07/2021 - 05:40:35] - * Kauan_Santos deu alguma grana para Haridade.
[15/07/2021 - 05:40:46] - * Kauan_Santos deu alguma grana para Haridade.
[15/07/2021 - 05:40:53] - * Kauan_Santos deu alguma grana para Haridade.
[15/07/2021 - 05:40:58] - * Kauan_Santos deu alguma grana para Haridade.
[15/07/2021 - 05:41:04] - * Kauan_Santos deu alguma grana para Haridade.
[15/07/2021 - 05:58:47] - * POZE_DO_RODO deu alguma grana para JONATAS_RP.
[15/07/2021 - 05:58:51] - * POZE_DO_RODO deu alguma grana para JONATAS_RP.
[15/07/2021 - 06:11:59] - * Kauan_Santos deu alguma grana para MICA.
[15/07/2021 - 06:12:01] - * Kauan_Santos deu alguma grana para MICA.
[15/07/2021 - 06:53:23] - * vulgo_135 deu alguma grana para HARlDADE.
[15/07/2021 - 06:53:24] - * vulgo_135 deu alguma grana para HARlDADE.
[15/07/2021 - 06:53:26] - * vulgo_135 deu alguma grana para HARlDADE.
[15/07/2021 - 06:53:27] - * vulgo_135 deu alguma grana para HARlDADE.
[15/07/2021 - 06:53:29] - * vulgo_135 deu alguma grana para HARlDADE.
[15/07/2021 - 06:53:34] - * vulgo_135 deu alguma grana para HARlDADE.
[15/07/2021 - 06:53:36] - * vulgo_135 deu alguma grana para HARlDADE.
[15/07/2021 - 06:53:39] - * vulgo_135 deu alguma grana para HARlDADE.
[15/07/2021 - 06:53:41] - * vulgo_135 deu alguma grana para HARlDADE.
[15/07/2021 - 06:53:43] - * vulgo_135 deu alguma grana para HARlDADE.
[15/07/2021 - 06:53:48] - * vulgo_135 deu alguma grana para HARlDADE.
[15/07/2021 - 06:53:52] - * vulgo_135 deu alguma grana para HARlDADE.
[15/07/2021 - 06:53:54] - * vulgo_135 deu alguma grana para HARlDADE.
[15/07/2021 - 06:53:56] - * vulgo_135 deu alguma grana para HARlDADE.
[15/07/2021 - 09:46:28] - * FX_baiano deu alguma grana para BEBEL_DU_CV.
[15/07/2021 - 09:46:32] - * FX_baiano deu alguma grana para BEBEL_DU_CV.
[15/07/2021 - 09:46:36] - * FX_baiano deu alguma grana para BEBEL_DU_CV.
[15/07/2021 - 09:46:38] - * FX_baiano deu alguma grana para BEBEL_DU_CV.
[15/07/2021 - 09:46:40] - * FX_baiano deu alguma grana para BEBEL_DU_CV.
[15/07/2021 - 09:46:42] - * FX_baiano deu alguma grana para BEBEL_DU_CV.
[15/07/2021 - 09:46:44] - * FX_baiano deu alguma grana para BEBEL_DU_CV.
[15/07/2021 - 09:46:48] - * FX_baiano deu alguma grana para BEBEL_DU_CV.
[15/07/2021 - 09:46:52] - * FX_baiano deu alguma grana para BEBEL_DU_CV.
[15/07/2021 - 09:46:55] - * FX_baiano deu alguma grana para BEBEL_DU_CV.
[15/07/2021 - 09:46:57] - * FX_baiano deu alguma grana para BEBEL_DU_CV.
[15/07/2021 - 09:46:58] - * FX_baiano deu alguma grana para BEBEL_DU_CV.
[15/07/2021 - 09:47:00] - * FX_baiano deu alguma grana para BEBEL_DU_CV.
[15/07/2021 - 09:47:02] - * FX_baiano deu alguma grana para BEBEL_DU_CV.
[15/07/2021 - 09:47:04] - * FX_baiano deu alguma grana para BEBEL_DU_CV.
[15/07/2021 - 09:47:07] - * FX_baiano deu alguma grana para BEBEL_DU_CV.
[15/07/2021 - 09:47:12] - * FX_baiano deu alguma grana para BEBEL_DU_CV.
[15/07/2021 - 09:47:16] - * FX_baiano deu alguma grana para BEBEL_DU_CV.
[15/07/2021 - 09:47:29] - * FX_baiano deu alguma grana para BEBEL_DU_CV.
[15/07/2021 - 09:47:33] - * FX_baiano deu alguma grana para BEBEL_DU_CV.
[15/07/2021 - 09:47:40] - * FX_baiano deu alguma grana para BEBEL_DU_CV.
[15/07/2021 - 09:47:52] - * FX_baiano deu alguma grana para BEBEL_DU_CV.
[15/07/2021 - 09:47:54] - * FX_baiano deu alguma grana para BEBEL_DU_CV.
[15/07/2021 - 13:11:10] - * DACUNHA deu alguma grana para america_TREM..
[15/07/2021 - 13:11:12] - * DACUNHA deu alguma grana para america_TREM..
[15/07/2021 - 13:11:13] - * DACUNHA deu alguma grana para america_TREM..
[15/07/2021 - 13:11:15] - * DACUNHA deu alguma grana para america_TREM..
[15/07/2021 - 13:59:10] - * Fanho.du.pvpaxx.$ deu alguma grana para Smb_DuMoster.
[15/07/2021 - 14:01:12] - * DACUNHA deu alguma grana para Fanho.du.pvpaxx.$.
[15/07/2021 - 14:21:56] - NK_Duart comprou armas por R$8800 na empresa 0
[15/07/2021 - 14:33:57] - * tk_gg deu alguma grana para Bota_Fogo.
[15/07/2021 - 14:38:47] - Eduardo_santo comprou armas por R$2500 na empresa 6
[15/07/2021 - 15:45:30] - * RAPOZA_BB deu alguma grana para Zezin_XD.
[15/07/2021 - 16:00:35] - * Natan_Insane deu alguma grana para HARlDADE.
[15/07/2021 - 16:00:36] - * Lucas_pinto deu alguma grana para HARlDADE.
[15/07/2021 - 16:00:36] - * Natan_Insane deu alguma grana para HARlDADE.
[15/07/2021 - 16:00:37] - * vulgo_135 deu alguma grana para HARlDADE.
[15/07/2021 - 16:00:39] - * vulgo_135 deu alguma grana para HARlDADE.
[15/07/2021 - 16:00:40] - * vulgo_135 deu alguma grana para HARlDADE.
[15/07/2021 - 16:06:06] - * vulgo_135 deu alguma grana para HARlDADE.
[15/07/2021 - 16:06:08] - * vulgo_135 deu alguma grana para HARlDADE.
[15/07/2021 - 16:06:09] - * vulgo_135 deu alguma grana para HARlDADE.
[15/07/2021 - 16:06:10] - * vulgo_135 deu alguma grana para HARlDADE.
[15/07/2021 - 16:06:12] - * vulgo_135 deu alguma grana para HARlDADE.
[15/07/2021 - 16:06:13] - * vulgo_135 deu alguma grana para HARlDADE.
[15/07/2021 - 16:06:14] - * vulgo_135 deu alguma grana para HARlDADE.
[15/07/2021 - 16:06:15] - * vulgo_135 deu alguma grana para HARlDADE.
[15/07/2021 - 16:06:16] - * vulgo_135 deu alguma grana para HARlDADE.
[15/07/2021 - 16:06:18] - * vulgo_135 deu alguma grana para HARlDADE.
[15/07/2021 - 16:06:19] - * vulgo_135 deu alguma grana para HARlDADE.
[15/07/2021 - 16:06:20] - * vulgo_135 deu alguma grana para HARlDADE.
[15/07/2021 - 16:06:23] - * vulgo_135 deu alguma grana para HARlDADE.
[15/07/2021 - 16:06:25] - * vulgo_135 deu alguma grana para HARlDADE.
[15/07/2021 - 16:06:27] - * vulgo_135 deu alguma grana para HARlDADE.
[15/07/2021 - 16:06:28] - * vulgo_135 deu alguma grana para HARlDADE.
[15/07/2021 - 16:06:30] - * vulgo_135 deu alguma grana para HARlDADE.
[15/07/2021 - 16:06:31] - * vulgo_135 deu alguma grana para HARlDADE.
[15/07/2021 - 16:06:32] - * vulgo_135 deu alguma grana para HARlDADE.
[15/07/2021 - 16:06:33] - * vulgo_135 deu alguma grana para HARlDADE.
[15/07/2021 - 16:06:35] - * vulgo_135 deu alguma grana para HARlDADE.
[15/07/2021 - 16:06:36] - * vulgo_135 deu alguma grana para HARlDADE.
[15/07/2021 - 16:06:37] - * vulgo_135 deu alguma grana para HARlDADE.
[15/07/2021 - 16:06:39] - * vulgo_135 deu alguma grana para HARlDADE.
[15/07/2021 - 16:06:40] - * vulgo_135 deu alguma grana para HARlDADE.
[15/07/2021 - 16:06:41] - * vulgo_135 deu alguma grana para HARlDADE.
[15/07/2021 - 16:06:42] - * vulgo_135 deu alguma grana para HARlDADE.
[15/07/2021 - 16:06:44] - * vulgo_135 deu alguma grana para HARlDADE.
[15/07/2021 - 16:06:46] - * vulgo_135 deu alguma grana para HARlDADE.
[15/07/2021 - 16:06:52] - * vulgo_135 deu alguma grana para HARlDADE.
[15/07/2021 - 16:10:46] - * Alex_souza_FPS deu alguma grana para Felipe_Pedrosa.
[15/07/2021 - 16:10:47] - * Alex_souza_FPS deu alguma grana para Felipe_Pedrosa.
[15/07/2021 - 16:10:47] - * Alex_souza_FPS deu alguma grana para Felipe_Pedrosa.
[15/07/2021 - 16:10:49] - * Alex_souza_FPS deu alguma grana para Felipe_Pedrosa.
[15/07/2021 - 16:10:49] - * Alex_souza_FPS deu alguma grana para Felipe_Pedrosa.
[15/07/2021 - 16:10:50] - * Alex_souza_FPS deu alguma grana para Felipe_Pedrosa.
[15/07/2021 - 16:10:51] - * Alex_souza_FPS deu alguma grana para Felipe_Pedrosa.
[15/07/2021 - 16:10:53] - * Alex_souza_FPS deu alguma grana para Felipe_Pedrosa.
[15/07/2021 - 16:10:57] - * Alex_souza_FPS deu alguma grana para Felipe_Pedrosa.
[15/07/2021 - 16:10:59] - * Alex_souza_FPS deu alguma grana para Felipe_Pedrosa.
[15/07/2021 - 16:33:00] - * GABRIEL_SAMP deu alguma grana para DACUNHA.
[15/07/2021 - 16:52:26] - * HARlDADE deu alguma grana para GABRIEL_SAMP.
[15/07/2021 - 16:52:27] - * HARlDADE deu alguma grana para GABRIEL_SAMP.
[15/07/2021 - 16:52:44] - * Maicon_Lopes deu alguma grana para GABRIEL_SAMP.
[15/07/2021 - 16:52:48] - * Maicon_Lopes deu alguma grana para GABRIEL_SAMP.
[15/07/2021 - 17:15:09] - MANDRAKA comprou armas por R$100 na empresa 6
[15/07/2021 - 17:29:57] - * Joaozinx_ff deu alguma grana para NK_Duart.
[15/07/2021 - 17:29:57] - * Joaozinx_ff deu alguma grana para NK_Duart.
[15/07/2021 - 17:29:58] - * Joaozinx_ff deu alguma grana para NK_Duart.
[15/07/2021 - 17:29:59] - * Joaozinx_ff deu alguma grana para NK_Duart.
[15/07/2021 - 17:30:00] - * Joaozinx_ff deu alguma grana para NK_Duart.
[15/07/2021 - 17:30:00] - * Joaozinx_ff deu alguma grana para NK_Duart.
[15/07/2021 - 17:30:01] - * Joaozinx_ff deu alguma grana para NK_Duart.
[15/07/2021 - 17:30:01] - * Joaozinx_ff deu alguma grana para NK_Duart.
[15/07/2021 - 17:30:02] - * Joaozinx_ff deu alguma grana para NK_Duart.
[15/07/2021 - 17:30:03] - * Joaozinx_ff deu alguma grana para NK_Duart.
[15/07/2021 - 17:30:03] - * Joaozinx_ff deu alguma grana para NK_Duart.
[15/07/2021 - 17:30:04] - * Joaozinx_ff deu alguma grana para NK_Duart.
[15/07/2021 - 17:30:04] - * Joaozinx_ff deu alguma grana para NK_Duart.
[15/07/2021 - 17:30:05] - * Joaozinx_ff deu alguma grana para NK_Duart.
[15/07/2021 - 17:30:06] - * Joaozinx_ff deu alguma grana para NK_Duart.
[15/07/2021 - 17:30:06] - * Joaozinx_ff deu alguma grana para NK_Duart.
[15/07/2021 - 17:30:07] - * Joaozinx_ff deu alguma grana para NK_Duart.
[15/07/2021 - 17:30:07] - * Joaozinx_ff deu alguma grana para NK_Duart.
[15/07/2021 - 17:30:08] - * Joaozinx_ff deu alguma grana para NK_Duart.
[15/07/2021 - 17:30:09] - * Joaozinx_ff deu alguma grana para NK_Duart.
[15/07/2021 - 17:30:10] - * Joaozinx_ff deu alguma grana para NK_Duart.
[15/07/2021 - 17:30:10] - * Joaozinx_ff deu alguma grana para NK_Duart.
[15/07/2021 - 17:30:12] - * Joaozinx_ff deu alguma grana para NK_Duart.
[15/07/2021 - 17:30:15] - * Joaozinx_ff deu alguma grana para NK_Duart.
[15/07/2021 - 17:30:15] - * Joaozinx_ff deu alguma grana para NK_Duart.
[15/07/2021 - 17:30:16] - * Joaozinx_ff deu alguma grana para NK_Duart.
[15/07/2021 - 17:32:06] - * Joaozinx_ff deu alguma grana para NK_Duart.
[15/07/2021 - 17:32:07] - * Joaozinx_ff deu alguma grana para NK_Duart.
[15/07/2021 - 17:32:08] - * Joaozinx_ff deu alguma grana para NK_Duart.
[15/07/2021 - 17:32:09] - * Joaozinx_ff deu alguma grana para NK_Duart.
[15/07/2021 - 17:32:09] - * Joaozinx_ff deu alguma grana para NK_Duart.
[15/07/2021 - 17:32:10] - * Joaozinx_ff deu alguma grana para NK_Duart.
[15/07/2021 - 17:32:11] - * Joaozinx_ff deu alguma grana para NK_Duart.
[15/07/2021 - 17:32:12] - * Joaozinx_ff deu alguma grana para NK_Duart.
[15/07/2021 - 17:32:12] - * Joaozinx_ff deu alguma grana para NK_Duart.
[15/07/2021 - 17:32:13] - * Joaozinx_ff deu alguma grana para NK_Duart.
[15/07/2021 - 17:32:18] - * Joaozinx_ff deu alguma grana para NK_Duart.
[15/07/2021 - 17:32:19] - * Joaozinx_ff deu alguma grana para NK_Duart.
[15/07/2021 - 17:32:27] - * Joaozinx_ff deu alguma grana para NK_Duart.
[15/07/2021 - 17:41:27] - LIPE_EXE comprou armas por R$1800 na empresa 6
[15/07/2021 - 17:41:52] - LIPE_EXE comprou armas por R$1800 na empresa 6
[15/07/2021 - 17:42:13] - LIPE_EXE comprou armas por R$2000 na empresa 6
[15/07/2021 - 17:42:45] - LIPE_EXE comprou armas por R$1700 na empresa 6
[15/07/2021 - 17:43:02] - LIPE_EXE comprou armas por R$0 na empresa 6
[15/07/2021 - 17:43:25] - LIPE_EXE comprou armas por R$1800 na empresa 6
[15/07/2021 - 18:12:36] - * TZ_SAMP deu alguma grana para POZE_DO_RODO.
[15/07/2021 - 18:12:37] - * TZ_SAMP deu alguma grana para POZE_DO_RODO.
[15/07/2021 - 18:12:42] - * JONATAS_RP deu alguma grana para POZE_DO_RODO.
[15/07/2021 - 18:45:14] - * Patrick_GG deu alguma grana para NK_Duart.
[15/07/2021 - 18:45:15] - * Patrick_GG deu alguma grana para NK_Duart.
[15/07/2021 - 18:45:17] - * Patrick_GG deu alguma grana para NK_Duart.
[15/07/2021 - 18:45:19] - * Patrick_GG deu alguma grana para NK_Duart.
[15/07/2021 - 18:45:20] - * Patrick_GG deu alguma grana para NK_Duart.
[15/07/2021 - 18:45:21] - * Patrick_GG deu alguma grana para NK_Duart.
[15/07/2021 - 18:45:22] - * Patrick_GG deu alguma grana para NK_Duart.
[15/07/2021 - 18:45:24] - * Patrick_GG deu alguma grana para NK_Duart.
[15/07/2021 - 18:45:25] - * Patrick_GG deu alguma grana para NK_Duart.
[15/07/2021 - 18:45:26] - * Patrick_GG deu alguma grana para NK_Duart.
[15/07/2021 - 18:45:27] - * Patrick_GG deu alguma grana para NK_Duart.
[15/07/2021 - 18:45:29] - * Patrick_GG deu alguma grana para NK_Duart.
[15/07/2021 - 18:45:30] - * Patrick_GG deu alguma grana para NK_Duart.
[15/07/2021 - 18:45:31] - * Patrick_GG deu alguma grana para NK_Duart.
[15/07/2021 - 19:03:44] - * Wesley_Bezerra deu alguma grana para Emanoel_Scott.
[15/07/2021 - 19:03:46] - * Wesley_Bezerra deu alguma grana para Emanoel_Scott.
[15/07/2021 - 19:03:47] - * Wesley_Bezerra deu alguma grana para Emanoel_Scott.
[15/07/2021 - 19:03:48] - * Wesley_Bezerra deu alguma grana para Emanoel_Scott.
[15/07/2021 - 19:03:49] - * Wesley_Bezerra deu alguma grana para Emanoel_Scott.
[15/07/2021 - 19:03:53] - * Wesley_Bezerra deu alguma grana para Emanoel_Scott.
[15/07/2021 - 19:03:55] - * Wesley_Bezerra deu alguma grana para Emanoel_Scott.
[15/07/2021 - 19:04:05] - * Wesley_Bezerra deu alguma grana para Roberto_Wish.
[15/07/2021 - 19:04:06] - * Wesley_Bezerra deu alguma grana para Roberto_Wish.
[15/07/2021 - 19:04:07] - * Wesley_Bezerra deu alguma grana para Roberto_Wish.
[15/07/2021 - 19:04:08] - * Wesley_Bezerra deu alguma grana para Roberto_Wish.
[15/07/2021 - 19:04:09] - * Wesley_Bezerra deu alguma grana para Roberto_Wish.
[15/07/2021 - 19:08:56] - ADMIN CMD: O Admin Vgzinn está dando R$250000 para Bkinho.
[15/07/2021 - 19:12:52] - * Lipe_Nobre deu alguma grana para Nando.exe$.
[15/07/2021 - 19:12:54] - * Lipe_Nobre deu alguma grana para Nando.exe$.
[15/07/2021 - 19:12:55] - * Lipe_Nobre deu alguma grana para Nando.exe$.
[15/07/2021 - 19:12:56] - * Lipe_Nobre deu alguma grana para Nando.exe$.
[15/07/2021 - 19:12:56] - * Lipe_Nobre deu alguma grana para Nando.exe$.
[15/07/2021 - 19:12:57] - * Lipe_Nobre deu alguma grana para Nando.exe$.
[15/07/2021 - 19:12:57] - * Lipe_Nobre deu alguma grana para Nando.exe$.
[15/07/2021 - 19:12:59] - * Lipe_Nobre deu alguma grana para Nando.exe$.
[15/07/2021 - 19:12:59] - * Lipe_Nobre deu alguma grana para Nando.exe$.
[15/07/2021 - 19:13:00] - * Lipe_Nobre deu alguma grana para Nando.exe$.
[15/07/2021 - 19:13:00] - * Lipe_Nobre deu alguma grana para Nando.exe$.
[15/07/2021 - 19:13:01] - * Lipe_Nobre deu alguma grana para Nando.exe$.
[15/07/2021 - 19:13:01] - * Lipe_Nobre deu alguma grana para Nando.exe$.
[15/07/2021 - 19:13:02] - * Lipe_Nobre deu alguma grana para Nando.exe$.
[15/07/2021 - 19:13:03] - * Lipe_Nobre deu alguma grana para Nando.exe$.
[15/07/2021 - 19:13:03] - * Lipe_Nobre deu alguma grana para Nando.exe$.
[15/07/2021 - 19:13:04] - * Lipe_Nobre deu alguma grana para Nando.exe$.
[15/07/2021 - 19:13:04] - * Lipe_Nobre deu alguma grana para Nando.exe$.
[15/07/2021 - 19:13:05] - * Lipe_Nobre deu alguma grana para Nando.exe$.
[15/07/2021 - 19:13:06] - * Lipe_Nobre deu alguma grana para Nando.exe$.
[15/07/2021 - 19:13:07] - * Lipe_Nobre deu alguma grana para Nando.exe$.
[15/07/2021 - 19:13:07] - * Lipe_Nobre deu alguma grana para Nando.exe$.
[15/07/2021 - 19:13:08] - * Lipe_Nobre deu alguma grana para Nando.exe$.
[15/07/2021 - 19:13:09] - * Lipe_Nobre deu alguma grana para Nando.exe$.
[15/07/2021 - 19:13:09] - * Lipe_Nobre deu alguma grana para Nando.exe$.
[15/07/2021 - 19:13:10] - * Lipe_Nobre deu alguma grana para Nando.exe$.
[15/07/2021 - 19:13:10] - * Lipe_Nobre deu alguma grana para Nando.exe$.
[15/07/2021 - 19:13:11] - * Lipe_Nobre deu alguma grana para Nando.exe$.
[15/07/2021 - 19:13:12] - * Lipe_Nobre deu alguma grana para Nando.exe$.
[15/07/2021 - 19:13:12] - * Lipe_Nobre deu alguma grana para Nando.exe$.
[15/07/2021 - 19:13:13] - * Lipe_Nobre deu alguma grana para Nando.exe$.
[15/07/2021 - 19:13:13] - * Lipe_Nobre deu alguma grana para Nando.exe$.
[15/07/2021 - 19:13:17] - * Lipe_Nobre deu alguma grana para Nando.exe$.
[15/07/2021 - 19:13:19] - * Lipe_Nobre deu alguma grana para Nando.exe$.
[15/07/2021 - 19:13:20] - * Lipe_Nobre deu alguma grana para Nando.exe$.
[15/07/2021 - 19:13:20] - * Lipe_Nobre deu alguma grana para Nando.exe$.
[15/07/2021 - 19:13:21] - * Lipe_Nobre deu alguma grana para Nando.exe$.
[15/07/2021 - 19:13:21] - * Lipe_Nobre deu alguma grana para Nando.exe$.
[15/07/2021 - 19:13:22] - * Lipe_Nobre deu alguma grana para Nando.exe$.
[15/07/2021 - 19:13:22] - * Lipe_Nobre deu alguma grana para Nando.exe$.
[15/07/2021 - 19:13:23] - * Lipe_Nobre deu alguma grana para Nando.exe$.
[15/07/2021 - 19:13:24] - * Lipe_Nobre deu alguma grana para Nando.exe$.
[15/07/2021 - 19:13:24] - * Lipe_Nobre deu alguma grana para Nando.exe$.
[15/07/2021 - 19:13:27] - * Lipe_Nobre deu alguma grana para Nando.exe$.
[15/07/2021 - 19:13:28] - * Lipe_Nobre deu alguma grana para Nando.exe$.
[15/07/2021 - 19:13:28] - * Lipe_Nobre deu alguma grana para Nando.exe$.
[15/07/2021 - 19:13:29] - * Lipe_Nobre deu alguma grana para Nando.exe$.
[15/07/2021 - 19:13:29] - * Lipe_Nobre deu alguma grana para Nando.exe$.
[15/07/2021 - 19:13:30] - * Lipe_Nobre deu alguma grana para Nando.exe$.
[15/07/2021 - 19:13:31] - * Lipe_Nobre deu alguma grana para Nando.exe$.
[15/07/2021 - 19:13:31] - * Lipe_Nobre deu alguma grana para Nando.exe$.
[15/07/2021 - 19:13:32] - * Lipe_Nobre deu alguma grana para Nando.exe$.
[15/07/2021 - 19:13:32] - * Lipe_Nobre deu alguma grana para Nando.exe$.
[15/07/2021 - 19:13:33] - * Lipe_Nobre deu alguma grana para Nando.exe$.
[15/07/2021 - 19:13:33] - * Lipe_Nobre deu alguma grana para Nando.exe$.
[15/07/2021 - 19:13:34] - * Lipe_Nobre deu alguma grana para Nando.exe$.
[15/07/2021 - 19:13:35] - * Lipe_Nobre deu alguma grana para Nando.exe$.
[15/07/2021 - 19:13:36] - * Lipe_Nobre deu alguma grana para Nando.exe$.
[15/07/2021 - 19:13:36] - * Lipe_Nobre deu alguma grana para Nando.exe$.
[15/07/2021 - 19:13:37] - * Lipe_Nobre deu alguma grana para Nando.exe$.
[15/07/2021 - 19:13:38] - * Lipe_Nobre deu alguma grana para Nando.exe$.
[15/07/2021 - 19:13:39] - * Lipe_Nobre deu alguma grana para Nando.exe$.
[15/07/2021 - 19:13:39] - * Lipe_Nobre deu alguma grana para Nando.exe$.
[15/07/2021 - 19:13:40] - * Lipe_Nobre deu alguma grana para Nando.exe$.
[15/07/2021 - 19:13:40] - * Lipe_Nobre deu alguma grana para Nando.exe$.
[15/07/2021 - 19:13:41] - * Lipe_Nobre deu alguma grana para Nando.exe$.
[15/07/2021 - 19:13:42] - * Lipe_Nobre deu alguma grana para Nando.exe$.
[15/07/2021 - 19:13:43] - * Lipe_Nobre deu alguma grana para Nando.exe$.
[15/07/2021 - 19:13:43] - * Lipe_Nobre deu alguma grana para Nando.exe$.
[15/07/2021 - 19:13:52] - * Lipe_Nobre deu alguma grana para Nando.exe$.
[15/07/2021 - 19:13:53] - * Lipe_Nobre deu alguma grana para Nando.exe$.
[15/07/2021 - 19:13:54] - * Lipe_Nobre deu alguma grana para Nando.exe$.
[15/07/2021 - 19:13:57] - * Lipe_Nobre deu alguma grana para Nando.exe$.
[15/07/2021 - 19:13:58] - * Lipe_Nobre deu alguma grana para Nando.exe$.
[15/07/2021 - 19:17:08] - * iLucas_AimBot deu alguma grana para WL_[CHEFE_TDJ].
[15/07/2021 - 19:17:09] - * iLucas_AimBot deu alguma grana para WL_[CHEFE_TDJ].
[15/07/2021 - 19:17:10] - * iLucas_AimBot deu alguma grana para WL_[CHEFE_TDJ].
[15/07/2021 - 19:17:10] - * iLucas_AimBot deu alguma grana para WL_[CHEFE_TDJ].
[15/07/2021 - 19:26:27] - * iLucas_AimBot deu alguma grana para WL_[CHEFE_TDJ].
[15/07/2021 - 19:26:28] - * iLucas_AimBot deu alguma grana para WL_[CHEFE_TDJ].
[15/07/2021 - 19:26:29] - * iLucas_AimBot deu alguma grana para WL_[CHEFE_TDJ].
[15/07/2021 - 19:26:29] - * iLucas_AimBot deu alguma grana para WL_[CHEFE_TDJ].
[15/07/2021 - 19:26:30] - * iLucas_AimBot deu alguma grana para WL_[CHEFE_TDJ].
[15/07/2021 - 19:26:30] - * iLucas_AimBot deu alguma grana para WL_[CHEFE_TDJ].
[15/07/2021 - 19:26:31] - * iLucas_AimBot deu alguma grana para WL_[CHEFE_TDJ].
[15/07/2021 - 19:26:31] - * iLucas_AimBot deu alguma grana para WL_[CHEFE_TDJ].
[15/07/2021 - 19:26:32] - * iLucas_AimBot deu alguma grana para WL_[CHEFE_TDJ].
[15/07/2021 - 19:26:33] - * iLucas_AimBot deu alguma grana para WL_[CHEFE_TDJ].
[15/07/2021 - 19:26:34] - * iLucas_AimBot deu alguma grana para WL_[CHEFE_TDJ].
[15/07/2021 - 19:26:34] - * iLucas_AimBot deu alguma grana para WL_[CHEFE_TDJ].
[15/07/2021 - 19:26:35] - * iLucas_AimBot deu alguma grana para WL_[CHEFE_TDJ].
[15/07/2021 - 19:26:37] - * iLucas_AimBot deu alguma grana para WL_[CHEFE_TDJ].
[15/07/2021 - 19:26:40] - * iLucas_AimBot deu alguma grana para WL_[CHEFE_TDJ].
[15/07/2021 - 19:26:40] - * iLucas_AimBot deu alguma grana para WL_[CHEFE_TDJ].
[15/07/2021 - 19:26:41] - * iLucas_AimBot deu alguma grana para WL_[CHEFE_TDJ].
[15/07/2021 - 19:26:42] - * iLucas_AimBot deu alguma grana para WL_[CHEFE_TDJ].
[15/07/2021 - 19:26:42] - * iLucas_AimBot deu alguma grana para WL_[CHEFE_TDJ].
[15/07/2021 - 19:26:43] - * iLucas_AimBot deu alguma grana para WL_[CHEFE_TDJ].
[15/07/2021 - 19:26:43] - * iLucas_AimBot deu alguma grana para WL_[CHEFE_TDJ].
[15/07/2021 - 19:26:44] - * iLucas_AimBot deu alguma grana para WL_[CHEFE_TDJ].
[15/07/2021 - 19:26:45] - * iLucas_AimBot deu alguma grana para WL_[CHEFE_TDJ].
[15/07/2021 - 19:26:45] - * iLucas_AimBot deu alguma grana para WL_[CHEFE_TDJ].
[15/07/2021 - 19:26:46] - * iLucas_AimBot deu alguma grana para WL_[CHEFE_TDJ].
[15/07/2021 - 19:26:46] - * iLucas_AimBot deu alguma grana para WL_[CHEFE_TDJ].
[15/07/2021 - 19:26:47] - * iLucas_AimBot deu alguma grana para WL_[CHEFE_TDJ].
[15/07/2021 - 19:26:48] - * iLucas_AimBot deu alguma grana para WL_[CHEFE_TDJ].
[15/07/2021 - 19:26:48] - * iLucas_AimBot deu alguma grana para WL_[CHEFE_TDJ].
[15/07/2021 - 19:26:49] - * iLucas_AimBot deu alguma grana para WL_[CHEFE_TDJ].
[15/07/2021 - 20:07:17] - NK_Duart comprou armas por R$10200 na empresa 0
[15/07/2021 - 20:07:27] - NK_Duart comprou armas por R$8800 na empresa 0
[15/07/2021 - 20:21:58] - WL_[CHEFE_TDJ] comprou armas por R$12600 na empresa 6
[15/07/2021 - 20:23:33] - WL_[CHEFE_TDJ] comprou armas por R$13500 na empresa 6
[15/07/2021 - 20:28:00] - PATOLYNO comprou armas por R$1200 na empresa 0
[15/07/2021 - 20:28:15] - NK_Duart comprou armas por R$100 na empresa 0
[15/07/2021 - 20:28:32] - * PATOLYNO deu alguma grana para David_Moura.
[15/07/2021 - 20:28:33] - * PATOLYNO deu alguma grana para David_Moura.
[15/07/2021 - 20:28:35] - * PATOLYNO deu alguma grana para David_Moura.
[15/07/2021 - 20:28:36] - * PATOLYNO deu alguma grana para David_Moura.
[15/07/2021 - 20:28:37] - * PATOLYNO deu alguma grana para David_Moura.
[15/07/2021 - 20:28:38] - * PATOLYNO deu alguma grana para David_Moura.
[15/07/2021 - 20:28:39] - * PATOLYNO deu alguma grana para David_Moura.
[15/07/2021 - 20:28:40] - * PATOLYNO deu alguma grana para David_Moura.
[15/07/2021 - 20:28:41] - * PATOLYNO deu alguma grana para David_Moura.
[15/07/2021 - 20:28:42] - * PATOLYNO deu alguma grana para David_Moura.
[15/07/2021 - 20:28:48] - * PATOLYNO deu alguma grana para David_Moura.
[15/07/2021 - 20:28:49] - * PATOLYNO deu alguma grana para David_Moura.
[15/07/2021 - 20:28:50] - * PATOLYNO deu alguma grana para David_Moura.
[15/07/2021 - 20:28:51] - * PATOLYNO deu alguma grana para David_Moura.
[15/07/2021 - 20:29:09] - David_Moura comprou armas por R$4800 na empresa 0
[15/07/2021 - 20:34:54] - David_Moura comprou armas por R$5800 na empresa 0
[15/07/2021 - 20:41:31] - Bota_Fogo comprou armas por R$7460 na empresa 0
[15/07/2021 - 20:48:07] - LIPE_EXE comprou armas por R$1800 na empresa 6
[15/07/2021 - 20:48:19] - LIPE_EXE comprou armas por R$3500 na empresa 6
[15/07/2021 - 20:53:45] - * Borges_Escobar deu alguma grana para Tioh_TupacTV.
[15/07/2021 - 20:53:46] - * Borges_Escobar deu alguma grana para Tioh_TupacTV.
[15/07/2021 - 20:53:46] - * Borges_Escobar deu alguma grana para Tioh_TupacTV.
[15/07/2021 - 20:53:46] - * Borges_Escobar deu alguma grana para Tioh_TupacTV.
[15/07/2021 - 20:53:47] - * Borges_Escobar deu alguma grana para Tioh_TupacTV.
[15/07/2021 - 20:53:47] - * Borges_Escobar deu alguma grana para Tioh_TupacTV.
[15/07/2021 - 20:55:15] - R7_PATRAO comprou armas por R$2800 na empresa 6
[15/07/2021 - 20:55:16] - R7_PATROA comprou armas por R$6800 na empresa 6
[15/07/2021 - 21:30:07] - * Patrick_GG deu alguma grana para Allan_12.
[15/07/2021 - 21:30:10] - * Patrick_GG deu alguma grana para Allan_12.
[15/07/2021 - 21:30:11] - * Patrick_GG deu alguma grana para Allan_12.
[15/07/2021 - 21:30:13] - * Patrick_GG deu alguma grana para Allan_12.
[15/07/2021 - 21:33:36] - * Patrick_GG deu alguma grana para Allan_12.
[15/07/2021 - 21:33:38] - * Patrick_GG deu alguma grana para Allan_12.
[15/07/2021 - 21:33:39] - * Patrick_GG deu alguma grana para Allan_12.
[15/07/2021 - 21:33:41] - * Patrick_GG deu alguma grana para Allan_12.
[15/07/2021 - 21:33:42] - * Patrick_GG deu alguma grana para Allan_12.
[15/07/2021 - 21:33:42] - * Patrick_GG deu alguma grana para Allan_12.
[15/07/2021 - 21:33:43] - * Patrick_GG deu alguma grana para Allan_12.
[15/07/2021 - 21:33:44] - * Patrick_GG deu alguma grana para Allan_12.
[15/07/2021 - 21:33:45] - * Patrick_GG deu alguma grana para Allan_12.
[15/07/2021 - 21:33:46] - * Patrick_GG deu alguma grana para Allan_12.
[15/07/2021 - 21:33:46] - * Patrick_GG deu alguma grana para Allan_12.
[15/07/2021 - 21:33:47] - * Patrick_GG deu alguma grana para Allan_12.
[15/07/2021 - 21:33:48] - * Patrick_GG deu alguma grana para Allan_12.
[15/07/2021 - 21:33:54] - * Patrick_GG deu alguma grana para Allan_12.
[15/07/2021 - 21:45:02] - * iLucas_AimBot deu alguma grana para NK_Duart.
[15/07/2021 - 21:45:03] - * iLucas_AimBot deu alguma grana para NK_Duart.
[15/07/2021 - 21:45:04] - * iLucas_AimBot deu alguma grana para NK_Duart.
[15/07/2021 - 21:45:04] - * iLucas_AimBot deu alguma grana para NK_Duart.
[15/07/2021 - 21:46:51] - * Bota_Fogo deu alguma grana para NK_Duart.
[15/07/2021 - 21:47:27] - * Bota_Fogo deu alguma grana para NK_Duart.
[15/07/2021 - 21:47:28] - * Bota_Fogo deu alguma grana para NK_Duart.
[15/07/2021 - 21:47:29] - * Bota_Fogo deu alguma grana para NK_Duart.
[15/07/2021 - 21:47:29] - * Bota_Fogo deu alguma grana para NK_Duart.
[15/07/2021 - 21:47:30] - * Bota_Fogo deu alguma grana para NK_Duart.
[15/07/2021 - 21:47:30] - * Bota_Fogo deu alguma grana para NK_Duart.
[15/07/2021 - 21:47:31] - * Bota_Fogo deu alguma grana para NK_Duart.
[15/07/2021 - 21:47:32] - * Bota_Fogo deu alguma grana para NK_Duart.
[15/07/2021 - 21:47:32] - * Bota_Fogo deu alguma grana para NK_Duart.
[15/07/2021 - 21:47:32] - * Bota_Fogo deu alguma grana para NK_Duart.
[15/07/2021 - 21:47:33] - * Bota_Fogo deu alguma grana para NK_Duart.
[15/07/2021 - 21:47:34] - * Bota_Fogo deu alguma grana para NK_Duart.
[15/07/2021 - 21:47:34] - * Bota_Fogo deu alguma grana para NK_Duart.
[15/07/2021 - 21:47:35] - * Bota_Fogo deu alguma grana para NK_Duart.
[15/07/2021 - 21:47:35] - * Bota_Fogo deu alguma grana para NK_Duart.
[15/07/2021 - 21:47:37] - * Bota_Fogo deu alguma grana para NK_Duart.
[15/07/2021 - 21:47:37] - * Bota_Fogo deu alguma grana para NK_Duart.
[15/07/2021 - 21:47:38] - * Bota_Fogo deu alguma grana para NK_Duart.
[15/07/2021 - 21:47:39] - * Bota_Fogo deu alguma grana para NK_Duart.
[15/07/2021 - 21:47:39] - * Bota_Fogo deu alguma grana para NK_Duart.
[15/07/2021 - 21:47:40] - * Bota_Fogo deu alguma grana para NK_Duart.
[15/07/2021 - 21:47:41] - * Bota_Fogo deu alguma grana para NK_Duart.
[15/07/2021 - 21:47:43] - * Bota_Fogo deu alguma grana para NK_Duart.
[15/07/2021 - 21:47:44] - * Bota_Fogo deu alguma grana para NK_Duart.
[15/07/2021 - 21:47:45] - * Bota_Fogo deu alguma grana para NK_Duart.
[15/07/2021 - 21:47:45] - * Bota_Fogo deu alguma grana para NK_Duart.
[15/07/2021 - 21:47:46] - * Bota_Fogo deu alguma grana para NK_Duart.
[15/07/2021 - 21:47:47] - * Bota_Fogo deu alguma grana para NK_Duart.
[15/07/2021 - 21:47:47] - * Bota_Fogo deu alguma grana para NK_Duart.
[15/07/2021 - 21:47:48] - * Bota_Fogo deu alguma grana para NK_Duart.
[15/07/2021 - 21:47:49] - * Bota_Fogo deu alguma grana para NK_Duart.
[15/07/2021 - 21:47:49] - * Bota_Fogo deu alguma grana para NK_Duart.
[15/07/2021 - 21:47:50] - * Bota_Fogo deu alguma grana para NK_Duart.
[15/07/2021 - 21:47:50] - * Bota_Fogo deu alguma grana para NK_Duart.
[15/07/2021 - 21:47:51] - * Bota_Fogo deu alguma grana para NK_Duart.
[15/07/2021 - 21:47:52] - * Bota_Fogo deu alguma grana para NK_Duart.
[15/07/2021 - 21:47:52] - * Bota_Fogo deu alguma grana para NK_Duart.
[15/07/2021 - 21:47:53] - * Bota_Fogo deu alguma grana para NK_Duart.
[15/07/2021 - 21:47:53] - * Bota_Fogo deu alguma grana para NK_Duart.
[15/07/2021 - 21:47:54] - * Bota_Fogo deu alguma grana para NK_Duart.
[15/07/2021 - 21:47:54] - * Bota_Fogo deu alguma grana para NK_Duart.
[15/07/2021 - 21:47:55] - * Bota_Fogo deu alguma grana para NK_Duart.
[15/07/2021 - 21:47:56] - * Bota_Fogo deu alguma grana para NK_Duart.
[15/07/2021 - 21:47:57] - * Bota_Fogo deu alguma grana para NK_Duart.
[15/07/2021 - 21:47:57] - * Bota_Fogo deu alguma grana para NK_Duart.
[15/07/2021 - 21:47:58] - * Bota_Fogo deu alguma grana para NK_Duart.
[15/07/2021 - 21:47:59] - * Bota_Fogo deu alguma grana para NK_Duart.
[15/07/2021 - 21:48:00] - * Bota_Fogo deu alguma grana para NK_Duart.
[15/07/2021 - 21:48:04] - * Bota_Fogo deu alguma grana para NK_Duart.
[15/07/2021 - 21:48:05] - * Bota_Fogo deu alguma grana para NK_Duart.
[15/07/2021 - 21:48:06] - * Bota_Fogo deu alguma grana para NK_Duart.
[15/07/2021 - 21:48:07] - * Bota_Fogo deu alguma grana para NK_Duart.
[15/07/2021 - 21:48:07] - * Bota_Fogo deu alguma grana para NK_Duart.
[15/07/2021 - 21:48:08] - * Bota_Fogo deu alguma grana para NK_Duart.
[15/07/2021 - 21:48:08] - * Bota_Fogo deu alguma grana para NK_Duart.
[15/07/2021 - 21:48:09] - * Bota_Fogo deu alguma grana para NK_Duart.
[15/07/2021 - 21:48:09] - * Bota_Fogo deu alguma grana para NK_Duart.
[15/07/2021 - 21:48:10] - * Bota_Fogo deu alguma grana para NK_Duart.
[15/07/2021 - 21:48:10] - * Bota_Fogo deu alguma grana para NK_Duart.
[15/07/2021 - 21:48:11] - * Bota_Fogo deu alguma grana para NK_Duart.
[15/07/2021 - 21:48:12] - * Bota_Fogo deu alguma grana para NK_Duart.
[15/07/2021 - 21:48:12] - * Bota_Fogo deu alguma grana para NK_Duart.
[15/07/2021 - 21:48:13] - * Bota_Fogo deu alguma grana para NK_Duart.
[15/07/2021 - 21:48:13] - * Bota_Fogo deu alguma grana para NK_Duart.
[15/07/2021 - 21:48:14] - * Bota_Fogo deu alguma grana para NK_Duart.
[15/07/2021 - 21:48:14] - * Bota_Fogo deu alguma grana para NK_Duart.
[15/07/2021 - 21:48:15] - * Bota_Fogo deu alguma grana para NK_Duart.
[15/07/2021 - 21:48:16] - * Bota_Fogo deu alguma grana para NK_Duart.
[15/07/2021 - 21:48:16] - * Bota_Fogo deu alguma grana para NK_Duart.
[15/07/2021 - 21:48:18] - * Bota_Fogo deu alguma grana para NK_Duart.
[15/07/2021 - 21:48:19] - * Bota_Fogo deu alguma grana para NK_Duart.
[15/07/2021 - 21:48:19] - * Bota_Fogo deu alguma grana para NK_Duart.
[15/07/2021 - 21:48:20] - * Bota_Fogo deu alguma grana para NK_Duart.
[15/07/2021 - 21:48:20] - * Bota_Fogo deu alguma grana para NK_Duart.
[15/07/2021 - 21:48:22] - * Bota_Fogo deu alguma grana para NK_Duart.
[15/07/2021 - 21:48:22] - * Bota_Fogo deu alguma grana para NK_Duart.
[15/07/2021 - 21:48:24] - * Bota_Fogo deu alguma grana para NK_Duart.
[15/07/2021 - 21:48:24] - * Bota_Fogo deu alguma grana para NK_Duart.
[15/07/2021 - 21:48:25] - * Bota_Fogo deu alguma grana para NK_Duart.
[15/07/2021 - 21:48:26] - * Bota_Fogo deu alguma grana para NK_Duart.
[15/07/2021 - 21:48:36] - * Bota_Fogo deu alguma grana para NK_Duart.
[15/07/2021 - 22:11:05] - Bota_Fogo comprou armas por R$4800 na empresa 0
[15/07/2021 - 22:13:32] - * iLucas_AimBot deu alguma grana para MIN3_MIC4.
[15/07/2021 - 22:14:53] - * ML_santos deu alguma grana para Motta_realN$.
[15/07/2021 - 22:14:53] - * renan_tga deu alguma grana para Motta_realN$.
[15/07/2021 - 22:15:50] - * renan_tga deu alguma grana para Motta_realN$.
[15/07/2021 - 22:15:52] - * ML_santos deu alguma grana para Motta_realN$.
[15/07/2021 - 22:21:42] - * ML_santos deu alguma grana para DACUNHA.
[15/07/2021 - 22:37:22] - David_Moura comprou armas por R$6800 na empresa 0
[15/07/2021 - 22:56:54] - * katchau_china deu alguma grana para JILSU_ELETROPAUUU.
[15/07/2021 - 23:05:35] - * Kauan_Churritos deu alguma grana para David_Moura.
[15/07/2021 - 23:06:13] - * Kauan_Churritos deu alguma grana para David_Moura.
[15/07/2021 - 23:49:22] - * KINGZIN.Fe deu alguma grana para Kurt_444.
[15/07/2021 - 23:49:27] - * KINGZIN.Fe deu alguma grana para Kurt_444.
[16/07/2021 - 00:52:02] - * Borges_Escobar deu alguma grana para tutu_777.
[16/07/2021 - 00:52:06] - * Borges_Escobar deu alguma grana para tutu_777.
[16/07/2021 - 00:52:06] - * Borges_Escobar deu alguma grana para tutu_777.
[16/07/2021 - 00:52:06] - * Borges_Escobar deu alguma grana para tutu_777.
[16/07/2021 - 00:52:07] - * Borges_Escobar deu alguma grana para tutu_777.
[16/07/2021 - 00:52:08] - * Borges_Escobar deu alguma grana para tutu_777.
[16/07/2021 - 00:57:11] - FX_baiano comprou armas por R$16800 na empresa 6
[16/07/2021 - 01:12:16] - * vulgo_135 deu alguma grana para HARlDADE.
[16/07/2021 - 01:12:21] - * Trem_balaXD deu alguma grana para HARlDADE.
[16/07/2021 - 01:27:51] - Sr_Nescau comprou armas por R$4800 na empresa 0
[16/07/2021 - 01:30:46] - ALEx_AMARAL comprou armas por R$1800 na empresa 0
[16/07/2021 - 01:31:49] - zFTC_RUAN comprou armas por R$7800 na empresa 6
[16/07/2021 - 01:34:18] - * vulgo_135 deu alguma grana para HARlDADE.
[16/07/2021 - 01:34:20] - * vulgo_135 deu alguma grana para HARlDADE.
[16/07/2021 - 01:34:21] - * vulgo_135 deu alguma grana para HARlDADE.
[16/07/2021 - 01:34:22] - * vulgo_135 deu alguma grana para HARlDADE.
[16/07/2021 - 01:34:24] - * vulgo_135 deu alguma grana para HARlDADE.
[16/07/2021 - 01:34:25] - * vulgo_135 deu alguma grana para HARlDADE.
[16/07/2021 - 01:34:28] - * vulgo_135 deu alguma grana para HARlDADE.
[16/07/2021 - 01:34:29] - * vulgo_135 deu alguma grana para HARlDADE.
[16/07/2021 - 01:34:30] - * vulgo_135 deu alguma grana para HARlDADE.
[16/07/2021 - 01:34:32] - * vulgo_135 deu alguma grana para HARlDADE.
[16/07/2021 - 01:34:33] - * vulgo_135 deu alguma grana para HARlDADE.
[16/07/2021 - 01:34:34] - * vulgo_135 deu alguma grana para HARlDADE.
[16/07/2021 - 01:34:35] - * vulgo_135 deu alguma grana para HARlDADE.
[16/07/2021 - 01:34:36] - * vulgo_135 deu alguma grana para HARlDADE.
[16/07/2021 - 01:34:37] - * vulgo_135 deu alguma grana para HARlDADE.
[16/07/2021 - 01:34:39] - * vulgo_135 deu alguma grana para HARlDADE.
[16/07/2021 - 01:34:41] - * vulgo_135 deu alguma grana para HARlDADE.
[16/07/2021 - 01:34:43] - * vulgo_135 deu alguma grana para HARlDADE.
[16/07/2021 - 01:34:44] - * vulgo_135 deu alguma grana para HARlDADE.
[16/07/2021 - 01:34:45] - * vulgo_135 deu alguma grana para HARlDADE.
[16/07/2021 - 01:34:46] - * vulgo_135 deu alguma grana para HARlDADE.
[16/07/2021 - 01:34:47] - * vulgo_135 deu alguma grana para HARlDADE.
[16/07/2021 - 01:34:48] - * vulgo_135 deu alguma grana para HARlDADE.
[16/07/2021 - 01:34:49] - * vulgo_135 deu alguma grana para HARlDADE.
[16/07/2021 - 01:34:50] - * vulgo_135 deu alguma grana para HARlDADE.
[16/07/2021 - 01:34:54] - * vulgo_135 deu alguma grana para HARlDADE.
[16/07/2021 - 01:34:55] - * vulgo_135 deu alguma grana para HARlDADE.
[16/07/2021 - 01:34:56] - * vulgo_135 deu alguma grana para HARlDADE.
[16/07/2021 - 01:34:57] - * vulgo_135 deu alguma grana para HARlDADE.
[16/07/2021 - 01:34:58] - * vulgo_135 deu alguma grana para HARlDADE.
[16/07/2021 - 01:34:59] - * vulgo_135 deu alguma grana para HARlDADE.
[16/07/2021 - 01:35:01] - * vulgo_135 deu alguma grana para HARlDADE.
[16/07/2021 - 01:35:02] - * vulgo_135 deu alguma grana para HARlDADE.
[16/07/2021 - 01:35:03] - * vulgo_135 deu alguma grana para HARlDADE.
[16/07/2021 - 01:35:04] - * vulgo_135 deu alguma grana para HARlDADE.
[16/07/2021 - 01:35:06] - * vulgo_135 deu alguma grana para HARlDADE.
[16/07/2021 - 01:35:06] - * vulgo_135 deu alguma grana para HARlDADE.
[16/07/2021 - 01:35:07] - * vulgo_135 deu alguma grana para HARlDADE.
[16/07/2021 - 01:35:08] - * vulgo_135 deu alguma grana para HARlDADE.
[16/07/2021 - 01:35:10] - * vulgo_135 deu alguma grana para HARlDADE.
[16/07/2021 - 01:36:02] - * vulgo_135 deu alguma grana para HARlDADE.
[16/07/2021 - 01:36:03] - * vulgo_135 deu alguma grana para HARlDADE.
[16/07/2021 - 01:36:05] - * vulgo_135 deu alguma grana para HARlDADE.
[16/07/2021 - 01:36:06] - * vulgo_135 deu alguma grana para HARlDADE.
[16/07/2021 - 01:36:07] - * vulgo_135 deu alguma grana para HARlDADE.
[16/07/2021 - 01:36:08] - * vulgo_135 deu alguma grana para HARlDADE.
[16/07/2021 - 01:36:10] - * vulgo_135 deu alguma grana para HARlDADE.
[16/07/2021 - 01:36:11] - * vulgo_135 deu alguma grana para HARlDADE.
[16/07/2021 - 01:36:12] - * vulgo_135 deu alguma grana para HARlDADE.
[16/07/2021 - 01:36:13] - * vulgo_135 deu alguma grana para HARlDADE.
[16/07/2021 - 01:36:14] - * vulgo_135 deu alguma grana para HARlDADE.
[16/07/2021 - 01:36:15] - * vulgo_135 deu alguma grana para HARlDADE.
[16/07/2021 - 01:36:16] - * vulgo_135 deu alguma grana para HARlDADE.
[16/07/2021 - 01:36:17] - * vulgo_135 deu alguma grana para HARlDADE.
[16/07/2021 - 01:36:18] - * vulgo_135 deu alguma grana para HARlDADE.
[16/07/2021 - 01:36:19] - * vulgo_135 deu alguma grana para HARlDADE.
[16/07/2021 - 01:36:20] - * vulgo_135 deu alguma grana para HARlDADE.
[16/07/2021 - 02:05:28] - Leox_ comprou armas por R$4800 na empresa 0
[16/07/2021 - 02:05:51] - Muniz_ comprou armas por R$4800 na empresa 0
[16/07/2021 - 02:46:13] - * Trem_balaXD deu alguma grana para HARlDADE.
[16/07/2021 - 02:46:21] - * Trem_balaXD deu alguma grana para HARlDADE.
[16/07/2021 - 02:46:25] - * Trem_balaXD deu alguma grana para HARlDADE.
[16/07/2021 - 02:46:27] - * Trem_balaXD deu alguma grana para HARlDADE.
[16/07/2021 - 02:46:28] - * Trem_balaXD deu alguma grana para HARlDADE.
[16/07/2021 - 02:46:30] - * Trem_balaXD deu alguma grana para HARlDADE.
[16/07/2021 - 02:46:31] - * Trem_balaXD deu alguma grana para HARlDADE.
[16/07/2021 - 03:11:57] - ADMIN CMD: O Admin Menor_vl está dando R$3000000 para vulgo_135.
[16/07/2021 - 03:45:03] - * Kauan_Santos deu alguma grana para [T.D.E]MICA.
[16/07/2021 - 03:45:05] - * Kauan_Santos deu alguma grana para [T.D.E]MICA.
[16/07/2021 - 03:45:06] - * Kauan_Santos deu alguma grana para [T.D.E]MICA.
[16/07/2021 - 03:45:07] - * Kauan_Santos deu alguma grana para [T.D.E]MICA.
[16/07/2021 - 03:59:36] - * Kauan_Santos deu alguma grana para [T.D.E]MICA.
[16/07/2021 - 03:59:48] - * Kauan_Santos deu alguma grana para [T.D.E]MICA.
[16/07/2021 - 03:59:49] - * Kauan_Santos deu alguma grana para [T.D.E]MICA.
[16/07/2021 - 04:20:08] - * Kauan_Santos deu alguma grana para insane_.
[16/07/2021 - 04:22:04] - * Kauan_Santos deu alguma grana para VULGO_BK.
[16/07/2021 - 04:22:05] - * Kauan_Santos deu alguma grana para VULGO_BK.
[16/07/2021 - 04:22:06] - * Kauan_Santos deu alguma grana para VULGO_BK.
[16/07/2021 - 04:22:07] - * Kauan_Santos deu alguma grana para VULGO_BK.
[16/07/2021 - 04:22:08] - * Kauan_Santos deu alguma grana para VULGO_BK.
[16/07/2021 - 04:22:09] - * Kauan_Santos deu alguma grana para VULGO_BK.
[16/07/2021 - 04:22:10] - * Kauan_Santos deu alguma grana para VULGO_BK.
[16/07/2021 - 04:22:11] - * Kauan_Santos deu alguma grana para VULGO_BK.
[16/07/2021 - 04:22:14] - * Kauan_Santos deu alguma grana para VULGO_BK.
[16/07/2021 - 04:22:15] - * Kauan_Santos deu alguma grana para VULGO_BK.
[16/07/2021 - 04:22:21] - * Kauan_Santos deu alguma grana para DK_BERLIN.
[16/07/2021 - 04:22:22] - * Kauan_Santos deu alguma grana para DK_BERLIN.
[16/07/2021 - 04:22:24] - * Kauan_Santos deu alguma grana para DK_BERLIN.
[16/07/2021 - 04:22:25] - * Kauan_Santos deu alguma grana para DK_BERLIN.
[16/07/2021 - 04:22:26] - * Kauan_Santos deu alguma grana para DK_BERLIN.
[16/07/2021 - 04:22:27] - * Kauan_Santos deu alguma grana para DK_BERLIN.
[16/07/2021 - 04:22:32] - * Kauan_Santos deu alguma grana para DK_BERLIN.
[16/07/2021 - 04:22:35] - * Kauan_Santos deu alguma grana para DK_BERLIN.
[16/07/2021 - 04:49:25] - * Trem_balaXD deu alguma grana para HARlDADE.
[16/07/2021 - 04:49:28] - * Trem_balaXD deu alguma grana para HARlDADE.
[16/07/2021 - 04:49:37] - * Trem_balaXD deu alguma grana para HARlDADE.
[16/07/2021 - 04:49:39] - * Trem_balaXD deu alguma grana para HARlDADE.
[16/07/2021 - 04:49:40] - * Trem_balaXD deu alguma grana para HARlDADE.
[16/07/2021 - 04:49:42] - * Trem_balaXD deu alguma grana para HARlDADE.
[16/07/2021 - 04:49:43] - * Trem_balaXD deu alguma grana para HARlDADE.
[16/07/2021 - 04:50:01] - * Trem_balaXD deu alguma grana para HARlDADE.
[16/07/2021 - 04:58:24] - * Trem_balaXD deu alguma grana para HARlDADE.
[16/07/2021 - 04:58:28] - * Trem_balaXD deu alguma grana para HARlDADE.
[16/07/2021 - 04:58:31] - * Trem_balaXD deu alguma grana para HARlDADE.
[16/07/2021 - 05:07:24] - * Trem_balaXD deu alguma grana para HARlDADE.
[16/07/2021 - 05:07:27] - * Trem_balaXD deu alguma grana para HARlDADE.
[16/07/2021 - 05:07:29] - * Trem_balaXD deu alguma grana para HARlDADE.
[16/07/2021 - 05:07:32] - * Trem_balaXD deu alguma grana para HARlDADE.
[16/07/2021 - 05:07:34] - * Trem_balaXD deu alguma grana para HARlDADE.
[16/07/2021 - 05:07:39] - * Trem_balaXD deu alguma grana para HARlDADE.
[16/07/2021 - 05:11:48] - * Trem_balaXD deu alguma grana para Natan_Insane.
[16/07/2021 - 05:18:56] - * DECLIPS deu alguma grana para Natan_Insane.
[16/07/2021 - 05:19:19] - * DECLIPS deu alguma grana para Natan_Insane.
[16/07/2021 - 05:19:29] - * DECLIPS deu alguma grana para Natan_Insane.
[16/07/2021 - 05:19:38] - * DECLIPS deu alguma grana para Natan_Insane.
[16/07/2021 - 05:19:46] - * DECLIPS deu alguma grana para Natan_Insane.
[16/07/2021 - 06:12:47] - Bkinho comprou armas por R$1750 na empresa 0
[16/07/2021 - 06:13:28] - Bkinho comprou armas por R$1500 na empresa 0
[16/07/2021 - 11:53:22] - FX_baiano comprou armas por R$0 na empresa 0
[16/07/2021 - 11:53:37] - FX_baiano comprou armas por R$0 na empresa 0
[16/07/2021 - 13:09:03] - mascarado_adm comprou armas por R$2800 na empresa 6
[16/07/2021 - 13:09:43] - mascarado_adm comprou armas por R$100 na empresa 6
[16/07/2021 - 13:10:00] - mascarado_adm comprou armas por R$1450 na empresa 6
[16/07/2021 - 13:50:23] - * VULGO_BK deu alguma grana para Scarface04.
[16/07/2021 - 13:50:27] - * VULGO_BK deu alguma grana para Scarface04.
[16/07/2021 - 13:50:28] - * VULGO_BK deu alguma grana para Scarface04.
[16/07/2021 - 13:50:28] - * VULGO_BK deu alguma grana para Scarface04.
[16/07/2021 - 13:50:29] - * VULGO_BK deu alguma grana para Scarface04.
[16/07/2021 - 13:50:30] - * VULGO_BK deu alguma grana para Scarface04.
[16/07/2021 - 13:50:30] - * VULGO_BK deu alguma grana para Scarface04.
[16/07/2021 - 13:50:34] - * VULGO_BK deu alguma grana para Scarface04.
[16/07/2021 - 13:50:36] - * VULGO_BK deu alguma grana para Scarface04.
[16/07/2021 - 13:50:41] - * VULGO_BK deu alguma grana para Scarface04.
[16/07/2021 - 14:10:21] - * VULGO_BK deu alguma grana para Scarface04.
[16/07/2021 - 14:10:23] - * VULGO_BK deu alguma grana para Scarface04.
[16/07/2021 - 14:10:24] - * VULGO_BK deu alguma grana para Scarface04.
[16/07/2021 - 14:10:25] - * VULGO_BK deu alguma grana para Scarface04.
[16/07/2021 - 14:10:26] - * VULGO_BK deu alguma grana para Scarface04.
[16/07/2021 - 14:10:26] - * VULGO_BK deu alguma grana para Scarface04.
[16/07/2021 - 14:10:27] - * VULGO_BK deu alguma grana para Scarface04.
[16/07/2021 - 14:10:28] - * VULGO_BK deu alguma grana para Scarface04.
[16/07/2021 - 14:10:29] - * VULGO_BK deu alguma grana para Scarface04.
[16/07/2021 - 14:10:33] - * VULGO_BK deu alguma grana para Scarface04.
[16/07/2021 - 14:10:53] - * Scarface04 deu alguma grana para brasilfpss.
[16/07/2021 - 14:10:55] - * Scarface04 deu alguma grana para brasilfpss.
[16/07/2021 - 14:10:56] - * Scarface04 deu alguma grana para brasilfpss.
[16/07/2021 - 14:10:58] - * Scarface04 deu alguma grana para brasilfpss.
[16/07/2021 - 14:12:22] - * Rei_Do_Rolas deu alguma grana para brasilfpss.
[16/07/2021 - 14:12:23] - * Rei_Do_Rolas deu alguma grana para brasilfpss.
[16/07/2021 - 14:12:24] - * Rei_Do_Rolas deu alguma grana para brasilfpss.
[16/07/2021 - 14:12:25] - * Rei_Do_Rolas deu alguma grana para brasilfpss.
[16/07/2021 - 14:12:25] - * Rei_Do_Rolas deu alguma grana para brasilfpss.
[16/07/2021 - 14:12:26] - * Rei_Do_Rolas deu alguma grana para brasilfpss.
[16/07/2021 - 14:12:26] - * Rei_Do_Rolas deu alguma grana para brasilfpss.
[16/07/2021 - 14:12:33] - * Rei_Do_Rolas deu alguma grana para brasilfpss.
[16/07/2021 - 14:12:34] - * Rei_Do_Rolas deu alguma grana para brasilfpss.
[16/07/2021 - 14:12:36] - * Rei_Do_Rolas deu alguma grana para brasilfpss.
[16/07/2021 - 14:23:36] - * Duartex_ deu alguma grana para brasilfpss.
[16/07/2021 - 14:41:25] - * Bota_Fogo deu alguma grana para iLucas_AimBot.
[16/07/2021 - 14:41:26] - * Bota_Fogo deu alguma grana para iLucas_AimBot.
[16/07/2021 - 14:41:26] - * Bota_Fogo deu alguma grana para iLucas_AimBot.
[16/07/2021 - 14:41:27] - * Bota_Fogo deu alguma grana para iLucas_AimBot.
[16/07/2021 - 14:41:28] - * Bota_Fogo deu alguma grana para iLucas_AimBot.
[16/07/2021 - 14:41:28] - * Bota_Fogo deu alguma grana para iLucas_AimBot.
[16/07/2021 - 14:41:29] - * Bota_Fogo deu alguma grana para iLucas_AimBot.
[16/07/2021 - 14:41:30] - * Bota_Fogo deu alguma grana para iLucas_AimBot.
[16/07/2021 - 14:41:32] - * Bota_Fogo deu alguma grana para iLucas_AimBot.
[16/07/2021 - 14:41:32] - * Bota_Fogo deu alguma grana para iLucas_AimBot.
[16/07/2021 - 14:41:33] - * Bota_Fogo deu alguma grana para iLucas_AimBot.
[16/07/2021 - 14:41:33] - * Bota_Fogo deu alguma grana para iLucas_AimBot.
[16/07/2021 - 15:50:47] - cjzinho_cj comprou armas por R$0 na empresa 6
[16/07/2021 - 15:59:00] - * Du_Hype deu alguma grana para NK_Duart.
[16/07/2021 - 15:59:03] - * Du_Hype deu alguma grana para NK_Duart.
[16/07/2021 - 15:59:06] - * Du_Hype deu alguma grana para NK_Duart.
[16/07/2021 - 15:59:09] - * Du_Hype deu alguma grana para NK_Duart.
[16/07/2021 - 15:59:12] - * Du_Hype deu alguma grana para NK_Duart.
[16/07/2021 - 15:59:14] - * Du_Hype deu alguma grana para NK_Duart.
[16/07/2021 - 15:59:16] - * Du_Hype deu alguma grana para NK_Duart.
[16/07/2021 - 15:59:20] - * Du_Hype deu alguma grana para NK_Duart.
[16/07/2021 - 16:07:00] - Bota_Fogo comprou armas por R$8800 na empresa 6
[16/07/2021 - 16:08:58] - * Isaac_David deu alguma grana para FX_baiano.
[16/07/2021 - 16:09:00] - * Isaac_David deu alguma grana para FX_baiano.
[16/07/2021 - 16:09:01] - * Isaac_David deu alguma grana para FX_baiano.
[16/07/2021 - 16:09:02] - * Isaac_David deu alguma grana para FX_baiano.
[16/07/2021 - 16:09:03] - * Isaac_David deu alguma grana para FX_baiano.
[16/07/2021 - 16:09:04] - * Isaac_David deu alguma grana para FX_baiano.
[16/07/2021 - 16:09:05] - * Isaac_David deu alguma grana para FX_baiano.
[16/07/2021 - 16:09:07] - * Isaac_David deu alguma grana para FX_baiano.
[16/07/2021 - 16:09:08] - * Isaac_David deu alguma grana para FX_baiano.
[16/07/2021 - 16:09:09] - * Isaac_David deu alguma grana para FX_baiano.
[16/07/2021 - 16:09:10] - * Isaac_David deu alguma grana para FX_baiano.
[16/07/2021 - 16:09:11] - * Isaac_David deu alguma grana para FX_baiano.
[16/07/2021 - 16:09:12] - * Isaac_David deu alguma grana para FX_baiano.
[16/07/2021 - 16:09:13] - * Isaac_David deu alguma grana para FX_baiano.
[16/07/2021 - 16:09:14] - * Isaac_David deu alguma grana para FX_baiano.
[16/07/2021 - 16:09:15] - * Isaac_David deu alguma grana para FX_baiano.
[16/07/2021 - 16:09:16] - * Isaac_David deu alguma grana para FX_baiano.
[16/07/2021 - 16:09:18] - * Isaac_David deu alguma grana para FX_baiano.
[16/07/2021 - 16:09:19] - * Isaac_David deu alguma grana para FX_baiano.
[16/07/2021 - 16:09:21] - * Isaac_David deu alguma grana para FX_baiano.
[16/07/2021 - 16:09:23] - * Isaac_David deu alguma grana para FX_baiano.
[16/07/2021 - 16:09:24] - * Isaac_David deu alguma grana para FX_baiano.
[16/07/2021 - 16:09:25] - * Isaac_David deu alguma grana para FX_baiano.
[16/07/2021 - 16:09:26] - * Isaac_David deu alguma grana para FX_baiano.
[16/07/2021 - 16:09:27] - * Isaac_David deu alguma grana para FX_baiano.
[16/07/2021 - 16:09:29] - * Isaac_David deu alguma grana para FX_baiano.
[16/07/2021 - 16:09:30] - * Isaac_David deu alguma grana para FX_baiano.
[16/07/2021 - 16:09:32] - * Isaac_David deu alguma grana para FX_baiano.
[16/07/2021 - 16:09:33] - * Isaac_David deu alguma grana para FX_baiano.
[16/07/2021 - 16:09:34] - * Isaac_David deu alguma grana para FX_baiano.
[16/07/2021 - 16:09:35] - * Isaac_David deu alguma grana para FX_baiano.
[16/07/2021 - 16:09:36] - * Isaac_David deu alguma grana para FX_baiano.
[16/07/2021 - 16:09:46] - * Isaac_David deu alguma grana para FX_baiano.
[16/07/2021 - 16:59:20] - Lipe_Nobre comprou armas por R$4800 na empresa 0
[16/07/2021 - 17:31:01] - * VULGO_BK deu alguma grana para Scarface04.
[16/07/2021 - 17:31:02] - * VULGO_BK deu alguma grana para Scarface04.
[16/07/2021 - 17:31:02] - * VULGO_BK deu alguma grana para Scarface04.
[16/07/2021 - 17:31:03] - * VULGO_BK deu alguma grana para Scarface04.
[16/07/2021 - 17:31:04] - * VULGO_BK deu alguma grana para Scarface04.
[16/07/2021 - 17:31:04] - * VULGO_BK deu alguma grana para Scarface04.
[16/07/2021 - 17:31:05] - * VULGO_BK deu alguma grana para Scarface04.
[16/07/2021 - 17:31:06] - * VULGO_BK deu alguma grana para Scarface04.
[16/07/2021 - 17:31:07] - * VULGO_BK deu alguma grana para Scarface04.
[16/07/2021 - 17:31:07] - * VULGO_BK deu alguma grana para Scarface04.
[16/07/2021 - 17:31:08] - * VULGO_BK deu alguma grana para Scarface04.
[16/07/2021 - 17:31:11] - * VULGO_BK deu alguma grana para Scarface04.
[16/07/2021 - 17:31:12] - * VULGO_BK deu alguma grana para Scarface04.
[16/07/2021 - 17:47:19] - * Carlos_Sales deu alguma grana para GABRIEL_SAMP.
[16/07/2021 - 17:47:22] - * Carlos_Sales deu alguma grana para GABRIEL_SAMP.
[16/07/2021 - 17:48:53] - * LUCKYN_BEIRAMAR deu alguma grana para HARlDADE.
[16/07/2021 - 17:49:51] - * LUCKYN_BEIRAMAR deu alguma grana para HARlDADE.
[16/07/2021 - 17:50:03] - * LUCKYN_BEIRAMAR deu alguma grana para HARlDADE.
[16/07/2021 - 17:50:12] - * LUCKYN_BEIRAMAR deu alguma grana para HARlDADE.
[16/07/2021 - 17:50:38] - * LUCKYN_BEIRAMAR deu alguma grana para HARlDADE.
[16/07/2021 - 17:50:39] - * LUCKYN_BEIRAMAR deu alguma grana para HARlDADE.
[16/07/2021 - 17:50:40] - * LUCKYN_BEIRAMAR deu alguma grana para HARlDADE.
[16/07/2021 - 17:50:41] - * LUCKYN_BEIRAMAR deu alguma grana para HARlDADE.
[16/07/2021 - 17:50:42] - * LUCKYN_BEIRAMAR deu alguma grana para HARlDADE.
[16/07/2021 - 17:50:43] - * LUCKYN_BEIRAMAR deu alguma grana para HARlDADE.
[16/07/2021 - 17:50:44] - * LUCKYN_BEIRAMAR deu alguma grana para HARlDADE.
[16/07/2021 - 17:50:45] - * LUCKYN_BEIRAMAR deu alguma grana para HARlDADE.
[16/07/2021 - 17:50:47] - * LUCKYN_BEIRAMAR deu alguma grana para HARlDADE.
[16/07/2021 - 17:50:48] - * LUCKYN_BEIRAMAR deu alguma grana para HARlDADE.
[16/07/2021 - 17:50:50] - * LUCKYN_BEIRAMAR deu alguma grana para HARlDADE.
[16/07/2021 - 17:50:52] - * LUCKYN_BEIRAMAR deu alguma grana para HARlDADE.
[16/07/2021 - 17:50:53] - * LUCKYN_BEIRAMAR deu alguma grana para HARlDADE.
[16/07/2021 - 17:50:54] - * LUCKYN_BEIRAMAR deu alguma grana para HARlDADE.
[16/07/2021 - 17:50:55] - * LUCKYN_BEIRAMAR deu alguma grana para HARlDADE.
[16/07/2021 - 17:50:56] - * LUCKYN_BEIRAMAR deu alguma grana para HARlDADE.
[16/07/2021 - 17:50:57] - * LUCKYN_BEIRAMAR deu alguma grana para HARlDADE.
[16/07/2021 - 17:50:58] - * LUCKYN_BEIRAMAR deu alguma grana para HARlDADE.
[16/07/2021 - 17:50:59] - * LUCKYN_BEIRAMAR deu alguma grana para HARlDADE.
[16/07/2021 - 17:51:04] - * LUCKYN_BEIRAMAR deu alguma grana para HARlDADE.
[16/07/2021 - 17:51:21] - * LUCKYN_BEIRAMAR deu alguma grana para HARlDADE.
[16/07/2021 - 17:51:22] - * LUCKYN_BEIRAMAR deu alguma grana para HARlDADE.
[16/07/2021 - 17:51:23] - * LUCKYN_BEIRAMAR deu alguma grana para HARlDADE.
[16/07/2021 - 17:51:24] - * LUCKYN_BEIRAMAR deu alguma grana para HARlDADE.
[16/07/2021 - 17:51:27] - * LUCKYN_BEIRAMAR deu alguma grana para HARlDADE.
[16/07/2021 - 17:51:28] - * LUCKYN_BEIRAMAR deu alguma grana para HARlDADE.
[16/07/2021 - 17:51:29] - * LUCKYN_BEIRAMAR deu alguma grana para HARlDADE.
[16/07/2021 - 17:51:37] - * LUCKYN_BEIRAMAR deu alguma grana para HARlDADE.
[16/07/2021 - 18:03:48] - ADMIN CMD: O Admin Russo está dando R$10000000 para Russo.
[16/07/2021 - 18:24:49] - * TEJOTA_JUNIOR deu alguma grana para Eduardo_santo.
[16/07/2021 - 18:25:09] - * TEJOTA_JUNIOR deu alguma grana para Eduardo_santo.
[16/07/2021 - 18:25:11] - * TEJOTA_JUNIOR deu alguma grana para Eduardo_santo.
[16/07/2021 - 18:26:17] - * TEJOTA_JUNIOR deu alguma grana para Eduardo_santo.
[16/07/2021 - 18:26:17] - * TEJOTA_JUNIOR deu alguma grana para Eduardo_santo.
[16/07/2021 - 18:26:18] - * TEJOTA_JUNIOR deu alguma grana para Eduardo_santo.
[16/07/2021 - 18:34:09] - * Tioh_TupacTV deu alguma grana para Scarface04.
[16/07/2021 - 18:55:16] - * Muniz_ deu alguma grana para Leox_.
[16/07/2021 - 18:55:18] - * Muniz_ deu alguma grana para Leox_.
[16/07/2021 - 18:55:20] - * Muniz_ deu alguma grana para Leox_.
[16/07/2021 - 18:55:22] - * Muniz_ deu alguma grana para Leox_.
[16/07/2021 - 18:55:23] - * Muniz_ deu alguma grana para Leox_.
[16/07/2021 - 18:55:24] - * Muniz_ deu alguma grana para Leox_.
[16/07/2021 - 18:55:25] - * Muniz_ deu alguma grana para Leox_.
[16/07/2021 - 18:55:27] - * Muniz_ deu alguma grana para Leox_.
[16/07/2021 - 18:55:28] - * Muniz_ deu alguma grana para Leox_.
[16/07/2021 - 18:55:29] - * Muniz_ deu alguma grana para Leox_.
[16/07/2021 - 19:09:42] - BK_DO_AMASSA comprou armas por R$13500 na empresa 0
[16/07/2021 - 19:14:14] - * Mudinho_FPSx deu alguma grana para Fanho.du.pvpaxx.$.
[16/07/2021 - 19:14:14] - * Mudinho_FPSx deu alguma grana para Fanho.du.pvpaxx.$.
[16/07/2021 - 19:14:16] - * Mudinho_FPSx deu alguma grana para Fanho.du.pvpaxx.$.
[16/07/2021 - 19:14:16] - * Mudinho_FPSx deu alguma grana para Fanho.du.pvpaxx.$.
[16/07/2021 - 19:42:20] - DACUNHA comprou armas por R$6800 na empresa 0
[16/07/2021 - 19:42:30] - DACUNHA comprou armas por R$0 na empresa 0
[16/07/2021 - 19:42:39] - GABRIEL_SAMP comprou armas por R$2780 na empresa 0
[16/07/2021 - 19:42:51] - DACUNHA comprou armas por R$20780 na empresa 0
[16/07/2021 - 19:42:53] - Haridade comprou armas por R$20780 na empresa 0
[16/07/2021 - 19:42:57] - DACUNHA comprou armas por R$20780 na empresa 0
[16/07/2021 - 19:43:08] - DACUNHA comprou armas por R$6800 na empresa 0
[16/07/2021 - 19:43:14] - Haridade comprou armas por R$20780 na empresa 0
[16/07/2021 - 19:43:21] - GABRIEL_SAMP comprou armas por R$0 na empresa 0
[16/07/2021 - 19:43:31] - Haridade comprou armas por R$100 na empresa 0
[16/07/2021 - 19:43:48] - Haridade comprou armas por R$0 na empresa 0
[16/07/2021 - 19:45:45] - * F7_NXS deu alguma grana para GABRIEL_SAMP.
[16/07/2021 - 19:45:47] - * F7_NXS deu alguma grana para GABRIEL_SAMP.
[16/07/2021 - 19:46:00] - * Duartex_ deu alguma grana para brasilfpss.
[16/07/2021 - 20:37:26] - * Eric_Silva deu alguma grana para Leox_.
[16/07/2021 - 20:37:27] - * Eric_Silva deu alguma grana para Leox_.
[16/07/2021 - 20:37:30] - * Eric_Silva deu alguma grana para Leox_.
[16/07/2021 - 20:37:37] - * Eric_Silva deu alguma grana para Leox_.
[16/07/2021 - 20:37:41] - * Eric_Silva deu alguma grana para Leox_.
[16/07/2021 - 20:37:43] - * Eric_Silva deu alguma grana para Leox_.
[16/07/2021 - 20:37:44] - * Eric_Silva deu alguma grana para Leox_.
[16/07/2021 - 20:37:45] - * Eric_Silva deu alguma grana para Leox_.
[16/07/2021 - 20:37:47] - * Eric_Silva deu alguma grana para Leox_.
[16/07/2021 - 20:37:50] - * Eric_Silva deu alguma grana para Leox_.
[16/07/2021 - 20:37:51] - * Eric_Silva deu alguma grana para Leox_.
[16/07/2021 - 20:37:53] - * Eric_Silva deu alguma grana para Leox_.
[16/07/2021 - 20:37:54] - * Eric_Silva deu alguma grana para Leox_.
[16/07/2021 - 20:37:55] - * Eric_Silva deu alguma grana para Leox_.
[16/07/2021 - 20:37:57] - * Eric_Silva deu alguma grana para Leox_.
[16/07/2021 - 20:37:58] - * Eric_Silva deu alguma grana para Leox_.
[16/07/2021 - 20:37:59] - * Eric_Silva deu alguma grana para Leox_.
[16/07/2021 - 20:38:00] - * Eric_Silva deu alguma grana para Leox_.
[16/07/2021 - 20:38:03] - * Eric_Silva deu alguma grana para Leox_.
[16/07/2021 - 20:38:04] - * Eric_Silva deu alguma grana para Leox_.
[16/07/2021 - 20:38:05] - * Eric_Silva deu alguma grana para Leox_.
[16/07/2021 - 20:38:07] - * Eric_Silva deu alguma grana para Leox_.
[16/07/2021 - 20:38:08] - * Eric_Silva deu alguma grana para Leox_.
[16/07/2021 - 20:38:10] - * Eric_Silva deu alguma grana para Leox_.
[16/07/2021 - 20:38:11] - * Eric_Silva deu alguma grana para Leox_.
[16/07/2021 - 21:00:12] - * DACUNHA deu alguma grana para BOBI.ImT.
[16/07/2021 - 21:00:16] - * DACUNHA deu alguma grana para BOBI.ImT.
[16/07/2021 - 21:00:38] - * DACUNHA deu alguma grana para Scarface04.
[16/07/2021 - 21:00:46] - * DACUNHA deu alguma grana para Eric_Silva.
[16/07/2021 - 21:00:53] - * DACUNHA deu alguma grana para JURANDI_ELETRO_PAU.
[16/07/2021 - 21:10:21] - * DACUNHA deu alguma grana para WL_[CHEFE_TDJ].
[16/07/2021 - 21:10:23] - * DACUNHA deu alguma grana para WL_[CHEFE_TDJ].
[16/07/2021 - 21:10:24] - * DACUNHA deu alguma grana para WL_[CHEFE_TDJ].
[16/07/2021 - 21:10:27] - * DACUNHA deu alguma grana para WL_[CHEFE_TDJ].
[16/07/2021 - 21:10:28] - * Haridade deu alguma grana para NK_Duart.
[16/07/2021 - 21:10:32] - * DACUNHA deu alguma grana para NK_Duart.
[16/07/2021 - 21:10:36] - * DACUNHA deu alguma grana para NK_Duart.
[16/07/2021 - 21:10:38] - * DACUNHA deu alguma grana para NK_Duart.
[16/07/2021 - 21:10:41] - * DACUNHA deu alguma grana para NK_Duart.
[16/07/2021 - 21:10:42] - * DACUNHA deu alguma grana para NK_Duart.
[16/07/2021 - 21:10:44] - * Haridade deu alguma grana para NK_Duart.
[16/07/2021 - 21:10:45] - * Haridade deu alguma grana para NK_Duart.
[16/07/2021 - 21:10:46] - * Haridade deu alguma grana para NK_Duart.
[16/07/2021 - 21:10:48] - * DACUNHA deu alguma grana para NK_Duart.
[16/07/2021 - 21:10:51] - * DACUNHA deu alguma grana para NK_Duart.
[16/07/2021 - 21:10:55] - * DACUNHA deu alguma grana para NK_Duart.
[16/07/2021 - 21:10:56] - * DACUNHA deu alguma grana para NK_Duart.
[16/07/2021 - 21:10:57] - * DACUNHA deu alguma grana para NK_Duart.
[16/07/2021 - 21:10:58] - * DACUNHA deu alguma grana para NK_Duart.
[16/07/2021 - 21:10:59] - * DACUNHA deu alguma grana para NK_Duart.
[16/07/2021 - 21:11:00] - * DACUNHA deu alguma grana para NK_Duart.
[16/07/2021 - 21:11:01] - * DACUNHA deu alguma grana para NK_Duart.
[16/07/2021 - 21:11:02] - * DACUNHA deu alguma grana para NK_Duart.
[16/07/2021 - 21:11:03] - * DACUNHA deu alguma grana para NK_Duart.
[16/07/2021 - 21:11:04] - * DACUNHA deu alguma grana para NK_Duart.
[16/07/2021 - 21:11:05] - * DACUNHA deu alguma grana para NK_Duart.
[16/07/2021 - 21:11:06] - * DACUNHA deu alguma grana para NK_Duart.
[16/07/2021 - 21:11:07] - * DACUNHA deu alguma grana para NK_Duart.
[16/07/2021 - 21:11:08] - * DACUNHA deu alguma grana para NK_Duart.
[16/07/2021 - 21:11:09] - * DACUNHA deu alguma grana para NK_Duart.
[16/07/2021 - 21:11:12] - * DACUNHA deu alguma grana para NK_Duart.
[16/07/2021 - 21:11:13] - * DACUNHA deu alguma grana para NK_Duart.
[16/07/2021 - 21:11:22] - * DACUNHA deu alguma grana para kaiozinbnf.
[16/07/2021 - 21:11:23] - * DACUNHA deu alguma grana para kaiozinbnf.
[16/07/2021 - 21:11:24] - * DACUNHA deu alguma grana para kaiozinbnf.
[16/07/2021 - 21:11:25] - * DACUNHA deu alguma grana para kaiozinbnf.
[16/07/2021 - 21:11:26] - * DACUNHA deu alguma grana para kaiozinbnf.
[16/07/2021 - 21:11:28] - * DACUNHA deu alguma grana para kaiozinbnf.
[16/07/2021 - 21:11:29] - * DACUNHA deu alguma grana para kaiozinbnf.
[16/07/2021 - 21:11:30] - * DACUNHA deu alguma grana para kaiozinbnf.
[16/07/2021 - 21:11:31] - * DACUNHA deu alguma grana para kaiozinbnf.
[16/07/2021 - 21:11:32] - * DACUNHA deu alguma grana para kaiozinbnf.
[16/07/2021 - 21:11:33] - * DACUNHA deu alguma grana para kaiozinbnf.
[16/07/2021 - 21:11:34] - * DACUNHA deu alguma grana para kaiozinbnf.
[16/07/2021 - 21:11:34] - * DACUNHA deu alguma grana para kaiozinbnf.
[16/07/2021 - 21:11:36] - * DACUNHA deu alguma grana para kaiozinbnf.
[16/07/2021 - 21:11:37] - * DACUNHA deu alguma grana para kaiozinbnf.
[16/07/2021 - 21:11:38] - * DACUNHA deu alguma grana para kaiozinbnf.
[16/07/2021 - 21:11:39] - * DACUNHA deu alguma grana para kaiozinbnf.
[16/07/2021 - 21:11:40] - * DACUNHA deu alguma grana para kaiozinbnf.
[16/07/2021 - 21:11:40] - * DACUNHA deu alguma grana para kaiozinbnf.
[16/07/2021 - 21:11:41] - * DACUNHA deu alguma grana para kaiozinbnf.
[16/07/2021 - 21:11:42] - * DACUNHA deu alguma grana para kaiozinbnf.
[16/07/2021 - 21:11:43] - * DACUNHA deu alguma grana para kaiozinbnf.
[16/07/2021 - 21:11:44] - * DACUNHA deu alguma grana para kaiozinbnf.
[16/07/2021 - 21:11:46] - * DACUNHA deu alguma grana para kaiozinbnf.
[16/07/2021 - 21:11:47] - * DACUNHA deu alguma grana para kaiozinbnf.
[16/07/2021 - 21:11:48] - * DACUNHA deu alguma grana para kaiozinbnf.
[16/07/2021 - 21:11:49] - * DACUNHA deu alguma grana para kaiozinbnf.
[16/07/2021 - 21:11:50] - * DACUNHA deu alguma grana para kaiozinbnf.
[16/07/2021 - 21:11:51] - * DACUNHA deu alguma grana para kaiozinbnf.
[16/07/2021 - 21:11:52] - * DACUNHA deu alguma grana para kaiozinbnf.
[16/07/2021 - 21:54:14] - * F7_NXS deu alguma grana para CLEBINHO_DELAS.
[16/07/2021 - 21:54:16] - * F7_NXS deu alguma grana para CLEBINHO_DELAS.
[16/07/2021 - 21:54:20] - * F7_NXS deu alguma grana para CLEBINHO_DELAS.
[16/07/2021 - 21:54:22] - * F7_NXS deu alguma grana para CLEBINHO_DELAS.
[16/07/2021 - 21:54:25] - * F7_NXS deu alguma grana para CLEBINHO_DELAS.
[16/07/2021 - 21:54:26] - * F7_NXS deu alguma grana para CLEBINHO_DELAS.
[16/07/2021 - 22:00:00] - * F7_NXS deu alguma grana para Souza77_.
[16/07/2021 - 22:00:12] - * F7_NXS deu alguma grana para Souza77_.
[16/07/2021 - 22:00:12] - * F7_NXS deu alguma grana para Souza77_.
[16/07/2021 - 22:00:12] - * F7_NXS deu alguma grana para Souza77_.
[16/07/2021 - 22:01:11] - * F7_NXS deu alguma grana para Dr4XxX.
[16/07/2021 - 22:01:12] - * F7_NXS deu alguma grana para Dr4XxX.
[16/07/2021 - 22:01:13] - * F7_NXS deu alguma grana para Dr4XxX.
[16/07/2021 - 22:16:16] - Leox_ comprou armas por R$10800 na empresa 0
[16/07/2021 - 22:28:21] - RAPOZA_BB comprou armas por R$4800 na empresa 0
[16/07/2021 - 22:32:08] - Patrick_GG comprou armas por R$1800 na empresa 0
[16/07/2021 - 22:42:14] - * DACUNHA deu alguma grana para Kaue_R.
[16/07/2021 - 22:42:15] - * DACUNHA deu alguma grana para Kaue_R.
[16/07/2021 - 22:42:16] - * DACUNHA deu alguma grana para Kaue_R.
[16/07/2021 - 22:42:17] - * DACUNHA deu alguma grana para Kaue_R.
[16/07/2021 - 22:42:18] - * DACUNHA deu alguma grana para Kaue_R.
[16/07/2021 - 22:42:19] - * DACUNHA deu alguma grana para Kaue_R.
[16/07/2021 - 22:42:19] - * DACUNHA deu alguma grana para Kaue_R.
[16/07/2021 - 22:42:20] - * DACUNHA deu alguma grana para Kaue_R.
[16/07/2021 - 22:42:21] - * DACUNHA deu alguma grana para Kaue_R.
[16/07/2021 - 22:42:24] - * DACUNHA deu alguma grana para Kaue_R.
[16/07/2021 - 22:42:25] - * DACUNHA deu alguma grana para Kaue_R.
[16/07/2021 - 22:42:27] - * DACUNHA deu alguma grana para Kaue_R.
[16/07/2021 - 22:42:29] - * DACUNHA deu alguma grana para Kaue_R.
[16/07/2021 - 22:42:30] - * DACUNHA deu alguma grana para Kaue_R.
[16/07/2021 - 22:42:30] - * DACUNHA deu alguma grana para Kaue_R.
[16/07/2021 - 22:42:31] - * DACUNHA deu alguma grana para Kaue_R.
[16/07/2021 - 22:42:32] - * DACUNHA deu alguma grana para Kaue_R.
[16/07/2021 - 22:42:33] - * DACUNHA deu alguma grana para Kaue_R.
[16/07/2021 - 22:42:33] - * DACUNHA deu alguma grana para Kaue_R.
[16/07/2021 - 22:42:34] - * DACUNHA deu alguma grana para Kaue_R.
[16/07/2021 - 22:42:36] - * DACUNHA deu alguma grana para Kaue_R.
[16/07/2021 - 22:42:37] - * DACUNHA deu alguma grana para Kaue_R.
[16/07/2021 - 22:42:41] - * DACUNHA deu alguma grana para Kaue_R.
[16/07/2021 - 22:42:42] - * DACUNHA deu alguma grana para Kaue_R.
[16/07/2021 - 22:42:43] - * DACUNHA deu alguma grana para Kaue_R.
[16/07/2021 - 22:42:44] - * DACUNHA deu alguma grana para Kaue_R.
[16/07/2021 - 22:42:45] - * DACUNHA deu alguma grana para Kaue_R.
[16/07/2021 - 22:42:46] - * DACUNHA deu alguma grana para Kaue_R.
[16/07/2021 - 22:42:52] - * DACUNHA deu alguma grana para Kaue_R.
[16/07/2021 - 22:42:53] - * DACUNHA deu alguma grana para Kaue_R.
[16/07/2021 - 22:42:54] - * DACUNHA deu alguma grana para Kaue_R.
[16/07/2021 - 22:42:58] - * DACUNHA deu alguma grana para Kaue_R.
[16/07/2021 - 22:42:59] - * DACUNHA deu alguma grana para Kaue_R.
[16/07/2021 - 22:43:01] - * DACUNHA deu alguma grana para Kaue_R.
[16/07/2021 - 22:43:01] - * DACUNHA deu alguma grana para Kaue_R.
[16/07/2021 - 22:43:02] - * DACUNHA deu alguma grana para Kaue_R.
[16/07/2021 - 22:43:03] - * DACUNHA deu alguma grana para Kaue_R.
[16/07/2021 - 22:43:04] - * DACUNHA deu alguma grana para Kaue_R.
[16/07/2021 - 22:43:05] - * DACUNHA deu alguma grana para Kaue_R.
[16/07/2021 - 22:43:05] - * DACUNHA deu alguma grana para Kaue_R.
[16/07/2021 - 22:43:06] - * DACUNHA deu alguma grana para Kaue_R.
[16/07/2021 - 22:43:07] - * DACUNHA deu alguma grana para Kaue_R.
[16/07/2021 - 22:43:08] - * DACUNHA deu alguma grana para Kaue_R.
[16/07/2021 - 22:43:10] - * DACUNHA deu alguma grana para Kaue_R.
[16/07/2021 - 22:43:11] - * DACUNHA deu alguma grana para Kaue_R.
[16/07/2021 - 22:43:12] - * DACUNHA deu alguma grana para Kaue_R.
[16/07/2021 - 22:43:12] - * DACUNHA deu alguma grana para Kaue_R.
[16/07/2021 - 22:43:14] - * DACUNHA deu alguma grana para Kaue_R.
[16/07/2021 - 22:43:15] - * DACUNHA deu alguma grana para Kaue_R.
[16/07/2021 - 22:43:15] - * DACUNHA deu alguma grana para Kaue_R.
[16/07/2021 - 22:43:16] - * DACUNHA deu alguma grana para Kaue_R.
[16/07/2021 - 22:43:19] - * DACUNHA deu alguma grana para Kaue_R.
[16/07/2021 - 22:43:30] - * DACUNHA deu alguma grana para Kaue_R.
[16/07/2021 - 22:43:32] - * DACUNHA deu alguma grana para Kaue_R.
[16/07/2021 - 22:43:33] - * DACUNHA deu alguma grana para Kaue_R.
[16/07/2021 - 22:43:35] - * DACUNHA deu alguma grana para Kaue_R.
[16/07/2021 - 22:43:36] - * DACUNHA deu alguma grana para Kaue_R.
[16/07/2021 - 22:43:39] - * DACUNHA deu alguma grana para Kaue_R.
[16/07/2021 - 22:43:40] - * DACUNHA deu alguma grana para Kaue_R.
[16/07/2021 - 22:43:42] - * DACUNHA deu alguma grana para Kaue_R.
[16/07/2021 - 22:43:44] - * DACUNHA deu alguma grana para Kaue_R.
[16/07/2021 - 22:43:45] - * DACUNHA deu alguma grana para Kaue_R.
[16/07/2021 - 22:55:18] - Patrick_GG comprou armas por R$4800 na empresa 0
[16/07/2021 - 23:10:47] - * KAUAN_NJS deu alguma grana para JILSU_ELETROPAUUU.
[16/07/2021 - 23:10:50] - * KAUAN_NJS deu alguma grana para JILSU_ELETROPAUUU.
[16/07/2021 - 23:10:50] - * KAUAN_NJS deu alguma grana para JILSU_ELETROPAUUU.
[16/07/2021 - 23:11:09] - * KAUAN_NJS deu alguma grana para JILSU_ELETROPAUUU.
[16/07/2021 - 23:11:09] - * KAUAN_NJS deu alguma grana para JILSU_ELETROPAUUU.
[16/07/2021 - 23:11:10] - * KAUAN_NJS deu alguma grana para JILSU_ELETROPAUUU.
[16/07/2021 - 23:11:10] - * KAUAN_NJS deu alguma grana para JILSU_ELETROPAUUU.
[16/07/2021 - 23:41:55] - * jaozinho deu alguma grana para SSueco_FPSx.
[16/07/2021 - 23:41:56] - * jaozinho deu alguma grana para SSueco_FPSx.
[16/07/2021 - 23:41:57] - * jaozinho deu alguma grana para SSueco_FPSx.
[16/07/2021 - 23:41:58] - * jaozinho deu alguma grana para SSueco_FPSx.
[16/07/2021 - 23:41:59] - * jaozinho deu alguma grana para SSueco_FPSx.
[16/07/2021 - 23:42:01] - * jaozinho deu alguma grana para SSueco_FPSx.
[16/07/2021 - 23:42:02] - * jaozinho deu alguma grana para SSueco_FPSx.
[16/07/2021 - 23:42:03] - * jaozinho deu alguma grana para SSueco_FPSx.
[16/07/2021 - 23:42:05] - * jaozinho deu alguma grana para SSueco_FPSx.
[16/07/2021 - 23:42:06] - * jaozinho deu alguma grana para SSueco_FPSx.
[16/07/2021 - 23:42:30] - * jaozinho deu alguma grana para Eric_Silva.
[16/07/2021 - 23:42:31] - * jaozinho deu alguma grana para Eric_Silva.
[16/07/2021 - 23:42:32] - * jaozinho deu alguma grana para Eric_Silva.
[16/07/2021 - 23:42:33] - * jaozinho deu alguma grana para Eric_Silva.
[16/07/2021 - 23:42:34] - * jaozinho deu alguma grana para Eric_Silva.
[17/07/2021 - 00:03:35] - BK_DO_AMASSA comprou armas por R$3500 na empresa 0
[17/07/2021 - 00:23:35] - * mel_tralha deu alguma grana para DBZ_TRALHA.
[17/07/2021 - 00:23:36] - * mel_tralha deu alguma grana para DBZ_TRALHA.
[17/07/2021 - 00:23:37] - * mel_tralha deu alguma grana para DBZ_TRALHA.
[17/07/2021 - 00:23:38] - * mel_tralha deu alguma grana para DBZ_TRALHA.
[17/07/2021 - 00:23:39] - * mel_tralha deu alguma grana para DBZ_TRALHA.
[17/07/2021 - 00:23:40] - * mel_tralha deu alguma grana para DBZ_TRALHA.
[17/07/2021 - 00:23:40] - * mel_tralha deu alguma grana para DBZ_TRALHA.
[17/07/2021 - 00:23:41] - * mel_tralha deu alguma grana para DBZ_TRALHA.
[17/07/2021 - 00:23:42] - * mel_tralha deu alguma grana para DBZ_TRALHA.
[17/07/2021 - 00:24:10] - * Dr4XxX deu alguma grana para AngeL_Malandro.
[17/07/2021 - 00:30:10] - BK_DO_AMASSA comprou armas por R$4800 na empresa 0
[17/07/2021 - 00:49:08] - * GRT_kn deu alguma grana para Scarface04.
[17/07/2021 - 00:49:09] - * GRT_kn deu alguma grana para Scarface04.
[17/07/2021 - 00:49:09] - * GRT_kn deu alguma grana para Scarface04.
[17/07/2021 - 00:49:10] - * GRT_kn deu alguma grana para Scarface04.
[17/07/2021 - 00:49:11] - * GRT_kn deu alguma grana para Scarface04.
[17/07/2021 - 00:49:15] - * GRT_kn deu alguma grana para Scarface04.
[17/07/2021 - 00:49:20] - * GRT_kn deu alguma grana para Scarface04.
[17/07/2021 - 01:42:04] - Leox_ comprou armas por R$4800 na empresa 0
[17/07/2021 - 01:44:52] - Leox_ comprou armas por R$4800 na empresa 0
[17/07/2021 - 01:49:28] - * FX_baiano deu alguma grana para luiz_fabiano.
[17/07/2021 - 01:49:33] - * FX_baiano deu alguma grana para luiz_fabiano.
[17/07/2021 - 01:49:39] - * FX_baiano deu alguma grana para luiz_fabiano.
[17/07/2021 - 01:49:42] - * FX_baiano deu alguma grana para luiz_fabiano.
[17/07/2021 - 01:49:45] - * FX_baiano deu alguma grana para luiz_fabiano.
[17/07/2021 - 01:49:48] - * FX_baiano deu alguma grana para luiz_fabiano.
[17/07/2021 - 01:49:51] - * Isaac_David deu alguma grana para luiz_fabiano.
[17/07/2021 - 01:49:52] - * Isaac_David deu alguma grana para luiz_fabiano.
[17/07/2021 - 01:49:53] - * Isaac_David deu alguma grana para luiz_fabiano.
[17/07/2021 - 01:49:54] - * Isaac_David deu alguma grana para luiz_fabiano.
[17/07/2021 - 01:49:55] - * Isaac_David deu alguma grana para luiz_fabiano.
[17/07/2021 - 01:49:57] - * Isaac_David deu alguma grana para luiz_fabiano.
[17/07/2021 - 01:49:57] - * FX_baiano deu alguma grana para luiz_fabiano.
[17/07/2021 - 01:49:58] - * Isaac_David deu alguma grana para luiz_fabiano.
[17/07/2021 - 01:50:00] - * FX_baiano deu alguma grana para luiz_fabiano.
[17/07/2021 - 02:24:00] - ADMIN CMD: O Admin Russo está dando R$800000 para Vinicius_Russef.
[17/07/2021 - 02:58:07] - * Lucas_pinto deu alguma grana para zFTC_RUAN.
[17/07/2021 - 02:58:08] - * Lucas_pinto deu alguma grana para zFTC_RUAN.
[17/07/2021 - 02:58:10] - * Lucas_pinto deu alguma grana para zFTC_RUAN.
[17/07/2021 - 02:58:11] - * Lucas_pinto deu alguma grana para zFTC_RUAN.
[17/07/2021 - 03:49:15] - Fanho.du.pvpaxx.$ comprou armas por R$820 na empresa 0
[23/05/2024 - 15:42:22] - ADMIN CMD: O Admin juninnskasd está dando R$9000000 para juninnskasd.
[24/05/2024 - 03:50:38] - ADMIN CMD: O Admin Juan_Antonny está dando R$200000 para Juan_Antonny.
[24/05/2024 - 03:52:02] - ADMIN CMD: O Admin Juan_Antonny está dando R$2000000 para Juan_Antonny.
[27/05/2024 - 01:41:39] - ADMIN CMD: O Admin Apxgui está dando R$90000 para Apxgui.
[27/05/2024 - 01:41:51] - ADMIN CMD: O Admin Apxgui está dando R$900000 para Apxgui.
[27/05/2024 - 02:25:37] - ADMIN CMD: O Admin Apxgui está dando R$90000000 para Apxgui.
[05/06/2024 - 18:59:45] - ADMIN CMD: O Admin Apxgui está dando R$2000000 para Apxgui.
[06/06/2024 - 01:46:19] - ADMIN CMD: O Admin Apxgui está dando R$800000 para Apxgui.
[10/06/2024 - 09:36:24] - ADMIN CMD: O Admin apxgui_entrou está dando R$5000 para apxgui_entrou.
[12/06/2024 - 16:34:28] - ADMIN CMD: O Admin Apxgui12 está dando R$300 para Apxgui12.
[15/06/2024 - 12:55:28] - ADMIN CMD: O Admin Apx está dando R$9000000 para Apx.
[17/06/2024 - 02:04:43] - ADMIN CMD: O Admin Junio_Fenomeno está dando R$24824 para Junio_Fenomeno.
[17/06/2024 - 02:08:13] - ADMIN CMD: O Admin Junio_Fenomeno está dando R$3000 para Junio_Fenomeno.
[17/06/2024 - 03:20:45] - ADMIN CMD: O Admin Junio_Fenomeno está dando R$5000 para Junio_Fenomeno.
[01/07/2024 - 18:15:20] - ADMIN CMD: O Admin Apxgui_Scripterr está dando R$9000000 para Apxgui_Scripterr.
[10/02/2025 - 02:03:05] - ADMIN CMD: O Admin Guilherme_Antonio está dando R$900 para Guilherme_Antonio.
[10/02/2025 - 15:21:27] - ADMIN CMD: O Admin Guilherme_Antonio está dando R$900 para Guilherme_Antonio.
[10/02/2025 - 22:42:39] - ADMIN CMD: O Admin Guilherme_Santiago está dando R$900 para Guilherme_Santiago.
[11/02/2025 - 13:10:33] - ADMIN CMD: O Admin Guilherme_Santiago está dando R$9000000 para Guilherme_Santiago.
[16/02/2025 - 18:14:16] - Administrador Dono: Guilherme_Antonio setou 500 de money para Guilherme_Antonio.
[18/02/2025 - 09:13:23] - ADMIN CMD: O Admin Guilherme_Antonio está dando R$100 para Guilherme_Antonio.
[21/02/2025 - 20:30:36] - ADMIN CMD: O Admin zApxgui_Street está dando R$900 para zApxgui_Street.
[21/02/2025 - 20:41:32] - ADMIN CMD: O Admin zApxgui_Street está dando R$900000 para zApxgui_Street.
[28/02/2025 - 15:02:19] - ADMIN CMD: O Admin zApxgui_Street está dando R$100000 para zApxgui_Street.
[30/06/2025 - 15:14:32] - ADMIN CMD: O Admin Apx_Dygeras estï¿½ dando R$5000 para Apx_Dygeras.
[06/07/2025 - 01:32:19] - ADMIN CMD: O Admin Apx_Dygeras estï¿½ dando R$999999999 para Apx_Dygeras.
[02/06/2026 - 10:58:26] - ADMIN CMD: O Admin SBX_TESTE estï¿½ dando R$5000000 para SBX_TESTE.
